date,symbol,realized_variance,realized_volatility,target_log_variance,daily_log_variance,weekly_log_variance,monthly_log_variance
2020-01-24,BTCUSDT,0.0005435881696516,0.0233149773675993,-7.517318638890254,-7.310746618107105,-7.336793505288533,-7.150617001087025
2020-01-25,BTCUSDT,0.0003951152262538,0.0198775055339916,-7.836333123567899,-7.517318638890254,-7.650897300961715,-7.135402109015055
2020-01-26,BTCUSDT,0.0004380227901114,0.0209289940061985,-7.733239616723648,-7.836333123567899,-7.697879645841903,-7.2057298108728896
2020-01-27,BTCUSDT,0.0006136368987052,0.0247716955153498,-7.396107174932419,-7.733239616723648,-7.752633220285361,-7.202690044281021
2020-01-28,BTCUSDT,0.0013672636298281,0.0369765280932133,-6.5949438869971,-7.396107174932419,-7.558749034444264,-7.172770029716625
2020-01-29,BTCUSDT,0.0006918750807852,0.0263035184107602,-7.27610513773867,-6.5949438869971,-7.415588488222264,-7.127191365025883
2020-01-30,BTCUSDT,0.0006724637032369,0.0259319051216257,-7.304562420826802,-7.27610513773867,-7.367345787991948,-7.154018047211644
2020-01-31,BTCUSDT,0.0005418501451091,0.0232776748217941,-7.520521079792224,-7.304562420826802,-7.260991647443729,-7.207424351584971
2020-02-01,BTCUSDT,0.0002898376568797,0.0170246191405186,-8.146189595595542,-7.520521079792224,-7.218447940057443,-7.236660749275234
2020-02-02,BTCUSDT,0.0003794243909817,0.0194788190345769,-7.876855214227972,-8.146189595595542,-7.368464424190067,-7.310887516316209
2020-02-03,BTCUSDT,0.0007252777317758,0.0269309808914544,-7.228955898153914,-7.876855214227972,-7.624846689636241,-7.366865073191533
2020-02-04,BTCUSDT,0.0004559615533958,0.0213532562714871,-7.693102064732915,-7.228955898153914,-7.615416841719291,-7.351106745837737
2020-02-05,BTCUSDT,0.0005915294228307,0.0243213778974532,-7.432799133042979,-7.693102064732915,-7.693124770500513,-7.327599083141055
2020-02-06,BTCUSDT,0.0007457922791381,0.0273091977022052,-7.2010634427294296,-7.432799133042979,-7.675580381150664,-7.38201608685612
2020-02-07,BTCUSDT,0.00037844163725,0.0194535764642407,-7.879448691824103,-7.2010634427294296,-7.486555150577442,-7.41296828915242
2020-02-08,BTCUSDT,0.0003426075812011,0.0185096618337876,-7.978924843886219,-7.879448691824103,-7.487073846096668,-7.451795596065107
2020-03-27,BTCUSDT,0.0026167470532483,0.051154149912283,-5.945823315341198,-6.452336776144693,-5.581911433715674,-5.453063701339399
2020-03-28,BTCUSDT,0.0025778125381641,0.0507721630242812,-5.960814093104384,-5.945823315341198,-5.689066988592929,-5.380637563262559
2020-03-29,BTCUSDT,0.0013984414574557,0.0373957411673548,-6.572396907152547,-5.960814093104384,-5.856855332068278,-5.285513874091714
2020-03-30,BTCUSDT,0.0021061347920991,0.0458926442046994,-6.162900863472785,-6.572396907152547,-6.095050855686539,-5.243569676402948
2020-03-31,BTCUSDT,0.0010456116646535,0.0323359191094608,-6.863153239773967,-6.162900863472785,-6.218854391043122,-5.224289355964914
2020-04-01,BTCUSDT,0.0017820473717368,0.0422143029284721,-6.329992366820636,-6.863153239773967,-6.301017683768976,-5.265501757872882
2020-04-02,BTCUSDT,0.0045060706760342,0.0671272722225046,-5.402329752222876,-6.329992366820636,-6.377851494064864,-5.262436746606732
2020-04-03,BTCUSDT,0.0018927920887015,0.0435062304584245,-6.2697022444289905,-5.402329752222876,-6.2661546258885625,-5.209295182111777
2020-04-04,BTCUSDT,0.0016245078611286,0.0403051840478203,-6.422550363760272,-6.2697022444289905,-6.2056156933438515,-5.357218903248277
2020-04-05,BTCUSDT,0.000716553818787,0.0267685229100726,-7.241057200066817,-6.422550363760272,-6.257545593401348,-5.549051548705035
2020-04-06,BTCUSDT,0.0011305465037579,0.0336236003984988,-6.785054131525818,-7.241057200066817,-6.333126385459918,-5.656190418105579
2020-04-07,BTCUSDT,0.0013515636377163,0.0367636183980345,-6.606493106625796,-6.785054131525818,-6.424138738400954,-5.751445136241937
2020-04-08,BTCUSDT,0.0009831667554425,0.0313554900367147,-6.924731812893445,-6.606493106625796,-6.664971409281539,-5.875137172166637
2020-04-09,BTCUSDT,0.0007805583623043,0.0279384745880002,-7.155501045270322,-6.924731812893445,-6.795977322974428,-5.960312666747236
2020-04-10,BTCUSDT,0.0017599718237294,0.041952018112714,-6.342457479304885,-7.155501045270322,-6.9425674592764395,-6.054619332555382
2020-04-11,BTCUSDT,0.0005507468035434,0.0234679953030388,-7.50423537612363,-6.342457479304885,-6.7628475151240535,-6.110493873967436
2020-04-12,BTCUSDT,0.0009535805396012,0.0308800994104823,-6.95528666915882,-7.50423537612363,-6.906683764043615,-6.249205803959989
2020-04-13,BTCUSDT,0.0020523703539826,0.0453030943091379,-6.188759883561985,-6.95528666915882,-6.97644247655022,-6.334274415255706
2020-04-14,BTCUSDT,0.0007932377837279,0.0281644773380925,-7.139387527899542,-6.188759883561985,-6.829248090683929,-6.369670521737846
2020-04-15,BTCUSDT,0.0006604999104098,0.0257001928088076,-7.322513569641873,-7.139387527899542,-6.826025387209772,-6.461375755927478
2020-04-16,BTCUSDT,0.0024643058430283,0.0496417751800669,-6.005845116408044,-7.322513569641873,-7.02203660527717,-6.549607314135688
2020-04-17,BTCUSDT,0.0006853560256812,0.0261793052940919,-7.2855721092029695,-6.005845116408044,-6.722358553334052,-6.570605583668333
2020-04-18,BTCUSDT,0.0003761836144325,0.0193954534474602,-7.885433197515076,-7.2855721092029695,-6.7884156413428824,-6.608479916989165
2020-04-19,BTCUSDT,0.0004361704804266,0.0208846948846923,-7.737477380887036,-7.885433197515076,-7.127750304133501,-6.696644002542522
2020-04-20,BTCUSDT,0.0012463969836313,0.0353043479423048,-6.687498302915465,-7.737477380887036,-7.247368274731,-6.77740142471446
2020-04-21,BTCUSDT,0.0006440527635377,0.0253781946469346,-7.347729904256917,-6.687498302915465,-7.120365221385718,-6.782633306340048
2020-04-22,BTCUSDT,0.0003863086771274,0.0196547367605747,-7.858873826397272,-7.347729904256917,-7.388742178955492,-6.8364891718302365
2020-04-23,BTCUSDT,0.001587425536051,0.0398425091585738,-6.445641734722135,-7.858873826397272,-7.503402522394353,-6.88174919849493
2020-04-24,BTCUSDT,0.0005434616535306,0.0233122640155488,-7.517551408573617,-6.445641734722135,-7.215444229835765,-6.887005987945
2020-05-18,BTCUSDT,0.0011515250228381,0.0339341277011532,-6.766668108294309,-7.084192090178112,-6.63117415071495,-6.569859860352276
2020-05-19,BTCUSDT,0.0011183583537035,0.0334418652844539,-6.795893424567631,-6.766668108294309,-6.5976725374250735,-6.5321780291621545
2020-05-20,BTCUSDT,0.0010065189128121,0.0317256822276866,-6.901257522388243,-6.795893424567631,-6.728832783311155,-6.498459362485599
2020-05-21,BTCUSDT,0.0014131924254812,0.0375924517088369,-6.561904002328633,-6.901257522388243,-6.8995933103068054,-6.438405130004906
2020-05-22,BTCUSDT,0.0008209718204252,0.0286526058226001,-7.105021772578133,-6.561904002328633,-6.821983029551386,-6.475283507029809
2020-05-23,BTCUSDT,0.0004402987258851,0.0209832963541267,-7.728057138949429,-7.105021772578133,-6.82614896603139,-6.553666598529176
2020-05-24,BTCUSDT,0.0011594405033402,0.034050558047413,-6.759817714926565,-7.728057138949429,-7.018426772162414,-6.599383339302034
2020-05-25,BTCUSDT,0.0008390747207381,0.028966786510384,-7.083210796180012,-6.759817714926565,-7.0112116302342,-6.570216585970158
2020-05-26,BTCUSDT,0.0006097918695763,0.0246939642337216,-7.4023928564339005,-7.083210796180012,-7.047602284992554,-6.596557379310888
2020-05-27,BTCUSDT,0.0006998085948234,0.0264538956455077,-7.264703696277871,-7.4023928564339005,-7.215700055813608,-6.625852482548308
2020-05-28,BTCUSDT,0.0006071224252571,0.024639854408198,-7.406780098185101,-7.264703696277871,-7.247636440553555,-6.6510235745818855
2020-05-29,BTCUSDT,0.0006564299405319,0.0256208887537476,-7.328694586546817,-7.406780098185101,-7.183381032400689,-6.680644392816763
2020-05-30,BTCUSDT,0.0007789672237264,0.0279099843017948,-7.157541587784343,-7.328694586546817,-7.297156406724741,-6.724513249381075
2020-05-31,BTCUSDT,0.0005658703480106,0.0237880295108834,-7.477145573120052,-7.157541587784343,-7.3120225650456065,-6.742072186065608
2020-06-01,BTCUSDT,0.0012292540288081,0.0350607191712911,-6.70134777422541,-7.477145573120052,-7.326973108382836,-6.76568575489106
2020-06-02,BTCUSDT,0.004531480512287,0.0673162722696901,-5.396706568978078,-6.70134777422541,-7.214301923972345,-6.871593984868027
2020-06-03,BTCUSDT,0.0003594064438697,0.0189580179309376,-7.931056654254958,-5.396706568978078,-6.81228721813094,-6.885740891142325
2020-06-04,BTCUSDT,0.0006289758717119,0.0250793913744331,-7.371417661758094,-7.931056654254958,-6.9327596316725675,-6.951094119527011
2020-06-05,BTCUSDT,0.0005257002328295,0.0229281537161095,-7.550779407244733,-7.371417661758094,-6.975534846467317,-6.97096873257312
2020-06-06,BTCUSDT,0.0002675575190559,0.0163571855481286,-8.226175990234632,-7.550779407244733,-6.990261613292255,-7.035090878578006
2020-06-07,BTCUSDT,0.0004941743257551,0.0222300320682433,-7.612622216882095,-8.226175990234632,-7.295227256494099,-7.134123655979125
2020-06-08,BTCUSDT,0.0002654221921456,0.0162917829639877,-8.234188821831715,-7.612622216882095,-7.738410386074902,-7.164244874650779
2020-06-09,BTCUSDT,0.0006981322852822,0.0264221930445273,-7.267101952697031,-8.234188821831715,-7.799036819590253,-7.216517453362306
2020-06-10,BTCUSDT,0.0005886895956888,0.0242629263628462,-7.437611515453314,-7.267101952697031,-7.778173677778041,-7.239264446289703
2020-06-11,BTCUSDT,0.0016977731510415,0.0412040428968027,-6.378437797755587,-7.437611515453314,-7.7555400994197585,-7.268433450420872
2020-06-12,BTCUSDT,0.0004389595399624,0.0209513612913923,-7.731103313231235,-6.378437797755587,-7.385992460923949,-7.244668917483023
2020-06-13,BTCUSDT,0.0002291781549318,0.015138631210642,-8.381010887736664,-7.731103313231235,-7.409688680193776,-7.297814340705869
2020-06-14,BTCUSDT,0.0003338883673872,0.0182726124948576,-8.004703850234302,-8.381010887736664,-7.439053093374767,-7.3558138459403475
2020-06-15,BTCUSDT,0.0008709856135555,0.0295124653927043,-7.045885098406045,-8.004703850234302,-7.58657347288222,-7.368388696453295
2020-06-16,BTCUSDT,0.0005265096512231,0.0229457981169354,-7.549240895650181,-7.045885098406045,-7.508228189472767,-7.381391759338727
2020-06-17,BTCUSDT,0.0002839176355304,0.0168498556531033,-8.166826377603794,-7.549240895650181,-7.742388809051685,-7.402574945678281
2020-06-18,BTCUSDT,0.0002471439402309,0.0157208123273226,-8.305539637100198,-8.166826377603794,-7.829533421926198,-7.437321923913275
2020-06-19,BTCUSDT,0.0003162332608637,0.0177829485986913,-8.059030449398646,-8.305539637100198,-7.814439171798904,-7.484632648496108
2020-06-20,BTCUSDT,0.0001528466679076,0.012363117240713,-8.786075309619056,-8.059030449398646,-7.825304491631773,-7.514280391733087
2020-06-21,BTCUSDT,9.576639279168908e-05,0.0097860304920682,-9.25359874046652,-8.786075309619056,-8.173342533874376,-7.580524970054554
2020-06-22,BTCUSDT,0.0002742960807118,0.0165618863874812,-8.201302448450175,-9.25359874046652,-8.514214102837643,-7.675800295176471
2020-06-23,BTCUSDT,0.0001825361517067,0.0135105940545481,-8.608562313015705,-8.201302448450175,-8.52110931700692,-7.708716516782386
2020-06-24,BTCUSDT,0.0005561763796047,0.0235833920292389,-7.494425084515476,-8.608562313015705,-8.58171385219002,-7.795408086727398
2020-06-25,BTCUSDT,0.0006694378525621,0.0258734971073134,-7.309072223785321,-7.494425084515476,-8.468792779213386,-7.890758928342734
2020-06-26,BTCUSDT,0.0005461869454355,0.0233706428117744,-7.51254924991425,-7.309072223785321,-8.173392162046639,-7.862486908775934
2020-06-27,BTCUSDT,0.0005544280326616,0.0235462955188637,-7.49757354740297,-7.51254924991425,-7.825182263936187,-7.868901980964849
2020-07-21,BTCUSDT,0.0001963342235529,0.0140119314711758,-8.53569212876578,-9.69896034814202,-9.462786881296784,-8.806110789064308
2020-07-22,BTCUSDT,0.0001722580121763,0.0131247099844664,-8.666517134340676,-8.53569212876578,-9.412245538250277,-8.814166596271924
2020-07-23,BTCUSDT,0.0001461207288556,0.0120880407368464,-8.831077367987765,-8.666517134340676,-9.242396839541758,-8.811870054976454
2020-07-24,BTCUSDT,0.0001685935479435,0.0129843578179106,-8.68801978155404,-8.831077367987765,-9.069389199467,-8.827281975871468
2020-07-25,BTCUSDT,0.0002463600658263,0.01569586142352,-8.3087164099499,-8.68801978155404,-8.884053352158057,-8.867617958224743
2020-07-26,BTCUSDT,0.0007295586097125,0.0270103426433755,-7.22307085092233,-8.3087164099499,-8.606004564519631,-8.836780170089684
2020-07-27,BTCUSDT,0.0035350178011474,0.0594560156851047,-5.645036943961018,-7.22307085092233,-8.343480308950943,-8.76613393954696
2020-07-28,BTCUSDT,0.0024603086874585,0.0496014988428636,-6.007468454203455,-5.645036943961018,-7.73918427087501,-8.643551522165847
2020-07-29,BTCUSDT,0.0011740098265761,0.0342638267941015,-6.747330187444226,-6.007468454203455,-7.174462488118148,-8.534660830696893
2020-07-30,BTCUSDT,0.0006729311568367,0.0259409166537497,-7.303867526513641,-6.747330187444226,-6.786324569296186,-8.444024389025548
2020-07-31,BTCUSDT,0.0006580181737731,0.0256518649180361,-7.326278007304417,-7.303867526513641,-6.585354792608934,-8.395743567318632
2020-08-01,BTCUSDT,0.0010994578628149,0.0331580738707019,-6.812938072655727,-7.326278007304417,-6.605996223885351,-8.34560004107569
2020-08-02,BTCUSDT,0.0053547685286061,0.0731762839218155,-5.229767801300306,-6.812938072655727,-6.8395764496242935,-8.26002774029861
2020-08-03,BTCUSDT,0.0007124630003068,0.0266920025533277,-7.246782576563811,-5.229767801300306,-6.684036319043663,-8.08552957058553
2020-08-04,BTCUSDT,0.0006230167222082,0.0249603029270121,-7.380937198111363,-7.246782576563811,-6.78392679686758,-8.036711702889427
2020-08-05,BTCUSDT,0.0007004249371921,0.0264655424503661,-7.263823353971515,-7.380937198111363,-6.799340731187125,-7.965539714166234
2020-08-06,BTCUSDT,0.0005656218437313,0.0237828056320386,-7.47758482366921,-7.263823353971515,-6.786849800520545,-7.901842456765831
2020-08-07,BTCUSDT,0.0006825153139584,0.0261249940470514,-7.289725593122602,-7.47758482366921,-6.919779150723241,-7.818583773895594
2020-08-08,BTCUSDT,0.0004708467364222,0.0216990031204723,-7.660977917279542,-7.289725593122602,-7.331770709087701,-7.750462262492155
2020-08-09,BTCUSDT,0.0004168725024732,0.0204174558276312,-7.782730132381118,-7.660977917279542,-7.414609777230846,-7.666153957464712
2020-08-10,BTCUSDT,0.0021517588913717,0.0463870552134077,-6.1414696822848915,-7.782730132381118,-7.494968364084798,-7.579181892192874
2020-08-11,BTCUSDT,0.0013938099434317,0.037333764120857,-6.575714314940462,-6.1414696822848915,-7.270497629747473,-7.421307831474062
2020-08-12,BTCUSDT,0.0006692174620555,0.0258692377555958,-7.309401495265716,-6.575714314940462,-7.090123528001723,-7.279342102692173
2020-08-13,BTCUSDT,0.0007752519243971,0.0278433461422494,-7.162322517694504,-7.309401495265716,-7.094058708430346,-7.22360161935126
2020-08-14,BTCUSDT,0.0004671420398794,0.0216134689459947,-7.668877192623458,-7.162322517694504,-6.994327628513338,-7.155229136776435
2020-08-15,BTCUSDT,0.0005700222856459,0.0238751394895598,-7.469835100275584,-7.668877192623458,-6.971557040561807,-7.102401856078057
2020-08-16,BTCUSDT,0.0003141041170855,0.0177229827367044,-8.0657860439427,-7.469835100275584,-7.237230124159945,-7.0470298251108545
2020-08-17,BTCUSDT,0.0013949490399095,0.0373490165855748,-6.5748973949068885,-8.0657860439427,-7.535244469960392,-7.03598753574689
2020-08-18,BTCUSDT,0.0009700213136546,0.031145165173019,-6.938192513868451,-6.5748973949068885,-7.388343649888627,-7.006525105928007
2020-08-19,BTCUSDT,0.0008381557667883,0.0289509199644557,-7.0843065955332785,-6.938192513868451,-7.343517649123416,-7.065304904560164
2020-08-20,BTCUSDT,0.0002956062796878,0.0171932044624561,-8.126482125246458,-7.0843065955332785,-7.226603529705381,-7.1142520928024275
2020-08-21,BTCUSDT,0.0004126072083576,0.0203127351274431,-7.793014486908718,-8.126482125246458,-7.357932934699555,-7.176940817247984
2020-08-22,BTCUSDT,0.0003201296245363,0.0178921665690986,-8.046784567515973,-7.793014486908718,-7.303378623292758,-7.199174769993215
2020-08-23,BTCUSDT,0.0002113948611586,0.0145394243750806,-8.46178279343949,-8.046784567515973,-7.597756057814576,-7.23192506818465
2020-08-24,BTCUSDT,0.0001807225026472,0.0134433069832984,-8.618547837697667,-8.46178279343949,-7.902474113728784,-7.306872555493002
2020-08-25,BTCUSDT,0.0006421341691812,0.0253403663979289,-7.350713289845348,-8.618547837697667,-8.209322362161661,-7.460908011692882
2020-08-26,BTCUSDT,0.0004595304358754,0.0214366610244089,-7.685305381418902,-7.350713289845348,-8.054168595081439,-7.465632135023861
2020-08-27,BTCUSDT,0.0006468687089065,0.02543361376027,-7.343367206919765,-7.685305381418902,-8.032626773983477,-7.479467052446932
2020-08-28,BTCUSDT,0.0002688665137019,0.0163971495602722,-8.221295533117528,-7.343367206919765,-7.8919433018642335,-7.483082682126397
2020-08-29,BTCUSDT,0.0001810451309528,0.0134553012211851,-8.616764215498405,-8.221295533117528,-7.843845849799843,-7.516887714374048
2020-08-30,BTCUSDT,0.0002319881834972,0.0152311583110832,-8.368824120796829,-8.616764215498405,-7.843489125359989,-7.577207651754765
2020-08-31,BTCUSDT,0.0002512324300357,0.015850313247243,-8.289132031242389,-8.368824120796829,-8.047111291550285,-7.609382479187371
2020-09-01,BTCUSDT,0.000453229656634,0.0212891910751459,-7.699111592659269,-8.289132031242389,-8.167876621514981,-7.632400747317428
2020-09-02,BTCUSDT,0.0008087964231644,0.0284393463913018,-7.119963312665912,-7.699111592659269,-8.239025498662885,-7.7032026523344435
2020-09-03,BTCUSDT,0.0031666627903032,0.0562731089447104,-5.75507699315928,-7.119963312665912,-8.018759054572559,-7.7279412431401475
2020-09-04,BTCUSDT,0.0025875005905122,0.050867480677858,-5.957062892173401,-5.75507699315928,-7.446421610104736,-7.657290129408036
2020-09-05,BTCUSDT,0.0034118915490615,0.058411399136312,-5.680488435009827,-5.957062892173401,-6.96406936438005,-7.60250560097526
2020-09-06,BTCUSDT,0.0010466573713469,0.0323520844977094,-6.862153648648278,-5.680488435009827,-6.442340645133538,-7.512124293811004
2020-09-07,BTCUSDT,0.0010371394626514,0.0322046497054602,-6.871288872131749,-6.862153648648278,-6.274949056331339,-7.484502409646126
2020-09-08,BTCUSDT,0.0019306418086719,0.0439390692740745,-6.249902787992313,-6.871288872131749,-6.225214168224507,-7.430207083654719
2020-09-09,BTCUSDT,0.000563499829765,0.023738151355257,-7.481343526587417,-6.249902787992313,-6.324179327191113,-7.415434601522237
2020-09-10,BTCUSDT,0.0006234850811455,0.024969683240793,-7.380185720723876,-7.481343526587417,-6.629035454073917,-7.440123283918553
2020-09-11,BTCUSDT,0.0003103755386017,0.0176174782134603,-8.077727578811794,-7.380185720723876,-6.968974911216726,-7.4535723350635825
2020-09-12,BTCUSDT,0.0001582021856287,0.0125778450311945,-8.751636687121225,-8.077727578811794,-7.21208969724943,-7.451356219316551
2020-09-13,BTCUSDT,0.0003659985379478,0.0191310882583252,-7.912881219249028,-8.751636687121225,-7.588159260247325,-7.494929955689846
2020-09-14,BTCUSDT,0.0004726079562699,0.0217395482075862,-7.657244358249705,-7.912881219249028,-7.920754946498668,-7.488843439859531
2020-09-15,BTCUSDT,0.0005963350309801,0.024419971969274,-7.424707916319276,-7.657244358249705,-7.955935112831126,-7.452273510987268
2020-09-16,BTCUSDT,0.0005256035529828,0.022926045297496,-7.550963330955991,-7.424707916319276,-7.964839551950206,-7.398008060015524
2020-09-17,BTCUSDT,0.0003508110679847,0.0187299510940309,-7.955262747266411,-7.550963330955991,-7.859486702379046,-7.407110334611462
2020-09-18,BTCUSDT,0.0002386387328937,0.0154479362017641,-8.34055972746975,-7.955262747266411,-7.700211914408082,-7.419381123968166
2020-09-19,BTCUSDT,0.0002555014062932,0.0159844113527304,-8.272282644252687,-8.34055972746975,-7.785747616052227,-7.464708056720439
2020-09-20,BTCUSDT,0.0003417212541839,0.0184857040489112,-7.9815151994783555,-8.272282644252687,-7.908755273252822,-7.467025652681129
2020-09-21,BTCUSDT,0.0006750443309432,0.0259816152489256,-7.300732193776876,-7.9815151994783555,-8.020116729884638,-7.438150697407488
2020-09-22,BTCUSDT,0.0003781808851516,0.0194468734029835,-7.880137944657591,-7.300732193776876,-7.970070502448816,-7.389601064361128
2020-09-23,BTCUSDT,0.0004030843417936,0.0200769604719848,-7.816364733066967,-7.880137944657591,-7.955045541927052,-7.371010424061819
2020-09-24,BTCUSDT,0.0004828266778426,0.0219733174064047,-7.635852813758369,-7.816364733066967,-7.850206543046495,-7.376340112262169
2020-09-25,BTCUSDT,0.0003500224863485,0.0187088878971604,-7.957513158834546,-7.635852813758369,-7.722920576947632,-7.399789635039098
2020-09-26,BTCUSDT,0.0001872491932391,0.0136839027049716,-8.583070244045652,-7.957513158834546,-7.718120168818869,-7.49990036984252
2020-09-27,BTCUSDT,0.0001973217006937,0.0140471242855504,-8.530675162673282,-8.583070244045652,-7.974587778872627,-7.619264340382167
2020-09-28,BTCUSDT,0.0004186050752958,0.0204598405491318,-7.778582623573414,-8.530675162673282,-8.104695222475764,-7.748818282548688
2020-09-29,BTCUSDT,0.0002221667134715,0.0149052579136219,-8.412082496339224,-7.778582623573414,-8.097138800577053,-7.790474145045286
2020-09-30,BTCUSDT,0.0002286824950422,0.0151222516525248,-8.383176001000948,-8.412082496339224,-8.252384737093223,-7.860510218872898
2020-10-01,BTCUSDT,0.0006069228321467,0.0246358038664622,-7.407108904893057,-8.383176001000948,-8.337517305526504,-7.957477183100564
2020-10-02,BTCUSDT,0.0004721920502266,0.0217299804469914,-7.658124769061104,-7.407108904893057,-8.102325037695985,-7.954102882114456
2020-10-03,BTCUSDT,0.0001129676072566,0.0106286220770443,-9.088409441793198,-7.658124769061104,-7.927814958973551,-7.966736475220693
2020-10-04,BTCUSDT,0.0001054057913145,0.0102667322607786,-9.157692977308615,-9.088409441793198,-8.189780322617505,-8.012676559901665
2020-10-05,BTCUSDT,0.0001200680399304,0.0109575562937397,-9.027451976445665,-9.157692977308615,-8.338902418811385,-8.031133664001093
2020-10-06,BTCUSDT,0.0002534540212281,0.0159202393583801,-8.280328127209655,-9.027451976445665,-8.467757613900329,-8.081795971146393
2020-10-07,BTCUSDT,9.952442641421173e-05,0.0099761929820052,-9.21510745232774,-8.280328127209655,-8.642401458363647,-8.110117960644574
2020-10-08,BTCUSDT,0.000258426333727,0.0160756441154632,-8.260899880540167,-9.21510745232774,-8.953797995016975,-8.191499757735867
2020-10-09,BTCUSDT,0.000209562975315,0.0144762901088316,-8.470486265610367,-8.260899880540167,-8.788296082766369,-8.223769600898784
2020-10-10,BTCUSDT,0.0007621101386874,0.0276063423634405,-7.179419473762534,-8.470486265610367,-8.65085474042672,-8.247188851732602
2020-10-11,BTCUSDT,0.0002184267535452,0.0147792676931331,-8.429059823678198,-7.179419473762534,-8.281248239890093,-8.194409749291365
2020-10-12,BTCUSDT,0.0004985563933481,0.0223283764154072,-7.603793848886229,-8.429059823678198,-8.310994579183802,-8.201535984719795
2020-10-13,BTCUSDT,0.0003565480249501,0.0188824793115238,-7.93904161484032,-7.603793848886229,-7.988731858495498,-8.184366832420155
2020-10-14,BTCUSDT,0.0003347762848788,0.0182968927656817,-8.00204805555312,-7.93904161484032,-7.924360205355529,-8.213380897013947
2020-10-15,BTCUSDT,0.0003071405300055,0.0175254252446417,-8.088205162652862,-8.00204805555312,-7.830672563344081,-8.218922265691019
2020-10-16,BTCUSDT,0.0003302003209295,0.0181714149402181,-8.015811054554128,-8.088205162652862,-8.012429701122146,-8.231278648854014
2020-10-17,BTCUSDT,0.0001378857790531,0.011742477551741,-8.88908490355094,-8.015811054554128,-7.929779947297331,-8.248549477981094
2020-10-18,BTCUSDT,8.774193592256358e-05,0.0093670665590975,-9.341110598159572,-8.88908490355094,-8.186838158230275,-8.290893648195475
2020-10-19,BTCUSDT,0.0002459643385847,0.0156832502557595,-8.310323997643213,-9.341110598159572,-8.467251954894124,-8.325350027927925
2020-10-20,BTCUSDT,0.0004247983408136,0.0206106365940911,-7.763895993850199,-8.310323997643213,-8.528907143312143,-8.315334065881103
2020-10-21,BTCUSDT,0.0016943706464662,0.0411627337098279,-6.380443907118584,-7.763895993850199,-8.464045309551611,-8.314666491802775
2020-10-22,BTCUSDT,0.0008164797756188,0.0285741102331966,-7.110508415463955,-6.380443907118584,-8.1369718800645,-8.222319283201836
2020-10-23,BTCUSDT,0.0004141154284031,0.0203498262499497,-7.789365810432086,-7.110508415463955,-7.781256582447105,-8.16447075658652
2020-10-24,BTCUSDT,0.0003272254737367,0.0180893746087798,-8.024861102547606,-7.789365810432086,-7.470907624901608,-8.181846070474656
2020-10-25,BTCUSDT,0.000560727954913,0.0236796949919774,-7.486274698911432,-8.024861102547606,-7.413815045882487,-8.198515903814952
2020-10-26,BTCUSDT,0.0005562514291082,0.023584983127157,-7.494290155303844,-7.486274698911432,-7.358290786894733,-8.125691597320328
2020-10-27,BTCUSDT,0.0006013583398106,0.024522608748064,-7.416319561823562,-7.494290155303844,-7.581060036531784,-8.050082378138292
2020-10-28,BTCUSDT,0.0011709474680131,0.0342191096905385,-6.749942056164378,-7.416319561823562,-7.642222265803706,-7.97684908656456
2020-10-29,BTCUSDT,0.0008675846665072,0.029454790213262,-7.049797452626469,-6.749942056164378,-7.434337514950164,-7.9072860833352285
2020-10-30,BTCUSDT,0.0008659841995171,0.0294276094767675,-7.051643894929604,-7.049797452626469,-7.2393247849659375,-7.808862901530626
2020-10-31,BTCUSDT,0.0010981326487342,0.0331380845664652,-6.814144133779828,-7.051643894929604,-7.152398624169573,-7.75389672036651
2020-11-01,BTCUSDT,0.0004819831182871,0.0219541139262586,-7.637601468827661,-6.814144133779828,-7.016369419864769,-7.678608441646938
2020-11-02,BTCUSDT,0.0006328944115117,0.0251573927804884,-7.365206956192452,-7.637601468827661,-7.060625801265589,-7.699434895968081
2020-11-03,BTCUSDT,0.000802678376406,0.028331579137175,-7.127556451764403,-7.365206956192452,-7.183678781271203,-7.651077947446002
2020-11-04,BTCUSDT,0.0011690648876693,0.0341915908911729,-6.751551091044381,-7.127556451764403,-7.19923058109879,-7.629430793031374
2020-11-05,BTCUSDT,0.0019700860442767,0.0443856513332489,-6.229678059888248,-6.751551091044381,-7.139212020321745,-7.575453951040648
2020-11-06,BTCUSDT,0.0020736950903853,0.0455378423993209,-6.178423195225948,-6.229678059888248,-7.02231880554343,-7.494891678510428
2020-11-07,BTCUSDT,0.0015842301746244,0.0398023890567449,-6.447656683883828,-6.178423195225948,-6.730483150823086,-7.408083407263749
2020-11-08,BTCUSDT,0.0008206715691469,0.0286473658326022,-7.105387566128127,-6.447656683883828,-6.546973096361361,-7.336803663142373
2020-11-09,BTCUSDT,0.0018177743965785,0.042635365561685,-6.3101423852184375,-7.105387566128127,-6.542539319234106,-7.255726511441335
2020-11-10,BTCUSDT,0.00064710397559,0.0254382384529681,-7.343003572217253,-6.3101423852184375,-6.454257578068917,-7.11795522903492
2020-11-11,BTCUSDT,0.0007334736813322,0.0270827192381461,-7.21771884196267,-7.343003572217253,-6.676922680534719,-7.073986118788285
2020-11-12,BTCUSDT,0.0012993171693914,0.03604604235407,-6.645916406823325,-7.21771884196267,-6.884781809882064,-7.04915988461158
2020-11-13,BTCUSDT,0.0006474199745343,0.0254444487960416,-7.342515363481453,-6.645916406823325,-6.9244337544699635,-7.061226816416342
2020-11-14,BTCUSDT,0.0005080666080166,0.0225403329171658,-7.584898000838111,-7.342515363481453,-6.971859313940627,-7.071772586780771
2020-11-15,BTCUSDT,0.00047104397392,0.0217035474962059,-7.660559105418426,-7.584898000838111,-7.226810437064562,-7.062478595435593
2020-11-16,BTCUSDT,0.0006169590506145,0.0248386604029797,-7.39070790479541,-7.660559105418426,-7.290321543704796,-7.045919413747901
2020-11-17,BTCUSDT,0.0011219661349455,0.0334957629401927,-6.792672655095163,-7.39070790479541,-7.324919356271346,-7.041575468560809
2020-11-18,BTCUSDT,0.0037858927330284,0.0615296085882919,-5.576473559129819,-6.792672655095163,-7.354270605925713,-7.00968376400587
2020-11-19,BTCUSDT,0.0012310520943733,0.0350863519673011,-6.699886113931692,-5.576473559129819,-7.001062245055385,-6.9260544002470645
2020-11-20,BTCUSDT,0.0011603832265336,0.0340643982265006,-6.759004960721877,-6.699886113931692,-6.824059867674103,-6.923779130145578
2020-11-21,BTCUSDT,0.0008890305107963,0.0298166146769938,-7.025379002683507,-6.759004960721877,-6.643749038734792,-6.91056128960446
2020-11-22,BTCUSDT,0.0012551179695097,0.0354276441428122,-6.680525711206753,-7.025379002683507,-6.570683258312411,-6.909367430866001
2020-11-23,BTCUSDT,0.0015103863530022,0.0388636893899978,-6.495389797967273,-6.680525711206753,-6.54825386953473,-6.9032938662035885
2020-11-24,BTCUSDT,0.0015861570914145,0.0398265877450551,-6.44644111186333,-6.495389797967273,-6.732037117302221,-6.851375153891753
2020-11-25,BTCUSDT,0.0014071103390725,0.0375114694336622,-6.5662170824090555,-6.44644111186333,-6.6813481168885485,-6.809613070058611
2020-11-26,BTCUSDT,0.0070125251855347,0.0837408215002384,-4.960057416619672,-6.5662170824090555,-6.642790541225983,-6.784097644178822
2020-11-27,BTCUSDT,0.0023995088471286,0.048984781791171,-6.032491209601048,-4.960057416619672,-6.229726224013216,-6.702666113523154
2020-11-28,BTCUSDT,0.0008110598776908,0.0284791130074447,-7.117168674649766,-6.032491209601048,-6.100119323692075,-6.693703074873735
2020-11-29,BTCUSDT,0.0008257430808534,0.0287357456985791,-7.099226872955366,-7.117168674649766,-6.224475099028574,-6.736373323938454
2021-01-17,BTCUSDT,0.0036143545856856,0.0601195025402376,-5.622841977157495,-5.478853227008269,-5.194362301073499,-5.460984626453046
2021-01-18,BTCUSDT,0.0027761498839892,0.052689181849686,-5.8866902450036385,-5.622841977157495,-5.392990408769647,-5.4169851506994
2021-01-19,BTCUSDT,0.0019976803123885,0.044695417129596,-6.21576861536731,-5.8866902450036385,-5.571934739343372,-5.435023715009299
2021-01-20,BTCUSDT,0.0030755656474174,0.0554577825685222,-5.78426644426081,-6.21576861536731,-5.664584548705353,-5.429917598422847
2021-01-21,BTCUSDT,0.0075747393911246,0.0870329787558985,-4.882936331990463,-5.78426644426081,-5.797684101759504,-5.398095697434079
2021-01-22,BTCUSDT,0.0066774023987309,0.0817153743106581,-5.009026229525632,-4.882936331990463,-5.678500722755943,-5.339224351599616
2021-01-23,BTCUSDT,0.0028274994263966,0.0531742364909611,-5.868362552839943,-5.009026229525632,-5.555737573229571,-5.284367566861607
2021-01-24,BTCUSDT,0.0016717728131135,0.0408873184876874,-6.393870650876249,-5.868362552839943,-5.552072034796831,-5.23344287916378
2021-01-25,BTCUSDT,0.0026050700592024,0.0510398869434725,-5.950295710010846,-6.393870650876249,-5.58769244189862,-5.284404508590662
2021-01-26,BTCUSDT,0.0033472888175533,0.0578557587242044,-5.699604569004883,-5.950295710010846,-5.620898295048626,-5.305365937760095
2021-01-27,BTCUSDT,0.0046005219486296,0.0678271475784558,-5.3815855148306,-5.699604569004883,-5.784231942451511,-5.351094029628368
2021-01-28,BTCUSDT,0.0028498665839931,0.0533841416901422,-5.860483098431324,-5.3815855148306,-5.858743799512505,-5.360868102947114
2021-01-29,BTCUSDT,0.0149613390035262,0.1223165524511147,-4.2022858048578895,-5.860483098431324,-5.85716790863078,-5.389298046088586
2021-01-30,BTCUSDT,0.0033149085001094,0.0575752420759952,-5.709325257502201,-4.2022858048578895,-5.4188509394271085,-5.347608573155334
2021-01-31,BTCUSDT,0.0017493240094011,0.0418249209132686,-6.348525846014413,-5.709325257502201,-5.37065684892538,-5.391289625771659
2021-02-01,BTCUSDT,0.0021034224213614,0.0458630834262317,-6.164189536354765,-6.348525846014413,-5.500441104327285,-5.424593861215935
2021-02-02,BTCUSDT,0.0017450637930769,0.0417739607061256,-6.350964166358769,-6.164189536354765,-5.656961908632118,-5.477460626352514
2021-02-03,BTCUSDT,0.0015975592976119,0.0399694795764461,-6.439278253395593,-6.350964166358769,-5.755058122217608,-5.604674275261579
2021-02-04,BTCUSDT,0.0024019421649175,0.049009612984776,-6.031477633500359,-6.439278253395593,-6.2024566119251485,-5.686927766839708
2021-02-05,BTCUSDT,0.0012902738802097,0.0359203825175873,-6.652900772903108,-6.031477633500359,-6.26688708712478,-5.73417817781086
2021-02-06,BTCUSDT,0.0017533955052091,0.0418735657092774,-6.3462010822845585,-6.652900772903108,-6.3277620725025185,-5.77510459619021
2021-02-07,BTCUSDT,0.0023666506785069,0.0486482340738793,-6.04627953918626,-6.3462010822845585,-6.364164381688478,-5.830896978158142
2021-02-08,BTCUSDT,0.006774493651688,0.0823073122613539,-4.994590652767607,-6.04627953918626,-6.303227456253976,-5.856689083257141
2021-02-09,BTCUSDT,0.004979846738842,0.0705680291551498,-5.302356163752077,-4.994590652767607,-6.014289936128378,-5.828132204875782
2021-02-10,BTCUSDT,0.0028928129734133,0.053784876809502,-5.84552590305119,-5.302356163752077,-5.868465642178722,-5.801571564818894
2021-03-29,BTCUSDT,0.0012374680025206,0.035177663403368,-6.694687920404725,-7.075968634459903,-6.430067434185891,-6.3870638957671275
2021-03-30,BTCUSDT,0.0007575858376326,0.0275242772408772,-7.185373709993904,-6.694687920404725,-6.590777965894182,-6.39565715067496
2021-03-31,BTCUSDT,0.0015134919367622,0.0389036236970577,-6.493335757060663,-7.185373709993904,-6.8774046604823,-6.4291617292447265
2021-04-01,BTCUSDT,0.0006714624269168,0.0259125920532248,-7.306052497525063,-6.493335757060663,-6.862612618621448,-6.4210847056877896
2021-04-02,BTCUSDT,0.0005449462003251,0.0233440827689836,-7.514823483173493,-7.306052497525063,-6.951083703888851,-6.4775223205138905
2021-04-03,BTCUSDT,0.0008103652743472,0.0284669154343638,-7.118025455963683,-7.514823483173493,-7.038854673631571,-6.540243917668335
2021-04-04,BTCUSDT,0.0005869931305613,0.0242279411127192,-7.440497440825949,-7.118025455963683,-7.123522180743362,-6.585128224183226
2021-04-05,BTCUSDT,0.0005995198926665,0.0244850953166734,-7.419381401951306,-7.440497440825949,-7.17454692690977,-6.637781422252247
2021-04-06,BTCUSDT,0.0005711432973247,0.0238986045058028,-7.467870421255962,-7.419381401951306,-7.3597560558879,-6.662226771241638
2021-04-07,BTCUSDT,0.0014012977838224,0.0374339122163643,-6.570356483304803,-7.467870421255962,-7.392119640634078,-6.75103471292887
2021-04-08,BTCUSDT,0.0005917399327727,0.0243257051855186,-7.432443322350808,-6.570356483304803,-7.2032262406603405,-6.782681289622369
2021-04-09,BTCUSDT,0.0003918274301396,0.0197946313463931,-7.844689044338864,-7.432443322350808,-7.266109813937765,-6.837009842921533
2021-04-10,BTCUSDT,0.0009141231062706,0.0302344688438656,-6.99754530600599,-7.844689044338864,-7.346948134640348,-6.898405976326033
2021-04-11,BTCUSDT,0.0006937619741329,0.0263393616880317,-7.273381633041195,-6.99754530600599,-7.262580915451285,-6.9227836804683855
2021-04-12,BTCUSDT,0.0007312998024847,0.02704255539857,-7.220687055775331,-7.273381633041195,-7.223683157808331,-6.926658255356355
2021-04-13,BTCUSDT,0.0011554672960788,0.0339921652161032,-6.763250431481354,-7.220687055775331,-7.353749272302437,-6.949419915461264
2021-04-14,BTCUSDT,0.0019344616034593,0.0439825147468786,-6.247926232322936,-6.763250431481354,-7.219910694128546,-6.97291009712812
2021-04-15,BTCUSDT,0.0006862850130423,0.0261970420666598,-7.284217545615385,-6.247926232322936,-6.9005581317253615,-6.960939307622976
2021-04-16,BTCUSDT,0.0013964497074273,0.0373691009716233,-6.573822186527,-7.284217545615385,-6.957892579647241,-7.024261229611709
2021-04-17,BTCUSDT,0.0008699618860111,0.0294951163078089,-7.047061156457938,-6.573822186527,-6.817980690344401,-7.061605863678696
2021-04-18,BTCUSDT,0.0110368214143868,0.1050562773678319,-4.506518194952288,-7.047061156457938,-6.783255510480923,-7.083413372319286
2021-04-19,BTCUSDT,0.0020370771163256,0.045133990697983,-6.196239284660439,-4.506518194952288,-6.331909063175109,-6.976268877944933
2021-05-18,BTCUSDT,0.0044840253267576,0.0669628652818683,-5.4072341255371486,-4.907900724947694,-5.33288563915711,-6.261739982920097
2021-05-19,BTCUSDT,0.0704392581372373,0.265403952753604,-2.653004527248926,-5.4072341255371486,-5.511064814199371,-6.237299865419498
2021-05-20,BTCUSDT,0.0132999080731614,0.1153252273926282,-4.3199981555706914,-2.653004527248926,-4.791491555734395,-6.041040830388402
2021-05-21,BTCUSDT,0.0178339274149965,0.13354372847497,-4.026652601312693,-4.3199981555706914,-4.51029123701536,-5.937077505617794
2021-05-22,BTCUSDT,0.0072448003136958,0.0851163927436768,-4.927471265536078,-4.026652601312693,-4.262958026923431,-5.812204857428832
2021-05-23,BTCUSDT,0.0170122455996524,0.1304309993814829,-4.0738218648473,-4.927471265536078,-4.266872135041107,-5.722273602340091
2021-05-24,BTCUSDT,0.009227010217281,0.0960573277646273,-4.685620203062066,-4.0738218648473,-4.000189682903138,-5.579383844001483
2021-05-25,BTCUSDT,0.0051008099487484,0.0714199548358051,-5.278355938381305,-4.685620203062066,-4.406712818065765,-5.464621622029346
2021-05-26,BTCUSDT,0.0034421799502368,0.0586700941727287,-5.671650301839797,-5.278355938381305,-4.598384374627889,-5.393575797680172
2021-05-27,BTCUSDT,0.0035086245927864,0.0592336440951125,-5.652531172206175,-5.671650301839797,-4.927383914733309,-5.370654202319886
2021-05-28,BTCUSDT,0.0060799202062633,0.0779738430902526,-5.102763707060033,-5.652531172206175,-5.072395896067329,-5.337837170228265
2021-05-29,BTCUSDT,0.0052706328727437,0.0725991244626524,-5.245604833934371,-5.102763707060033,-5.278184264509875,-5.280730827493542
2021-05-30,BTCUSDT,0.0026398981045031,0.0513799387358832,-5.937014959347916,-5.245604833934371,-5.390181190684336,-5.220287460211827
2021-05-31,BTCUSDT,0.0027607627569662,0.0525429610601294,-5.892248276214168,-5.937014959347916,-5.521912994877658,-5.18938648055968
2021-06-01,BTCUSDT,0.0026846975723855,0.0518140673213904,-5.920187193348272,-5.892248276214168,-5.566032589752533,-5.1507302897370515
2021-06-02,BTCUSDT,0.0012482524172331,0.035330615862636,-6.686010772087854,-5.920187193348272,-5.619563793980952,-5.152342890081921
2021-06-03,BTCUSDT,0.0012512794595038,0.0353734287213411,-6.68358868355302,-6.686010772087854,-5.936213206986517,-5.164426900646133
2021-06-04,BTCUSDT,0.002598012354147,0.0509707009383537,-5.9530086054921485,-6.68358868355302,-6.223809976910246,-5.219463035312426
2021-06-05,BTCUSDT,0.0026761234714168,0.0517312620319358,-5.923385997490302,-5.9530086054921485,-6.227008706139093,-5.284766233274531
2021-06-06,BTCUSDT,0.0011563141883902,0.0340046201036018,-6.762517756395083,-5.923385997490302,-6.233236250394318,-5.269880559543463
2021-06-07,BTCUSDT,0.0018842854175909,0.0434083565410046,-6.274206618765684,-6.762517756395083,-6.401702363003682,-5.316995014417518
2021-06-08,BTCUSDT,0.0035494837129878,0.0595775436971667,-5.640953119032394,-6.274206618765684,-6.319341532339247,-5.362944467462669
2021-06-09,BTCUSDT,0.0047960069653627,0.0692532090618388,-5.339971589490422,-5.640953119032394,-6.110814419435123,-5.396265030830157
2021-06-10,BTCUSDT,0.0036087547848152,0.0600729122385064,-5.624392501095331,-5.339971589490422,-5.988207016234777,-5.393207642828032
2021-06-11,BTCUSDT,0.0019887079673387,0.0445949320813336,-6.22027011375187,-5.624392501095331,-5.9284083169557835,-5.5282707325483225
2021-06-12,BTCUSDT,0.0021635026122221,0.0465134669985176,-6.136026790894425,-6.22027011375187,-5.819958788427141,-5.614646730647467
2021-06-13,BTCUSDT,0.0020234151296292,0.0449823868823033,-6.202968536890598,-6.136026790894425,-5.7923228228528885,-5.710527375628455
2021-06-14,BTCUSDT,0.0019496759433187,0.0441551349598068,-6.2400921031298795,-6.202968536890598,-5.904725906424529,-5.768504524326388
2021-06-15,BTCUSDT,0.0015476018056013,0.0393395704806409,-6.4710487684280125,-6.2400921031298795,-6.084750009152421,-5.866971353339232
2021-06-16,BTCUSDT,0.0015601884077361,0.0394992203433962,-6.462948690823499,-6.4710487684280125,-6.254081262618957,-5.948127197219503
2021-06-17,BTCUSDT,0.0012038689080654,0.0346968140909999,-6.722214818367755,-6.462948690823499,-6.302616978033283,-6.001972322330511
2021-06-18,BTCUSDT,0.0018796522062076,0.0433549559590091,-6.276668515952364,-6.722214818367755,-6.419854583527949,-6.049725254899965
2021-06-19,BTCUSDT,0.0016840271804742,0.0410369002298452,-6.386567222868148,-6.276668515952364,-6.434594579340302,-6.078095134161154
2021-06-20,BTCUSDT,0.0018507322055472,0.0430201372097683,-6.292173931412561,-6.386567222868148,-6.463889603287956,-6.136449839425159
2021-06-21,BTCUSDT,0.0076893514554494,0.0876889471680975,-4.867918835113478,-6.292173931412561,-6.4281146358848655,-6.184021162037805
2021-06-22,BTCUSDT,0.0079308201103145,0.0890551520705825,-4.836998829979763,-4.867918835113478,-6.109108664742862,-6.135425883663513
2021-06-23,BTCUSDT,0.0039603290772025,0.0629311455259045,-5.531428156864726,-4.836998829979763,-5.732065467065263,-6.087459999743766
2021-06-24,BTCUSDT,0.0021383976826158,0.0462428122265054,-6.147698476840208,-5.531428156864726,-5.583017395247735,-6.069789134449061
2021-06-25,BTCUSDT,0.0037917866845768,0.0615774852082872,-5.574917950238981,-6.147698476840208,-5.535243646042147,-6.045320393755985
2021-06-26,BTCUSDT,0.0041190964566873,0.0641801874154891,-5.492121446301214,-5.574917950238981,-5.391792449807431,-5.994926269514438
2021-06-27,BTCUSDT,0.0027027068695008,0.0519875645659694,-5.913501463924162,-5.492121446301214,-5.516632972044978,-5.973976853187577
2021-06-28,BTCUSDT,0.0014728292587813,0.0383774576904374,-6.520570062150053,-5.913501463924162,-5.731933498833858,-5.973527556207298
2021-06-29,BTCUSDT,0.0016588075825265,0.0407284615781953,-6.401656258511044,-6.520570062150053,-5.929761879890924,-5.962529933741615
2021-06-30,BTCUSDT,0.001596743335667,0.0399592709601546,-6.43978913921721,-6.401656258511044,-5.980553436225091,-5.968323099184587
2021-07-01,BTCUSDT,0.0020118168569681,0.0448532814515076,-6.208717056251472,-6.43978913921721,-6.1535276740207365,-6.004633827374804
2021-07-02,BTCUSDT,0.0012104835439679,0.0347920040234528,-6.71673537608757,-6.208717056251472,-6.296846796010788,-6.044122257682125
2021-07-03,BTCUSDT,0.0007052703540962,0.0265569266688802,-7.256929347674529,-6.71673537608757,-6.45749357844347,-6.093774206545408
2021-07-04,BTCUSDT,0.0005100822544803,0.0225850006526522,-7.580938561955949,-7.256929347674529,-6.604765435548364,-6.140895080814621
2021-07-05,BTCUSDT,0.0012763953196708,0.0357266751835497,-6.663715330387028,-7.580938561955949,-6.840621896237346,-6.206572888590145
2021-07-06,BTCUSDT,0.0015733995819982,0.0396661011696168,-6.454516661737021,-6.663715330387028,-6.8854071344713095,-6.227515924658164
2021-07-07,BTCUSDT,0.0008197477158774,0.0286312367158222,-7.1065139286082655,-6.454516661737021,-6.93456705556842,-6.237262495503942
2021-07-08,BTCUSDT,0.0015165261034655,0.0389426001117746,-6.491333018016091,-7.1065139286082655,-7.012522766072559,-6.266147275512137
2021-07-09,BTCUSDT,0.0008249056805939,0.0287211712956478,-7.10024150471822,-6.491333018016091,-6.8594035001408695,-6.267437472202709
2021-07-10,BTCUSDT,0.0006552176008587,0.0255972186156763,-7.330543162448773,-7.10024150471822,-6.763264088693324,-6.284620503400458
2021-07-11,BTCUSDT,0.0005143552342517,0.0226794010999352,-7.572596413999431,-7.330543162448773,-6.8966296551056745,-6.332523896423021
2021-07-12,BTCUSDT,0.0006854359569723,0.0261808318617338,-7.2854554886037795,-7.572596413999431,-7.120245605558156,-6.386434314201717
2021-07-13,BTCUSDT,0.0007357446277834,0.0271246129517717,-7.214627472564879,-7.2854554886037795,-7.156033917557259,-6.431583475892225
2021-07-14,BTCUSDT,0.0012038226483509,0.0346961474568998,-6.722253244979654,-7.214627472564879,-7.300692808467017,-6.5382520503218355
2021-07-15,BTCUSDT,0.0011562852461194,0.0340041945371368,-6.762542786471949,-6.722253244979654,-7.225095156519304,-6.62394543282183
2021-07-16,BTCUSDT,0.0009669756760785,0.0310962325061823,-6.941337216830966,-6.762542786471949,-7.1114950813239375,-6.679905188713067
2021-07-17,BTCUSDT,0.0006759033451278,0.0259981411860118,-7.299460472724185,-6.941337216830966,-6.985243241890245,-6.715979676894466
2021-07-18,BTCUSDT,0.0005344522733614,0.0231182238366504,-7.534268123606814,-7.299460472724185,-6.988044238714326,-6.794367973371067
2021-07-19,BTCUSDT,0.000642558836063,0.0253487442699437,-7.350052171748598,-7.534268123606814,-7.051972368922714,-6.887192822339503
2021-07-20,BTCUSDT,0.0011511440831477,0.0339285143079946,-6.766998976236112,-7.350052171748598,-7.177532154276503,-6.9524905817860665
2021-07-21,BTCUSDT,0.0018161508244185,0.0426163211037573,-6.311035949157865,-6.766998976236112,-7.178423392229336,-6.9636918960627066
2021-07-22,BTCUSDT,0.000890150238635,0.029835385679342,-7.024120302029408,-6.311035949157865,-7.052363138694714,-6.959572791092108
2021-07-23,BTCUSDT,0.0006395927031715,0.0252901700898111,-7.354678985494348,-7.024120302029408,-6.997295104555759,-6.986133298492661
2021-07-24,BTCUSDT,0.0005964774694853,0.0244228882298002,-7.424469088329427,-7.354678985494348,-6.961377276933265,-7.03822247709461
2021-07-25,BTCUSDT,0.0007857898680149,0.0280319437074011,-7.148821144770203,-7.424469088329427,-6.976260660249432,-7.070392191287422
2021-07-26,BTCUSDT,0.0079566317517875,0.0891999537656134,-4.833749515438063,-7.148821144770203,-7.05262509395625,-7.065478182064498
2021-07-27,BTCUSDT,0.002553390545663,0.0505310849444478,-5.970333177231154,-4.833749515438063,-6.757167807212289,-6.940605952677322
2021-07-28,BTCUSDT,0.0028568512430614,0.0534495205129237,-5.858035224620949,-5.970333177231154,-6.546410382252638,-6.909088582079328
2021-07-29,BTCUSDT,0.0010191755143068,0.0319245284116588,-6.8887612978592205,-5.858035224620949,-6.247081630077959,-6.8819757894831435
2021-07-30,BTCUSDT,0.001643663271893,0.0405421172596236,-6.410827825776645,-6.8887612978592205,-6.139940071983918,-6.872077942630913
2021-07-31,BTCUSDT,0.0009470286568521,0.0307738307146204,-6.962181204568564,-6.410827825776645,-5.992341408185206,-6.8684186157109375
2021-08-01,BTCUSDT,0.001403009289088,0.0374567655983279,-6.5691358570084635,-6.962181204568564,-6.418027746011306,-6.862143147522318
2021-08-02,BTCUSDT,0.0011008602557566,0.0331792142124652,-6.811663354132292,-6.5691358570084635,-6.537788281966767,-6.827533724547758
2021-08-03,BTCUSDT,0.0017044990183375,0.0412855788180036,-6.374484042310507,-6.811663354132292,-6.728513907869036,-6.79294585819016
2021-08-04,BTCUSDT,0.0008951415588926,0.0299189164057226,-7.0185286858359515,-6.374484042310507,-6.625658456759294,-6.751538065176831
2021-08-05,BTCUSDT,0.002116753338837,0.0460081877369347,-6.157871808101924,-7.0185286858359515,-6.747198628771156,-6.742624483961879
2021-08-06,BTCUSDT,0.0021274892831705,0.0461247144508289,-6.152812734817093,-6.157871808101924,-6.5863367494778275,-6.716970782285619
2021-08-07,BTCUSDT,0.0020775419627897,0.0455800610222249,-6.176569832743259,-6.152812734817093,-6.503072125039553,-6.68925577993767
2021-08-08,BTCUSDT,0.0015837213610634,0.039795996796958,-6.447977909483174,-6.176569832743259,-6.376053420761747,-6.654493626115502
2021-08-09,BTCUSDT,0.0022075256041537,0.0469843123196856,-6.115883026842801,-6.447977909483174,-6.3907521941962795,-6.61578987324091
2021-08-10,BTCUSDT,0.0011102104198037,0.0333198202246619,-6.803205714232801,-6.115883026842801,-6.210223062397651,-6.5513178233880005
2021-08-11,BTCUSDT,0.0007819259946612,0.0279629396641565,-7.15375045788035,-6.803205714232801,-6.339289843623826,-6.5264611662281915
2021-08-12,BTCUSDT,0.0010698898924447,0.0327091713812008,-6.840199540060619,-7.15375045788035,-6.539477388236477,-6.544040779030203
2021-09-05,BTCUSDT,0.0004912174002738,0.0221634248317769,-7.618623757748578,-7.591579834685406,-7.214514548732765,-7.107734981464888
2021-09-06,BTCUSDT,0.0003449899194024,0.0185739042584598,-7.971995360483279,-7.618623757748578,-7.300195077033462,-7.142635162428416
2021-09-07,BTCUSDT,0.019874078523391,0.1409754536200933,-3.918338983119535,-7.971995360483279,-7.452215522226128,-7.188671993254599
2021-09-08,BTCUSDT,0.0021762157975697,0.0466499281625361,-6.130167783228375,-3.918338983119535,-6.794136949662972,-7.051898212940623
2021-09-09,BTCUSDT,0.0011678454032433,0.0341737531337035,-6.752594763573391,-6.130167783228375,-6.6461411438530344,-7.0280659190146055
2021-09-10,BTCUSDT,0.0010801043611914,0.0328649412169171,-6.830697611781679,-6.752594763573391,-6.478344129630632,-7.031709654517713
2021-09-11,BTCUSDT,0.0005257025017844,0.0229282031957251,-7.550775091191854,-6.830697611781679,-6.3207589004372515,-7.036212881390643
2021-09-12,BTCUSDT,0.0008400098819593,0.0289829239718724,-7.082096901958851,-7.550775091191854,-6.236514846578967,-7.0589313866739225
2021-09-13,BTCUSDT,0.0031479260589297,0.0561063816239268,-5.761011436971671,-7.082096901958851,-6.869266430346831,-7.05627363751373
2021-09-14,BTCUSDT,0.0008809359090323,0.0296805644998938,-7.034525682651315,-5.761011436971671,-6.79543516109549,-6.976112048838868
2021-09-15,BTCUSDT,0.0004290572091881,0.0207136961739851,-7.753920293176396,-7.034525682651315,-6.851821344911075,-6.957339830834932
2021-09-16,BTCUSDT,0.0007247882432031,0.026921891523501,-7.2296310241133375,-7.753920293176396,-7.036465881190017,-6.988062143644876
2021-09-17,BTCUSDT,0.000580830526361,0.0241004258543505,-7.451051536673371,-7.2296310241133375,-6.972237067774314,-6.997981585371225
2021-09-18,BTCUSDT,0.0004794110948289,0.0218954583151155,-7.642952093075969,-7.451051536673371,-7.046027994717218,-7.033010478026515
2021-09-19,BTCUSDT,0.0004989905845534,0.0223380971560574,-7.602923331021231,-7.642952093075969,-7.422416125938078,-7.062047369678948
2021-09-20,BTCUSDT,0.0032120820638977,0.0566752332496102,-5.74083593406531,-7.602923331021231,-7.536095655612061,-7.047243490564342
2021-09-21,BTCUSDT,0.0060155894883518,0.0775602313582926,-5.113400931306474,-5.74083593406531,-7.133478783789843,-6.972883214603947
2021-09-22,BTCUSDT,0.0020280552884391,0.0450339348540531,-6.2006779310808815,-5.113400931306474,-6.710232765228471,-6.875368875445656
2021-09-23,BTCUSDT,0.001220186807131,0.03493117242709,-6.708751311359554,-6.2006779310808815,-6.460158044109974,-6.830389639756375
2021-09-24,BTCUSDT,0.0025833787875759,0.0508269494222893,-5.958657129249114,-6.708751311359554,-6.27331788776669,-6.807519556885447
2021-09-25,BTCUSDT,0.001323606527151,0.0363814035896225,-6.627395050566782,-5.958657129249114,-5.944464647412267,-6.750697978854256
2021-09-26,BTCUSDT,0.0021334282591089,0.0461890491254038,-6.150025081817262,-6.627395050566782,-6.121776470712561,-6.739663807867379
2021-09-27,BTCUSDT,0.0013379040963317,0.036577371369902,-6.616650996727149,-6.150025081817262,-6.3291013008147186,-6.674138591827918
2021-09-28,BTCUSDT,0.0015670251946614,0.0395856690566347,-6.458576237459652,-6.616650996727149,-6.4122959139439715,-6.628594375417854
2021-10-22,BTCUSDT,0.0012475722137812,0.0353209882899849,-6.68655584521542,-5.798630570323452,-6.701375646930681,-6.832718534603091
2021-10-23,BTCUSDT,0.0007078621123529,0.0266056781975759,-7.253261239801777,-6.68655584521542,-6.6303505956542566,-6.832232838824467
2021-10-24,BTCUSDT,0.0006317435127766,0.0251345084053105,-7.367027080404649,-7.253261239801777,-6.731933153283157,-6.885580963729688
2021-10-25,BTCUSDT,0.000558076798016,0.0236236491257398,-7.491013974200174,-7.367027080404649,-6.813207998561941,-6.875218382966341
2021-10-26,BTCUSDT,0.0008412433279756,0.0290041950065099,-7.08062960812077,-7.491013974200174,-6.9192977419890935,-6.884937858311813
2021-10-27,BTCUSDT,0.0018011109118729,0.0424394970737512,-6.319351631190389,-7.08062960812077,-7.175697549548557,-6.908340312948415
2021-10-28,BTCUSDT,0.0044563755732418,0.0667560901584407,-5.413419495070098,-6.319351631190389,-7.102256706743551,-6.871973947350949
2021-10-29,BTCUSDT,0.0011805099359141,0.0343585496771052,-6.741808784774339,-5.413419495070098,-6.734288357797216,-6.842167915919543
2021-10-30,BTCUSDT,0.0005717419074001,0.0239111251805549,-7.466822879249704,-6.741808784774339,-6.609244698671153,-6.842608131945764
2021-10-31,BTCUSDT,0.0005966963741283,0.0244273693657002,-7.424102159995173,-7.466822879249704,-6.60440647968106,-6.863021083069632
2021-11-01,BTCUSDT,0.0009861099008412,0.0314023868653515,-6.921742748273596,-7.424102159995173,-6.67310099005594,-6.858365331080839
2021-11-02,BTCUSDT,0.0008937634744746,0.0298958772153389,-7.020069387734487,-6.921742748273596,-6.793579213472581,-6.858838928168683
2021-11-03,BTCUSDT,0.0009187248341806,0.0303104740012533,-6.992523899180433,-7.020069387734487,-7.11490919200546,-6.857800718201906
2021-11-04,BTCUSDT,0.0006488573759482,0.0254726790100339,-7.340297625120903,-6.992523899180433,-7.165052214886678,-6.861861756734656
2021-11-05,BTCUSDT,0.0005932391338087,0.0243565008531347,-7.429912979194235,-7.340297625120903,-7.1397471640609185,-6.895526368378075
2021-11-06,BTCUSDT,0.0004587502378336,0.0214184555426765,-7.687004640157263,-7.429912979194235,-7.140909327900731,-6.917161848452566
2021-11-07,BTCUSDT,0.0004051108965015,0.0201273668546469,-7.811349709816962,-7.687004640157263,-7.293961706277464,-6.9720400238693765
2021-11-08,BTCUSDT,0.0008741214448183,0.0295655448929722,-7.042291239080446,-7.811349709816962,-7.4522177706939585,-6.997898723734263
2021-11-09,BTCUSDT,0.0008051501510179,0.0283751678588499,-7.124481774935361,-7.042291239080446,-7.462171238673962,-6.997926457256213
2021-11-10,BTCUSDT,0.0035420529679271,0.0595151490624625,-5.6430487854907625,-7.124481774935361,-7.419008068636853,-7.015159790132489
2021-11-11,BTCUSDT,0.0007728336057335,0.0277998849949692,-7.165446790331446,-5.6430487854907625,-7.061635229896159,-6.955268696108854
2021-11-12,BTCUSDT,0.0010484427190411,0.0323796652089106,-6.860449340453606,-7.165446790331446,-6.957323659930995,-6.9645814930755385
2021-11-13,BTCUSDT,0.0004820250886589,0.0219550697712146,-7.637514394108745,-6.860449340453606,-6.7671435860583244,-7.012845982626908
2021-11-14,BTCUSDT,0.0004961730722625,0.0222749426994215,-7.608585756090254,-7.637514394108745,-6.886188217063983,-7.056071371212969
2021-11-15,BTCUSDT,0.0005464820450156,0.0233769554265666,-7.512009105387676,-7.608585756090254,-6.983009013294963,-7.072222485589719
2021-11-16,BTCUSDT,0.0024653947334192,0.0496527414491813,-6.005403349046428,-7.512009105387676,-7.356801077274346,-7.078812577634401
2021-11-17,BTCUSDT,0.0017437967735685,0.0417587927695302,-6.351690489202515,-6.005403349046428,-7.124792389017341,-7.011284821945594
2021-11-18,BTCUSDT,0.002118641804265,0.0460287063066628,-6.156980053973046,-6.351690489202515,-7.023040618767124,-6.978151225631128
2021-11-19,BTCUSDT,0.0010456799632203,0.0323369751711616,-6.863087922659976,-6.156980053973046,-6.726933750739984,-6.9707706993939755
2021-11-20,BTCUSDT,0.00081262673865,0.0285066086837774,-7.115238669894168,-6.863087922659976,-6.577834184053929,-7.03666471882988
2021-11-21,BTCUSDT,0.0006430654941195,0.0253587360513012,-7.349263981807206,-7.115238669894168,-6.498480096955227,-7.053638804517146
2021-11-22,BTCUSDT,0.0019365443921195,0.0440061858392612,-6.2468501353788515,-7.349263981807206,-6.767252223507382,-7.048295218269758
2021-11-23,BTCUSDT,0.0017021828208852,0.0412575183558734,-6.375843839273363,-6.2468501353788515,-6.746284152742649,-6.99478376260538
2021-11-24,BTCUSDT,0.0008740030146334,0.0295635419838936,-7.042426733077387,-6.375843839273363,-6.790056909802713,-6.969970175832643
2021-11-25,BTCUSDT,0.000599607745232,0.024486889251843,-7.419234874487705,-7.042426733077387,-6.825924671886196,-6.970986418802775
2021-11-26,BTCUSDT,0.0017118696241962,0.0413747462130731,-6.370169158253462,-7.419234874487705,-6.886723912804902,-6.990382372225832
2021-11-27,BTCUSDT,0.0008788723081671,0.02964578061322,-7.036870940266194,-6.370169158253462,-6.690904948094153,-6.946285623731859
2021-11-28,BTCUSDT,0.0012459655566554,0.0352982373023849,-6.687844502132662,-7.036870940266194,-6.848909109071622,-6.928420076507854
2021-11-29,BTCUSDT,0.0007849729577888,0.0280173688591351,-7.1498612894519225,-6.687844502132662,-6.911309241643482,-6.883003706597646
2021-11-30,BTCUSDT,0.0016508967244575,0.0406312284389429,-6.406436669327459,-7.1498612894519225,-6.93279615291839,-6.852936051126508
2021-12-01,BTCUSDT,0.0012059269321268,0.0347264586752937,-6.720506769472143,-6.406436669327459,-6.730236511886339,-6.8240335706831905
2021-12-02,BTCUSDT,0.0011934139435723,0.0345458238224585,-6.730937219039488,-6.720506769472143,-6.800304034130076,-6.805671070434863
2021-12-03,BTCUSDT,0.0016766255571765,0.0409466183851194,-6.390972102421789,-6.730937219039488,-6.739117289884734,-6.855120544687079
2021-12-04,BTCUSDT,0.0076402548322026,0.0874085512533106,-4.874324321359634,-6.390972102421789,-6.67974280994256,-6.819917149782094
2021-12-05,BTCUSDT,0.0018100620672132,0.0425448242118028,-6.314394143014324,-4.874324321359634,-6.224635416324102,-6.729638739823276
2021-12-06,BTCUSDT,0.003039908709675,0.0551353671401132,-5.795927793727079,-6.314394143014324,-6.206226911061476,-6.669496910228076
2021-12-07,BTCUSDT,0.0010233184891018,0.0319893496198641,-6.884704511920064,-5.795927793727079,-6.021311115912463,-6.587103366484294
2021-12-08,BTCUSDT,0.0014721873802494,0.0383690940764763,-6.521005970411866,-6.884704511920064,-6.052064574488578,-6.558589521326676
2021-12-09,BTCUSDT,0.0013110310725029,0.0362081630644659,-6.636941373106238,-6.521005970411866,-6.078071348086593,-6.582026004116014
2021-12-10,BTCUSDT,0.0023553117210999,0.0485315538706518,-6.051082194625799,-6.636941373106238,-6.430594758435914,-6.594991953384365
2021-12-11,BTCUSDT,0.0014202591581918,0.0376863258781197,-6.556915918252246,-6.051082194625799,-6.377932368758209,-6.590178414323126
2021-12-12,BTCUSDT,0.0005447675777652,0.0233402565916759,-7.515151317078305,-6.556915918252246,-6.530129993663243,-6.576261505031866
2021-12-13,BTCUSDT,0.0016063424423252,0.0400792021168745,-6.433795459334628,-7.515151317078305,-6.656219354694892,-6.594439352631144
2021-12-14,BTCUSDT,0.0017021312092713,0.0412568928698145,-6.3758741605736,-6.433795459334628,-6.638777252479443,-6.552827147064209
2021-12-15,BTCUSDT,0.0018208445066534,0.0426713546381349,-6.308454870870213,-6.3758741605736,-6.586563809972915,-6.558691875482153
2021-12-16,BTCUSDT,0.0007915657417196,0.0281347781530192,-7.141497622434099,-6.308454870870213,-6.638038345221799,-6.555628740554735
2021-12-17,BTCUSDT,0.0015461299590217,0.0393208590829565,-6.472000270886937,-7.141497622434099,-6.75495468605817,-6.5601319627982235
2021-12-18,BTCUSDT,0.0007233565277074,0.0268952882064392,-7.231608334657049,-6.472000270886937,-6.546324476819896,-6.517075844452734
2021-12-19,BTCUSDT,0.0010147219028888,0.0318546998555763,-6.893140691331439,-7.231608334657049,-6.705887051884379,-6.556232170652897
2021-12-20,BTCUSDT,0.0009317233533796,0.0305241437779933,-6.978474618479533,-6.893140691331439,-6.809340358035948,-6.5496989775195
2021-12-21,BTCUSDT,0.0007262332241895,0.0269487147038502,-7.227639349287664,-6.978474618479533,-6.943344307557811,-6.562909437353449
2021-12-22,BTCUSDT,0.0004829452216172,0.021976014689138,-7.635607323544248,-7.227639349287664,-6.960572652928525,-6.566444803709618
2021-12-23,BTCUSDT,0.0006598727452416,0.0256879883455607,-7.323463551774087,-7.635607323544248,-7.193294063459986,-6.622316197083109
2021-12-24,BTCUSDT,0.0006324929529142,0.025149412575928,-7.365841479062296,-7.323463551774087,-7.211665106883393,-6.649723323551378
2021-12-25,BTCUSDT,0.0003582939077893,0.0189286530896762,-7.934156936897836,-7.365841479062296,-7.306205264429565,-6.678582608097869
2021-12-26,BTCUSDT,0.0005401403157045,0.0232409189944063,-7.523681608262311,-7.934156936897836,-7.497341728113227,-6.748727373301326
2021-12-27,BTCUSDT,0.0004708675500937,0.0216994827148883,-7.660933713486945,-7.523681608262311,-7.556550179908156,-6.869152704524175
2021-12-28,BTCUSDT,0.0012461784599878,0.0353012529520964,-6.687673642558339,-7.660933713486945,-7.561615457896695,-6.930359048636567
2021-12-29,BTCUSDT,0.0010787428855329,0.0328442214937877,-6.831958910691142,-6.687673642558339,-7.434457476053545,-6.970892950856169
2021-12-30,BTCUSDT,0.0007021947408727,0.0264989573544469,-7.261299783758559,-6.831958910691142,-7.327680962379314,-6.968495423527583
2021-12-31,BTCUSDT,0.0010444823625185,0.0323184523533931,-6.8642338631624025,-7.261299783758559,-7.193109531751459,-7.002145142316068
2022-01-01,BTCUSDT,0.000717919278524,0.026794015722248,-7.239153420690304,-6.8642338631624025,-7.061219982731477,-7.012476619136804
2022-01-02,BTCUSDT,0.000540535965846,0.0232494293660313,-7.522949381293083,-7.239153420690304,-6.976863924172148,-7.0664798566851905
2022-01-03,BTCUSDT,0.0005660455084433,0.0237917109187912,-7.476836079383218,-7.522949381293083,-7.143919071919099,-7.110390468641592
2022-01-04,BTCUSDT,0.0008360093049373,0.0289138254981477,-7.0868708146337385,-7.476836079383218,-7.272894505657513,-7.108648866928179
2022-01-05,BTCUSDT,0.0018223829506407,0.0426893774918394,-6.307610320758106,-7.0868708146337385,-7.238008711832549,-7.138334110350866
2022-01-06,BTCUSDT,0.0008281693816603,0.0287779321991764,-7.096292857277451,-6.307610320758106,-7.12668400335169,-7.135231208541071
2022-01-07,BTCUSDT,0.0021183180512303,0.0460251893122703,-6.157132877245568,-7.096292857277451,-7.098111890669119,-7.171042026105036
2022-01-08,BTCUSDT,0.0009665598600349,0.0310895458319188,-6.941767326381315,-6.157132877245568,-6.824948589859616,-7.126298174051012
2022-01-09,BTCUSDT,0.0007052785458832,0.0265570808991356,-7.256917732640126,-6.941767326381315,-6.717934839259236,-7.147651222028029
2022-01-10,BTCUSDT,0.0021742135318482,0.0466284626794434,-6.131088274385116,-7.256917732640126,-6.751944222860513,-7.148801649209077
2022-01-11,BTCUSDT,0.0009536005805378,0.0308804239047625,-6.955265652867929,-6.131088274385116,-6.716639813585914,-7.114162902984245
2022-01-12,BTCUSDT,0.0006377322810007,0.0252533617762217,-7.357591984941497,-6.955265652867929,-6.688434372704012,-7.113107950001899
2022-01-13,BTCUSDT,0.0008501274668747,0.029156945431144,-7.070124258693884,-7.357591984941497,-6.9285261942431955,-7.1190148879861646
2022-01-14,BTCUSDT,0.0007463533117714,0.0273194676333831,-7.2003114616048585,-7.070124258693884,-6.95419758070571,-7.093311112311147
2022-01-15,BTCUSDT,0.0003638398813402,0.0190745873176908,-7.918796673533972,-7.2003114616048585,-6.9428763264986575,-7.087713290030729
2022-01-16,BTCUSDT,0.0003696537715902,0.0192263821763284,-7.902943742874572,-7.918796673533972,-7.300418006328428,-7.112847617052168
2022-01-17,BTCUSDT,0.0006128693009918,0.0247561972239656,-7.397358856846146,-7.902943742874572,-7.489953624329756,-7.111428835505657
2022-01-18,BTCUSDT,0.0006591953485538,0.0256747998736855,-7.324490635592633,-7.397358856846146,-7.497906998710687,-7.105686892259467
2022-01-19,BTCUSDT,0.0008057200211257,0.0283852077872568,-7.123774244134396,-7.324490635592633,-7.5487802740904355,-7.090394025082452
2022-01-20,BTCUSDT,0.0009053392417772,0.0300888557738126,-7.007200831711617,-7.123774244134396,-7.533472830596343,-7.110216779699547
2022-01-21,BTCUSDT,0.0048418914573808,0.0695837010899884,-5.330449837615344,-7.007200831711617,-7.351153662231873,-7.118182321564112
2022-01-22,BTCUSDT,0.0049496814525881,0.0703539725430494,-5.308432057484787,-5.330449837615344,-6.836654881180027,-7.03041641492124
2022-01-23,BTCUSDT,0.0016847499679592,0.0410457058406757,-6.386138113156081,-5.308432057484787,-6.418869521307755,-6.959698151026802
2022-01-24,BTCUSDT,0.0043269255076832,0.065779369924645,-5.442898033583629,-6.386138113156081,-6.231199016820445,-6.920924727957066
2022-01-25,BTCUSDT,0.0018225025049611,0.0426907777507176,-6.307544719618153,-5.442898033583629,-5.895023774710292,-6.826376939424818
2022-01-26,BTCUSDT,0.0033106045531997,0.0575378532202912,-5.710624461799428,-6.307544719618153,-5.7550925522915986,-6.773227332162768
2022-01-27,BTCUSDT,0.0021241215189327,0.0460881928364821,-6.154396964935475,-5.710624461799428,-5.831127477128415,-6.710670679761209
2022-01-28,BTCUSDT,0.00137609097128,0.0370957001723926,-6.588508428807506,-6.154396964935475,-6.000320458618553,-6.703706436314727
2022-01-29,BTCUSDT,0.0008536334424848,0.0292170060493011,-7.066008680575478,-6.588508428807506,-6.040794521748838,-6.680625325929729
2022-01-30,BTCUSDT,0.0005371267725714,0.0231759956112234,-7.529276415764902,-7.066008680575478,-6.365416651147208,-6.721937862444724
2022-01-31,BTCUSDT,0.0009559406840738,0.0309182904455252,-6.952814692785711,-7.529276415764902,-6.609762990376558,-6.74864282105307
2022-02-01,BTCUSDT,0.0010033707015233,0.0316760272370654,-6.904390245539848,-6.952814692785711,-6.858201036573814,-6.734819955605141
2022-02-02,BTCUSDT,0.0008175752304889,0.0285932724690431,-7.109167634364037,-6.904390245539848,-7.008199692694689,-6.769970045203085
2022-02-03,BTCUSDT,0.0010624416777746,0.0325951173916381,-6.847185550178555,-7.109167634364037,-7.112331533805995,-6.776965589816544
2022-02-04,BTCUSDT,0.0017143236716677,0.0414043919369401,-6.368736636688418,-6.847185550178555,-7.068566907726611,-6.75376529732732
2022-02-05,BTCUSDT,0.0006630112903784,0.0257490056192161,-7.318718538695052,-6.368736636688418,-6.836458951911314,-6.721884041781616
2022-02-06,BTCUSDT,0.0006692696421552,0.025870246271638,-7.309323526491027,-7.318718538695052,-6.909639721093183,-6.727266181649352
2022-02-07,BTCUSDT,0.0009654830453136,0.0310722230507198,-6.942882016774388,-7.309323526491027,-6.990626377283418,-6.699562856783763
2022-02-08,BTCUSDT,0.001464970265479,0.0382749299865986,-6.5259203333204505,-6.942882016774388,-6.957369253765488,-6.655923687415572
2022-02-09,BTCUSDT,0.0009579244636756,0.0309503548230977,-6.950741631039863,-6.5259203333204505,-6.893116210393868,-6.616312845437133
2022-02-10,BTCUSDT,0.0022069104811426,0.0469777658168484,-6.116161713861118,-6.950741631039863,-7.009517209264156,-6.599324254321098
2022-02-11,BTCUSDT,0.0017735797431398,0.0421138901449376,-6.33475532105137,-6.116161713861118,-6.76900584429737,-6.553523684763221
2022-02-12,BTCUSDT,0.0007487220777237,0.0273627863662256,-7.197142701084799,-6.33475532105137,-6.574092203209437,-6.52295797973321
2022-02-13,BTCUSDT,0.0004684529475356,0.0216437738746184,-7.666074893483979,-7.197142701084799,-6.62494434007152,-6.607807655345457
2022-02-14,BTCUSDT,0.0005739346838932,0.0239569339418312,-7.462994959246238,-7.666074893483979,-6.852975252104225,-6.714973238799967
2022-02-15,BTCUSDT,0.0005541396111122,0.0235401701589489,-7.498093897347383,-7.462994959246238,-6.955425917745501,-6.7639212772586115
2022-02-16,BTCUSDT,0.0004369509844876,0.0209033725625221,-7.735689532803431,-7.498093897347383,-7.231812354442754,-6.857339271066053
2022-02-17,BTCUSDT,0.0010967447796753,0.0331171372506037,-6.815408777742089,-7.735689532803431,-7.511999196793167,-6.922254944392657
2022-02-18,BTCUSDT,0.0012914037543294,0.0359361065549606,-6.652025470598342,-6.815408777742089,-7.435652412124624,-6.972472413299143
2022-02-19,BTCUSDT,0.0003806989759876,0.0195115088085903,-7.873501584393992,-6.652025470598342,-7.232842527547495,-6.995091890829271
2022-02-20,BTCUSDT,0.0006944428479471,0.0263522835433124,-7.272400691528865,-7.873501584393992,-7.314943852577048,-7.053500670628657
2022-02-21,BTCUSDT,0.0028731070328335,0.0536013715573914,-5.85236124495094,-7.272400691528865,-7.269805211413344,-7.062882125671994
2022-02-22,BTCUSDT,0.0017508162007003,0.0418427556537612,-6.347673199377403,-5.85236124495094,-6.893139553842846,-6.9866587088168135
2022-02-23,BTCUSDT,0.0010583601060233,0.0325324469725745,-6.851034638595666,-6.347673199377403,-6.799592438169908,-6.959152277298253
2022-02-24,BTCUSDT,0.0057232865730467,0.0756524062607845,-5.163212062888385,-6.851034638595666,-6.839394271769374,-6.956727022437153
2022-02-25,BTCUSDT,0.001836924739323,0.042859359996657,-6.299662442928099,-5.163212062888385,-6.297336367468252,-6.868274496460989
2022-02-26,BTCUSDT,0.00086205464289,0.0293607670691699,-7.056191898486029,-6.299662442928099,-6.102788717748099,-6.843387082495059
2022-02-27,BTCUSDT,0.0018805210572356,0.0433649750055918,-6.276206382437449,-7.056191898486029,-6.343554848455116,-6.874635048940405
2022-02-28,BTCUSDT,0.003856431260745,0.0621001711812859,-5.558013067008117,-6.276206382437449,-6.329261485067126,-6.8272481327468775
2022-03-01,BTCUSDT,0.0014402036498292,0.037950015149262,-6.542970751901088,-5.558013067008117,-6.070657170749615,-6.747643111861291
2022-03-02,BTCUSDT,0.0016484526461864,0.0406011409468559,-6.407918221260036,-6.542970751901088,-6.346608908552156,-6.7294653270943225
2022-03-03,BTCUSDT,0.0010776329681886,0.0328273204539855,-6.8329883392486925,-6.407918221260036,-6.368260064218544,-6.72410159472794
2022-03-04,BTCUSDT,0.00195567882519,0.0442230576191884,-6.237017920652388,-6.8329883392486925,-6.323619352371077,-6.718749172373796
2022-03-05,BTCUSDT,0.0004989896072373,0.0223380752805011,-7.602925289609404,-6.237017920652388,-6.315781660014064,-6.724242636318854
2022-03-06,BTCUSDT,0.0011018911800597,0.0331947462719597,-6.81072732080451,-7.602925289609404,-6.724764104534321,-6.781886725798764
2022-03-07,BTCUSDT,0.0018763007992319,0.0433162879207346,-6.278453100509356,-6.81072732080451,-6.778315418315006,-6.764322390331478
2022-03-08,BTCUSDT,0.0015124958996623,0.0388908202492863,-6.493994079030027,-6.278453100509356,-6.75242239416487,-6.701248672468996
2022-03-09,BTCUSDT,0.0014435185771476,0.0379936649607228,-6.540671689427227,-6.493994079030027,-6.6846235421211375,-6.657203177913712
2022-03-10,BTCUSDT,0.0024468009017829,0.049465148355008,-6.0129738620399,-6.540671689427227,-6.745354295876105,-6.613683986644616
2022-03-11,BTCUSDT,0.0016167570854258,0.0402089179837741,-6.427332935135469,-6.0129738620399,-6.427364010362204,-6.535378728882637
2022-03-12,BTCUSDT,0.000336365199919,0.0183402617189352,-7.997313083733295,-6.427332935135469,-6.350685133228396,-6.517738917855062
2022-03-13,BTCUSDT,0.0007038439057433,0.026530056647948,-7.258953951187257,-7.997313083733295,-6.694457129873183,-6.578888354815742
2022-03-14,BTCUSDT,0.0012957481649776,0.035996502121423,-6.6486670170809905,-7.258953951187257,-6.84744910430463,-6.550954371488164
2022-03-15,BTCUSDT,0.0007604863686464,0.0275769173158721,-7.181552370624909,-6.6486670170809905,-6.8690481698353825,-6.522602840831442
2022-03-16,BTCUSDT,0.0042006650762766,0.0648125379558358,-5.47251241473466,-7.181552370624909,-7.1027638715523835,-6.583020619271167
2022-03-17,BTCUSDT,0.0005446473442037,0.0233376807803131,-7.515372047599916,-5.47251241473466,-6.911799767472223,-6.543240583605589
2022-03-18,BTCUSDT,0.0006136788141013,0.0247725415349596,-7.396038870753342,-7.515372047599916,-6.815411560245546,-6.573437738560329
2022-03-19,BTCUSDT,0.0002780566945752,0.0166750320711923,-8.187685527745163,-7.396038870753342,-6.842828544158763,-6.674929866190553
2022-03-20,BTCUSDT,0.0003751008275446,0.0193675199120748,-7.8883156946815856,-8.187685527745163,-7.1506322462915985,-6.760749097318601
2022-03-21,BTCUSDT,0.0006932412715955,0.026329475338403,-7.274132464105889,-7.8883156946815856,-7.291984911102934,-6.798572906236581
2022-03-22,BTCUSDT,0.0011400398165078,0.033764475658713,-6.77669209042443,-7.274132464105889,-7.6523089209771795,-6.8439331826760545
2022-03-23,BTCUSDT,0.0005527103815912,0.0235097933123883,-7.500676415890571,-6.77669209042443,-7.504572929542081,-6.899327683740433
2022-03-24,BTCUSDT,0.000546285570067,0.0233727527276333,-7.512368696847023,-7.500676415890571,-7.525500438569527,-6.9428597593763195
2022-03-25,BTCUSDT,0.0004308348399084,0.0207565613700451,-7.749785743369879,-7.512368696847023,-7.390437072389899,-6.993062053721181
2022-03-26,BTCUSDT,0.0002086334252644,0.0144441484783446,-8.474931792067219,-7.749785743369879,-7.362731082127558,-7.034734662999418
2022-03-27,BTCUSDT,0.0012945887317922,0.0359803937136911,-6.649562215898006,-8.474931792067219,-7.602890947719826,-7.136458020791
2022-03-28,BTCUSDT,0.0006928418755865,0.0263218896659527,-7.274708758566817,-6.649562215898006,-7.577464972814539,-7.093123335622301
2022-03-29,BTCUSDT,0.0004734903432968,0.0217598332552627,-7.655379039850648,-7.274708758566817,-7.532271441349789,-7.1142134009751326
2022-03-30,BTCUSDT,0.0004384137717446,0.0209383325922726,-7.732347409172864,-7.655379039850648,-7.560873509950514,-7.176800943672465
2022-03-31,BTCUSDT,0.0006689967093711,0.025864970701147,-7.3097314165759455,-7.732347409172864,-7.557385843111111,-7.23308973140623
2022-04-01,BTCUSDT,0.000792698323283,0.0281548987439681,-7.140067833320828,-7.3097314165759455,-7.324345768012856,-7.268046991731172
2022-04-02,BTCUSDT,0.0007218507899137,0.0268672810294183,-7.233692102598408,-7.140067833320828,-7.422446891497421,-7.319278535880304
2022-04-03,BTCUSDT,0.0006885453874647,0.0262401483887714,-7.280929319724767,-7.233692102598408,-7.414243560303738,-7.355931225310439
2022-04-04,BTCUSDT,0.0005028188881167,0.0224236234386133,-7.595280516089202,-7.280929319724767,-7.339353616278562,-7.323368326946414
2022-04-05,BTCUSDT,0.0005067108853529,0.0225102395667611,-7.587569962877363,-7.595280516089202,-7.31194023766183,-7.33865589807832
2022-04-06,BTCUSDT,0.0011250558993173,0.033541852949969,-6.789922556278131,-7.587569962877363,-7.367507946922113,-7.381333304705429
2022-04-07,BTCUSDT,0.0006803310517354,0.0260831564756928,-7.292931037475296,-6.789922556278131,-7.297478891513575,-7.363531949507848
2022-04-08,BTCUSDT,0.0007928245974553,0.0281571411449273,-7.1399085493761865,-7.292931037475296,-7.309326678488953,-7.446278250541513
2022-04-09,BTCUSDT,0.0002448863885875,0.0156488462382223,-8.31471617502196,-7.1399085493761865,-7.281122524419236,-7.42921172789498
2022-04-10,BTCUSDT,0.0003505215420186,0.0187222205418766,-7.956088392554873,-8.31471617502196,-7.425009656205788,-7.470969787179917
2022-04-11,BTCUSDT,0.001256466235985,0.0354466674877214,-6.679452072821975,-7.956088392554873,-7.498713342141289,-7.460442644671267
2022-04-12,BTCUSDT,0.0008182595802301,0.0286052369371433,-7.108330936457086,-6.679452072821975,-7.476619245450058,-7.405494298223104
2022-04-13,BTCUSDT,0.0008719191217849,0.0295282766477317,-7.044813888603539,-7.108330936457086,-7.439699225246416,-7.397957865148157
2022-04-14,BTCUSDT,0.0004928924995872,0.0222011823916483,-7.61521946127438,-7.044813888603539,-7.420680293091886,-7.410145219610845
2022-04-15,BTCUSDT,0.0004953406104104,0.0222562487946738,-7.610264930189917,-7.61521946127438,-7.280780950342371,-7.415351721673744
2022-04-16,BTCUSDT,0.0002089892722671,0.0144564612636407,-8.473227636182385,-7.610264930189917,-7.211616257869379,-7.41980155046206
2022-04-17,BTCUSDT,0.0003081865070609,0.0175552415836688,-8.084805415852003,-8.473227636182385,-7.570371370541461,-7.452685272862627
2022-04-18,BTCUSDT,0.0010497213665329,0.0323994037990348,-6.859230515235043,-8.084805415852003,-7.765666266420444,-7.434952255761936
2022-04-19,BTCUSDT,0.0003487308114164,0.0186743356352092,-7.961210247370655,-6.859230515235043,-7.728549591746746,-7.444482633004529
2022-04-20,BTCUSDT,0.0004757755318488,0.0218122793822383,-7.650564386703997,-7.961210247370655,-7.797747748966,-7.475687246131975
2022-04-21,BTCUSDT,0.0009780406441558,0.0312736413638676,-6.929959330351472,-7.650564386703997,-7.805807640268816,-7.475468398261672
2022-04-22,BTCUSDT,0.0008216388472739,0.0286642433577783,-7.104209618001907,-6.929959330351472,-7.497153979102635,-7.4389962128607
2022-04-23,BTCUSDT,0.0002250744542821,0.0150024816041265,-8.399079302577361,-7.104209618001907,-7.301034819532615,-7.429654312925518
2022-04-24,BTCUSDT,0.0003815245415103,0.0195326532122586,-7.871335380317171,-8.399079302577361,-7.609004577001079,-7.486882106982633
2022-04-25,BTCUSDT,0.0015412492162247,0.0392587470027344,-6.47516201201808,-7.871335380317171,-7.591029603590381,-7.515865892333485
2022-04-26,BTCUSDT,0.0012124086126681,0.0348196584226236,-6.715146308988554,-6.47516201201808,-7.355949128653198,-7.479240105619544
2022-04-27,BTCUSDT,0.0008726626030544,0.0295408632753759,-7.0439615567191405,-6.715146308988554,-7.312986524380615,-7.439234005296789
2022-04-28,BTCUSDT,0.0011678202475325,0.0341733850757072,-6.752616304080092,-7.0439615567191405,-7.300936912124061,-7.414524532289596
2022-04-29,BTCUSDT,0.0007134731128891,0.0267109174849743,-7.245365805164428,-6.752616304080092,-6.971644312424607,-7.412828793553322
2022-04-30,BTCUSDT,0.0003983606509808,0.0199589741966074,-7.828152804750148,-7.245365805164428,-6.84645039739406,-7.410666737539192
2022-05-01,BTCUSDT,0.0005699734639862,0.0238741170305046,-7.469920752629544,-7.828152804750148,-7.117048555940473,-7.441950567328917
2022-05-02,BTCUSDT,0.0007357404079285,0.0271245351652061,-7.214633208069893,-7.469920752629544,-7.26800344466867,-7.40355077540199
2022-05-03,BTCUSDT,0.00040104676482,0.0200261520222948,-7.821432516958594,-7.214633208069893,-7.302137774938821,-7.369848267016308
2022-05-04,BTCUSDT,0.0006566307333983,0.0256248069924119,-7.328388747110831,-7.821432516958594,-7.515901017514521,-7.421756469022517
2022-05-05,BTCUSDT,0.0019240350246722,0.0438638236440036,-6.253330722812735,-7.328388747110831,-7.532505605903802,-7.431759096779505
2022-05-06,BTCUSDT,0.0010662057485077,0.032652806135273,-6.843648962005361,-6.253330722812735,-7.21754118951632,-7.39578258924356
2022-05-07,BTCUSDT,0.0005046002335544,0.0224633086065789,-7.5917440589068494,-6.843648962005361,-7.092286831391483,-7.360711202913151
2022-05-08,BTCUSDT,0.001104327446691,0.0332314225800071,-6.80851877484081,-7.5917440589068494,-7.167709001558874,-7.359869345127556
2022-05-09,BTCUSDT,0.004910685778884,0.0700762854244149,-5.316341677094822,-6.80851877484081,-6.965126253135317,-7.284200760521122
2022-05-10,BTCUSDT,0.0042919077332076,0.0655126532297971,-5.451023951833481,-5.316341677094822,-6.562716839132117,-7.158361499668522
2022-05-11,BTCUSDT,0.011158367502344,0.105633174251009,-4.495565613881075,-5.451023951833481,-6.402255484936265,-7.094352110422997
2022-05-12,BTCUSDT,0.0111358559749213,0.1055265652569123,-4.49758510876023,-4.495565613881075,-5.932638815311408,-6.936822808900743
2022-05-13,BTCUSDT,0.003131893764509,0.0559633251738049,-5.7661174208065695,-4.49758510876023,-5.313807025282084,-6.793505568994209
2022-05-14,BTCUSDT,0.0013227013470766,0.0363689613142396,-6.6280791585033665,-5.7661174208065695,-5.105326754475236,-6.740603664014895
2022-05-15,BTCUSDT,0.0014198435509761,0.0376808114426444,-6.557208588807663,-6.6280791585033665,-5.367674250756944,-6.718961370401323
2022-05-16,BTCUSDT,0.0018624376170455,0.0431559684985229,-6.285869102475261,-6.557208588807663,-5.588911178151781,-6.635239974320883
2022-05-17,BTCUSDT,0.0012773738872047,0.0357403677541897,-6.662948959190163,-6.285869102475261,-5.946971875870618,-6.563173325328069
2022-05-18,BTCUSDT,0.0012837143318435,0.0358289594021865,-6.657997581455308,-6.662948959190163,-6.3800446459566045,-6.571709095654074
2022-05-19,BTCUSDT,0.001305855292786,0.0361366198306658,-6.640897056115268,-6.657997581455308,-6.558420678086352,-6.5691114262207435
2022-05-20,BTCUSDT,0.0011583146255771,0.0340340215898312,-6.7607892393448346,-6.640897056115268,-6.560984257608733,-6.550790312556931
2022-05-21,BTCUSDT,0.0004634676525525,0.0215282988773505,-7.676773964924511,-6.7607892393448346,-6.601700387716167,-6.5511618096144195
2022-05-22,BTCUSDT,0.0006620283621387,0.0257299118175468,-7.320202159835187,-7.676773964924511,-6.879881360206016,-6.570771271421696
2022-05-23,BTCUSDT,0.0009466579759945,0.0307678074616067,-6.962572695806771,-7.320202159835187,-7.011332000335021,-6.547682605743744
2022-05-24,BTCUSDT,0.0007131553235896,0.0267049681443289,-7.245811316128083,-6.962572695806771,-7.072247023205314,-6.524621330433617
2022-05-25,BTCUSDT,0.0007278636764879,0.0269789487654344,-7.225396784874042,-7.245811316128083,-7.1932298752078765,-6.526038517163536
2022-05-26,BTCUSDT,0.0015990158388419,0.0399876960931983,-6.4383669397122745,-7.225396784874042,-7.286151384313719,-6.498945983886966
2022-05-27,BTCUSDT,0.001268565268871,0.0356169239108465,-6.669868726664867,-6.4383669397122745,-7.038469979271271,-6.458490447187031
2022-05-28,BTCUSDT,0.0003750795672599,0.0193669710398915,-7.888372375140987,-6.669868726664867,-6.908403292637208,-6.477423992816673
2022-05-29,BTCUSDT,0.0002740841801015,0.0165554879149344,-8.202075272112836,-7.888372375140987,-7.09356322850405,-6.524911420686474
2022-05-30,BTCUSDT,0.0014057428879728,0.0374932378966234,-6.567189370045166,-8.202075272112836,-7.284816019701,-6.552653748559473
2022-05-31,BTCUSDT,0.0008962729674998,0.0299378183490357,-7.01726554015865,-6.567189370045166,-7.153174536735226,-6.541684230159671
2022-06-01,BTCUSDT,0.0011730867925556,0.0342503546340126,-6.74811672009956,-7.01726554015865,-7.268954256824502,-6.618998951208027
2022-06-02,BTCUSDT,0.0009509909183042,0.0308381406427865,-6.958006045092032,-6.74811672009956,-7.28460385551144,-6.6779577134019386
2022-06-03,BTCUSDT,0.0005988837657371,0.024472101784219,-7.420443025861888,-6.958006045092032,-7.0985305895016495,-6.789886823911529
2022-06-04,BTCUSDT,0.0002403119103666,0.0155019969799587,-8.333572851878348,-7.420443025861888,-6.94220414025146,-6.922744001961604
2022-06-05,BTCUSDT,0.0003051560294236,0.0174687157348112,-8.09468734028449,-8.333572851878348,-7.295480836618095,-7.039446521555775
2022-06-06,BTCUSDT,0.0007171107948379,0.0267789244525987,-7.240280203726629,-8.09468734028449,-7.510965196643264,-7.1061105298185545
2022-06-07,BTCUSDT,0.0037063883971473,0.0608801149567524,-5.597697354357967,-7.240280203726629,-7.609397893368677,-7.137159239587598
2022-06-08,BTCUSDT,0.0015556328150245,0.0394415113177038,-6.465872861134988,-5.597697354357967,-7.337336155221865,-7.105878705582267
2022-06-09,BTCUSDT,0.0005617508268817,0.0237012832328078,-7.484452174925375,-6.465872861134988,-7.146422122276485,-7.096920701125213
2022-06-10,BTCUSDT,0.0013832106961067,0.0371915406525031,-6.583347890754429,-7.484452174925375,-6.976597986885889,-7.134486819010215
2022-06-11,BTCUSDT,0.0008020091771073,0.0283197665440125,-7.128390507386046,-6.583347890754429,-6.674330096979878,-7.131870947857451
2022-06-12,BTCUSDT,0.0019967557915578,0.0446850734760263,-6.216231519678782,-7.128390507386046,-6.6519521577117615,-7.148580096404777
2022-06-13,BTCUSDT,0.0077596669291324,0.0880889716657677,-4.85881586721172,-6.216231519678782,-6.7756589907759235,-7.082191803439063
2022-06-14,BTCUSDT,0.0080421694865708,0.0896781438622079,-4.823056395552461,-4.85881586721172,-6.454247591991271,-6.9703106083198145
2022-06-15,BTCUSDT,0.0102067404188428,0.1010284139182777,-4.584706951564112,-4.823056395552461,-5.921968436116687,-6.8730598673991645
2022-06-16,BTCUSDT,0.0033760310653126,0.0581036235127611,-5.691054500480158,-4.584706951564112,-5.522240248278624,-6.752100578100802
2022-06-17,BTCUSDT,0.0021060066622683,0.0458912482099619,-6.162961701805129,-5.691054500480158,-5.2347730468974465,-6.682357746991989
2022-06-18,BTCUSDT,0.0074908784520349,0.0865498610746135,-4.894069205014418,-6.162961701805129,-5.224119083322716,-6.669839327087119
2022-06-19,BTCUSDT,0.0068138519219706,0.0825460593969856,-4.988797691419088,-4.894069205014418,-5.2311697508832555,-6.589121167012099
2022-06-20,BTCUSDT,0.0033342278778361,0.0577427733819237,-5.703514147308374,-4.988797691419088,-5.264318010056581,-6.457322317752013
2022-06-21,BTCUSDT,0.0022936583336184,0.0478921531528747,-6.077607210505069,-5.703514147308374,-5.488079449205434,-6.343751357533628
2022-06-22,BTCUSDT,0.0023681821871081,0.0486639721673868,-6.045632627796533,-6.077607210505069,-5.565389991210416,-6.321497623009079
2022-06-23,BTCUSDT,0.0016456851009216,0.040567044517954,-6.409598506741951,-6.045632627796533,-5.541924176408696,-6.277332490628981
2022-06-24,BTCUSDT,0.0012760994876644,0.0357225347317967,-6.6639471287098875,-6.409598506741951,-5.845030036754203,-6.261945299112727
2022-06-25,BTCUSDT,0.0006981111571171,0.0264217932229655,-7.26713221699688,-6.6639471287098875,-6.1800599242123635,-6.2485789847317195
2022-06-26,BTCUSDT,0.0007429375314654,0.0272568804426605,-7.2048985928707445,-7.26713221699688,-6.492783538150064,-6.241610311601492
2022-06-27,BTCUSDT,0.0008549919164342,0.029240244808042,-7.064418543535131,-7.2048985928707445,-6.7182418146232,-6.190306936192056
2022-06-28,BTCUSDT,0.0006808210203589,0.026092547218678,-7.292211105213931,-7.064418543535131,-6.921998997770919,-6.143476536339812
2022-06-29,BTCUSDT,0.0008863127719624,0.0297710055584698,-7.02844065389568,-7.292211105213931,-7.098521517465315,-6.145837031861962
2022-06-30,BTCUSDT,0.0024491111637012,0.0494884952660843,-6.012030110575873,-7.02844065389568,-7.171420222502474,-6.210870818204586
2022-07-01,BTCUSDT,0.0037062681098325,0.0608791270455859,-5.597729808934729,-6.012030110575873,-6.920399801218272,-6.19024160227008
2022-07-02,BTCUSDT,0.0004797224817494,0.0219025679259171,-7.642302784285111,-5.597729808934729,-6.5989660444310685,-6.104481494725051
2022-07-03,BTCUSDT,0.0011756198155459,0.0342873127489734,-6.745959767874344,-7.642302784285111,-6.714542892581065,-6.152615808067355
2022-07-04,BTCUSDT,0.0009510255578571,0.0308387022725844,-6.957969621061706,-6.745959767874344,-6.605292625113148,-6.135232592635005
2022-07-05,BTCUSDT,0.0014581929876842,0.0381862931911995,-6.530557289488296,-6.957969621061706,-6.591198418546353,-6.168947960879683
2022-07-06,BTCUSDT,0.0014536801541426,0.0381271576981895,-6.533656900587349,-6.530557289488296,-6.694903854328837,-6.244936207346799
2022-07-07,BTCUSDT,0.0009323563770078,0.0305345112456029,-6.977795437603078,-6.533656900587349,-6.882089272659361,-6.322690775757478
2022-07-08,BTCUSDT,0.0026814609903084,0.0517828252445578,-5.921393487359811,-6.977795437603078,-6.749187803322954,-6.431467525122884
2022-07-09,BTCUSDT,0.0008087846282109,0.0284391390202123,-7.119977896112584,-5.921393487359811,-6.584274547220048,-6.441937479071959
2022-07-10,BTCUSDT,0.0007708188649391,0.0277636248522987,-7.1680571472306935,-7.119977896112584,-6.616676202230224,-6.485438215176843
2022-07-11,BTCUSDT,0.0007934078257772,0.0281674959088881,-7.139173186336521,-7.1680571472306935,-6.744176173778703,-6.588801303459402
2022-07-12,BTCUSDT,0.0008644491463972,0.0294015160561016,-7.0534180788658825,-7.139173186336521,-6.8652794309285365,-6.6865456441374675
2022-07-13,BTCUSDT,0.003198656358124,0.0565566650194659,-5.745024445440393,-7.0534180788658825,-6.8804039591810975,-6.747904913753718
2022-07-14,BTCUSDT,0.0012602511487725,0.035500016179892,-6.676444253458604,-5.745024445440393,-6.845130150797215,-6.732787515341687
2022-07-15,BTCUSDT,0.0010898695188319,0.0330131718989847,-6.821697297400268,-6.676444253458604,-6.756423422266418,-6.761460771053598
2022-07-16,BTCUSDT,0.0009469573086393,0.0307726714576313,-6.962256546428677,-6.821697297400268,-6.687151452300334,-6.780192534265342
2022-07-17,BTCUSDT,0.0009223046476771,0.0303694690055179,-6.988634968510425,-6.962256546428677,-6.651768124318766,-6.793752053252558
2022-07-18,BTCUSDT,0.0024612953669409,0.0496114439110669,-6.007067495701018,-6.988634968510425,-6.638811502247674,-6.781093087412265
2022-07-19,BTCUSDT,0.0030112465520879,0.0548748262146487,-5.8054011490460935,-6.007067495701018,-6.691220112299798,-6.726646219359096
2022-07-20,BTCUSDT,0.0024527589570362,0.0495253365161337,-6.010541783093297,-5.8054011490460935,-6.517011491417295,-6.66941815597323
2022-07-21,BTCUSDT,0.0015756631749588,0.0396946240057626,-6.453079031860981,-6.010541783093297,-6.354780388555902,-6.611160459513202
2022-07-22,BTCUSDT,0.00132695141688,0.036427344356679,-6.624871135545681,-6.453079031860981,-6.252944885642363,-6.585007658511623
2022-07-23,BTCUSDT,0.0008760888461208,0.029598798051962,-7.040043049658469,-6.624871135545681,-6.180192119049414,-6.612864068737525
2022-07-24,BTCUSDT,0.0010227062245677,0.031979778369585,-6.885303003764552,-7.040043049658469,-6.3867872298409045,-6.678423761497695
2022-07-25,BTCUSDT,0.0012598747772131,0.0354947147785858,-6.676742946121791,-6.885303003764552,-6.6027676007845955,-6.644014680564942
2022-07-26,BTCUSDT,0.0007018868729909,0.0264931476610647,-7.2617383165100655,-6.676742946121791,-6.736007833390294,-6.640868461394371
2022-07-27,BTCUSDT,0.0014000099458263,0.0374167067741983,-6.571275938224516,-7.2617383165100655,-6.897739690320111,-6.654676129369298
2022-07-28,BTCUSDT,0.0017636825581254,0.0419962207600335,-6.340351293302734,-6.571275938224516,-6.887020650855878,-6.656526977039125
2022-07-29,BTCUSDT,0.0014638962520251,0.0382608971670178,-6.526653732057212,-6.340351293302734,-6.747082299584731,-6.647740358526187
2022-07-30,BTCUSDT,0.0010950856116568,0.0330920777778733,-6.816922734608434,-6.526653732057212,-6.675352445243263,-6.627233917365012
2022-07-31,BTCUSDT,0.0011051366945629,0.0332435962940671,-6.807786246176526,-6.816922734608434,-6.703388402940592,-6.667939792239949
2022-08-01,BTCUSDT,0.0006928859678956,0.0263227272123481,-7.274645120805157,-6.807786246176526,-6.612597988873884,-6.653749262697402
2022-08-02,BTCUSDT,0.0013288166605488,0.0364529376120622,-6.623466461702851,-7.274645120805157,-6.753271825390013,-6.6585941705871505
2022-08-03,BTCUSDT,0.0006287488088549,0.0250748640844767,-7.371778731017487,-6.623466461702851,-6.809894859070036,-6.6351529558310745
2022-08-04,BTCUSDT,0.0007854726059022,0.0280262841972005,-7.149224975603406,-7.371778731017487,-6.97891985886209,-6.649623894565238
2022-08-05,BTCUSDT,0.0007886783199595,0.0280834171702721,-7.1451520262613295,-7.149224975603406,-7.045380307061086,-6.71345119139083
2022-08-06,BTCUSDT,0.0002751875623125,0.0165887782043338,-8.198057648011806,-7.1451520262613295,-7.1128534630780464,-6.7347560901545895
2022-08-07,BTCUSDT,0.0002447001701178,0.0156428951961549,-8.315476892306245,-8.198057648011806,-7.297535968519375,-6.797317924273296
2022-08-08,BTCUSDT,0.0006110425588061,0.0247192750461289,-7.400343946871295,-8.315476892306245,-7.635938054640055,-6.858827939995003
2022-08-09,BTCUSDT,0.0004269357530705,0.020662423697875,-7.7588770172492785,-7.400343946871295,-7.641651097810817,-6.877541984465952
2022-08-10,BTCUSDT,0.001209677173915,0.034780413653593,-6.717401753387872,-7.7588770172492785,-7.763581506139991,-6.957169689990874
2022-08-11,BTCUSDT,0.0009122644650952,0.0302037160808945,-6.99958062627006,-6.717401753387872,-7.6780314515653005,-6.998624262915499
2022-08-12,BTCUSDT,0.0004858160635503,0.0220412355268554,-7.629680475762761,-6.99958062627006,-7.43833604721695,-7.043580573968989
2022-08-13,BTCUSDT,0.0004908413113328,0.0221549387571454,-7.61938967725001,-7.629680475762761,-7.301176763908254,-7.097062457782706
2022-08-14,BTCUSDT,0.0004078003878006,0.0201940681340005,-7.804732748866549,-7.61938967725001,-7.344985909983997,-7.142267846041992
2022-08-15,BTCUSDT,0.0009835879220335,0.0313622053120234,-6.924303527045432,-7.804732748866549,-7.35415705630745,-7.1770264687332705
2022-08-16,BTCUSDT,0.0005602473657187,0.0236695451100925,-7.487132147268946,-6.924303527045432,-7.395537411038963,-7.178799219791492
2022-08-17,BTCUSDT,0.0007150665210274,0.0267407277580001,-7.243134983195926,-7.487132147268946,-7.49304771523874,-7.215635092570907
2022-08-18,BTCUSDT,0.0003275635595163,0.0180987170682445,-8.023828446860126,-7.243134983195926,-7.415738616725372,-7.214789486511173
2022-08-19,BTCUSDT,0.0021620604700251,0.0464979619986207,-6.136693590671939,-8.023828446860126,-7.496626370647396,-7.280814600540065
2022-08-20,BTCUSDT,0.0006954224546698,0.026370863745236,-7.2709910486187646,-6.136693590671939,-7.1630185390084735,-7.271557432238666
2022-08-21,BTCUSDT,0.0006646877091256,0.0257815381450682,-7.316193237947332,-7.2709910486187646,-7.232356043323141,-7.305390946627827
2022-08-22,BTCUSDT,0.0006851107813017,0.0261746209390261,-7.285930008250022,-7.316193237947332,-7.198168261458818,-7.328085060415959
2022-08-23,BTCUSDT,0.0007104466084511,0.0266542043297326,-7.249616759695371,-7.285930008250022,-7.2067272664696365,-7.349818867782937
2022-08-24,BTCUSDT,0.0005867683109205,0.0242233009914129,-7.440880516356638,-7.249616759695371,-7.051884929036686,-7.348681215005218
2022-08-25,BTCUSDT,0.0003623540360803,0.0190355991783918,-7.922888823847312,-7.440880516356638,-7.312722314173625,-7.385836399307663
2022-08-26,BTCUSDT,0.0016995015399149,0.0412250110966016,-6.37742028272972,-7.922888823847312,-7.443101869219335,-7.410886858072655
2022-08-27,BTCUSDT,0.0004793280024523,0.0218935607531616,-7.643125429861845,-6.37742028272972,-7.255347278175813,-7.375804826578396
2022-08-28,BTCUSDT,0.000334994902129,0.0183028659539702,-8.001395243780369,-7.643125429861845,-7.3267863624981775,-7.398439981287512
2022-08-29,BTCUSDT,0.0005967933153637,0.024429353560088,-7.423939709935542,-8.001395243780369,-7.477142059315176,-7.389500781095173
2022-08-30,BTCUSDT,0.000821426274206,0.0286605351346764,-7.104468369850885,-7.423939709935542,-7.473753898030958,-7.348976363714686
2022-08-31,BTCUSDT,0.0009056320125928,0.0300937204843938,-7.006877501545615,-7.104468369850885,-7.310069807231673,-7.3355274738501235
2022-09-01,BTCUSDT,0.0006936381318983,0.026337010686453,-7.273560157223787,-7.006877501545615,-7.435961250994851,-7.301345677681774
2022-09-02,BTCUSDT,0.0006894711039248,0.0262577817784535,-7.2795857703476194,-7.273560157223787,-7.36204819646724,-7.326625605128862
2022-09-03,BTCUSDT,0.0002136675538362,0.0146173716459649,-8.451089237600833,-7.2795857703476194,-7.21768630178069,-7.339353111677841
2022-09-04,BTCUSDT,0.0002329462889534,0.0152625780572432,-8.364702650485585,-8.451089237600833,-7.423116207313749,-7.376689873579573
2022-09-05,BTCUSDT,0.0002694294266224,0.0164143055479802,-8.219204069728995,-8.364702650485585,-7.675163063440688,-7.410567735999371
2022-09-06,BTCUSDT,0.0010217337780667,0.0319645706692075,-6.886254312262805,-8.219204069728995,-7.917628377077364,-7.429407341493118
2022-09-07,BTCUSDT,0.0006833078313427,0.0261401574467861,-7.288565095182631,-6.886254312262805,-7.840167208085168,-7.4276778317302705
2022-09-08,BTCUSDT,0.0006028300340565,0.0245525972975675,-7.413875268205443,-7.288565095182631,-7.84196307305217,-7.418652056635438
2022-09-09,BTCUSDT,0.0012508312297111,0.0353670924690043,-6.683946964902783,-7.413875268205443,-7.634520279173091,-7.426412978681327
2022-09-10,BTCUSDT,0.0007004705212155,0.0264664036320672,-7.263758275563069,-6.683946964902783,-7.298369142056532,-7.365509274955993
2022-09-11,BTCUSDT,0.0006080892788464,0.0246594663130903,-7.40518884657018,-7.263758275563069,-7.107279983223347,-7.416739487905589
2022-09-12,BTCUSDT,0.0011198363599712,0.0334639561315043,-6.794572711518398,-7.40518884657018,-7.211066890084821,-7.422839387812471
2022-09-13,BTCUSDT,0.0026928340917028,0.0518925244298524,-5.917161074290434,-6.794572711518398,-7.112268413351975,-7.399129363883884
2022-09-14,BTCUSDT,0.0010048279733028,0.0316990216458303,-6.902938922965483,-5.917161074290434,-6.812925574568974,-7.336912594158448
2022-09-15,BTCUSDT,0.0010355328035906,0.0321796955173701,-6.8728391986438275,-6.902938922965483,-6.856723966181514,-7.321154510670726
2022-09-16,BTCUSDT,0.0005740926334835,0.0239602302468806,-7.462719792290007,-6.8728391986438275,-6.778540150797665,-7.295334450774689
2022-09-17,BTCUSDT,0.0003589627728059,0.0189463129079503,-7.932291871772391,-7.462719792290007,-6.79004633994163,-7.274417676612993
2022-09-18,BTCUSDT,0.0006453441805668,0.0254036253429875,-7.345726770207581,-7.932291871772391,-7.0175901719924285,-7.345093657933116
2022-09-19,BTCUSDT,0.0021573519046749,0.0464473024477739,-6.138873779460049,-7.345726770207581,-7.303303311175858,-7.331575537039739
2022-09-20,BTCUSDT,0.0011824337180353,0.0343865339636805,-6.7401804915706185,-6.138873779460049,-7.150490282474772,-7.246915470479724
2022-09-21,BTCUSDT,0.004496981188221,0.067059534655566,-5.404348954386439,-6.7401804915706185,-7.123958541060129,-7.215835506008592
2022-09-22,BTCUSDT,0.0012590947276318,0.035483724827474,-6.6773622863756,-5.404348954386439,-6.712284373479416,-7.138557350760208
2022-09-23,BTCUSDT,0.0010849267314981,0.0329382259919715,-6.82624282284305,-6.6773622863756,-6.461298456400057,-7.123579386434298
2022-09-24,BTCUSDT,0.000612843782473,0.0247556818220188,-7.397400495495757,-6.82624282284305,-6.357401666927151,-7.103246780326083
2022-09-25,BTCUSDT,0.0004454587094271,0.0211058927654614,-7.7164059990141265,-7.397400495495757,-6.609107010134292,-7.108601995105544
2022-09-26,BTCUSDT,0.0008200624375305,0.0286367323123735,-7.1061300772748535,-7.7164059990141265,-6.804352111622994,-7.075207302442511
2022-09-27,BTCUSDT,0.0017474559312571,0.0418025828299779,-6.3495943023390415,-7.1061300772748535,-7.144708336200678,-7.01799945820566
2022-09-28,BTCUSDT,0.0016735673155286,0.0409092570884468,-6.392797813724741,-6.3495943023390415,-7.079154739393365,-6.933017196051571
2022-09-29,BTCUSDT,0.001418507378784,0.0376630771284558,-6.558150101907255,-6.392797813724741,-6.992465737569704,-6.910587355208932
2022-09-30,BTCUSDT,0.0012999475286733,0.0360547851009171,-6.645431377888236,-6.558150101907255,-6.824615658852004,-6.8773866736964155
2022-10-01,BTCUSDT,0.0001887425306861,0.0137383598251801,-8.575126743142127,-6.645431377888236,-6.610420734626826,-6.842457405954724
2022-10-02,BTCUSDT,0.0003394919491065,0.0184253073001936,-7.988060325218721,-8.575126743142127,-6.90422006780028,-6.928420123147421
2022-10-03,BTCUSDT,0.0004757114482621,0.0218108103531754,-7.650699088677091,-7.988060325218721,-7.231913272376215,-6.961342943586316
2022-10-04,BTCUSDT,0.0005735422910992,0.0239487429962262,-7.463678882005207,-7.650699088677091,-7.483493527366686,-6.97250250004572
2022-10-05,BTCUSDT,0.0006318053445976,0.0251357383937218,-7.366929210313297,-7.463678882005207,-7.664599283386276,-7.002916416886029
2022-10-06,BTCUSDT,0.0006550515349354,0.0255939745826122,-7.330796646133388,-7.366929210313297,-7.808898849871289,-7.068814968523432
2022-10-07,BTCUSDT,0.0004492781090838,0.0211961814741208,-7.707868465345771,-7.330796646133388,-7.560032830469541,-7.088263046849246
2022-10-08,BTCUSDT,0.0001320001075516,0.0114891299736613,-8.932707820593388,-7.707868465345771,-7.503994458494951,-7.126218922608425
2022-10-09,BTCUSDT,0.0001796831501615,0.0134045943676613,-8.624315535062488,-8.932707820593388,-7.760396204878211,-7.193036560258579
2022-10-10,BTCUSDT,0.000364192838061,0.0190838370895653,-7.917827055715852,-8.624315535062488,-7.992523535489665,-7.224492181317218
2022-10-11,BTCUSDT,0.0003516805428612,0.0187531475454445,-7.952787343127597,-7.917827055715852,-8.102703104570178,-7.250496739749414
2022-10-12,BTCUSDT,0.0001940014520334,0.0139284404020508,-8.547644914220708,-7.952787343127597,-8.22710124396902,-7.332947356279757
2022-10-13,BTCUSDT,0.0014611629668391,0.0382251614364038,-6.5285226077120475,-8.547644914220708,-8.395056533744006,-7.415104830036579
2022-10-14,BTCUSDT,0.0007586048324725,0.0275427818579119,-7.184029558478645,-6.5285226077120475,-7.914219491167738,-7.466203632460469
2022-10-15,BTCUSDT,0.0001128952363677,0.0106252170033239,-9.08905028107615,-7.184029558478645,-7.62616229585097,-7.489233963010609
2022-10-16,BTCUSDT,0.0002094736501411,0.0144732045567357,-8.470912601495234,-9.08905028107615,-7.860406940923029,-7.592088847475749
2022-10-17,BTCUSDT,0.0003123586358928,0.0176736706966286,-8.071358556278836,-8.470912601495234,-7.964031992596557,-7.640884852293907
2022-10-18,BTCUSDT,0.000324028597489,0.0180007943571689,-8.034678782212032,-8.071358556278836,-7.868774721008182,-7.657019059442304
2022-10-19,BTCUSDT,0.000208348902342,0.014434296045946,-8.476296468446623,-8.034678782212032,-8.170005955908179,-7.699225818757629
2022-10-20,BTCUSDT,0.0003027193036135,0.0173988305243067,-8.102704572534497,-8.476296468446623,-8.428459337901774,-7.795894099035248
2022-10-21,BTCUSDT,0.000386971108876,0.0196715812500164,-7.85716052178843,-8.102704572534497,-8.231190196193445,-7.8736171335266
2022-10-22,BTCUSDT,3.5114698791938074e-05,0.0059257656713658,-10.256890746150637,-7.85716052178843,-8.108439780252084,-7.932663061703016
2022-10-23,BTCUSDT,0.0001902687469626,0.0137937937842597,-8.567073027508885,-10.256890746150637,-8.545546218226443,-8.096820305714944
2022-10-24,BTCUSDT,0.0002505798212897,0.0158297132409188,-8.291733040333728,-8.567073027508885,-8.652025067285814,-8.096454227731614
2022-10-25,BTCUSDT,0.0008117669201821,0.0284915236549769,-7.1162973031183565,-8.291733040333728,-8.615112381663234,-8.110257532964114
2022-10-26,BTCUSDT,0.0010848150087769,0.0329365300051011,-6.826345805349424,-7.1162973031183565,-8.417830927780006,-8.085966542711445
2022-10-27,BTCUSDT,0.0005299914947306,0.0230215441430552,-7.542649599224985,-6.826345805349424,-8.211667984492205,-8.05699685740891
2022-10-28,BTCUSDT,0.0004046744312947,0.0201165213517333,-7.812427687483596,-7.542649599224985,-7.668819755107076,-8.064984147813986
2022-10-29,BTCUSDT,0.0003738267560811,0.0193345999720995,-7.891718086903314,-7.812427687483596,-7.517890687102019,-8.08687646787536
2022-10-30,BTCUSDT,0.0002215642660159,0.0148850349685839,-8.414797870534924,-7.891718086903314,-7.437887696415935,-8.095233268855248
2022-10-31,BTCUSDT,0.0005202214202009,0.0228083629443452,-7.56125602894068,-8.414797870534924,-7.697587809899249,-8.071691907488953
2022-11-01,BTCUSDT,0.0001814478331664,0.0134702573533878,-8.614542366143375,-7.56125602894068,-7.844569854617499,-8.023371020847053
2022-11-02,BTCUSDT,0.0005668503560841,0.0238086193653507,-7.475415211320393,-8.614542366143375,-8.058948408001177,-8.05503989859376
2022-11-03,BTCUSDT,0.0002269154582534,0.0150637132956452,-8.390933040454135,-7.475415211320393,-7.991545912768537,-8.033341165329794
2022-11-04,BTCUSDT,0.000782702120282,0.0279768139766143,-7.152758368223971,-8.390933040454135,-8.091388903478702,-8.026217898340406
2022-11-05,BTCUSDT,0.0002192253004875,0.0148062588281958,-8.425410587618988,-7.152758368223971,-7.838981003016511,-8.054592251090948
2022-11-06,BTCUSDT,0.0001974795589347,0.0140527420432734,-8.529875478044305,-8.425410587618988,-8.011811914752172,-8.111018661506417
2022-11-07,BTCUSDT,0.000351565419327,0.0187500778485602,-7.953114749302444,-8.529875478044305,-7.994878537132358,-8.085601625004971
2022-11-08,BTCUSDT,0.0073872432153934,0.0859490733829831,-4.908000656191651,-7.953114749302444,-8.090418444728767,-8.062065358996207
2022-11-09,BTCUSDT,0.0081655652228772,0.0903635171010804,-4.807829329863529,-4.908000656191651,-7.393831967876271,-7.918276363537697
2022-11-10,BTCUSDT,0.009095717675265,0.0953714720200178,-4.699951561354982,-4.807829329863529,-6.924846160204183,-7.771601388430949
2022-11-11,BTCUSDT,0.0037203079539725,0.0609943272278049,-5.593948830797491,-4.699951561354982,-6.179754354951382,-7.59994934719951
2022-11-12,BTCUSDT,0.0005316380089576,0.0230572767029771,-7.539547734513332,-5.593948830797491,-5.59256902550202,-7.485914995302374
2022-11-13,BTCUSDT,0.0008362135395365,0.0289173570634753,-7.086626547428694,-7.539547734513332,-5.509855622544197,-7.471478050426233
2022-11-14,BTCUSDT,0.0034899769595492,0.059076026944517,-5.657860144637961,-7.086626547428694,-5.945580800791605,-7.327375132302508
2022-11-15,BTCUSDT,0.000987418805359,0.0314232207986243,-6.9204162869907115,-5.657860144637961,-6.115586963746492,-7.195138183081102
2022-11-16,BTCUSDT,0.0005915026538635,0.0243208275735741,-7.43284438788895,-6.9204162869907115,-6.559679908873639,-7.1328056033836935
2022-11-17,BTCUSDT,0.0003897744590757,0.0197427064779826,-7.849942296188653,-7.43284438788895,-6.92745902029193,-7.147194107236902
2022-11-18,BTCUSDT,0.0003309850717914,0.0181929951297583,-8.013437283932358,-7.849942296188653,-6.989537932626993,-7.193721220456866
2022-11-19,BTCUSDT,0.0001062534956852,0.01030793362829,-9.149682850134372,-8.013437283932358,-7.174900079927727,-7.215120660670838
2022-11-20,BTCUSDT,0.0003487731877045,0.0186754702137471,-7.961088738997353,-9.149682850134372,-7.873264621027009,-7.275904986245873
2022-11-21,BTCUSDT,0.0012470767697678,0.0353139741429342,-6.686953050612396,-7.961088738997353,-8.081399111428338,-7.279058197704693
2022-11-22,BTCUSDT,0.0006573213925766,0.0256382798287367,-7.327337477086217,-6.686953050612396,-7.932220843973026,-7.200519796799124
2022-11-23,BTCUSDT,0.0006089472184673,0.024676855927516,-7.403778963193783,-7.327337477086217,-7.827699880152539,-7.189887135351194
2022-11-24,BTCUSDT,0.0003139695156285,0.0177191849594892,-8.066214660754644,-7.403778963193783,-7.705768216004825,-7.134852435217121
2022-11-25,BTCUSDT,0.0002167628521667,0.0147228683403312,-8.43670664917476,-8.066214660754644,-7.489074578128879,-7.161706955645951
2022-11-26,BTCUSDT,0.0001440159997193,0.0120006666364551,-8.845586155398633,-8.43670664917476,-7.58419816016436,-7.163787574224162
2022-11-27,BTCUSDT,0.000125123057575,0.0111858418357774,-8.98621284432551,-8.845586155398633,-8.015924781121608,-7.240734291823009
2022-11-28,BTCUSDT,0.000438161336513,0.0209323036599676,-7.732923367208176,-8.98621284432551,-8.347699854569466,-7.266225303491487
2022-11-29,BTCUSDT,0.000235216007943,0.0153367535007591,-8.355006283273703,-7.732923367208176,-8.413528735372344,-7.23000020754439
2022-11-30,BTCUSDT,0.0007957377423364,0.0282088238382327,-7.1362408958335,-8.355006283273703,-8.471287059876156,-7.2482680045430845
2022-12-01,BTCUSDT,0.0002517395491639,0.0158663023154095,-8.287115539982395,-7.1362408958335,-8.211193909207903,-7.3495516517995325
2022-12-02,BTCUSDT,0.0002358635406599,0.0153578494803143,-8.352257137713691,-8.287115539982395,-8.099499786124657,-7.507701024986753
2022-12-03,BTCUSDT,8.387576645436584e-05,0.0091583713865711,-9.386173824659148,-8.352257137713691,-7.972708644802293,-7.67371491482124
2022-12-04,BTCUSDT,0.0001740966228488,0.0131945679295989,-8.65590010914507,-9.386173824659148,-8.303358736292488,-7.846088778178588
2022-12-05,BTCUSDT,0.0002906372274539,0.0170480857416302,-8.143434709548039,-8.65590010914507,-8.363537501466762,-7.896832067934577
2022-12-06,BTCUSDT,0.000148411692064,0.0121824337496283,-8.815520442841304,-8.143434709548039,-8.564976264209669,-7.944868802576365
2022-12-07,BTCUSDT,0.0001881692477256,0.0137174796418907,-8.578168746260214,-8.815520442841304,-8.67065724478145,-8.088398816131063
2022-12-08,BTCUSDT,0.0002063205602797,0.0143638629998948,-8.48607948080889,-8.578168746260214,-8.715839566490754,-8.163751200643311
2022-12-09,BTCUSDT,0.0001127696038097,0.0106193033580267,-9.09016372498598,-8.48607948080889,-8.535820697720704,-8.211625523048765
2022-12-10,BTCUSDT,4.141292967034666e-05,0.0064352878467358,-10.091917415013958,-9.09016372498598,-8.622673420888885,-8.267999224357734
2022-12-11,BTCUSDT,6.88685885025083e-05,0.0082987100505143,-9.583310383717038,-10.091917415013958,-9.012369961982069,-8.362475593952352
2022-12-12,BTCUSDT,0.0001328213962958,0.0115248165406595,-8.926505217214599,-9.583310383717038,-9.165927950157217,-8.382185936387927
2022-12-13,BTCUSDT,0.000719093785772,0.026815924108113,-7.23751876956748,-8.926505217214599,-9.235595244348094,-8.426068503579621
2022-12-14,BTCUSDT,0.0006318704251319,0.0251370329420948,-7.366826208363087,-7.23751876956748,-8.98588310209981,-8.451094218077579
2022-12-15,BTCUSDT,0.0002681712516108,0.0163759351369894,-8.223884782978297,-7.366826208363087,-8.641215598775233,-8.452889160408345
2022-12-16,BTCUSDT,0.0005543988625342,0.0235456760899802,-7.497626161796674,-8.223884782978297,-8.267609072368101,-8.490166697671278
2022-12-17,BTCUSDT,0.0001642863336055,0.0128174230485516,-8.713899715896789,-7.497626161796674,-7.850472227984028,-8.464321765900461
2022-12-18,BTCUSDT,0.0001012907491217,0.0100643305352008,-9.19751547248188,-8.713899715896789,-7.807951127720466,-8.476921450751462
2022-12-19,BTCUSDT,0.0003140811238802,0.0177223340415482,-8.065859249117894,-9.19751547248188,-8.199950468303346,-8.49291823789161
2022-12-20,BTCUSDT,0.0003655107738163,0.0191183360629629,-7.914214802283295,-8.065859249117894,-8.339757076454308,-8.451083983563992
2022-12-21,BTCUSDT,0.0001316648457356,0.0114745303056644,-8.935250911683099,-7.914214802283295,-8.277823080315306,-8.459324503340135
2022-12-22,BTCUSDT,0.0001981714723225,0.0140773389645391,-8.526377880219473,-8.935250911683099,-8.565348030292592,-8.485699259176924
2022-12-23,BTCUSDT,0.00010519215825,0.0102563228425212,-9.15972180178882,-8.526377880219473,-8.527843663157128,-8.548887303921742
2022-12-24,BTCUSDT,2.6397384928172095e-05,0.0051378385463317,-10.542245608469406,-9.15972180178882,-8.520284929018516,-8.58855122491294
2022-12-25,BTCUSDT,6.806902228193899e-05,0.0082503952803449,-9.594988334028471,-10.542245608469406,-9.01556220088882,-8.688096155401839
2022-12-26,BTCUSDT,3.9949923670653486e-05,0.0063205951990816,-10.127883796375755,-9.594988334028471,-9.351716907237854,-8.697587724009535
2022-12-27,BTCUSDT,9.970785991933475e-05,0.0099853823121268,-9.213266048403405,-10.127883796375755,-9.590243484176389,-8.764496073429111
2022-12-28,BTCUSDT,0.0001642536729577,0.0128161489129046,-8.71409853885445,-9.213266048403405,-9.727621117813172,-8.813124770649809
2022-12-29,BTCUSDT,6.942206569332707e-05,0.0083319905000742,-9.575305791515165,-8.71409853885445,-9.638496465226298,-8.808514684104951
2022-12-30,BTCUSDT,0.0001287380333373,0.0113462783914948,-8.957730967693088,-9.575305791515165,-9.445108501835447,-8.853839095252905
2022-12-31,BTCUSDT,3.869512524543267e-05,0.0062205405910927,-10.159796928512815,-8.957730967693088,-9.317657028568371,-8.875277799202188
2023-01-01,BTCUSDT,2.937922340693151e-05,0.005420260455636,-10.43522282027955,-10.159796928512815,-9.324039654995785,-8.923897490271587
2023-01-02,BTCUSDT,8.998295364275976e-05,0.0094859345160484,-9.315890309542542,-10.43522282027955,-9.568431009371016,-8.939502281420024
2023-01-03,BTCUSDT,6.720008639541829e-05,0.0081975658823469,-9.607836024789892,-9.315890309542542,-9.688789363508633,-8.927346823503003
2023-01-04,BTCUSDT,0.0001315263803414,0.011468495121047,-8.936303115504927,-9.607836024789892,-9.695295410163578,-8.958316405665515
2023-01-05,BTCUSDT,4.947490988534974e-05,0.0070338403369247,-9.914044887895196,-8.936303115504927,-9.691009839725943,-9.035533875935398
2023-01-06,BTCUSDT,0.0001280082222659,0.0113140718694004,-8.963416059655385,-9.914044887895196,-9.641859431602422,-9.15131654318686
2023-01-07,BTCUSDT,1.6484137404849905e-05,0.0040600661823238,-11.01311200887273,-8.963416059655385,-9.347498079477589,-9.184931601217636
2023-01-08,BTCUSDT,5.709658960324328e-05,0.0075562285303743,-9.770766169824318,-11.01311200887273,-9.686942419343628,-9.344726412448365
2023-01-09,BTCUSDT,0.0001547183967517,0.0124385849979706,-8.773903888569313,-9.770766169824318,-9.719528448350513,-9.392765796717798
2023-01-10,BTCUSDT,0.0001161080987515,0.0107753468042349,-9.060988915005112,-8.773903888569313,-9.68704860296339,-9.373510724721772
2023-01-11,BTCUSDT,0.0005271333450368,0.0229593846833228,-7.548057014793458,-9.060988915005112,-9.516437408385372,-9.41874389135301
2023-01-12,BTCUSDT,0.0018411218124704,0.0429082953806194,-6.297380212450573,-7.548057014793458,-9.233365599412988,-9.402100355558018
2023-01-13,BTCUSDT,0.0007213174584979,0.0268573538997786,-7.234431214535864,-6.297380212450573,-8.290219240128554,-9.28219714195654
2023-01-14,BTCUSDT,0.0025347358241732,0.0503461599744537,-5.977665858740892,-7.234431214535864,-7.782952249070864,-9.223472293516371
2023-01-15,BTCUSDT,0.0006613619812591,0.0257169590204431,-7.321209241289643,-5.977665858740892,-7.2237046431051795,-9.078833387014196
2023-01-16,BTCUSDT,0.0011711200838429,0.0342216318115162,-6.749794651509054,-7.321209241289643,-6.875748708362086,-8.93242264305148
2023-01-17,BTCUSDT,0.0006683526549966,0.0258525173821943,-7.310694597090255,-6.749794651509054,-6.716096235705206,-8.803095657482414
2023-01-18,BTCUSDT,0.0011976959457184,0.0346077440137098,-6.727355613072566,-7.310694597090255,-6.918759112633142,-8.675041602969438
2023-01-19,BTCUSDT,0.0002466313057921,0.0157044995396913,-8.307616025607356,-6.727355613072566,-6.817343992340481,-8.562045674090763
2023-01-20,BTCUSDT,0.0008541289470691,0.0292254845480648,-7.065428383689639,-8.307616025607356,-7.283334025713775,-8.543569196215897
2023-01-21,BTCUSDT,0.0013992517765284,0.0374065739747498,-6.5718176305645954,-7.065428383689639,-7.232177854193774,-8.429483859496553
2023-01-22,BTCUSDT,0.0006548659215498,0.0255903482107977,-7.331080043206881,-6.5718176305645954,-7.1965824500048825,-8.321033253263439
2023-01-23,BTCUSDT,0.0008924633904962,0.0298741257695733,-7.0215250642036615,-7.331080043206881,-7.200659539228208,-8.192455213022262
2023-01-24,BTCUSDT,0.0005406100227861,0.0232510219729402,-7.522812384178921,-7.0215250642036615,-7.259493429454426,-8.037287133200628
2023-01-25,BTCUSDT,0.0010458814228209,0.032340090024936,-6.862895282269339,-7.522812384178921,-7.102532701168739,-7.955783591138647
2023-01-26,BTCUSDT,0.0003846792879163,0.0196132426670442,-7.86310058922834,-6.862895282269339,-7.06202608088468,-7.831013557387712
2023-01-27,BTCUSDT,0.000568122708641,0.0238353248067033,-7.473173126235824,-7.86310058922834,-7.320282672617428,-7.78223162437514
2023-01-28,BTCUSDT,0.0001043204425898,0.0102137379342635,-9.168043217177985,-7.473173126235824,-7.348701289223217,-7.671282907936078
2023-01-29,BTCUSDT,0.0005391643066725,0.0232199118575531,-7.5254901973812816,-9.168043217177985,-7.778004919818082,-7.680584142368923
2023-01-30,BTCUSDT,0.0005509008463338,0.0234712770494882,-7.50395571721196,-7.5254901973812816,-7.778540482458555,-7.522055878210222
2023-01-31,BTCUSDT,0.0003618130846743,0.0190213849305022,-7.9243828201669855,-7.50395571721196,-7.906752569447077,-7.419019039455113
2023-02-01,BTCUSDT,0.0005385634799479,0.0232069705034485,-7.526605185403869,-7.9243828201669855,-7.919009015634806,-7.380404445436827
2023-02-02,BTCUSDT,0.0007882679482914,0.0280761099209178,-7.145672490002709,-7.526605185403869,-7.929695427468417,-7.310659730454953
2023-02-03,BTCUSDT,0.0003719637723321,0.0192863623405798,-7.896714094637504,-7.145672490002709,-7.525221282033361,-7.292369524782644
2023-02-04,BTCUSDT,0.0001251661233861,0.0111877666844695,-8.98586871589487,-7.896714094637504,-7.599466061484605,-7.365066519427506
2023-02-05,BTCUSDT,0.0002067834845885,0.0143799681706359,-8.483838280276856,-8.98586871589487,-7.895848661221187,-7.444677314943825
2023-02-06,BTCUSDT,0.0003341492683659,0.0182797502271213,-8.003922753547524,-8.483838280276856,-8.007739753243161,-7.558594243195459
2023-02-07,BTCUSDT,0.0004673933487339,0.021619281873688,-7.66833936631186,-8.003922753547524,-8.103203266871892,-7.589626675570816
2023-02-08,BTCUSDT,0.0002734714637986,0.0165369726310067,-8.20431327866237,-7.66833936631186,-8.207736642133721,-7.631378708061854
2023-02-09,BTCUSDT,0.0006590423861528,0.025671820857758,-7.3247227066336285,-8.20431327866237,-8.269256478938697,-7.671997739042404
2023-02-10,BTCUSDT,0.0002771318862748,0.0166472786447156,-8.191017041352136,-7.3247227066336285,-7.937027277086448,-7.699150788749725
2023-02-11,BTCUSDT,0.0001123304871741,0.0105986077941462,-9.094065253330085,-8.191017041352136,-7.878463029301504,-7.693850834919942
2023-02-12,BTCUSDT,0.0001638893706374,0.012801928395262,-8.716318927048453,-9.094065253330085,-8.096491529258014,-7.786061601721781
2023-02-13,BTCUSDT,0.0003991232274206,0.0199780686609252,-7.826240348102735,-8.716318927048453,-8.306087441405335,-7.883538933380138
2023-02-14,BTCUSDT,0.0005663931649628,0.0237990160503083,-7.476222083166758,-7.826240348102735,-8.230472855293407,-7.9060462199663135
2023-02-15,BTCUSDT,0.0009487529444805,0.0308018334597233,-6.960362125722492,-7.476222083166758,-8.260772730600033,-7.926714266282819
2023-02-16,BTCUSDT,0.0015234985638445,0.0390320197254063,-6.486745902207481,-6.960362125722492,-8.014641747474105,-7.901148345443889
2023-02-17,BTCUSDT,0.0014972411023912,0.038694199854646,-6.504131129471389,-6.486745902207481,-7.493177877249584,-7.884050646350169
2023-02-18,BTCUSDT,0.0002599295609703,0.016122331127052,-8.255099882999021,-6.504131129471389,-7.05074031773417,-7.822279307270307
2023-02-19,BTCUSDT,0.0005326911411941,0.02308010271195,-7.5375687741888,-8.255099882999021,-7.136512224713428,-7.857821432577725
2023-02-20,BTCUSDT,0.0008019757098895,0.0283191756569566,-7.128432237477241,-7.5375687741888,-7.1487815629178355,-7.783708957896398
2023-02-21,BTCUSDT,0.0007062422406069,0.0265752185429767,-7.255552262315271,-7.128432237477241,-7.182395585268786,-7.765660868809851
2023-02-22,BTCUSDT,0.0007871390172644,0.028055997883955,-7.147105683133019,-7.255552262315271,-7.336156857290344,-7.754369802678184
2023-02-23,BTCUSDT,0.0007958819516066,0.0282113798245783,-7.136059685119479,-7.147105683133019,-7.46475176802267,-7.719039023722095
2023-02-24,BTCUSDT,0.0008326313872934,0.0288553528360584,-7.090919525987693,-7.136059685119479,-7.240943728446763,-7.701286955527348
2023-02-25,BTCUSDT,0.0002393453227531,0.0154707893384006,-8.337603183770213,-7.090919525987693,-7.151613878806541,-7.698798184435758
2023-02-26,BTCUSDT,0.0003032177584335,0.0174131490096876,-8.101059335879881,-8.337603183770213,-7.393448068065135,-7.718838597578153
2023-02-27,BTCUSDT,0.0005204569041229,0.0228135245879044,-7.560803470411277,-8.101059335879881,-7.562549482778057,-7.678619989395654
2023-02-28,BTCUSDT,0.0004021228765891,0.0200530016852626,-7.818752852893754,-7.560803470411277,-7.645289040233709,-7.636663861674491
2023-03-01,BTCUSDT,0.00065459270126,0.0255850093074068,-7.331497345882973,-7.818752852893754,-7.781827673788564,-7.628247048008411
2023-03-02,BTCUSDT,0.0002902266682022,0.0170360402735563,-8.144848325794941,-7.331497345882973,-7.82994323776762,-7.612936047079825
2023-03-03,BTCUSDT,0.0008912456934443,0.0298537383495653,-7.022890418287499,-8.144848325794941,-7.791392266172565,-7.610233094676759
2023-03-04,BTCUSDT,8.421435830692985e-05,0.0091768381432239,-9.382145125043364,-7.022890418287499,-7.57575848265409,-7.596513445206482
2023-03-05,BTCUSDT,0.0003581318690319,0.0189243723550333,-7.934609290136387,-9.382145125043364,-7.940026813580507,-7.650655630828811
2023-03-06,BTCUSDT,0.0001621830407633,0.012735110551672,-8.72678497931237,-7.934609290136387,-7.963198101029033,-7.597953087047278
2023-03-07,BTCUSDT,0.0004508001958066,0.0212320558544535,-7.704486341445153,-8.72678497931237,-8.242255627714911,-7.598428816695638
2023-03-08,BTCUSDT,0.0003904427243586,0.019759623588485,-7.848229272019217,-7.704486341445153,-8.154183230844954,-7.592894543665747
2023-03-09,BTCUSDT,0.0010812239311299,0.0328819696966274,-6.829661609946499,-7.848229272019217,-8.319251001591299,-7.609803961340859
2023-03-10,BTCUSDT,0.0014238335645255,0.0377337191981588,-6.55440235166767,-6.829661609946499,-7.808754298571924,-7.603863028805588
2023-03-11,BTCUSDT,0.0010173456549583,0.0318958563916742,-6.8905583426123584,-6.55440235166767,-7.532712910878182,-7.606938321962868
2023-03-12,BTCUSDT,0.0016059981617279,0.0400749068835846,-6.434009808085931,-6.8905583426123584,-7.165467583538179,-7.624503195287459
2023-03-13,BTCUSDT,0.0031851470572,0.0564371070945352,-5.749256819218558,-6.434009808085931,-6.911372276866335,-7.5417263737005
2023-03-14,BTCUSDT,0.0042789654172287,0.0654138014277473,-5.454044023555181,-5.749256819218558,-6.491577786306204,-7.460439466656397
2023-03-15,BTCUSDT,0.0020139509018673,0.0448770643187295,-6.207656863400353,-5.454044023555181,-6.216454269027939,-7.384330911478122
2023-03-16,BTCUSDT,0.0012742425183143,0.035696533701668,-6.665403380203934,-6.207656863400353,-6.147105171374476,-7.336699302436535
2023-03-17,BTCUSDT,0.0021543386935383,0.0464148542337298,-6.140271473268777,-6.665403380203934,-6.102074178892791,-7.314803743212486
2023-03-18,BTCUSDT,0.0013313891440466,0.0364882055470897,-6.621532412618956,-6.140271473268777,-6.04332651192936,-7.269540642673817
2023-03-19,BTCUSDT,0.0009605521651791,0.0309927760160186,-6.9480022667888806,-6.621532412618956,-6.217781630609441,-7.248204864793421
2023-03-20,BTCUSDT,0.0013518982282423,0.0367681686821949,-6.606245579163381,-6.9480022667888806,-6.516573279256181,-7.185041186748814
2023-03-21,BTCUSDT,0.0008013397502597,0.0283079450024157,-7.129225543197742,-6.606245579163381,-6.596291022408785,-7.117095106898064
2023-03-22,BTCUSDT,0.0018962928933444,0.0435464452434915,-6.267854407468028,-7.129225543197742,-6.689055455007548,-7.097477928388359
2023-03-23,BTCUSDT,0.0011975967671554,0.0346063110885206,-6.727438424298538,-6.267854407468028,-6.714572041847397,-7.02698254450537
2023-04-16,BTCUSDT,0.0001408558921112,0.0118682724990291,-8.867773231991466,-9.220201267933158,-8.01066654298666,-7.881909114596433
2023-04-17,BTCUSDT,0.000404077183893,0.0201016711716466,-7.813904649010607,-8.867773231991466,-8.28325397863608,-7.921395863305114
2023-04-18,BTCUSDT,0.0003727319837829,0.019306267992103,-7.894650938732585,-7.813904649010607,-8.332257373423042,-7.92244219045449
2023-04-19,BTCUSDT,0.0007192566982718,0.0268189615435016,-7.237292242719811,-7.894650938732585,-8.25179561113399,-7.960845290973953
2023-04-20,BTCUSDT,0.0005778674639677,0.0240388740162217,-7.456166016679356,-7.237292242719811,-8.206764466077527,-7.958327967557995
2023-04-21,BTCUSDT,0.000590299173252,0.0242960732064272,-7.4348810762742605,-7.456166016679356,-7.853957415826764,-7.969209319272875
2023-04-22,BTCUSDT,0.0001974656572584,0.014052247409523,-8.529945876042488,-7.4348810762742605,-7.567378984683325,-7.992524492973036
2023-04-23,BTCUSDT,0.0004206602545214,0.0205100037669789,-7.77368504646499,-8.529945876042488,-7.7105872300897005,-8.048343798936527
2023-04-24,BTCUSDT,0.000557040003776,0.0236016949343898,-7.492873500551296,-7.77368504646499,-7.686394051636181,-8.019608943104721
2023-04-25,BTCUSDT,0.0004403599139721,0.0209847543224158,-7.7279181791202065,-7.492873500551296,-7.737510303202479,-7.974456906497592
2023-04-26,BTCUSDT,0.0027282539889166,0.0522326908067799,-5.904093438893302,-7.7279181791202065,-7.791860735690648,-8.005851774171449
2023-04-27,BTCUSDT,0.0020061299793497,0.044789842367994,-6.2115477962525345,-5.904093438893302,-7.485703208214457,-7.924094346624628
2023-04-28,BTCUSDT,0.0005129297476412,0.0226479523940087,-7.5753716663404145,-6.2115477962525345,-7.022023592256465,-7.8676890670199136
2023-04-29,BTCUSDT,9.992019189436703e-05,0.0099960087982337,-9.21113877166874,-7.5753716663404145,-6.982360916231551,-7.835943476900495
2023-04-30,BTCUSDT,0.0005444545806176,0.023333550536034,-7.515726033914181,-9.21113877166874,-7.32601397045504,-7.8552143305056035
2023-05-01,BTCUSDT,0.0009116112897347,0.0301929013136325,-7.000296876142556,-7.515726033914181,-7.283575541413834,-7.760135821985002
2023-05-02,BTCUSDT,0.0005332719377848,0.0230926814767115,-7.5364790616844415,-7.000296876142556,-7.502816228863685,-7.689640624556703
2023-05-03,BTCUSDT,0.0006045411430016,0.0245874183883072,-7.41104082901523,-7.5364790616844415,-7.767802481950066,-7.692594414428024
2023-05-04,BTCUSDT,0.0004007209889294,0.0200180166082824,-7.822245161036644,-7.41104082901523,-7.73493631448503,-7.688330995122155
2023-05-05,BTCUSDT,0.0005751104880788,0.023981461341604,-7.460948382445459,-7.822245161036644,-7.457157592358611,-7.699847244484011
2023-05-06,BTCUSDT,0.0004597656036891,0.0214421455010719,-7.68479375554713,-7.460948382445459,-7.446202062064866,-7.661846727768903
2023-05-07,BTCUSDT,0.0002961143906791,0.0172079746245485,-8.124764723297753,-7.68479375554713,-7.583101437945781,-7.671953354475494
2023-05-08,BTCUSDT,0.0009034764988716,0.0300578858017606,-7.009260459480471,-8.124764723297753,-7.700758570268443,-7.622160784264793
2023-05-09,BTCUSDT,0.0003325068291781,0.0182347697868155,-8.008850159197781,-7.009260459480471,-7.620402496361491,-7.537682930968839
2023-05-10,BTCUSDT,0.0016255781320342,0.0403184589491491,-6.421891752913335,-8.008850159197781,-7.657723495993719,-7.546544090522802
2023-05-11,BTCUSDT,0.0005054527236869,0.0224822757675224,-7.590056047741077,-6.421891752913335,-7.449912170087295,-7.47960049116738
2023-05-12,BTCUSDT,0.0007467536987972,0.0273267945210787,-7.199775147686884,-7.590056047741077,-7.430964628526082,-7.495635209577438
2023-05-13,BTCUSDT,0.0002535649054857,0.0159237214709932,-8.279890730286088,-7.199775147686884,-7.245966713403909,-7.483981079168689
2023-05-14,BTCUSDT,0.000173463837407,0.0131705670875256,-8.659541410232732,-8.279890730286088,-7.500092767565033,-7.5223906088965
2023-05-15,BTCUSDT,0.0003568006436699,0.0188891673630671,-7.93833335325248,-8.659541410232732,-7.630231017772023,-7.528281314996057
2023-05-16,BTCUSDT,0.0003040303888762,0.0174364672131797,-8.098382898145509,-7.93833335325248,-7.933519337839852,-7.5357653289409425
2023-05-17,BTCUSDT,0.0003446289317369,0.0185641841118037,-7.973042279945748,-8.098382898145509,-8.035184707920738,-7.563288483377044
2023-05-18,BTCUSDT,0.0004938478661706,0.0222226880950681,-7.61328305142417,-7.973042279945748,-8.189838134372511,-7.574430487960021
2023-05-19,BTCUSDT,0.000320737545052,0.0179091469660643,-8.044887385925499,-7.61328305142417,-8.056516598600128,-7.652120924893245
2023-05-20,BTCUSDT,6.874821937206005e-05,0.0082914545992883,-9.585059721795767,-8.044887385925499,-7.933585793738681,-7.735454542605651
2023-05-21,BTCUSDT,0.0001879295199211,0.013708738815849,-8.579443559461364,-9.585059721795767,-8.262931067447338,-7.826803999671804
2023-05-22,BTCUSDT,0.0002294093197507,0.0151462642176474,-8.380002727456493,-8.579443559461364,-8.359143199710509,-7.798090580935105
2023-05-23,BTCUSDT,0.0001995846010723,0.0141274414198871,-8.519272345999415,-8.380002727456493,-8.440535289212658,-7.837375885187028
2023-05-24,BTCUSDT,0.0004159761239279,0.0203954927355999,-7.784882693754219,-8.519272345999415,-8.621733148127706,-7.906420224725976
2023-05-25,BTCUSDT,0.0003317954937333,0.0182152544240629,-8.010991761574116,-7.784882693754219,-8.569732209693452,-7.917711298910967
2023-05-26,BTCUSDT,0.0002120166544024,0.0145607916818587,-8.458845727875932,-8.010991761574116,-8.254918617649121,-7.944981795845461
2023-05-27,BTCUSDT,7.208576201297124e-05,0.0084903334453348,-9.537654008722484,-8.458845727875932,-8.230799051332037,-7.973918185247246
2023-05-28,BTCUSDT,0.0003908860197669,0.019770837609139,-7.847094550023645,-9.537654008722484,-8.462329307585232,-8.068313895532567
2023-05-29,BTCUSDT,0.0003047998615069,0.0174585183078897,-8.095855188525574,-7.847094550023645,-8.327893748390078,-8.075691204372406
2023-05-30,BTCUSDT,0.0003046133783903,0.0174531767420832,-8.096467197291423,-8.095855188525574,-8.39008824734435,-8.074377134610035
2023-05-31,BTCUSDT,0.0003135933081782,0.0177085659548765,-8.067413608433169,-8.096467197291423,-8.407183334487813,-8.123795622692352
2023-06-01,BTCUSDT,0.0003919321068816,0.0197972752388206,-7.844421929904709,-8.067413608433169,-8.32889691059926,-8.126457597657597
2023-06-02,BTCUSDT,0.0002773197987272,0.016652921627367,-8.19033920966841,-7.844421929904709,-7.990250494835704,-8.191118060248114
2023-06-03,BTCUSDT,8.663858184889672e-05,0.0093079848436112,-9.353765323723868,-8.19033920966841,-8.058899426764658,-8.218403658517538
2023-06-04,BTCUSDT,0.0001489803572564,0.0122057509910871,-8.811696091203178,-9.353765323723868,-8.310481453804316,-8.316312302882855
2023-06-05,BTCUSDT,0.000965981702557,0.0310802461791582,-6.942365665383528,-8.811696091203178,-8.453527232586667,-8.340485273833632
2023-06-06,BTCUSDT,0.0008571811854577,0.0292776567617306,-7.061861243441825,-6.942365665383528,-8.22851764397674,-8.26243183088594
2023-06-07,BTCUSDT,0.0008321752735465,0.028847448302173,-7.091467474009575,-7.061861243441825,-8.072005506684162,-8.222592189530912
2023-06-08,BTCUSDT,0.0003236992273226,0.0179916432635452,-8.035695784051915,-7.091467474009575,-7.852231159552394,-8.176823306615642
2023-06-09,BTCUSDT,0.0002578834199939,0.0160587490170928,-8.26300293565113,-8.035695784051915,-7.588617251618004,-8.179671193165923
2023-06-10,BTCUSDT,0.0010177400830855,0.0319020388546813,-6.8901707145878826,-8.26300293565113,-7.478878620507595,-8.209203915176237
2023-06-11,BTCUSDT,0.0002671838153829,0.0163457583300042,-8.227573689308072,-6.8901707145878826,-7.468439630348466,-8.156716793751801
2023-06-12,BTCUSDT,0.0003006769746042,0.0173400396367553,-8.109474043551442,-8.227573689308072,-7.701582119521715,-8.095012883184179
2023-06-13,BTCUSDT,0.0003357890179598,0.0183245468691534,-7.99902751796581,-8.109474043551442,-7.905183433430088,-8.073650632461
2023-06-14,BTCUSDT,0.0007278053751531,0.0269778682470126,-7.225476887332449,-7.99902751796581,-7.8978497802128675,-8.056333577484152
2023-06-15,BTCUSDT,0.0003969778684025,0.0199243034609129,-7.831630025927988,-7.225476887332449,-7.690344570549131,-7.997524692999289
2023-06-16,BTCUSDT,0.0004721532162681,0.0217290868714758,-7.658207014315885,-7.831630025927988,-7.878636432817153,-7.99964957173446
2023-06-17,BTCUSDT,0.0002879958566299,0.0169704406728275,-8.152564464633555,-7.658207014315885,-7.764763097818715,-7.983613901404541
2023-06-18,BTCUSDT,0.000166149065244,0.0128898822820093,-8.702625189156024,-8.152564464633555,-7.773381182035138,-7.9696920258026145
2023-06-19,BTCUSDT,0.0004006753969064,0.020016877801157,-7.822358942490753,-8.702625189156024,-7.91410071627318,-7.931736170367776
2023-06-20,BTCUSDT,0.000763134435616,0.027624887974723,-7.178076348732173,-7.822358942490753,-8.033477127304842,-7.930611824570827
2023-06-21,BTCUSDT,0.0012986686257308,0.0360370451859034,-6.646415673351486,-7.178076348732173,-7.902766391865677,-7.888894604580217
2023-06-22,BTCUSDT,0.0006688419256554,0.0258619783786052,-7.309962810276708,-6.646415673351486,-7.700408123672799,-7.822983171673855
2023-06-23,BTCUSDT,0.0008760696949371,0.0295984745373322,-7.040064909762166,-7.309962810276708,-7.531887792801429,-7.788553589939471
2023-06-24,BTCUSDT,0.0002695563033358,0.0164181699143325,-8.218733271677428,-7.040064909762166,-7.199375736922657,-7.75199190720572
2023-06-25,BTCUSDT,0.0002751931817436,0.0165889475779391,-8.198037227852994,-8.218733271677428,-7.278650602759993,-7.753282546387947
2023-06-26,BTCUSDT,0.0005196535695668,0.0227959112466867,-7.5623481807784145,-8.198037227852994,-7.482642778584156,-7.70074945112109
2023-06-27,BTCUSDT,0.0004424139900068,0.0210336394855199,-7.723264485275132,-7.5623481807784145,-7.665829280069542,-7.643960909738146
2023-06-28,BTCUSDT,0.0004157865948728,0.0203908458596701,-7.785338422423217,-7.723264485275132,-7.748489615069227,-7.679456310642309
2023-06-29,BTCUSDT,0.0003380266981542,0.0183855023905861,-7.992385676978799,-7.785338422423217,-7.897544317601437,-7.712341636959646
2023-06-30,BTCUSDT,0.001731901224822,0.0416161173684196,-6.358535500016639,-7.992385676978799,-7.8522747986617105,-7.753292464367337
2023-07-01,BTCUSDT,8.373150059437628e-05,0.0091504918225402,-9.387895300083898,-6.358535500016639,-7.484374453094441,-7.677057906002097
2023-07-02,BTCUSDT,0.0002769824093316,0.0166427885082896,-8.191556558011465,-9.387895300083898,-7.849483876955537,-7.728189377112678
2023-07-03,BTCUSDT,0.000250634451721,0.0158314387129239,-8.29151504801205,-8.191556558011465,-7.943142291502804,-7.7873432790864765
2023-07-04,BTCUSDT,0.0001756629037378,0.0132537882787462,-8.64694371916789,-8.29151504801205,-8.044377616620569,-7.790249704482113
2023-07-05,BTCUSDT,0.0001911203331074,0.0138246277746447,-8.562607312025468,-8.64694371916789,-8.175289225058389,-7.81468014428286
2023-07-06,BTCUSDT,0.000666369421492,0.0258141322048992,-7.313666354280888,-8.562607312025468,-8.616103587460154,-7.840297407649208
2023-07-07,BTCUSDT,0.0003085005922234,0.0175641849290943,-8.083786794933802,-7.313666354280888,-8.201257798299553,-7.844306019783229
2023-07-08,BTCUSDT,7.58877071352852e-05,0.0087113550688331,-9.486255848006785,-8.083786794933802,-8.17970384568402,-7.855767691101675
2023-07-09,BTCUSDT,8.031888010496769e-05,0.0089620801215436,-9.429505845034296,-9.486255848006785,-8.418652005682967,-7.938860819905806
2023-07-10,BTCUSDT,0.0003456861287914,0.0185926364131449,-7.969979336830443,-9.429505845034296,-8.575164430856248,-7.996903609924022
2023-07-11,BTCUSDT,0.0002118213754929,0.0145540844951825,-8.45976720688227,-7.969979336830443,-8.456638835817243,-7.9636015257274035
2023-07-12,BTCUSDT,0.0002503885542793,0.0158236706954919,-8.292496629530257,-8.45976720688227,-8.68585900633752,-7.992574628654291
2023-07-13,BTCUSDT,0.0005807191239654,0.024098114531338,-7.451243353520649,-8.292496629530257,-8.727600973256811,-8.043230095963295
2023-07-14,BTCUSDT,0.000528065234047,0.0229796700160618,-7.546290732558163,-7.451243353520649,-8.320598474359583,-8.079813172334621
2023-07-15,BTCUSDT,4.80846620133182e-05,0.0069343104929991,-9.94254730876665,-7.546290732558163,-7.9439554518643565,-8.090555350620143
2023-07-16,BTCUSDT,9.167101981328096e-05,0.009574498410532,-9.297304261221218,-9.94254730876665,-8.338469046251598,-8.222486368756709
2023-07-17,BTCUSDT,0.0003722511797777,0.0192938119555915,-7.895941717089665,-9.297304261221218,-8.505976457119386,-8.271512322826881
2023-07-18,BTCUSDT,0.0002495357859035,0.0157967017412978,-8.295908222582918,-7.895941717089665,-8.426665474631267,-8.257780708701274
2023-07-19,BTCUSDT,0.0001667596423576,0.0129135449183268,-8.698957049607372,-8.295908222582918,-8.595598448443724,-8.291124346965118
2023-07-20,BTCUSDT,0.0002438251278565,0.0156149008276259,-8.319059278728194,-8.698957049607372,-8.826131711853566,-8.335474008980219
2023-07-21,BTCUSDT,0.0001317599892622,0.0114786754141005,-8.934528553590035,-8.319059278728194,-8.501434105845874,-8.359734047903173
2023-07-22,BTCUSDT,5.780299724023424e-05,0.0076028282395588,-9.758469928263011,-8.934528553590035,-8.428878964319637,-8.402558724112772
2023-07-23,BTCUSDT,0.0001024655067958,0.0101225247243878,-9.185984335086424,-9.758469928263011,-8.801384606554306,-8.557101198123972
2023-07-24,BTCUSDT,0.0003950698419889,0.0198763639026092,-7.836447993531339,-9.185984335086424,-8.979399829055009,-8.547923426987724
2023-07-25,BTCUSDT,0.0001143028604497,0.0106912515848137,-9.07665896167,-7.836447993531339,-8.8068980178398,-8.531782128602263
2023-07-26,BTCUSDT,0.0002006403208351,0.0141647562928245,-8.513996701462483,-9.07665896167,-8.958417954428162,-8.567470488313988
2023-07-27,BTCUSDT,9.554347564747608e-05,0.0097746342973778,-9.255929171687017,-8.513996701462483,-8.874311584002651,-8.56142744205465
2023-07-28,BTCUSDT,8.391793695418408e-05,0.0091606733897778,-9.385671177660488,-9.255929171687017,-8.773803432687453,-8.592942072039266
2023-07-29,BTCUSDT,1.995544559918853e-05,0.0044671518442054,-10.82200848951051,-9.385671177660488,-8.813740801202266,-8.687124109465612
2023-07-30,BTCUSDT,8.282977095684685e-05,0.0091010862514782,-9.39872300857769,-10.82200848951051,-9.4108529003981,-8.811588731946372
2023-07-31,BTCUSDT,0.0001272382133689,0.0112799917273461,-8.969449532608351,-9.39872300857769,-9.475265709779638,-8.807609966517775
2023-08-01,BTCUSDT,0.000275803431485,0.0166073306550159,-8.195822150749914,-8.969449532608351,-9.566356276008811,-8.786698315952961
2023-08-02,BTCUSDT,0.0003283056222929,0.0181192058957602,-8.021565608130018,-8.195822150749914,-9.35433487182139,-8.796963898403847
2023-08-03,BTCUSDT,0.0001355764957358,0.011643732036414,-8.905974532763986,-8.021565608130018,-9.081513757915298,-8.777045643915107
2023-08-04,BTCUSDT,0.0001116593290978,0.010566897799156,-9.100058026538226,-8.905974532763986,-8.69830696656599,-8.804931003153003
2023-08-05,BTCUSDT,2.1625500783826476e-05,0.0046503226537334,-10.741637347780872,-9.100058026538226,-8.638573970158099,-8.879877124653802
2023-08-06,BTCUSDT,3.2491510803944584e-05,0.0057001325251211,-10.334531708781292,-10.741637347780872,-8.993011533192604,-9.025120152618472
2023-08-07,BTCUSDT,0.0001653087334762,0.0128572443966924,-8.707695720436174,-10.334531708781292,-9.42075344479888,-9.04293762534641
2023-08-08,BTCUSDT,0.0003023778983102,0.0173890165998605,-8.10383300392847,-8.707695720436174,-9.557979467260113,-9.016137237128907
2023-08-09,BTCUSDT,0.0002200239882071,0.0148332055944473,-8.421773980251048,-8.10383300392847,-9.397551161493007,-9.025586841076128
2023-08-10,BTCUSDT,0.0001083931079472,0.010411201080913,-9.12974605080289,-8.421773980251048,-9.261894352235572,-9.031308011879222
2023-08-11,BTCUSDT,6.501827578814104e-05,0.0080633910849059,-9.64084216161698,-9.12974605080289,-8.939516092839975,-9.050889330115384
2023-08-12,BTCUSDT,8.292878368148047e-06,0.0028797358156865,-11.70011343941236,-9.64084216161698,-8.800778183407113,-9.110970370246692
2023-08-13,BTCUSDT,1.7318194706513102e-05,0.0041615135115139,-10.96375289198806,-11.70011343941236,-9.399261727202347,-9.236678774147707
2023-08-14,BTCUSDT,0.0001162864363014,0.0107836188870664,-9.059454132056224,-10.96375289198806,-9.971245704814269,-9.291464363407936
2023-08-15,BTCUSDT,0.0001040084422892,0.0101984529360693,-9.171038486259793,-9.059454132056224,-10.098781735175304,-9.285712990542926
2023-08-16,BTCUSDT,0.0001344327270716,0.0115945128000997,-8.91444665452073,-9.171038486259793,-10.107040222266685,-9.346376194757855
2023-08-17,BTCUSDT,0.0101962580254293,0.1009765221496035,-4.585734486253626,-8.91444665452073,-9.961761120847433,-9.339002908069254
2023-08-18,BTCUSDT,0.0008509430717028,0.0291709285368636,-7.069165327394914,-4.585734486253626,-8.538885330215686,-9.16044553465067
2023-08-19,BTCUSDT,0.0001892053685934,0.0137551942404855,-8.572677526519678,-7.069165327394914,-7.759967817297057,-9.061047178091938
2023-08-20,BTCUSDT,0.0001218780219298,0.0110398379485318,-9.012489833632223,-8.572677526519678,-7.662612496189747,-9.0240929212219
2023-08-21,BTCUSDT,0.0001739464829701,0.0131888772444867,-8.65676287519619,-9.012489833632223,-7.630902765664234,-8.941842073227432
2023-08-22,BTCUSDT,0.000330099556754,0.0181686421274143,-8.016116261868827,-8.65676287519619,-7.579366009799327,-8.908116612619184
2023-08-23,BTCUSDT,0.0004456103254207,0.0211094842528352,-7.716065697670159,-8.016116261868827,-8.265442364922366,-8.864783282131022
2023-08-24,BTCUSDT,0.000203651718625,0.0142706593619566,-8.49909928479424,-7.716065697670159,-8.394822438977416,-8.842976170627397
2023-08-25,BTCUSDT,0.0001738988717452,0.0131870721445387,-8.65703662457678,-8.49909928479424,-8.380106790632329,-8.864682246839408
2023-08-26,BTCUSDT,3.042783421318178e-05,0.0055161430559025,-10.400152769339469,-8.65703662457678,-8.30901614882124,-8.853366887376353
2023-08-27,BTCUSDT,3.464073986957206e-05,0.005885638441968,-10.270480115676772,-10.400152769339469,-8.657694127649894,-8.912462102958226
2023-08-28,BTCUSDT,0.0001421825455855,0.0119240322704003,-8.858398793659925,-10.270480115676772,-9.108566898411484,-8.891045865135313
2023-08-29,BTCUSDT,0.0012273617173269,0.0350337225730723,-6.702888358550366,-8.858398793659925,-9.337033517609438,-8.82394891444798
2023-08-30,BTCUSDT,0.0002819619064712,0.0167917213671275,-8.17373857958621,-6.702888358550366,-8.977791332360663,-8.732821307089534
2023-08-31,BTCUSDT,0.0005007541344758,0.0223775363808398,-7.5993953268856815,-8.17373857958621,-8.881131723362547,-8.735998833255794
2023-09-01,BTCUSDT,0.0004574164982773,0.021387297591734,-7.689916207333697,-7.5993953268856815,-8.320980234871792,-8.69861798537555
2023-09-02,BTCUSDT,6.423264727936928e-05,0.0080145272648715,-9.652998951922408,-7.689916207333697,-7.804867453203175,-8.63317117430877
2023-09-03,BTCUSDT,0.0001095985190896,0.0104689311340569,-9.11868669549785,-9.652998951922408,-7.963787484855672,-8.633723755686288
2023-09-04,BTCUSDT,0.0001318786108493,0.0114838412932834,-8.933628673261019,-9.11868669549785,-8.44694715224517,-8.516386176417447
2023-09-05,BTCUSDT,0.0001416283504758,0.0119007710034205,-8.862304181520472,-8.933628673261019,-8.598925170980133,-8.424107802838945
2023-09-06,BTCUSDT,0.0002233078808038,0.014943489579205,-8.406959107292202,-8.862304181520472,-8.85150694190709,-8.415146441450956
2023-09-07,BTCUSDT,0.0002842702515423,0.0168603158790783,-8.165585182340072,-8.406959107292202,-8.99491552189879,-8.380415560588792
2023-09-08,BTCUSDT,0.0002480508869671,0.0157496313279768,-8.301876643464286,-8.165585182340072,-8.697432767982322,-8.3463764027624
2023-09-09,BTCUSDT,2.92823360976488e-05,0.0054113155607161,-10.438526087298031,-8.301876643464286,-8.53407075757561,-8.515291955362885
2023-09-10,BTCUSDT,0.0001089368451119,0.010437281500082,-9.124742246296826,-10.438526087298031,-8.835050240383012,-8.668444717176662
2023-09-11,BTCUSDT,0.0003799793603662,0.0194930592869935,-7.875393621544736,-9.124742246296826,-8.887537853338284,-8.693538568075624
2023-09-12,BTCUSDT,0.0007470930043223,0.0273330021095812,-7.199320876803229,-7.875393621544736,-8.78122475618879,-8.641852376617102
2023-09-13,BTCUSDT,0.0003091900096253,0.0175837996356111,-8.08155455216983,-7.199320876803229,-8.587971895081422,-8.575605013053785
2023-09-14,BTCUSDT,0.0003393477715346,0.0184213943971321,-7.988485101700368,-8.08155455216983,-8.54390747682253,-8.578579480794739
2023-09-15,BTCUSDT,0.0001977922713667,0.0140638640268855,-8.528293212508192,-7.988485101700368,-8.053899279702998,-8.59096218097793
2023-09-16,BTCUSDT,9.121663460994476e-05,0.0095507400032638,-9.302273280477438,-8.528293212508192,-7.934609472945271,-8.592289177692201
2023-09-17,BTCUSDT,5.630467383868666e-05,0.0075036440373119,-9.78473300959138,-9.302273280477438,-8.219985404731812,-8.621618116596776
2023-09-18,BTCUSDT,0.0004248819011171,0.0206126636104387,-7.763699307380052,-9.78473300959138,-8.73706783128944,-8.593644491153682
2023-09-19,BTCUSDT,0.0004067178950939,0.0201672480793481,-7.807390745296453,-7.763699307380052,-8.673496782331487,-8.479699908958377
2023-09-20,BTCUSDT,0.0003780333295055,0.0194430792187229,-7.880528192936749,-7.807390745296453,-8.637277911050703,-8.431926815850945
2023-09-21,BTCUSDT,0.0001885754964945,0.0137322793626762,-8.576012119352532,-7.880528192936749,-8.507724907136414,-8.485455899232145
2023-09-22,BTCUSDT,0.0001190846830394,0.0109125928650985,-9.035675695755916,-8.576012119352532,-8.362472674911434,-8.503741060130615
2023-09-23,BTCUSDT,2.1761880862225416e-05,0.0046649631147765,-10.735350703028814,-9.035675695755916,-8.21266121214434,-8.569026531442898
2023-09-24,BTCUSDT,0.0001063136186991,0.0103108495624328,-9.1491171651207,-10.735350703028814,-8.806991491274093,-8.70745537215631
2023-09-25,BTCUSDT,0.0002061651135323,0.0143584509447359,-8.486833188220457,-9.1491171651207,-9.075336775238942,-8.684551654574417
2023-09-26,BTCUSDT,0.0001083552727001,0.0104093838770662,-9.1300951675748,-8.486833188220457,-9.196597774295684,-8.655831040607262
2023-09-27,BTCUSDT,0.0002016801694848,0.0142014143480429,-8.508827434720029,-9.1300951675748,-9.307414383940138,-8.664761335803341
2023-09-28,BTCUSDT,0.0003985257211793,0.0199631090058469,-7.827738516824973,-8.508827434720029,-9.20204473173296,-8.648694210948777
2023-09-29,BTCUSDT,0.0003011281823826,0.0173530453345417,-8.107974528774248,-7.827738516824973,-8.620522294492192,-8.622366002291175
2023-09-30,BTCUSDT,4.85593662125928e-05,0.0069684550807616,-9.932723462933444,-8.107974528774248,-8.412293767222902,-8.619747336220001
2023-10-01,BTCUSDT,0.0006843812857403,0.0261606820580114,-7.286995360358226,-9.932723462933444,-8.701471822165498,-8.693876737104963
2023-10-02,BTCUSDT,0.0008469449051091,0.02910231786489,-7.073874912524568,-7.286995360358226,-8.332851860722183,-8.550625340425881
2023-10-03,BTCUSDT,0.0002607695055325,0.0161483592210654,-8.251873661387416,-7.073874912524568,-8.045861356283092,-8.457404097981687
2023-10-04,BTCUSDT,0.0002980591793993,0.0172643905018203,-8.118218502586718,-8.251873661387416,-8.13068838519558,-8.474516827065445
2023-10-05,BTCUSDT,0.0003423464500606,0.0185026065747688,-7.979687321778845,-8.118218502586718,-8.132737179958074,-8.516284900964695
2023-10-06,BTCUSDT,0.0006365413540474,0.0252297711849993,-7.359461171068068,-7.979687321778845,-7.742129951727155,-8.51165457231056
2023-10-07,BTCUSDT,7.361950127054612e-05,0.0085801807248184,-9.516600604410888,-7.359461171068068,-7.756623113869123,-8.483062575463636
2023-10-08,BTCUSDT,0.0001590273815722,0.0126106059161437,-8.746434159424767,-9.516600604410888,-8.245168252246387,-8.527985638731941
2023-10-09,BTCUSDT,0.0002797617865848,0.0167260810288871,-8.181572079095716,-8.746434159424767,-8.344080351853858,-8.50272022413864
2023-10-10,BTCUSDT,0.0001825035175078,0.0135093862742836,-8.608741111112128,-8.181572079095716,-8.356751067155656,-8.42984927275247
2023-10-11,BTCUSDT,0.0004094388060041,0.0202345942881032,-7.800723101725229,-8.608741111112128,-8.482561825022314,-8.468260263831201
2023-10-12,BTCUSDT,0.0001422345064238,0.0119262108996879,-8.858033408824445,-7.800723101725229,-8.570814211153746,-8.46795718912342
2023-10-13,BTCUSDT,0.000204867348393,0.0143131879185958,-8.493147869282897,-8.858033408824445,-8.439100772036458,-8.512389244391043
2023-10-14,BTCUSDT,3.463017222238245e-05,0.0058847406249028,-10.27078522634884,-8.493147869282897,-8.388443514008083,-8.508622687569696
2023-10-15,BTCUSDT,8.841421116555512e-05,0.0094028831304847,-9.3334778414498,-10.27078522634884,-8.806286143458708,-8.564764029869373
2023-10-16,BTCUSDT,0.0037801693154688,0.0614830815384921,-5.577986477901729,-9.3334778414498,-8.951233489526242,-8.501042536161236
2023-10-17,BTCUSDT,0.0003980518057671,0.0199512356952433,-7.828928395906627,-5.577986477901729,-8.506686164761543,-8.338718414014918
2023-10-18,BTCUSDT,0.0003399147629,0.0184367774543187,-7.986815669136843,-7.828928395906627,-8.30086516217798,-8.308813650727927
2023-10-19,BTCUSDT,0.0003272513473384,0.0180900897548475,-8.024782036029494,-7.986815669136843,-8.199598722148767,-8.25684640079893
2023-10-20,BTCUSDT,0.0006471040789104,0.0254382404837767,-7.343003412551425,-8.024782036029494,-7.750398084084898,-8.234844337222086
2023-10-21,BTCUSDT,0.0002154481595033,0.0146781524553778,-8.442790236508884,-7.343003412551425,-7.352303198305225,-8.212810923391471
2023-10-22,BTCUSDT,0.0001978280816066,0.0140651370987501,-8.52811217915271,-8.442790236508884,-7.925263950026656,-8.22802981919759
2023-10-23,BTCUSDT,0.0041206824309188,0.0641925418636689,-5.4917364907647315,-8.52811217915271,-8.065100706675873,-8.16418385175301
2023-10-24,BTCUSDT,0.0027541072839171,0.0524795892125417,-5.89466192376373,-5.4917364907647315,-7.566084871001449,-8.0825811758624
2023-10-25,BTCUSDT,0.0009008939270713,0.0300148950867948,-7.012123035287198,-5.89466192376373,-7.140060848548297,-8.028980585464177
2023-10-26,BTCUSDT,0.0005089576886134,0.0225600906162513,-7.583145671365217,-7.012123035287198,-7.07388477309545,-7.972628284277804
2023-10-27,BTCUSDT,0.0003180833488799,0.0178348913335629,-8.053197106131279,-7.583145671365217,-6.901955860066717,-7.948306791949555
2023-10-28,BTCUSDT,0.0001632761648742,0.0127779562088086,-8.720067527770135,-8.053197106131279,-6.806972845462431,-7.951648145783756
2023-10-29,BTCUSDT,0.0001702707776867,0.0130487845290953,-8.678120578168569,-8.720067527770135,-7.452639052863512,-8.013493889270215
2023-10-30,BTCUSDT,0.0003018406053938,0.0173735605272454,-8.105611476632388,-8.678120578168569,-8.00933078374448,-7.975381160804654
2023-10-31,BTCUSDT,0.0002510937309973,0.0158459373656885,-8.289684258272091,-8.105611476632388,-8.228028472013518,-7.9462528570413635
2023-11-01,BTCUSDT,0.0006665427843091,0.0258174898917218,-7.313406227893984,-8.289684258272091,-8.369336189394893,-7.951167047003927
2023-11-02,BTCUSDT,0.0004943189785673,0.0222332853750253,-7.612329543552696,-7.313406227893984,-8.221378013747433,-7.892288188675829
2023-11-03,BTCUSDT,0.0003623151315731,0.0190345772627913,-7.922996195621836,-7.612329543552696,-7.999830416903945,-7.883724845122533
2023-11-04,BTCUSDT,0.000160617427634,0.0126734931109812,-8.736485246560692,-7.922996195621836,-7.848805540394599,-7.841223153613322
2023-11-05,BTCUSDT,0.0003925272524586,0.0198123005342306,-7.84290459013663,-8.736485246560692,-7.974980294380259,-7.852283943489587
2023-11-06,BTCUSDT,0.0002464776117976,0.0156996054663052,-8.308239392956818,-7.84290459013663,-7.885624360753168,-7.741925732752668
2023-11-07,BTCUSDT,0.0004598564142546,0.0214442629683244,-7.684596260132659,-8.308239392956818,-8.084590993765733,-7.695323985093896
2023-11-08,BTCUSDT,0.0003361011187428,0.0183330608121744,-7.998098494637742,-7.684596260132659,-8.099044337081725,-7.791078975195302
2023-11-09,BTCUSDT,0.0014140538972288,0.0376039080047392,-6.561294595382134,-7.998098494637742,-8.114064796884907,-7.798768525137626
2023-11-10,BTCUSDT,0.0005841074561004,0.0241683151274658,-7.445425591890085,-6.561294595382134,-7.679026666649197,-7.73397211269423
2023-11-11,BTCUSDT,0.0002007535855481,0.0141687538459855,-8.513432344534264,-7.445425591890085,-7.599530866999888,-7.707637728869712
2023-11-12,BTCUSDT,0.0001459176954487,0.0120796397069089,-8.83246782501475,-8.513432344534264,-7.640569457315377,-7.76083904395984
2023-11-13,BTCUSDT,0.000364560329439,0.0190934630027933,-7.916818507347107,-8.83246782501475,-7.870143770291795,-7.778551661619196
2023-11-14,BTCUSDT,0.0007580287029529,0.0275323210600376,-7.184789306346348,-7.916818507347107,-7.853887772833668,-7.7507655856280335
2023-11-15,BTCUSDT,0.0010027912996841,0.0316668801697312,-6.904967867740808,-7.184789306346348,-7.978586715026511,-7.827722531790834
2023-11-16,BTCUSDT,0.0008594028955797,0.0293155742836429,-7.059272717325239,-6.904967867740808,-7.870495170196657,-7.873645529244339
2023-11-17,BTCUSDT,0.0006976173853267,0.0264124475451767,-7.267839764053466,-7.059272717325239,-7.57966324475485,-7.875788696609703
2023-11-18,BTCUSDT,0.0001265402894499,0.0112490128211288,-8.974949806829944,-7.267839764053466,-7.266737632562593,-7.861456609913714
2023-11-19,BTCUSDT,0.0002202280583131,0.0148400828270316,-8.420846919844498,-8.974949806829944,-7.47836389245916,-7.903354459945472
2023-11-20,BTCUSDT,0.0005794733439661,0.0240722525735782,-7.453390894575296,-8.420846919844498,-7.725575415158791,-7.88975352322158
2023-11-21,BTCUSDT,0.0007039069799921,0.0265312453532081,-7.258864341229301,-7.453390894575296,-7.8352600205256895,-7.834083992149158
2023-11-22,BTCUSDT,0.0005523962168574,0.0235031107910721,-7.50124498500907,-7.258864341229301,-7.8751783453065,-7.795595485994472
2023-11-23,BTCUSDT,0.0002127498502963,0.0145859470140392,-8.455393494171203,-7.50124498500907,-7.921859389497622,-7.75975733720979
2023-11-24,BTCUSDT,0.0005454235509116,0.0233543047618995,-7.513947907495693,-8.455393494171203,-7.817948126965874,-7.8116658493133
2023-11-25,BTCUSDT,5.258834979649502e-05,0.007251782525455,-9.853015949511072,-7.513947907495693,-7.636568324496112,-7.807193956765254
2023-11-26,BTCUSDT,0.0001681248505614,0.0129662967173131,-8.690803696462693,-9.853015949511072,-8.116493335483268,-7.894922127396582
2023-11-27,BTCUSDT,0.0003354003684733,0.0183139391850392,-8.000185609967241,-8.690803696462693,-8.402881206529946,-7.892845693301218
2023-11-28,BTCUSDT,0.0003815103517125,0.0195322899761527,-7.871372573368046,-8.000185609967241,-8.50266933152158,-7.899994830566246
2023-11-29,BTCUSDT,0.0002979151557198,0.0172602188780972,-8.11870182434679,-7.871372573368046,-8.38586514736095,-7.880137247857666
2023-11-30,BTCUSDT,0.00021498366906,0.014662321407611,-8.444948490582021,-8.11870182434679,-8.506815930731168,-7.8998693189583085
2023-12-01,BTCUSDT,0.0003218332698731,0.01793971209003,-8.041476941947366,-8.444948490582021,-8.225202438945358,-7.920180682410321
2023-12-02,BTCUSDT,0.000317062774294,0.0178062566053065,-8.056410777527548,-8.041476941947366,-8.095337088042292,-7.987461698163286
2023-12-03,BTCUSDT,0.0002101641356816,0.0144970388590803,-8.467621734052026,-8.056410777527548,-8.106582121554354,-8.015233752055899
2023-12-04,BTCUSDT,0.0009204724789645,0.0303392893615621,-6.990623455658246,-8.467621734052026,-8.22583195369115,-8.013151451579432
2023-12-05,BTCUSDT,0.0008462575346893,0.0290905059201348,-7.074686830156392,-6.990623455658246,-8.000216279953442,-7.929431252972319
2023-12-06,BTCUSDT,0.0006436571274611,0.0253703986460825,-7.348344384415553,-7.074686830156392,-7.726163947868315,-7.891152540372741
2023-12-07,BTCUSDT,0.0003868108073081,0.0196675063825616,-7.857574854475303,-7.348344384415553,-7.587537436361953,-7.898586862103159
2023-12-08,BTCUSDT,0.0003186625865635,0.0178511228376125,-8.051377737333976,-7.857574854475303,-7.547770251751504,-7.941887179681999
2023-12-09,BTCUSDT,0.0002087987347295,0.0144498697132392,-8.474139761698767,-8.051377737333976,-7.464521452407894,-7.98698286240967
2023-12-10,BTCUSDT,0.0001166817098263,0.0108019308378823,-9.056060759092862,-8.474139761698767,-7.761224713615998,-8.041814680484457
2023-12-11,BTCUSDT,0.0018726811432132,0.043274486053716,-6.2803841085531475,-9.056060759092862,-8.157499499403292,-8.045501541950953
2023-12-12,BTCUSDT,0.0008283966054522,0.0287818798109555,-7.096018526167079,-6.2803841085531475,-7.94390744423081,-7.948207777801346
2023-12-13,BTCUSDT,0.0008510625137755,0.0291729757442668,-7.069024972893242,-7.096018526167079,-7.791596178569167,-7.931963579237336
2023-12-14,BTCUSDT,0.0007985078610243,0.0282578813965997,-7.132765745618405,-7.069024972893242,-7.595125625681019,-7.923334517040243
2023-12-15,BTCUSDT,0.0003571009895295,0.0188971159050662,-7.9374919323525885,-7.132765745618405,-7.326850822464948,-7.906585460704303
2023-12-16,BTCUSDT,0.0002027808861582,0.0142401153843035,-8.503384540402047,-7.9374919323525885,-7.103137057116892,-7.88304448062164
2023-12-17,BTCUSDT,0.0003807729819363,0.0195134051855732,-7.873307208361722,-8.503384540402047,-7.547737143486673,-7.928018873026473
2023-12-18,BTCUSDT,0.0007152050814637,0.0267433184452447,-7.242941229175372,-7.873307208361722,-7.703194879925602,-7.8380321120651395
2023-12-19,BTCUSDT,0.0005378361516665,0.0231912947389011,-7.527956594993267,-7.242941229175372,-7.737978131182027,-7.772220181733897
2023-12-20,BTCUSDT,0.0006967035452125,0.0263951424548644,-7.26915056736285,-7.527956594993267,-7.817016301057,-7.750755226507807
2023-12-21,BTCUSDT,0.0004209201668016,0.0205163390204397,-7.773067369813114,-7.26915056736285,-7.6833480280590525,-7.723381498962116
2023-12-22,BTCUSDT,0.0003866476049071,0.0196633569084015,-7.857996861401195,-7.773067369813114,-7.537284593941266,-7.707670841937858
2023-12-23,BTCUSDT,0.0001370352580925,0.0117062059648932,-8.89527230690771,-7.857996861401195,-7.534222524549159,-7.68099122242964
2023-12-24,BTCUSDT,0.0003211018799129,0.0179193158327242,-8.043752102283328,-8.89527230690771,-7.864688740095628,-7.71980010265511
2023-12-25,BTCUSDT,0.0002942203111439,0.0171528513998092,-8.131181713621524,-8.043752102283328,-7.96784784155364,-7.719224708325826
2023-12-26,BTCUSDT,0.000477418677404,0.0218499125262337,-7.647116721649302,-8.131181713621524,-8.140254070805375,-7.70393198012444
2023-12-27,BTCUSDT,0.00038623886938,0.0196529608298621,-7.859054547306699,-7.647116721649302,-8.115063941172611,-7.733772583124035
2023-12-28,BTCUSDT,0.0004156635139903,0.0203878275936983,-7.785634485607494,-7.859054547306699,-8.115275478353713,-7.769425661176322
2023-12-29,BTCUSDT,0.0005025169325304,0.0224168894481472,-7.59588122202085,-7.785634485607494,-7.893347914093669,-7.789302483957773
2023-12-30,BTCUSDT,0.0002491487851126,0.0157844475707153,-8.297460309377186,-7.59588122202085,-7.8037737380411745,-7.7774073188462065
2023-12-31,BTCUSDT,0.0002677567571984,0.0163632746477735,-8.225431611986048,-8.297460309377186,-7.837029457192307,-7.7885928903027155
