date,symbol,open,high,low,close,volume,number_of_bars,number_of_valid_returns,realized_variance,daily_log_return,complete,realized_volatility,realized_volatility_percent
2020-01-01,BTCUSDT,7195.24,7255.0,7175.15,7200.85,16792.388165,288,287,,,False,,
2020-01-02,BTCUSDT,7200.77,7212.5,6924.74,6965.71,31951.483932,288,288,0.00038895524807472083,-0.03319953431039632,True,0.019721948384343796,1.9721948384343797
2020-01-03,BTCUSDT,6965.49,7405.0,6871.04,7344.96,68428.500451,288,288,0.001856386017465435,0.05301482343030033,True,0.043085798326889975,4.308579832688998
2020-01-04,BTCUSDT,7345.0,7404.0,7272.21,7354.11,29987.974976999998,288,288,0.00040968807448941085,0.001244976883823045,True,0.020240752814295493,2.0240752814295493
2020-01-05,BTCUSDT,7354.19,7495.0,7318.0,7358.75,38331.085604,288,288,0.00031771763961933446,0.0006307407470514342,True,0.017824635749976336,1.7824635749976336
2020-01-06,BTCUSDT,7357.64,7795.34,7346.76,7758.0,54635.695316,288,288,0.000501616582393716,0.052834487657441344,True,0.02239679848535759,2.239679848535759
2020-01-07,BTCUSDT,7758.9,8207.68,7723.71,8145.28,91171.684661,288,288,0.0012483680637345475,0.048714049363714214,True,0.03533225245769858,3.533225245769858
2020-01-08,BTCUSDT,8145.92,8455.0,7870.0,8055.98,112622.64264,288,288,0.0021774001086600873,-0.011023945589959392,True,0.04666262003638552,4.666262003638552
2020-01-09,BTCUSDT,8054.72,8055.96,7750.0,7817.76,64239.51983,288,288,0.001030902825964211,-0.030016604280307467,True,0.03210767549923555,3.2107675499235553
2020-01-10,BTCUSDT,7817.74,8199.0,7672.0,8197.02,82406.777448,288,288,0.0014837231315283658,0.04737260507373687,True,0.03851912682717984,3.851912682717984
2020-01-11,BTCUSDT,8198.86,8286.34,8003.16,8020.01,54810.032667,288,288,0.001300054668156458,-0.021831004824518222,True,0.03605627085759782,3.605627085759782
2020-01-12,BTCUSDT,8020.01,8197.0,7960.0,8184.98,38131.494336,288,288,0.0005127925913347202,0.020361098565477655,True,0.022644924184786315,2.2644924184786315
2020-01-13,BTCUSDT,8184.97,8196.0,8055.89,8110.34,31159.755683,288,288,0.0002718471375195428,-0.009160976526191942,True,0.01648778752651619,1.6487787526516189
2020-01-14,BTCUSDT,8110.34,8880.0,8105.54,8810.01,120399.126742,288,288,0.001958404728238886,0.08274878422149934,True,0.044253866816797896,4.4253866816797895
2020-01-15,BTCUSDT,8814.64,8916.48,8564.0,8821.41,84816.29760600001,288,288,0.001473499651628819,0.0012931461661761772,True,0.03838619089762384,3.8386190897623838
2020-01-16,BTCUSDT,8820.01,8859.81,8586.0,8720.01,51991.074284,288,288,0.0008891470373835787,-0.011561336478177423,True,0.029818568667586625,2.9818568667586627
2020-01-17,BTCUSDT,8720.15,9041.65,8672.44,8913.28,70897.737377,288,288,0.000920656884987394,0.021921914733313747,True,0.030342328272355668,3.0342328272355665
2020-01-18,BTCUSDT,8913.27,8988.88,8806.38,8915.96,38294.746545,288,288,0.0004868437491814332,0.00030062975428921134,True,0.022064536006484097,2.20645360064841
2020-01-19,BTCUSDT,8915.09,9198.98,8466.0,8701.7,70676.889259,288,288,0.00261419345166855,-0.024324520325978927,True,0.05112918395269526,5.112918395269526
2020-01-20,BTCUSDT,8701.72,8746.99,8521.28,8642.35,38896.639746,288,288,0.000499740597500583,-0.006843872296915579,True,0.02235487860625915,2.235487860625915
2020-01-21,BTCUSDT,8642.35,8789.0,8488.0,8736.03,36494.687659,288,288,0.0005759603453560824,0.01078131648865709,True,0.023999173847365714,2.3999173847365713
2020-01-22,BTCUSDT,8736.04,8818.0,8590.0,8682.36,29080.557138,288,288,0.00023275408192836497,-0.006162471944631799,True,0.01525628008160459,1.525628008160459
2020-01-23,BTCUSDT,8682.77,8691.81,8306.39,8404.52,48165.944597,288,288,0.000668317887516249,-0.03252372475192196,True,0.025851844953818072,2.585184495381807
2020-01-24,BTCUSDT,8404.52,8528.02,8238.0,8439.0,41687.529529,288,288,0.000543588169651668,0.004094161809794594,True,0.02331497736759931,2.331497736759931
2020-01-25,BTCUSDT,8438.99,8451.26,8254.9,8340.58,25521.157932,288,288,0.00039511522625386864,-0.011731059858761467,True,0.01987750553399165,1.987750553399165
2020-01-26,BTCUSDT,8340.01,8618.13,8293.66,8615.0,31130.485164,288,288,0.0004380227901114965,0.03237211166282769,True,0.02092899400619859,2.092899400619859
2020-01-27,BTCUSDT,8614.39,9000.0,8535.0,8907.57,53973.542996000004,288,288,0.0006136368987052032,0.03339660703325033,True,0.024771695515349836,2.4771695515349834
2020-01-28,BTCUSDT,8907.57,9400.0,8862.4,9374.21,74584.853765,288,288,0.0013672636298281981,0.05106082462602778,True,0.036976528093213376,3.6976528093213377
2020-01-29,BTCUSDT,9375.34,9449.24,9216.0,9301.53,53864.065122,288,288,0.000691875080785202,-0.0077833988822244736,True,0.026303518410760222,2.6303518410760223
2020-01-30,BTCUSDT,9301.57,9578.0,9204.44,9513.21,60626.744259,288,288,0.0006724637032369985,0.022502456278908498,True,0.025931905121625725,2.5931905121625727
2020-01-31,BTCUSDT,9511.52,9530.22,9210.01,9352.89,45552.022352,288,288,0.0005418501451091911,-0.016995972584925367,True,0.02327767482179419,2.327767482179419
2020-02-01,BTCUSDT,9351.71,9464.53,9281.0,9384.61,28578.067354,288,288,0.0002898376568797141,0.0033857270501313754,True,0.017024619140518654,1.7024619140518653
2020-02-02,BTCUSDT,9384.41,9477.03,9120.0,9331.51,45690.91254,288,288,0.00037942439098179713,-0.005674268221518518,True,0.019478819034576947,1.9478819034576946
2020-02-03,BTCUSDT,9331.59,9618.79,9234.0,9292.24,50892.133451,288,288,0.0007252777317758822,-0.004217202035113272,True,0.026930980891454404,2.6930980891454404
2020-02-04,BTCUSDT,9291.35,9350.0,9093.01,9197.02,53308.175266,288,288,0.00045596155339580407,-0.01030012470407594,True,0.021353256271487122,2.135325627148712
2020-02-05,BTCUSDT,9197.02,9744.45,9177.22,9612.04,64870.415615,288,288,0.0005915294228307271,0.04413696079004309,True,0.024321377897453242,2.4321377897453242
2020-02-06,BTCUSDT,9612.03,9862.57,9526.35,9772.0,64949.706588,288,288,0.000745792279138133,0.016504674065093608,True,0.02730919770220526,2.730919770220526
2020-02-07,BTCUSDT,9772.0,9885.0,9730.0,9813.73,43966.114632,288,288,0.0003784416372500625,0.004261272175808221,True,0.01945357646424077,1.9453576464240772
2020-02-08,BTCUSDT,9813.87,9940.0,9667.11,9895.05,43600.843666,288,288,0.0003426075812011767,0.008252206527559671,True,0.018509661833787692,1.8509661833787692
2020-02-09,BTCUSDT,9895.04,10166.0,9880.75,10151.75,43408.475616,276,275,,,False,,
2020-02-10,BTCUSDT,10151.72,10188.0,9756.0,9851.83,59573.084619,288,288,0.0009609124273938121,-0.02998887968955333,True,0.030998587506430225,3.0998587506430226
2020-02-11,BTCUSDT,9851.74,10323.59,9700.0,10223.08,62422.395224,288,288,0.0008601812743084051,0.03699068450600002,True,0.029328847135685458,2.9328847135685456
2020-02-12,BTCUSDT,10223.08,10450.0,10223.08,10326.46,61008.06393,288,288,0.0006437711924565804,0.010061623972996907,True,0.025372646540252366,2.5372646540252366
2020-02-13,BTCUSDT,10325.33,10500.0,10080.0,10229.63,79344.358759,288,288,0.0016222073815850306,-0.009421122032286122,True,0.04027663567857959,4.027663567857959
2020-02-14,BTCUSDT,10227.78,10381.56,10111.37,10344.36,47038.480173,288,288,0.00046850204269374034,0.011153032471666645,True,0.02164490800843793,2.164490800843793
2020-02-15,BTCUSDT,10344.36,10375.0,9801.0,9904.72,57657.202947,288,288,0.0013519196500053014,-0.04343003244846042,True,0.0367684599895794,3.67684599895794
2020-02-16,BTCUSDT,9904.46,10050.0,9638.12,9917.27,60023.999537,288,288,0.0007267227378335681,0.0012662706092507782,True,0.026957795492835984,2.6957795492835985
2020-02-17,BTCUSDT,9910.7,9964.16,9452.67,9706.0,70261.011901,288,288,0.0009736434527454243,-0.02153343082594171,True,0.031203260290319414,3.1203260290319412
2020-02-18,BTCUSDT,9706.0,10250.0,9576.01,10164.71,70604.124019,288,288,0.0009725482490657942,0.04617766642322435,True,0.031185705845239324,3.1185705845239324
2020-02-19,BTCUSDT,10164.78,10250.0,9350.0,9593.79,55162.586895,218,217,,,False,,
2020-02-20,BTCUSDT,9594.65,9699.0,9400.0,9596.42,60152.342914,288,288,0.0009432011753960053,0.0002740980965260714,True,0.030711580477012338,3.0711580477012337
2020-02-21,BTCUSDT,9597.21,9755.51,9550.21,9677.05,42181.554524,288,288,0.0005099397655982016,0.008366990519609988,True,0.02258184592982163,2.258184592982163
2020-02-22,BTCUSDT,9677.05,9709.17,9560.02,9650.86,24636.757623,288,288,0.0002130242362803649,-0.0027100722250199593,True,0.01459534981699188,1.4595349816991878
2020-02-23,BTCUSDT,9650.85,9990.0,9645.0,9936.4,37702.089843,288,288,0.00048041656578607327,0.029157751478756554,True,0.021918407008404448,2.191840700840445
2020-02-24,BTCUSDT,9936.4,9990.0,9473.56,9656.13,55796.59612,288,288,0.0008428631245208557,-0.028611835193424306,True,0.02903210506526965,2.903210506526965
2020-02-25,BTCUSDT,9655.52,9675.0,9250.0,9315.84,54379.344552,288,288,0.0007356927021874021,-0.03587676971483998,True,0.027123655767381398,2.7123655767381396
2020-02-26,BTCUSDT,9316.48,9377.44,8633.63,8785.25,92130.345482,288,288,0.0015985784877038873,-0.05864199828916472,True,0.039982227147870184,3.998222714787018
2020-02-27,BTCUSDT,8786.0,8971.77,8531.0,8823.21,72483.578762,288,288,0.001457661103960607,0.004311570552473672,True,0.03817932822825209,3.8179328228252087
2020-02-28,BTCUSDT,8823.25,8900.0,8445.0,8692.91,71155.208977,288,288,0.0016156499257602148,-0.014877998499185106,True,0.04019514803754571,4.019514803754571
2020-02-29,BTCUSDT,8690.8,8790.0,8523.55,8523.61,36748.183035,288,288,0.0006676066459712013,-0.019667790863484608,True,0.0258380851839141,2.58380851839141
2020-03-01,BTCUSDT,8523.61,8750.0,8411.0,8531.88,43892.201779,288,288,0.00098040038538067,0.0009697757904516078,True,0.031311345952875776,3.1311345952875778
2020-03-02,BTCUSDT,8530.3,8965.75,8498.0,8915.24,60401.31773,288,288,0.0006243982829188669,0.04395243605995452,True,0.02498796276047463,2.498796276047463
2020-03-03,BTCUSDT,8911.18,8919.65,8651.0,8760.07,55154.997282000004,288,288,0.0009769749374371008,-0.017558276088587427,True,0.0312565983023921,3.12565983023921
2020-03-04,BTCUSDT,8760.07,8848.29,8660.0,8750.87,38696.482578,263,262,,,False,,
2020-03-05,BTCUSDT,8750.99,9159.42,8746.54,9054.68,58201.866355,288,288,0.0005318237858845462,0.03412862712127445,True,0.02306130494756414,2.306130494756414
2020-03-06,BTCUSDT,9054.64,9170.0,8985.5,9131.88,43782.948044,288,288,0.0003179758075824829,0.008489836857211006,True,0.017831876165521194,1.7831876165521194
2020-03-07,BTCUSDT,9130.89,9188.0,8835.0,8886.66,45422.204525,288,288,0.0005557626427975984,-0.027220312082118316,True,0.023574618614043332,2.357461861404333
2020-03-08,BTCUSDT,8885.25,8886.76,8000.0,8033.31,77537.315166,288,288,0.0013780746803650492,-0.10095462863465925,True,0.03712242826600988,3.712242826600988
2020-03-09,BTCUSDT,8034.76,8179.31,7632.01,7929.87,116968.863268,288,288,0.0025890082341051206,-0.012960005190206158,True,0.05088229784615786,5.088229784615786
2020-03-10,BTCUSDT,7929.87,8149.0,7728.01,7894.56,86783.443875,288,288,0.0016658452700413495,-0.004462727390826424,True,0.040814767793549304,4.08147677935493
2020-03-11,BTCUSDT,7894.57,7980.0,7590.0,7934.52,79942.41117200001,288,288,0.001399774437921446,0.005048945976373677,True,0.037413559546258704,3.7413559546258703
2020-03-12,BTCUSDT,7934.58,7966.17,4410.0,4800.0,261505.608653,288,288,0.04902718300800031,-0.5026069427414599,True,0.22142082785501527,22.142082785501525
2020-03-13,BTCUSDT,4800.01,5955.0,3782.13,5578.6,402201.673764,288,288,0.11055610340923772,0.1503219309423461,True,0.3324997795626904,33.24997795626904
2020-03-14,BTCUSDT,5576.05,5640.52,5055.13,5172.06,136910.135974,288,288,0.007566670978972299,-0.07566678708579527,True,0.08698661379184902,8.698661379184902
2020-03-15,BTCUSDT,5172.48,5940.0,5093.1,5361.3,139916.146534,288,288,0.0091917371668801,0.03593542121833023,True,0.09587354779541696,9.587354779541696
2020-03-16,BTCUSDT,5360.33,5365.42,4442.12,5028.97,227276.92276000002,288,288,0.02054231618399626,-0.06399129121736513,True,0.1433259089766964,14.33259089766964
2020-03-17,BTCUSDT,5028.86,5525.0,4921.45,5312.64,150089.926318,288,288,0.006403753781995633,0.05487369507312004,True,0.08002345769832514,8.002345769832514
2020-03-18,BTCUSDT,5312.64,5436.17,5009.37,5393.04,137127.634894,288,288,0.006215218501664606,0.015020346505171053,True,0.07883665709341439,7.8836657093414395
2020-03-19,BTCUSDT,5393.26,6400.0,5252.53,6162.37,199020.873439,288,288,0.006016692626423046,0.13335221046196402,True,0.07756734252520868,7.756734252520868
2020-03-20,BTCUSDT,6162.05,6900.0,5670.0,6208.36,219298.329514,288,288,0.011648557617554355,0.007435327078688504,True,0.107928483810134,10.7928483810134
2020-03-21,BTCUSDT,6204.57,6456.98,5860.02,6186.98,128913.668363,288,288,0.00619645936228635,-0.003449686931126546,True,0.07871759245738115,7.871759245738115
2020-03-22,BTCUSDT,6187.04,6407.87,5734.01,5816.19,119115.990527,288,288,0.004471436573220075,-0.06180167576087229,True,0.06686880119472814,6.686880119472814
2020-03-23,BTCUSDT,5816.05,6600.0,5688.0,6467.31,164674.215785,288,288,0.005964844003597961,0.10611484879069576,True,0.07723240254969388,7.723240254969388
2020-03-24,BTCUSDT,6465.25,6833.0,6371.33,6744.72,151138.009878,288,288,0.004601286737492028,0.04199971957778258,True,0.06783278512262361,6.783278512262362
2020-03-25,BTCUSDT,6744.69,6957.96,6450.0,6677.43,132155.734989,288,288,0.003911308967588914,-0.010026793584929045,True,0.06254045864549534,6.254045864549535
2020-03-26,BTCUSDT,6677.42,6780.0,6510.0,6737.36,83026.555211,288,288,0.0015768331541155425,0.00893497381659471,True,0.03970935852057475,3.970935852057475
2020-03-27,BTCUSDT,6737.27,6842.59,6261.0,6359.11,82914.968354,288,288,0.002616747053248324,-0.05777972634544368,True,0.051154149912283016,5.115414991228302
2020-03-28,BTCUSDT,6359.11,6360.0,6024.0,6236.65,93159.693429,288,288,0.0025778125381641925,-0.019445251206402545,True,0.05077216302428125,5.077216302428125
2020-03-29,BTCUSDT,6236.65,6266.0,5866.56,5881.42,63311.627714,288,288,0.001398441457455796,-0.058644949893034905,True,0.03739574116735482,3.739574116735482
2020-03-30,BTCUSDT,5880.5,6599.0,5857.76,6394.38,118889.549992,288,288,0.002106134792099133,0.08362125023444777,True,0.04589264420469944,4.589264420469944
2020-03-31,BTCUSDT,6394.45,6523.23,6321.4,6410.44,72337.595259,288,288,0.0010456116646535983,0.0025084317344726934,True,0.032335919109460896,3.2335919109460898
2020-04-01,BTCUSDT,6412.14,6679.94,6150.11,6642.92,97500.7524,288,288,0.001782047371736811,0.035623714536336316,True,0.042214302928472135,4.221430292847214
2020-04-02,BTCUSDT,6643.36,7198.0,6551.0,6794.09,149299.90687099998,288,288,0.0045060706760342425,0.02250149077446066,True,0.06712727222250464,6.712727222250464
2020-04-03,BTCUSDT,6793.86,7048.0,6602.1,6734.1,104080.276939,288,288,0.0018927920887015458,-0.008868945989812091,True,0.04350623045842453,4.350623045842453
2020-04-04,BTCUSDT,6732.97,6990.41,6650.01,6856.99,72990.861139,288,288,0.0016245078611286754,0.01808439929397595,True,0.040305184047820394,4.03051840478204
2020-04-05,BTCUSDT,6857.41,6895.54,6677.52,6772.78,49685.356983,288,288,0.0007165538187870857,-0.012356932145710766,True,0.026768522910072676,2.676852291007268
2020-04-06,BTCUSDT,6772.78,7355.14,6765.0,7329.9,118052.000832,288,288,0.0011305465037579308,0.07905023544895781,True,0.033623600398498835,3.3623600398498836
2020-04-07,BTCUSDT,7329.9,7459.69,7077.0,7197.32,103585.168918,288,288,0.0013515636377163015,-0.018253138732796076,True,0.03676361839803451,3.676361839803451
2020-04-08,BTCUSDT,7197.32,7420.0,7150.0,7361.28,76059.145838,288,288,0.0009831667554425182,0.02252509615524229,True,0.031355490036714756,3.1355490036714757
2020-04-09,BTCUSDT,7360.26,7371.92,7108.08,7283.54,61094.872417,288,288,0.0007805583623043355,-0.010616822906184669,True,0.027938474588000247,2.7938474588000246
2020-04-10,BTCUSDT,7283.54,7295.75,6739.98,6858.92,104674.623375,288,288,0.0017599718237294832,-0.060067012815594664,True,0.041952018112714,4.1952018112714
2020-04-11,BTCUSDT,6858.92,6944.3,6760.0,6876.83,45470.293206,288,288,0.0005507468035434542,0.0026077950093569987,True,0.023467995303038863,2.3467995303038864
2020-04-12,BTCUSDT,6876.84,7177.0,6780.0,6903.79,73868.666501,288,288,0.0009535805396012697,0.0039127462183137715,True,0.030880099410482306,3.0880099410482305
2020-04-13,BTCUSDT,6903.79,6903.79,6575.0,6837.91,96415.47657299999,288,288,0.0020523703539826513,-0.009588406781742886,True,0.045303094309137995,4.5303094309138
2020-04-14,BTCUSDT,6838.04,6978.0,6754.28,6868.7,69068.623285,288,288,0.000793237783727926,0.004492730411149157,True,0.0281644773380925,2.81644773380925
2020-04-15,BTCUSDT,6868.57,6933.0,6605.0,6621.24,61571.384994,288,288,0.0006604999104098875,-0.03669219621182441,True,0.025700192808807632,2.5700192808807634
2020-04-16,BTCUSDT,6621.25,7190.0,6468.27,7101.94,125009.857539,288,288,0.0024643058430283073,0.07008532257417749,True,0.04964177518006691,4.964177518006691
2020-04-17,BTCUSDT,7101.99,7148.12,6972.98,7027.55,54126.509763,288,288,0.0006853560256812719,-0.010529847481826305,True,0.026179305294091973,2.6179305294091972
2020-04-18,BTCUSDT,7026.78,7293.08,7014.4,7248.6,49488.542819,288,288,0.00037618361443259886,0.030970208092470395,True,0.01939545344746028,1.939545344746028
2020-04-19,BTCUSDT,7248.6,7266.15,7055.6,7120.74,45664.86393,288,288,0.00043617048042669473,-0.017796694163899125,True,0.02088469488469235,2.0884694884692347
2020-04-20,BTCUSDT,7121.4,7220.0,6751.0,6826.83,90149.49137,288,288,0.0012463969836313247,-0.04215121560930792,True,0.03530434794230485,3.530434794230485
2020-04-21,BTCUSDT,6828.98,6940.0,6762.0,6841.37,60109.710808,288,288,0.0006440527635377026,0.0021275669780439254,True,0.02537819464693465,2.5378194646934653
2020-04-22,BTCUSDT,6841.36,7156.38,6818.0,7125.14,61486.377334,288,288,0.0003863086771274892,0.04064137110820367,True,0.01965473676057477,1.965473676057477
2020-04-23,BTCUSDT,7125.12,7738.0,7020.0,7482.39,102773.569561,288,288,0.0015874255360510438,0.04892288458324957,True,0.03984250915857388,3.984250915857388
2020-04-24,BTCUSDT,7483.96,7615.96,7388.0,7505.0,60182.119939,288,288,0.0005434616535306557,0.0030172054176963747,True,0.02331226401554889,2.331226401554889
2020-04-25,BTCUSDT,7505.0,7705.0,7431.07,7538.67,43874.427726,258,257,,,False,,
2020-04-26,BTCUSDT,7539.03,7700.0,7480.0,7693.1,50522.616209,288,288,0.0005026238933566029,0.020278049334499053,True,0.022419275040834904,2.2419275040834905
2020-04-27,BTCUSDT,7693.1,7792.02,7606.0,7774.62,65441.339576,288,288,0.0005326190637636865,0.01054075905040605,True,0.023078541196611336,2.3078541196611337
2020-04-28,BTCUSDT,7773.51,7780.0,7659.12,7738.98,46302.752638,288,288,0.00026855612425846537,-0.004594686301060176,True,0.016387682089254275,1.6387682089254274
2020-04-29,BTCUSDT,7738.58,8952.89,7710.05,8778.57,183546.887514,288,288,0.003180936248418697,0.126043628251024,True,0.056399789435942906,5.639978943594291
2020-04-30,BTCUSDT,8778.58,9460.0,8401.0,8620.0,206277.214124,288,288,0.004605086803607411,-0.018228439547186982,True,0.06786078988346224,6.786078988346224
2020-05-01,BTCUSDT,8620.0,9059.18,8613.56,8826.96,91468.815059,288,288,0.0012037797966786507,0.023725589801302082,True,0.03469552992358887,3.469552992358887
2020-05-02,BTCUSDT,8825.67,9010.0,8753.0,8972.05,59002.08755,288,288,0.0006103449381569936,0.016303515058974843,True,0.024705160152425517,2.4705160152425516
2020-05-03,BTCUSDT,8972.58,9200.0,8712.0,8894.16,90126.065643,288,288,0.0014978667606282158,-0.008719307953238935,True,0.03870228366166802,3.870228366166802
2020-05-04,BTCUSDT,8894.15,8950.0,8522.0,8871.96,84418.512331,288,288,0.0011616654332411165,-0.0024991401110147715,True,0.034083213364369216,3.408321336436922
2020-05-05,BTCUSDT,8871.92,9118.58,8760.0,9021.83,76480.765342,288,288,0.0012175195184692985,0.01675145450840894,True,0.03489297233640749,3.4892972336407495
2020-05-06,BTCUSDT,9021.36,9395.0,8906.21,9142.92,105925.30241999999,288,288,0.0011648975951139174,0.013332613300691819,True,0.0341305961728464,3.4130596172846404
2020-05-07,BTCUSDT,9143.4,10067.0,9021.0,9986.4,147154.611378,288,288,0.001723187092298479,0.08824435807397762,True,0.04151128873328891,4.151128873328891
2020-05-08,BTCUSDT,9986.3,10035.96,9705.0,9800.01,100683.7964,288,288,0.0011462666822645736,-0.018840761270535997,True,0.0338565604021521,3.38565604021521
2020-05-09,BTCUSDT,9800.02,9914.25,9520.0,9539.4,81950.679567,288,288,0.0009513323721404972,-0.026952815683587334,True,0.03084367637199718,3.084367637199718
2020-05-10,BTCUSDT,9539.1,9574.83,8117.0,8722.77,183865.182028,288,288,0.01263396174144396,-0.08949374237266468,True,0.11240089742276954,11.240089742276954
2020-05-11,BTCUSDT,8722.77,9168.0,8200.0,8561.52,168807.251832,288,288,0.0061859503499759345,-0.018659103544511883,True,0.07865081277377835,7.8650812773778345
2020-05-12,BTCUSDT,8562.04,8978.26,8528.78,8810.79,86522.780066,288,288,0.001513567805880954,0.028699362273097506,True,0.03890459877547838,3.8904598775478383
2020-05-13,BTCUSDT,8810.99,9398.0,8792.99,9309.37,92466.274018,288,288,0.0009739250823904413,0.05504431306987733,True,0.031207772788048194,3.1207772788048196
2020-05-14,BTCUSDT,9309.35,9939.0,9256.76,9791.98,129565.37747,288,288,0.0021547249539770005,0.05054226345784299,True,0.04641901500438156,4.641901500438156
2020-05-15,BTCUSDT,9791.97,9845.62,9150.0,9316.42,115890.761516,288,288,0.0023638706738925075,-0.04978524855144869,True,0.04861965316507829,4.861965316507829
2020-05-16,BTCUSDT,9315.96,9588.0,9220.0,9381.27,59587.627862,288,288,0.0009586779039219688,0.006936713576644978,True,0.030962524185246407,3.0962524185246405
2020-05-17,BTCUSDT,9380.81,9888.0,9322.1,9680.04,68647.764323,288,288,0.0008382517456070704,0.03135088520193305,True,0.0289525775295926,2.89525775295926
2020-05-18,BTCUSDT,9681.11,9950.0,9464.23,9733.93,82006.603583,288,288,0.0011515250228381789,0.00555168658578474,True,0.03393412770115329,3.393412770115329
2020-05-19,BTCUSDT,9733.93,9897.21,9474.0,9775.53,78539.760454,288,288,0.001118358353703566,0.004264604253293308,True,0.03344186528445395,3.3441865284453947
2020-05-20,BTCUSDT,9775.13,9842.0,9326.0,9511.43,74923.73809,288,288,0.0010065189128121493,-0.027388091063623173,True,0.0317256822276866,3.1725682227686596
2020-05-21,BTCUSDT,9511.43,9578.47,8815.0,9068.65,108928.780969,288,288,0.0014131924254812374,-0.04767082257525784,True,0.03759245170883694,3.759245170883694
2020-05-22,BTCUSDT,9067.51,9271.0,8933.52,9170.0,58943.131024,288,288,0.0008209718204252989,0.011113875556823456,True,0.02865260582260013,2.8652605822600132
2020-05-23,BTCUSDT,9170.0,9307.85,9070.0,9179.15,43526.296966,288,288,0.0004402987258851071,0.0009973214844745493,True,0.020983296354126706,2.0983296354126706
2020-05-24,BTCUSDT,9179.01,9298.0,8700.0,8720.34,70379.86645,288,288,0.0011594405033402483,-0.05127637976639278,True,0.03405055804741309,3.405055804741309
2020-05-25,BTCUSDT,8718.14,8979.66,8642.72,8900.35,62833.910949,288,288,0.0008390747207381656,0.02043237382109726,True,0.02896678651038402,2.896678651038402
2020-05-26,BTCUSDT,8900.35,9017.67,8700.0,8841.18,58299.770138,288,288,0.0006097918695763216,-0.006670249903320667,True,0.0246939642337216,2.46939642337216
2020-05-27,BTCUSDT,8841.0,9225.0,8811.73,9204.07,68910.355514,288,288,0.0006998085948234151,0.040225425628930084,True,0.026453895645507774,2.6453895645507775
2020-05-28,BTCUSDT,9204.07,9625.47,9110.0,9575.89,74110.787662,288,288,0.0006071224252571978,0.039602703605574455,True,0.02463985440819807,2.463985440819807
2020-05-29,BTCUSDT,9575.87,9605.26,9330.0,9427.07,57374.362961,288,288,0.0006564299405319103,-0.015663143272285227,True,0.0256208887537476,2.56208887537476
2020-05-30,BTCUSDT,9426.6,9740.0,9331.23,9697.72,55665.27254,288,288,0.0007789672237264364,0.028305468467553,True,0.027909984301794876,2.7909984301794877
2020-05-31,BTCUSDT,9697.72,9700.0,9381.41,9448.27,48333.786403,288,288,0.000565870348010663,-0.02605915037055292,True,0.023788029510883473,2.3788029510883475
2020-06-01,BTCUSDT,9448.27,10380.0,9421.67,10200.77,76649.12696,288,288,0.0012292540288081457,0.07663155167361417,True,0.035060719171291194,3.5060719171291193
2020-06-02,BTCUSDT,10202.71,10228.99,9266.0,9518.04,108970.773151,288,288,0.004531480512287054,-0.06927426238341113,True,0.06731627226969014,6.731627226969014
2020-06-03,BTCUSDT,9518.02,9690.0,9365.21,9666.24,46252.644939,288,288,0.000359406443869755,0.015450457159571093,True,0.018958017930937692,1.8958017930937692
2020-06-04,BTCUSDT,9666.32,9881.63,9450.0,9789.06,57456.100969,288,288,0.0006289758717119928,0.012626033176125538,True,0.025079391374433168,2.5079391374433166
2020-06-05,BTCUSDT,9788.14,9854.75,9581.0,9621.16,47788.05005,288,288,0.0005257002328295478,-0.01730059606058916,True,0.022928153716109543,2.2928153716109545
2020-06-06,BTCUSDT,9621.17,9735.0,9531.05,9666.3,32752.950893,288,288,0.0002675575190559098,0.004680770035724903,True,0.01635718554812868,1.635718554812868
2020-06-07,BTCUSDT,9666.85,9802.0,9372.46,9746.99,57952.848385,288,288,0.000494174325755129,0.008312909833358823,True,0.02223003206824338,2.223003206824338
2020-06-08,BTCUSDT,9746.99,9800.0,9633.0,9782.01,40664.664125,288,288,0.00026542219214568003,0.0035864650046334946,True,0.016291782963987707,1.6291782963987707
2020-06-09,BTCUSDT,9782.0,9877.0,9570.0,9772.43,46024.001289,288,288,0.0006981322852822681,-0.0009798287004332165,True,0.026422193044527326,2.6422193044527327
2020-06-10,BTCUSDT,9772.44,9992.72,9704.18,9885.0,47130.762982,288,288,0.0005886895956888984,0.011453300920540883,True,0.024262926362846226,2.4262926362846224
2020-06-11,BTCUSDT,9885.22,9964.0,9113.0,9280.4,94418.98473,288,288,0.0016977731510415617,-0.06311380730512267,True,0.04120404289680275,4.120404289680275
2020-06-12,BTCUSDT,9278.88,9557.12,9232.51,9465.13,50119.066932,288,288,0.0004389595399624548,0.01970987006197281,True,0.020951361291392377,2.0951361291392376
2020-06-13,BTCUSDT,9464.96,9494.73,9351.0,9473.34,27759.784851,288,288,0.00022917815493182523,0.000867018350933657,True,0.015138631210642038,1.5138631210642037
2020-06-14,BTCUSDT,9473.34,9480.99,9245.0,9342.1,30055.506608,288,288,0.0003338883673872294,-0.013950471361774875,True,0.01827261249485769,1.827261249485769
2020-06-15,BTCUSDT,9342.1,9495.0,8910.45,9426.02,86107.924707,288,288,0.0008709856135555737,0.008942883921489828,True,0.029512465392704378,2.951246539270438
2020-06-16,BTCUSDT,9426.05,9589.0,9373.09,9525.59,52052.446927,288,288,0.0005265096512231581,0.010507911061559213,True,0.02294579811693544,2.294579811693544
2020-06-17,BTCUSDT,9526.97,9565.0,9236.61,9465.14,48046.411152,288,288,0.0002839176355304186,-0.006366285463240627,True,0.01684985565310334,1.6849855653103338
2020-06-18,BTCUSDT,9465.13,9489.0,9280.0,9386.32,37381.953765,288,288,0.0002471439402309001,-0.00836226576684469,True,0.01572081232732266,1.572081232732266
2020-06-19,BTCUSDT,9386.32,9438.3,9215.79,9310.23,45330.983673,288,288,0.0003162332608637003,-0.008139514519043912,True,0.017782948598691395,1.7782948598691395
2020-06-20,BTCUSDT,9310.23,9395.0,9170.95,9358.95,30329.065384,288,288,0.00015284666790761698,0.005219309107221129,True,0.01236311724071308,1.236311724071308
2020-06-21,BTCUSDT,9358.95,9422.0,9281.54,9294.69,24316.926234,288,288,9.576639279168907e-05,-0.006889835356611026,True,0.009786030492068226,0.9786030492068226
2020-06-22,BTCUSDT,9294.69,9780.0,9277.09,9685.69,57895.468343,288,288,0.0002742960807118352,0.04120626916014024,True,0.016561886387481205,1.6561886387481204
2020-06-23,BTCUSDT,9685.69,9720.0,9577.03,9624.89,41031.02938,288,288,0.00018253615170679306,-0.006297086976149317,True,0.013510594054548197,1.3510594054548197
2020-06-24,BTCUSDT,9624.33,9670.0,9208.0,9296.49,61571.561464,288,288,0.0005561763796047728,-0.03471554197335037,True,0.02358339202923898,2.358339202923898
2020-06-25,BTCUSDT,9298.33,9340.0,9009.69,9249.49,55831.619156,288,288,0.0006694378525621585,-0.00506849469456044,True,0.02587349710731347,2.587349710731347
2020-06-26,BTCUSDT,9249.49,9298.0,9045.45,9162.21,50292.298277,288,288,0.000546186945435543,-0.009480998907669656,True,0.023370642811774412,2.337064281177441
2020-06-27,BTCUSDT,9162.21,9196.24,8833.0,9012.0,46290.930113,288,288,0.0005544280326616637,-0.016530393391535128,True,0.023546295518863763,2.3546295518863762
2020-06-28,BTCUSDT,9012.0,9191.0,8948.06,9116.35,30688.176421,246,245,,,False,,
2020-06-29,BTCUSDT,9116.16,9238.0,9024.67,9192.56,42120.293261,288,288,0.00023440401532121547,0.008324956553215815,True,0.015310258499490316,1.5310258499490315
2020-06-30,BTCUSDT,9192.93,9205.0,9064.89,9138.55,31463.162801,288,288,0.00016377106625454623,-0.005892731677256158,True,0.01279730699227561,1.279730699227561
2020-07-01,BTCUSDT,9138.08,9292.0,9080.1,9232.0,38488.528699,288,288,0.0002050995456196828,0.010173980210908646,True,0.0143212969251979,1.43212969251979
2020-07-02,BTCUSDT,9231.99,9261.96,8940.0,9086.54,45725.168076,288,288,0.00040947767667068725,-0.015881512101219495,True,0.020235554765577524,2.0235554765577524
2020-07-03,BTCUSDT,9086.54,9125.0,9037.47,9058.26,28943.420177,288,288,0.00012500613411813878,-0.003117149034304062,True,0.01118061421023634,1.1180614210236341
2020-07-04,BTCUSDT,9057.79,9190.0,9040.04,9135.46,26441.968484,288,288,0.00015419570928632792,0.008486495706434106,True,0.012417556494187089,1.2417556494187088
2020-07-05,BTCUSDT,9135.0,9145.24,8893.03,9069.41,34073.653627,288,288,0.00023833099233781598,-0.00725633193954031,True,0.015437972416668453,1.5437972416668453
2020-07-06,BTCUSDT,9069.41,9375.0,9055.92,9344.2,54463.132277,288,288,0.00022417945991765083,0.02984861756928043,True,0.014972623681828473,1.4972623681828474
2020-07-07,BTCUSDT,9342.47,9379.42,9203.0,9257.39,34587.336678,288,288,0.00015984085336414347,-0.00933367848898878,True,0.012642818252436577,1.2642818252436576
2020-07-08,BTCUSDT,9257.4,9470.0,9231.0,9436.06,56140.517781,288,288,0.0002326336628688864,0.01911636867434404,True,0.015252333030355926,1.5252333030355927
2020-07-09,BTCUSDT,9436.06,9440.79,9160.0,9232.43,48044.450645,288,288,0.00021834469271480501,-0.021816234347636985,True,0.014776491217972046,1.4776491217972045
2020-07-10,BTCUSDT,9232.42,9317.48,9125.0,9288.34,38295.494006,288,288,0.00016733233555938593,0.006037564295295094,True,0.012935700041334675,1.2935700041334675
2020-07-11,BTCUSDT,9288.34,9299.28,9178.25,9234.03,22561.366,288,288,0.00011521304998620327,-0.005864277156991776,True,0.010733734205121873,1.0733734205121872
2020-07-12,BTCUSDT,9234.02,9345.0,9157.5,9302.75,30872.702286,288,288,0.00024340698848749625,0.0074144824312149795,True,0.015601505968575478,1.5601505968575478
2020-07-13,BTCUSDT,9303.31,9343.82,9200.89,9242.62,42740.069115,288,288,0.0001301632729185992,-0.006484660129130997,True,0.011408911995391988,1.1408911995391988
2020-07-14,BTCUSDT,9242.61,9279.54,9113.0,9255.85,45772.552509,288,288,0.00017249142777598785,0.0014303888111534765,True,0.013133599193518426,1.3133599193518426
2020-07-15,BTCUSDT,9255.85,9276.49,9160.57,9197.6,39053.579665,288,288,9.058011531038994e-05,-0.0063132035982606145,True,0.009517358630964262,0.9517358630964262
2020-07-16,BTCUSDT,9197.6,9226.15,9047.25,9133.72,43375.571191,288,288,0.00015249193569589364,-0.006969520861187945,True,0.012348762516782548,1.2348762516782548
2020-07-17,BTCUSDT,9133.72,9186.83,9089.81,9154.32,28054.358741,288,288,7.368136590237016e-05,0.0022528394199241046,True,0.008583785056859833,0.8583785056859833
2020-07-18,BTCUSDT,9154.31,9219.3,9121.1,9170.28,22554.541457,288,288,6.15220095470367e-05,0.0017419211372267517,True,0.00784359672261627,0.7843596722616271
2020-07-19,BTCUSDT,9170.3,9232.27,9101.35,9208.99,26052.019417,288,288,6.674047162269842e-05,0.004212360691052583,True,0.008169484171151714,0.8169484171151714
2020-07-20,BTCUSDT,9208.99,9221.52,9131.0,9160.78,35458.764082,288,288,6.134724168412736e-05,-0.005248852945236283,True,0.007832448000729233,0.7832448000729233
2020-07-21,BTCUSDT,9160.78,9437.73,9152.8,9390.0,60413.582486,288,288,0.00019633422355292836,0.024713965321000012,True,0.014011931471175855,1.4011931471175856
2020-07-22,BTCUSDT,9390.0,9544.0,9261.0,9518.16,48815.004107,288,288,0.00017225801217635436,0.01355625959171204,True,0.01312470998446649,1.312470998446649
2020-07-23,BTCUSDT,9518.16,9664.0,9440.33,9603.27,51856.2335,288,288,0.00014612072885565884,0.008902112662383705,True,0.012088040736846432,1.2088040736846433
2020-07-24,BTCUSDT,9603.27,9637.0,9463.44,9537.8,43931.136205,288,288,0.00016859354794353763,-0.006840814574632378,True,0.012984357817910658,1.2984357817910657
2020-07-25,BTCUSDT,9538.1,9732.9,9513.0,9700.42,40679.545416,288,288,0.00024636006582634437,0.016906332641403097,True,0.015695861423520033,1.5695861423520034
2020-07-26,BTCUSDT,9700.42,10111.0,9650.0,9931.54,65279.269319,288,288,0.0007295586097125517,0.02354636809071071,True,0.02701034264337555,2.701034264337555
2020-07-27,BTCUSDT,9931.54,11394.86,9917.21,11029.96,150188.933144,288,288,0.0035350178011474263,0.1048996551538339,True,0.059456015685104786,5.945601568510479
2020-07-28,BTCUSDT,11029.96,11242.23,10565.0,10906.27,97267.734187,288,288,0.0024603086874585988,-0.01127735357367268,True,0.0496014988428636,4.96014988428636
2020-07-29,BTCUSDT,10906.27,11342.82,10812.0,11100.53,76838.094233,288,288,0.0011740098265761894,0.01765500171424028,True,0.034263826794101525,3.4263826794101524
2020-07-30,BTCUSDT,11100.52,11170.0,10831.0,11099.61,60794.826456,288,288,0.0006729311568367915,-8.288236024949912e-05,True,0.025940916653749757,2.5940916653749757
2020-07-31,BTCUSDT,11099.79,11444.0,10960.0,11335.46,70063.660974,288,288,0.000658018173773174,0.02102589283746759,True,0.025651864918036154,2.5651864918036154
2020-08-01,BTCUSDT,11335.46,11861.0,11220.0,11801.17,85087.485126,288,288,0.0010994578628149294,0.04026281369533401,True,0.03315807387070198,3.315807387070198
2020-08-02,BTCUSDT,11801.17,12123.46,10518.5,11071.35,97553.077604,288,288,0.005354768528606152,-0.06383798859409112,True,0.0731762839218155,7.3176283921815495
2020-08-03,BTCUSDT,11071.36,11473.0,10936.0,11219.81,56931.841475,288,288,0.0007124630003068526,0.013320275400210854,True,0.026692002553327702,2.66920025533277
2020-08-04,BTCUSDT,11219.68,11414.98,11000.0,11191.97,58629.113709,288,288,0.0006230167222082119,-0.0024844090312944934,True,0.02496030292701216,2.4960302927012163
2020-08-05,BTCUSDT,11191.99,11780.93,11093.0,11744.91,74970.256852,288,288,0.0007004249371921308,0.048223398372741484,True,0.026465542450366114,2.6465542450366115
2020-08-06,BTCUSDT,11744.91,11900.0,11562.5,11762.46,63529.08502,288,288,0.0005656218437313306,0.00149314902182925,True,0.023782805632038675,2.3782805632038677
2020-08-07,BTCUSDT,11762.47,11909.94,11322.0,11594.23,65755.926022,288,288,0.0006825153139584717,-0.014405543700161045,True,0.026124994047051413,2.6124994047051415
2020-08-08,BTCUSDT,11594.36,11808.27,11512.0,11761.41,41858.16104,288,288,0.0004708467364222696,0.01431627267454201,True,0.02169900312047237,2.169900312047237
2020-08-09,BTCUSDT,11761.02,11797.11,11521.97,11681.68,41493.067342,288,288,0.00041687250247327397,-0.006802030569309487,True,0.020417455827631267,2.041745582763127
2020-08-10,BTCUSDT,11681.69,12067.35,11450.0,11892.92,84952.337887,288,288,0.002151758891371742,0.01792146240338794,True,0.04638705521340778,4.638705521340778
2020-08-11,BTCUSDT,11892.9,11935.0,11125.0,11392.08,90748.284634,288,288,0.0013938099434317953,-0.043024887959684135,True,0.03733376412085708,3.733376412085708
2020-08-12,BTCUSDT,11392.09,11617.52,11150.0,11564.33,64909.613644,288,288,0.0006692174620555452,0.015006983468523123,True,0.02586923775559584,2.5869237755595837
2020-08-13,BTCUSDT,11564.34,11792.96,11270.36,11780.0,70132.491502,288,288,0.0007752519243971196,0.018477817638043865,True,0.02784334614224949,2.784334614224949
2020-08-14,BTCUSDT,11779.77,11850.0,11634.03,11760.54,59818.852697,288,288,0.00046714203987947985,-0.0016533184398265625,True,0.021613468945994762,2.1613468945994763
2020-08-15,BTCUSDT,11760.55,11980.0,11680.0,11852.4,56237.90505,288,288,0.0005700222856459392,0.007780518936331649,True,0.02387513948955983,2.387513948955983
2020-08-16,BTCUSDT,11852.4,11931.72,11686.0,11911.0,41368.236906,288,288,0.000314104117085525,0.0049319641788187355,True,0.01772298273670448,1.772298273670448
2020-08-17,BTCUSDT,11910.99,12468.0,11769.78,12281.13,84734.21154,288,288,0.0013949490399095417,0.03060159513066759,True,0.0373490165855748,3.7349016585574804
2020-08-18,BTCUSDT,12281.15,12387.77,11817.93,11945.01,75923.835527,288,288,0.0009700213136546418,-0.027750320081645283,True,0.031145165173019098,3.11451651730191
2020-08-19,BTCUSDT,11945.1,12020.08,11561.0,11754.59,73940.169606,288,288,0.000838155766788325,-0.016069815339022638,True,0.028950919964455795,2.8950919964455797
2020-08-20,BTCUSDT,11754.38,11888.0,11668.0,11853.55,46085.254351,288,288,0.00029560627968782326,0.008383598166900692,True,0.017193204462456185,1.7193204462456184
2020-08-21,BTCUSDT,11853.54,11878.0,11485.81,11531.34,64448.306142,288,288,0.0004126072083576641,-0.027558854687273274,True,0.02031273512744318,2.0312735127443178
2020-08-22,BTCUSDT,11531.23,11686.0,11376.81,11662.96,43678.701646,288,288,0.00032012962453636994,0.011349461965323061,True,0.01789216656909861,1.7892166569098609
2020-08-23,BTCUSDT,11663.51,11718.07,11514.13,11648.13,37900.00469,288,288,0.00021139486115868893,-0.001272355947378065,True,0.014539424375080635,1.4539424375080636
2020-08-24,BTCUSDT,11648.12,11824.9,11585.09,11748.2,46212.391867,288,288,0.00018072250264720066,0.00855438525945653,True,0.013443306983298441,1.3443306983298442
2020-08-25,BTCUSDT,11748.19,11767.85,11117.64,11318.42,69590.923272,288,288,0.0006421341691812875,-0.0372685503041192,True,0.025340366397928967,2.534036639792897
2020-08-26,BTCUSDT,11318.42,11539.32,11244.0,11461.43,53998.231231,288,288,0.0004595304358754142,0.012555998290226094,True,0.02143666102440896,2.143666102440896
2020-08-27,BTCUSDT,11461.42,11592.2,11125.0,11330.38,63246.036383,288,288,0.0006468687089065955,-0.01149987159815449,True,0.02543361376027,2.543361376027
2020-08-28,BTCUSDT,11330.38,11542.65,11276.89,11526.91,45953.908365,288,288,0.00026886651370193617,0.01719668807894741,True,0.01639714956027224,1.6397149560272242
2020-08-29,BTCUSDT,11526.9,11580.02,11417.04,11465.84,32973.7992,288,288,0.00018104513095282558,-0.005312121743529307,True,0.013455301221185113,1.3455301221185112
2020-08-30,BTCUSDT,11465.84,11719.0,11458.0,11711.16,43177.879054,288,288,0.0002319881834972815,0.02117005324622293,True,0.015231158311083287,1.5231158311083288
2020-08-31,BTCUSDT,11711.17,11800.77,11570.0,11649.51,55353.617744,288,288,0.00025123243003572957,-0.005278114294062007,True,0.01585031324724308,1.5850313247243082
2020-09-01,BTCUSDT,11649.51,12050.85,11515.0,11921.97,78148.193668,288,288,0.00045322965663407305,0.023118797396929954,True,0.021289191075145927,2.1289191075145926
2020-09-02,BTCUSDT,11921.97,11954.57,11160.1,11388.54,87221.845602,288,288,0.000808796423164455,-0.045775329811585344,True,0.028439346391301874,2.8439346391301874
2020-09-03,BTCUSDT,11388.54,11462.6,9960.8,10140.85,121950.106015,288,288,0.0031666627903032467,-0.11603576554688878,True,0.05627310894471041,5.627310894471041
2020-09-04,BTCUSDT,10138.29,10627.05,9875.5,10446.25,92733.599113,288,288,0.0025875005905122597,0.029671241253729885,True,0.050867480677858026,5.086748067785803
2020-09-05,BTCUSDT,10446.25,10565.68,9825.0,10166.69,90001.605568,288,288,0.0034118915490615595,-0.027126372308918647,True,0.058411399136312075,5.841139913631207
2020-09-06,BTCUSDT,10166.69,10347.14,9994.86,10256.2,56368.788815,288,288,0.0010466573713469292,0.00876571074361796,True,0.032352084497709405,3.2352084497709406
2020-09-07,BTCUSDT,10255.89,10410.75,9875.0,10373.44,62620.230676,288,288,0.0010371394626514032,0.011366292597356057,True,0.03220464970546028,3.220464970546028
2020-09-08,BTCUSDT,10373.45,10438.0,9850.0,10126.65,73491.878418,288,288,0.0019306418086719212,-0.024078130687019583,True,0.04393906927407454,4.393906927407453
2020-09-09,BTCUSDT,10126.66,10343.0,9981.01,10219.2,49347.113776,288,288,0.0005634998297650923,0.009097741146643445,True,0.023738151355257055,2.3738151355257053
2020-09-10,BTCUSDT,10219.29,10483.35,10070.83,10336.87,58253.75375,288,288,0.0006234850811455401,0.011448811499434766,True,0.024969683240793024,2.4969683240793024
2020-09-11,BTCUSDT,10336.86,10397.6,10200.0,10387.89,43830.254467,288,288,0.0003103755386017493,0.004923589278497407,True,0.017617478213460328,1.761747821346033
2020-09-12,BTCUSDT,10387.89,10477.97,10269.25,10440.92,35379.153096,288,288,0.00015820218562874542,0.0050919965741699075,True,0.01257784503119455,1.257784503119455
2020-09-13,BTCUSDT,10440.67,10580.11,10200.0,10332.83,43837.609865,288,288,0.0003659985379478307,-0.010406496224025062,True,0.01913108825832526,1.9131088258325262
2020-09-14,BTCUSDT,10332.84,10750.0,10212.34,10671.77,67059.291361,288,288,0.0004726079562699658,0.032275732263625574,True,0.021739548207586234,2.1739548207586235
2020-09-15,BTCUSDT,10671.77,10930.04,10606.48,10785.31,61822.452786,288,288,0.0005963350309801314,0.010583085836547637,True,0.024419971969274073,2.4419971969274075
2020-09-16,BTCUSDT,10785.23,11093.0,10661.22,10954.01,64991.51244,288,288,0.000525603552982839,0.015520576216203319,True,0.022926045297496013,2.2926045297496014
2020-09-17,BTCUSDT,10954.01,11045.46,10745.83,10939.99,55601.614529,288,288,0.00035081106798479024,-0.0012807163530043349,True,0.018729951094030924,1.8729951094030923
2020-09-18,BTCUSDT,10940.0,11038.03,10812.84,10933.39,47266.728275,288,288,0.00023863873289377665,-0.0006034732812479526,True,0.015447936201764191,1.5447936201764192
2020-09-19,BTCUSDT,10933.4,11179.79,10887.37,11080.65,38440.036858,288,288,0.0002555014062932976,0.013378934222998988,True,0.015984411352730436,1.5984411352730437
2020-09-20,BTCUSDT,11080.64,11080.64,10723.0,10920.28,39157.922565,288,288,0.00034172125418393325,-0.014578732844710358,True,0.018485704048911235,1.8485704048911236
2020-09-21,BTCUSDT,10920.28,10988.86,10296.35,10417.22,70683.431179,288,288,0.0006750443309432078,-0.04716140491019178,True,0.02598161524892569,2.5981615248925687
2020-09-22,BTCUSDT,10417.22,10572.71,10353.0,10529.61,43991.235476,288,288,0.00037818088515167075,0.010731082319475494,True,0.019446873402983594,1.9446873402983593
2020-09-23,BTCUSDT,10529.61,10537.15,10136.82,10241.46,51876.568079,288,288,0.0004030843417936436,-0.027747100849891567,True,0.020076960471984887,2.007696047198489
2020-09-24,BTCUSDT,10241.46,10795.24,10190.93,10736.32,57676.619427,288,288,0.00048282667784261066,0.04718819847137488,True,0.021973317406404767,2.1973317406404766
2020-09-25,BTCUSDT,10736.33,10760.53,10556.24,10686.67,48101.117008,288,288,0.00035002248634851725,-0.004635215616036615,True,0.018708887897160464,1.8708887897160464
2020-09-26,BTCUSDT,10686.57,10820.94,10644.68,10728.6,28420.836659,288,288,0.0001872491932391302,0.003915902398666826,True,0.013683902704971641,1.3683902704971642
2020-09-27,BTCUSDT,10728.59,10799.0,10594.82,10774.25,30549.483253,288,288,0.00019732170069370163,0.004245955171710395,True,0.014047124285550465,1.4047124285550465
2020-09-28,BTCUSDT,10774.26,10950.0,10626.0,10696.12,50095.251734,288,288,0.00041860507529589794,-0.007277969114732944,True,0.020459840549131803,2.0459840549131805
2020-09-29,BTCUSDT,10696.11,10867.54,10635.87,10840.48,41874.898399,288,288,0.00022216671347159028,0.013406216589901038,True,0.014905257913621968,1.4905257913621968
2020-09-30,BTCUSDT,10840.58,10849.34,10665.13,10776.59,39596.027322,288,288,0.0002286824950422908,-0.005911086565505387,True,0.015122251652524857,1.5122251652524856
2020-10-01,BTCUSDT,10776.59,10920.0,10437.0,10619.13,60866.332893,288,288,0.0006069228321467966,-0.014719097354312698,True,0.024635803866462257,2.4635803866462256
2020-10-02,BTCUSDT,10619.13,10664.64,10374.0,10570.4,50130.393705,288,288,0.00047219205022662946,-0.004599449436266831,True,0.02172998044699142,2.172998044699142
2020-10-03,BTCUSDT,10570.4,10603.56,10496.46,10542.06,22298.221341,288,288,0.0001129676072566352,-0.0026846721814159165,True,0.01062862207704438,1.062862207704438
2020-10-04,BTCUSDT,10542.07,10696.87,10517.87,10666.63,23212.001595,288,288,0.00010540579131451253,0.011747206689254884,True,0.010266732260778623,1.0266732260778624
2020-10-05,BTCUSDT,10666.62,10798.0,10615.64,10792.21,34025.761653,288,288,0.00012006803993047484,0.011704400948838546,True,0.010957556293739715,1.0957556293739714
2020-10-06,BTCUSDT,10792.2,10800.0,10525.0,10599.66,48674.740471,288,288,0.000253454021228115,-0.018002652442652763,True,0.015920239358380106,1.5920239358380106
2020-10-07,BTCUSDT,10599.65,10681.87,10546.17,10666.39,32811.990279,288,288,9.952442641421173e-05,0.0062757511633390346,True,0.009976192982005297,0.9976192982005296
2020-10-08,BTCUSDT,10666.4,10950.0,10530.41,10925.57,51959.691572,288,288,0.0002584263337270278,0.024008237238451982,True,0.016075644115463236,1.6075644115463237
2020-10-09,BTCUSDT,10925.44,11104.64,10829.0,11050.64,48240.073237,288,288,0.000209562975315056,0.011382431304898076,True,0.014476290108831613,1.4476290108831613
2020-10-10,BTCUSDT,11050.64,11491.0,11050.51,11293.22,43648.036943,288,288,0.0007621101386874917,0.021714200807679843,True,0.027606342363440537,2.7606342363440537
2020-10-11,BTCUSDT,11293.22,11445.0,11221.0,11369.02,29043.851339,288,288,0.00021842675354529013,0.006689566668832158,True,0.01477926769313318,1.477926769313318
2020-10-12,BTCUSDT,11369.02,11720.01,11172.0,11528.25,52825.28371,288,288,0.0004985563933481139,0.013908432475920008,True,0.02232837641540723,2.232837641540723
2020-10-13,BTCUSDT,11528.24,11557.0,11300.0,11420.56,42205.283709,288,288,0.00035654802495012664,-0.009385304987830771,True,0.018882479311523863,1.8882479311523863
2020-10-14,BTCUSDT,11420.57,11547.98,11280.0,11417.89,41415.106015,288,288,0.0003347762848788576,-0.0002338162188921715,True,0.018296892765681763,1.8296892765681763
2020-10-15,BTCUSDT,11417.89,11617.34,11250.83,11505.12,48760.717679,288,288,0.0003071405300055266,0.007610730096360962,True,0.01752542524464176,1.752542524464176
2020-10-16,BTCUSDT,11505.13,11541.15,11200.0,11319.32,48797.749502,288,288,0.00033020032092958245,-0.016281153381309445,True,0.018171414940218122,1.8171414940218122
2020-10-17,BTCUSDT,11319.24,11402.42,11255.0,11360.2,22368.915241,288,288,0.0001378857790531429,0.003605018472485582,True,0.011742477551741067,1.1742477551741066
2020-10-18,BTCUSDT,11360.31,11505.0,11346.22,11503.14,23284.041191,288,288,8.774193592256358e-05,0.012504022806050116,True,0.009367066559097548,0.9367066559097548
2020-10-19,BTCUSDT,11503.14,11823.99,11407.96,11751.47,47414.534692,288,288,0.0002459643385847816,0.021358297570115998,True,0.015683250255759538,1.5683250255759538
2020-10-20,BTCUSDT,11751.46,12038.38,11677.59,11909.99,62134.750663,288,288,0.0004247983408136891,0.013399204588298342,True,0.020610636594091146,2.0610636594091147
2020-10-21,BTCUSDT,11910.0,13217.68,11886.95,12780.96,114584.456767,288,288,0.0016943706464662067,0.07057901976281912,True,0.04116273370982795,4.116273370982795
2020-10-22,BTCUSDT,12780.75,13185.0,12678.08,12968.52,70038.824144,288,288,0.0008164797756188731,0.014568318834834504,True,0.028574110233196642,2.8574110233196643
2020-10-23,BTCUSDT,12968.84,13027.69,12720.08,12923.07,50386.999841,288,288,0.00041411542840314255,-0.003510796106652532,True,0.020349826249949715,2.0349826249949716
2020-10-24,BTCUSDT,12923.06,13166.73,12870.0,13111.73,35952.20907,288,288,0.0003272254737367684,0.014493163177938216,True,0.01808937460877983,1.8089374608779831
2020-10-25,BTCUSDT,13111.73,13350.0,12888.0,13028.83,38481.579504,288,288,0.0005607279549130838,-0.0063426550859689915,True,0.02367969499197749,2.367969499197749
2020-10-26,BTCUSDT,13029.64,13238.81,12765.0,13052.19,60951.672986,288,288,0.0005562514291082842,0.0017913414618499846,True,0.02358498312715708,2.358498312715708
2020-10-27,BTCUSDT,13052.15,13789.29,13019.87,13636.17,80796.553996,288,288,0.0006013583398106257,0.043769885415952524,True,0.024522608748064015,2.4522608748064014
2020-10-28,BTCUSDT,13636.16,13859.48,12888.0,13266.4,94440.561226,288,288,0.0011709474680131125,-0.02749129827931233,True,0.034219109690538596,3.42191096905386
2020-10-29,BTCUSDT,13266.4,13642.91,12920.77,13455.7,74872.602132,288,288,0.0008675846665072759,0.014168285177265599,True,0.029454790213262017,2.945479021326202
2020-10-30,BTCUSDT,13455.69,13669.98,13115.0,13560.1,70657.778881,288,288,0.0008659841995171412,0.0077288490213077085,True,0.02942760947676758,2.942760947676758
2020-10-31,BTCUSDT,13560.1,14100.0,13411.5,13791.0,67339.238515,288,288,0.0010981326487342008,0.016884548375873658,True,0.03313808456646523,3.3138084566465227
2020-11-01,BTCUSDT,13791.0,13895.0,13603.0,13761.5,36285.648526,288,288,0.00048198311828714544,-0.002141367300431995,True,0.02195411392625868,2.1954113926258683
2020-11-02,BTCUSDT,13761.49,13830.0,13195.05,13549.37,64566.421908,288,288,0.000632894411511774,-0.015534786411904635,True,0.025157392780488484,2.5157392780488483
2020-11-03,BTCUSDT,13549.63,14066.11,13284.99,14023.53,74115.630787,288,288,0.0008026783764060109,0.03439658130142263,True,0.02833157913717502,2.833157913717502
2020-11-04,BTCUSDT,14023.53,14259.0,13525.0,14144.01,93016.988262,288,288,0.0011690648876693422,0.008554579827326271,True,0.03419159089117297,3.419159089117297
2020-11-05,BTCUSDT,14144.01,15750.0,14093.56,15590.02,143741.522673,288,288,0.001970086044276747,0.09733975303388627,True,0.04438565133324898,4.438565133324898
2020-11-06,BTCUSDT,15590.02,15960.0,15166.0,15579.92,122618.197695,288,288,0.00207369509038539,-0.0006480603012703058,True,0.04553784239932092,4.553784239932092
2020-11-07,BTCUSDT,15579.93,15753.52,14344.22,14818.3,101431.206553,288,288,0.001584230174624493,-0.050120002204518295,True,0.039802389056744984,3.9802389056744985
2020-11-08,BTCUSDT,14818.3,15650.0,14703.88,15475.1,65547.178574,288,288,0.0008206715691469453,0.04336937714861181,True,0.028647365832602224,2.8647365832602225
2020-11-09,BTCUSDT,15475.1,15840.0,14805.54,15328.41,108976.334134,288,288,0.0018177743965785153,-0.009524311280313615,True,0.042635365561685,4.2635365561685
2020-11-10,BTCUSDT,15328.41,15460.0,15072.46,15297.21,61681.919606,288,288,0.0006471039755900685,-0.0020375104761153604,True,0.025438238452968172,2.543823845296817
2020-11-11,BTCUSDT,15297.21,15965.0,15272.68,15684.24,78469.746458,288,288,0.0007334736813322516,0.024985927702934854,True,0.02708271923814615,2.708271923814615
2020-11-12,BTCUSDT,15684.25,16340.7,15440.64,16291.86,102196.356592,288,288,0.001299317169391415,0.0380092100428498,True,0.03604604235407009,3.604604235407009
2020-11-13,BTCUSDT,16291.85,16480.0,15952.35,16320.7,75691.881014,288,288,0.0006474199745343841,0.0017686441983007814,True,0.025444448796041623,2.5444448796041623
2020-11-14,BTCUSDT,16320.04,16326.99,15670.0,16070.45,59116.347179,288,288,0.0005080666080166693,-0.015452058926513138,True,0.022540332917165826,2.2540332917165826
2020-11-15,BTCUSDT,16069.56,16180.0,15774.72,15957.0,43596.841513,288,288,0.0004710439739200659,-0.007084577418178877,True,0.02170354749620591,2.170354749620591
2020-11-16,BTCUSDT,15957.0,16880.0,15864.0,16713.57,81300.675924,288,288,0.000616959050614556,0.04632335988450782,True,0.024838660402979787,2.4838660402979786
2020-11-17,BTCUSDT,16713.08,17858.82,16538.0,17659.38,115221.403102,288,288,0.001121966134945589,0.055046122658961597,True,0.033495762940192735,3.3495762940192733
2020-11-18,BTCUSDT,17659.38,18476.93,17214.45,17776.12,149019.788134,288,288,0.0037858927330284074,0.006588896577795513,True,0.06152960858829192,6.152960858829192
2020-11-19,BTCUSDT,17777.75,18179.8,17335.65,17802.82,93009.561008,288,288,0.0012310520943733397,0.0015008881665491492,True,0.035086351967301185,3.5086351967301184
2020-11-20,BTCUSDT,17802.81,18815.22,17740.04,18655.67,88423.018489,288,288,0.0011603832265336198,0.04679324961628538,True,0.03406439822650064,3.406439822650064
2020-11-21,BTCUSDT,18655.66,18965.9,18308.58,18703.8,75577.458394,288,288,0.0008890305107963221,0.002576590440239135,True,0.0298166146769938,2.98166146769938
2020-11-22,BTCUSDT,18703.8,18750.0,17610.86,18414.43,81645.737778,288,288,0.001255117969509737,-0.015592115382077738,True,0.03542764414281222,3.5427644142812222
2020-11-23,BTCUSDT,18413.88,18766.0,18000.0,18368.0,82961.506093,288,288,0.0015103863530022345,-0.0025245762533958344,True,0.03886368938999789,3.8863689389997886
2020-11-24,BTCUSDT,18368.01,19418.97,18018.0,19160.01,113581.509241,288,288,0.0015861570914145803,0.04221527432608975,True,0.03982658774505519,3.9826587745055186
2020-11-25,BTCUSDT,19160.0,19484.21,18500.27,18719.11,93266.576887,288,288,0.001407110339072576,-0.023280367279034195,True,0.03751146943366224,3.7511469433662237
2020-11-26,BTCUSDT,18718.83,18915.03,16188.0,17149.47,181005.246693,288,288,0.0070125251855347945,-0.08757765783988172,True,0.08374082150023843,8.374082150023842
2020-11-27,BTCUSDT,17149.47,17457.62,16438.08,17139.52,85297.024787,288,288,0.002399508847128639,-0.0005803612342772158,True,0.04898478179117101,4.898478179117101
2020-11-28,BTCUSDT,17139.53,17880.49,16865.56,17719.85,64910.69997,288,288,0.000811059877690807,0.03329857201976889,True,0.02847911300744472,2.847911300744472
2020-11-29,BTCUSDT,17719.84,18360.05,17517.0,18184.99,55329.016303,288,288,0.000825743080853412,0.02591104840521392,True,0.02873574569857918,2.8735745698579183
2020-11-30,BTCUSDT,18185.0,19863.16,18184.99,19695.87,115463.466888,276,275,,,False,,
2020-12-01,BTCUSDT,19695.87,19888.0,18001.12,18764.96,127698.762652,288,288,0.004215642909186794,-0.04841766813869493,True,0.06492798248203,6.492798248202999
2020-12-02,BTCUSDT,18764.96,19342.0,18330.0,19204.09,75911.013478,288,288,0.002042322289121429,0.02313197622467259,True,0.045192060022988874,4.519206002298888
2020-12-03,BTCUSDT,19204.08,19598.0,18867.2,19421.9,66689.391279,288,288,0.0012015688098252393,0.011278018177225069,True,0.0346636525747827,3.4663652574782695
2020-12-04,BTCUSDT,19422.34,19527.0,18565.31,18650.52,71283.6682,288,288,0.0009711639494635539,-0.04052726761991621,True,0.031163503485063325,3.1163503485063324
2020-12-05,BTCUSDT,18650.51,19177.0,18500.0,19147.66,42922.748573,288,288,0.0005172240619538012,0.02630648721030694,True,0.022742560584811052,2.274256058481105
2020-12-06,BTCUSDT,19147.66,19420.0,18857.0,19359.4,37043.091861,288,288,0.00044319137258559335,0.010997574683672951,True,0.0210521108819423,2.10521108819423
2020-12-07,BTCUSDT,19358.67,19420.91,18902.88,19166.9,41372.296293,288,288,0.00040114853943197016,-0.009993256658502475,True,0.02002869290373114,2.002869290373114
2020-12-08,BTCUSDT,19166.9,19294.84,18200.0,18324.11,61626.947614,288,288,0.0009095815875371697,-0.04496715391155854,True,0.030159270341590987,3.0159270341590987
2020-12-09,BTCUSDT,18324.11,18639.57,17650.0,18541.28,79585.553801,288,288,0.0012934847911715882,0.011781918605685627,True,0.03596504957832796,3.596504957832796
2020-12-10,BTCUSDT,18541.29,18557.32,17911.12,18254.63,52890.675094,288,288,0.0007431769320652403,-0.015580851185682238,True,0.02726127165165338,2.7261271651653383
2020-12-11,BTCUSDT,18254.81,18292.73,17572.33,18036.53,72610.724259,288,288,0.0011429476802638275,-0.012019600682395637,True,0.033807509228924684,3.3807509228924686
2020-12-12,BTCUSDT,18036.53,18948.66,18020.7,18808.69,49519.978431999996,288,288,0.0004928660031830696,0.04191985128102391,True,0.022200585649551446,2.2200585649551448
2020-12-13,BTCUSDT,18808.69,19411.0,18711.12,19174.99,56560.821744,288,288,0.0005779887218569196,0.01928782865958764,True,0.024041396004743976,2.4041396004743976
2020-12-14,BTCUSDT,19174.99,19349.0,19000.0,19273.14,47257.201294,288,288,0.0004725062959181879,0.0051055909978839145,True,0.021737209938678604,2.1737209938678603
2020-12-15,BTCUSDT,19273.69,19570.0,19050.0,19426.43,61834.366011,288,288,0.000472177826647149,0.007922093279086776,True,0.02172965316444671,2.172965316444671
2020-12-16,BTCUSDT,19426.43,21560.0,19278.6,21335.52,114306.33557,288,288,0.0018390194164048601,0.0937387794210281,True,0.04288378966934779,4.288378966934779
2020-12-17,BTCUSDT,21335.52,23800.0,21230.0,22797.16,184882.476748,288,288,0.006012000254421911,0.06626267735967514,True,0.07753708954056704,7.7537089540567035
2020-12-18,BTCUSDT,22797.15,23285.18,22350.0,23107.39,79646.134315,288,288,0.0015506755031537605,0.013516512987805913,True,0.03937861733420513,3.9378617334205126
2020-12-19,BTCUSDT,23107.39,24171.47,22750.0,23821.61,86045.064677,288,288,0.001254500213394434,0.030440672117045608,True,0.03541892450928506,3.5418924509285064
2020-12-20,BTCUSDT,23821.6,24295.0,23060.0,23455.52,76690.145685,288,288,0.0013488678439224223,-0.01548729025567113,True,0.036726936217474256,3.6726936217474258
2020-12-21,BTCUSDT,23455.54,24102.77,21815.0,22719.71,87175.188425,242,241,,,False,,
2020-12-22,BTCUSDT,22719.88,23837.1,22353.4,23810.79,87033.12616,288,288,0.0014709399991475077,0.04690600959778083,True,0.03835283560765107,3.835283560765107
2020-12-23,BTCUSDT,23810.79,24100.0,22600.0,23232.76,119047.259733,288,288,0.002157310909077963,-0.024575487678829642,True,0.04644686113267465,4.644686113267465
2020-12-24,BTCUSDT,23232.39,23794.43,22703.42,23729.2,69013.834252,288,288,0.0012982771800069076,0.02114300567337169,True,0.0360316136192498,3.6031613619249803
2020-12-25,BTCUSDT,23728.99,24789.86,23433.6,24712.47,79519.943569,276,275,,,False,,
2020-12-26,BTCUSDT,24712.47,26867.03,24500.0,26493.39,97806.513386,288,288,0.0013728993744012122,0.06958729338063381,True,0.0370526567792542,3.70526567792542
2020-12-27,BTCUSDT,26493.4,28422.0,25700.0,26281.66,148455.586214,288,288,0.004128497126238674,-0.008023910388927559,True,0.06425338221633686,6.4253382216336865
2020-12-28,BTCUSDT,26281.54,27500.0,26101.0,27079.41,79721.742496,288,288,0.0017854171737555426,0.029902302982670263,True,0.04225419711408019,4.225419711408019
2020-12-29,BTCUSDT,27079.42,27410.0,25880.0,27385.0,69411.592606,288,288,0.0015271557416813757,0.011221757725854965,True,0.03907884007594616,3.907884007594616
2020-12-30,BTCUSDT,27385.0,28996.0,27320.0,28875.54,95356.057826,288,288,0.0020743530846372583,0.05299945173010717,True,0.04554506652357924,4.554506652357924
2020-12-31,BTCUSDT,28875.55,29300.0,27850.0,28923.63,75508.505152,288,288,0.0019974668149333494,0.0016640381201619724,True,0.044693028706201475,4.469302870620147
2021-01-01,BTCUSDT,28923.63,29600.0,28624.57,29331.69,54182.925011,288,288,0.0009222394304257235,0.014009593427539288,True,0.030368395256017786,3.0368395256017786
2021-01-02,BTCUSDT,29331.7,33300.0,28946.53,32178.33,129993.873362,288,288,0.005129665618592271,0.09262474311680034,True,0.07162168399718252,7.162168399718253
2021-01-03,BTCUSDT,32176.45,34778.11,31962.99,33000.05,120957.56675,288,288,0.004131378013230257,0.025215831986553444,True,0.0642757964807147,6.42757964807147
2021-01-04,BTCUSDT,33000.05,33600.0,28130.0,31988.71,140899.88569,288,288,0.009153796681371005,-0.031126048570094277,True,0.0956754758617432,9.56754758617432
2021-01-05,BTCUSDT,31989.75,34360.0,29900.0,33949.53,116049.997038,288,288,0.005704180785737254,0.05949198197405384,True,0.07552602720742865,7.552602720742866
2021-01-06,BTCUSDT,33949.53,36939.21,33288.0,36769.36,127139.20131,288,288,0.005326694780851341,0.07978987964728838,True,0.07298420911985921,7.298420911985922
2021-01-07,BTCUSDT,36769.36,40365.0,36300.0,39432.28,132825.700437,288,288,0.005979285442443428,0.06991988054158264,True,0.07732583942281795,7.732583942281796
2021-01-08,BTCUSDT,39432.48,41950.0,36500.0,40582.81,139789.957499,288,288,0.008666050745830097,0.028759807724561336,True,0.09309162554080844,9.309162554080844
2021-01-09,BTCUSDT,40586.96,41380.0,38720.0,40088.22,75785.979675,288,288,0.0036397777159664978,-0.012262052365310425,True,0.06033057032687904,6.033057032687903
2021-01-10,BTCUSDT,40088.22,41350.0,35111.11,38150.02,118209.544503,288,288,0.006730399989080835,-0.04955624359220162,True,0.08203901504211783,8.203901504211784
2021-01-11,BTCUSDT,38150.02,38264.74,30420.0,35404.47,249131.539943,288,288,0.028659683773689302,-0.0746881986220904,True,0.16929171206438107,16.929171206438106
2021-01-12,BTCUSDT,35410.37,36628.0,32531.0,34051.24,133948.151996,288,288,0.00975767193093585,-0.038971634388423534,True,0.0987809289839686,9.87809289839686
2021-01-13,BTCUSDT,34049.15,37850.0,32380.0,37371.38,124477.914938,288,288,0.0067922800931714865,0.0930387218664857,True,0.08241529040882818,8.241529040882819
2021-01-14,BTCUSDT,37371.38,40100.0,36701.23,39144.5,102950.389421,288,288,0.0031747716561158603,0.04635475642222987,True,0.056345112087170975,5.634511208717098
2021-01-15,BTCUSDT,39145.21,39747.76,34408.0,36742.22,118300.920916,288,288,0.005983385829690362,-0.06333342468810522,True,0.077352348572557,7.7352348572557
2021-01-16,BTCUSDT,36737.43,37950.0,35357.8,35994.98,86348.431508,288,288,0.004174113715161966,-0.020547018278435077,True,0.06460738127460335,6.460738127460335
2021-01-17,BTCUSDT,35994.98,36852.5,33850.0,35828.61,80157.727384,288,288,0.003614354585685636,-0.00463274803048885,True,0.06011950254023761,6.011950254023761
2021-01-18,BTCUSDT,35824.99,37469.83,34800.0,36631.27,70698.11875,288,288,0.002776149883989284,0.022155510966470296,True,0.05268918184968603,5.268918184968603
2021-01-19,BTCUSDT,36622.46,37850.0,35844.06,35891.49,79611.307769,288,288,0.0019976803123885854,-0.020402027184059954,True,0.04469541712959602,4.469541712959602
2021-01-20,BTCUSDT,35901.94,36415.31,33400.0,35468.23,89368.422918,288,288,0.0030755656474174865,-0.011862853824953928,True,0.05545778256852221,5.545778256852222
2021-01-21,BTCUSDT,35468.23,35600.0,30071.0,30850.13,135004.076658,288,288,0.007574739391124693,-0.13949640193442478,True,0.08703297875589858,8.703297875589858
2021-01-22,BTCUSDT,30851.99,33826.53,28850.0,32945.17,142971.684049,288,288,0.006677402398730977,0.06570370018688369,True,0.08171537431065819,8.171537431065818
2021-01-23,BTCUSDT,32950.0,33456.0,31390.16,32078.0,64595.287675,288,288,0.002827499426396668,-0.026674227552626356,True,0.05317423649096118,5.317423649096118
2021-01-24,BTCUSDT,32078.0,33071.0,30900.0,32259.9,57978.037965999996,288,288,0.0016717728131135858,0.00565453596306288,True,0.040887318487687424,4.0887318487687425
2021-01-25,BTCUSDT,32259.45,34875.0,31910.0,32254.2,88499.226921,288,288,0.0026050700592024586,-0.00017670555784929593,True,0.05103988694347254,5.1039886943472546
2021-01-26,BTCUSDT,32254.19,32921.88,30837.37,32467.77,84972.20691,288,288,0.0033472888175533557,0.006599637655449127,True,0.05785575872420442,5.785575872420442
2021-01-27,BTCUSDT,32464.01,32557.29,29241.72,30366.15,95911.961711,288,288,0.004600521948629626,-0.06691940379281998,True,0.06782714757845583,6.782714757845583
2021-01-28,BTCUSDT,30362.19,33783.98,29842.1,33364.86,92621.145617,288,288,0.0028498665839931867,0.09417474914995366,True,0.05338414169014228,5.338414169014228
2021-01-29,BTCUSDT,33368.18,38531.9,31915.4,34252.2,231827.005626,288,288,0.014961339003526291,0.026247545889009096,True,0.1223165524511147,12.231655245111469
2021-01-30,BTCUSDT,34246.28,34933.0,32825.0,34262.88,84889.68134,288,288,0.003314908500109454,0.00031175618817238225,True,0.05757524207599525,5.757524207599525
2021-01-31,BTCUSDT,34262.89,34342.69,32171.67,33092.98,68742.280384,288,288,0.0017493240094011806,-0.034741377112403334,True,0.04182492091326869,4.1824920913268695
2021-02-01,BTCUSDT,33092.97,34717.27,32296.16,33526.37,82718.276882,288,288,0.002103422421361494,0.013011118061135696,True,0.04586308342623176,4.586308342623176
2021-02-02,BTCUSDT,33517.09,35984.33,33418.0,35466.24,78056.65988,288,288,0.0017450637930769267,0.05624896473299432,True,0.041773960706125615,4.177396070612562
2021-02-03,BTCUSDT,35472.71,37662.63,35362.38,37618.87,80784.333663,288,288,0.001597559297611944,0.058924528115624174,True,0.03996947957644612,3.996947957644612
2021-02-04,BTCUSDT,37620.26,38708.27,36161.95,36936.66,92080.735898,288,288,0.0024019421649175317,-0.01830123241652867,True,0.049009612984776074,4.900961298477608
2021-02-05,BTCUSDT,36936.65,38310.12,36570.0,38290.24,66681.334275,288,288,0.0012902738802097946,0.03599047963365633,True,0.03592038251758734,3.5920382517587344
2021-02-06,BTCUSDT,38289.32,40955.51,38215.94,39186.94,98757.311183,288,288,0.001753395505209175,0.023148494595260832,True,0.04187356570927744,4.187356570927744
2021-02-07,BTCUSDT,39181.01,39700.0,37351.0,38795.69,84363.679763,288,288,0.002366650678506956,-0.010034370035014712,True,0.04864823407387935,4.864823407387935
2021-02-08,BTCUSDT,38795.69,46794.45,37988.89,46374.87,138597.536914,288,288,0.006774493651688029,0.17844855970428414,True,0.08230731226135397,8.230731226135397
2021-02-09,BTCUSDT,46374.86,48142.19,44961.09,46420.42,115499.861712,288,288,0.004979846738842082,0.000981730940403487,True,0.07056802915514987,7.056802915514987
2021-02-10,BTCUSDT,46420.42,47310.0,43727.0,44807.58,97154.1822,288,288,0.002892812973413307,-0.03536212709216417,True,0.05378487680950201,5.378487680950201
2021-02-11,BTCUSDT,44807.58,48678.9,43994.02,47969.51,89561.081454,273,272,,,False,,
2021-02-12,BTCUSDT,47968.66,48985.8,46125.0,47287.6,85870.035697,288,288,0.0020991051961946265,-0.014317496063593482,True,0.0458159927993995,4.58159927993995
2021-02-13,BTCUSDT,47298.15,48150.0,46202.53,47153.69,63768.097399,288,288,0.0012413476520370373,-0.002835837793867766,True,0.03523276390005526,3.523276390005526
2021-02-14,BTCUSDT,47156.78,49707.43,47014.17,48577.79,73735.475533,288,288,0.0012218791613609159,0.029754163680422004,True,0.03495538815920824,3.495538815920824
2021-02-15,BTCUSDT,48580.47,49010.92,45570.79,47911.1,79398.156784,288,288,0.002207538092653857,-0.0138192202196349,True,0.04698444522024132,4.698444522024132
2021-02-16,BTCUSDT,47911.1,50689.18,47003.62,49133.45,88813.266298,288,288,0.0028825989445432814,0.02519285522789193,True,0.05368984023577721,5.368984023577721
2021-02-17,BTCUSDT,49133.45,52618.74,48947.0,52119.71,85743.637818,288,288,0.0017764851218794251,0.059003122582791556,True,0.04214837033479972,4.214837033479972
2021-02-18,BTCUSDT,52117.67,52530.0,50901.9,51552.6,60758.046954,288,288,0.0008245420194108877,-0.010940542497738924,True,0.028714839707212152,2.8714839707212154
2021-02-19,BTCUSDT,51552.61,56368.0,50710.2,55906.0,79659.77802,288,288,0.0016791760013137186,0.08106906326651342,True,0.040977750076275764,4.097775007627576
2021-02-20,BTCUSDT,55906.0,57700.46,53863.93,55841.19,80948.205314,288,288,0.002013136450154198,-0.0011599398117589322,True,0.04486798914765624,4.4867989147656235
2021-02-21,BTCUSDT,55841.19,58352.8,55477.59,57408.57,58166.708511,288,288,0.0010709156555108062,0.02768182620150899,True,0.0327248476774271,3.2724847677427102
2021-02-22,BTCUSDT,57412.35,57508.47,47622.0,54087.67,134019.434944,288,288,0.0060291103726030255,-0.05958734671550585,True,0.07764734620450994,7.764734620450994
2021-02-23,BTCUSDT,54087.67,54183.59,44892.56,48891.0,169375.025051,288,288,0.019489248704868522,-0.10101291813933651,True,0.1396038993182802,13.960389931828022
2021-02-24,BTCUSDT,48891.0,51374.99,46988.69,49676.2,91881.209252,288,288,0.005352218867907745,0.015932614704777682,True,0.07315886048803484,7.315886048803484
2021-02-25,BTCUSDT,49676.21,52041.73,46674.34,47073.73,83310.673121,288,288,0.003696408435868527,-0.053810849213676445,True,0.060798095659885,6.0798095659885
2021-02-26,BTCUSDT,47073.73,48424.11,44106.78,46276.87,109423.200663,288,288,0.006594566377614032,-0.017072827721115732,True,0.08120693552655482,8.120693552655482
2021-02-27,BTCUSDT,46276.88,48394.0,45000.0,46106.43,66060.834292,288,288,0.0030597598441014675,-0.0036898485630637357,True,0.05531509598745597,5.531509598745597
2021-02-28,BTCUSDT,46103.67,46638.46,43000.0,45135.66,83055.369042,288,288,0.0045677265175294276,-0.02127979822740514,True,0.06758495777559846,6.758495777559846
2021-03-01,BTCUSDT,45134.11,49790.0,44950.53,49587.03,85086.111648,288,288,0.002261763287114106,0.0940566861589428,True,0.047557999191661815,4.755799919166181
2021-03-02,BTCUSDT,49595.76,50200.0,47047.6,48440.65,64221.06214,288,288,0.00270049846465606,-0.023389970343295947,True,0.05196632048409874,5.196632048409874
2021-03-03,BTCUSDT,48436.61,52640.0,48100.71,50349.37,81035.913705,288,288,0.0021809817192927957,0.03864676941605737,True,0.046700981994951624,4.670098199495162
2021-03-04,BTCUSDT,50349.37,51773.88,47500.0,48374.09,82649.716829,288,288,0.0037506810101571716,-0.04002176686968083,True,0.06124280374180441,6.124280374180441
2021-03-05,BTCUSDT,48374.09,49448.93,46300.0,48751.71,78192.496372,288,288,0.002849152327576227,0.007775933948250809,True,0.05337745149008359,5.337745149008359
2021-03-06,BTCUSDT,48746.81,49200.0,47070.0,48882.2,44399.234242,270,269,,,False,,
2021-03-07,BTCUSDT,48882.2,51450.03,48882.2,50971.75,55235.028032,288,288,0.0014949891758013335,0.041858235650662275,True,0.0386650898848216,3.8665089884821597
2021-03-08,BTCUSDT,50959.11,52402.78,49274.67,52375.17,66987.359664,288,288,0.0015832541182107009,0.027161066375954356,True,0.039790125888349494,3.9790125888349492
2021-03-09,BTCUSDT,52375.18,54895.0,51789.41,54884.5,71656.737076,288,288,0.0012670926240374108,0.046798353080178996,True,0.035596244521542024,3.5596244521542024
2021-03-10,BTCUSDT,54874.67,57387.69,53005.0,55851.59,84749.238943,288,288,0.002324094051026226,0.017467017083068012,True,0.048208858636418946,4.8208858636418945
2021-03-11,BTCUSDT,55851.59,58150.0,54272.82,57773.16,81914.812859,288,288,0.002165837089630225,0.03382631374464279,True,0.0465385548726024,4.65385548726024
2021-03-12,BTCUSDT,57773.15,58081.51,54962.84,57221.72,73405.406047,288,288,0.0021753391128602893,-0.009590761378338865,True,0.046640530795224545,4.664053079522454
2021-03-13,BTCUSDT,57221.72,61844.0,56078.23,61188.39,83245.091346,288,288,0.0018694199501718464,0.06702391904951795,True,0.04323678931386842,4.3236789313868425
2021-03-14,BTCUSDT,61188.38,61724.79,58966.78,58968.31,52601.05275,288,288,0.0010265170372910106,-0.03695728467773038,True,0.03203930456940367,3.2039304569403666
2021-03-15,BTCUSDT,58976.08,60633.43,54600.0,55605.2,102771.427298,288,288,0.004029569614496559,-0.05872345889857557,True,0.06347889109378455,6.347889109378454
2021-03-16,BTCUSDT,55605.2,56938.29,53271.34,56900.75,77986.694355,288,288,0.002811233859656268,0.02303180000156323,True,0.053021069959557285,5.302106995955729
2021-03-17,BTCUSDT,56900.74,58974.73,54123.69,58912.97,70421.620841,288,288,0.0019552931464174154,0.03475274808665353,True,0.04421869679691404,4.421869679691404
2021-03-18,BTCUSDT,58912.97,60129.97,57023.0,57648.16,66580.406675,288,288,0.00151252610388714,-0.02170294068462596,True,0.03889120856809595,3.889120856809595
2021-03-19,BTCUSDT,57641.0,59468.0,56270.74,58030.01,52392.652961,288,288,0.001562863106996138,0.0066019610603852445,True,0.039533063465865353,3.9533063465865355
2021-03-20,BTCUSDT,58030.01,59880.0,57820.17,58102.28,44476.941776,288,288,0.0007554922869477128,0.0012446152457558715,True,0.027486219946506154,2.748621994650615
2021-03-21,BTCUSDT,58100.02,58589.1,55450.11,57351.56,48564.470274,288,288,0.0012066220308955822,-0.013004861172546059,True,0.034736465434692436,3.4736465434692434
2021-03-22,BTCUSDT,57351.56,58430.73,53650.0,54083.25,62581.626169,288,288,0.0019372875878765127,-0.058675518517516935,True,0.044014629248427306,4.401462924842731
2021-03-23,BTCUSDT,54083.25,55830.9,53000.0,54340.89,59789.365427,288,288,0.001486570334058785,0.004752456139707007,True,0.03855606740914826,3.8556067409148262
2021-03-24,BTCUSDT,54342.8,57200.0,51700.0,52303.65,83537.465021,288,288,0.0027638372361865364,-0.038210823911917643,True,0.052572209732771706,5.25722097327717
2021-03-25,BTCUSDT,52303.66,53287.0,50427.56,51293.78,87400.534538,288,288,0.0031756585937267423,-0.019496661048351703,True,0.05635298211919882,5.635298211919882
2021-03-26,BTCUSDT,51293.78,55073.46,51214.6,55025.59,63813.774692,288,288,0.0014055930489407609,0.0702288524916585,True,0.03749123962928888,3.749123962928888
2021-03-27,BTCUSDT,55025.59,56700.36,53950.0,55817.14,50105.475055,288,288,0.0010450431827765945,0.014282640925525562,True,0.03232712766047417,3.2327127660474173
2021-03-28,BTCUSDT,55817.14,56559.75,54691.84,55777.63,39050.387511,288,288,0.000845173493052563,-0.0007080977298645345,True,0.02907186772556182,2.907186772556182
2021-03-29,BTCUSDT,55777.65,58405.82,54800.01,57635.47,67857.937398,288,288,0.001237468002520658,0.03276528383718424,True,0.035177663403368024,3.5177663403368022
2021-03-30,BTCUSDT,57635.46,59368.0,57071.35,58746.57,55122.443122,288,288,0.0007575858376326705,0.019094591554398174,True,0.0275242772408772,2.75242772408772
2021-03-31,BTCUSDT,58746.57,59800.0,56769.0,58740.55,60975.542666,288,288,0.0015134919367622722,-0.00010247931867408717,True,0.038903623697057736,3.8903623697057736
2021-04-01,BTCUSDT,58739.46,59490.0,57935.45,58720.44,47415.61722,288,288,0.0006714624269168523,-0.00034241155632274626,True,0.025912592053224864,2.5912592053224865
2021-04-02,BTCUSDT,58720.45,60200.0,58428.57,58950.01,47382.418781,288,288,0.0005449462003251592,0.003901919152453239,True,0.023344082768983646,2.3344082768983645
2021-04-03,BTCUSDT,58950.01,59791.72,56880.0,57051.94,47409.852113,288,288,0.0008103652743472239,-0.032727715630185936,True,0.02846691543436387,2.846691543436387
2021-04-04,BTCUSDT,57051.95,58492.85,56388.0,58202.01,41314.081973,288,288,0.0005869931305613928,0.019957809235045997,True,0.024227941112719274,2.4227941112719273
2021-04-05,BTCUSDT,58202.01,59272.0,56777.77,59129.99,54258.01579,288,288,0.0005995198926665829,0.015818350490325254,True,0.024485095316673425,2.4485095316673426
2021-04-06,BTCUSDT,59129.99,59495.24,57413.02,57991.15,54201.000727,288,288,0.0005711432973247807,-0.01944782801677094,True,0.02389860450580286,2.3898604505802856
2021-04-07,BTCUSDT,57990.03,58655.0,55473.0,55953.45,71228.405659,288,288,0.0014012977838224715,-0.035770317641773235,True,0.03743391221636434,3.7433912216364345
2021-04-08,BTCUSDT,55953.44,58153.31,55700.0,58077.52,44283.147019,288,288,0.0005917399327727702,0.03725857482507231,True,0.024325705185518676,2.432570518551868
2021-04-09,BTCUSDT,58077.52,58894.9,57654.0,58142.54,40831.884911,288,288,0.00039182743013960853,0.0011189119465867838,True,0.019794631346393105,1.9794631346393106
2021-04-10,BTCUSDT,58142.55,61500.0,57900.01,59769.13,69906.424117,288,288,0.0009141231062706809,0.027591725106051384,True,0.03023446884386562,3.023446884386562
2021-04-11,BTCUSDT,59769.13,60699.0,59232.52,60002.43,41156.715391,288,288,0.0006937619741329528,0.0038957544689946872,True,0.026339361688031714,2.6339361688031713
2021-04-12,BTCUSDT,59998.8,61300.0,59350.59,59860.0,56375.037117,288,288,0.0007312998024847279,-0.00237655897744476,True,0.02704255539857001,2.704255539857001
2021-04-13,BTCUSDT,59860.01,63777.77,59805.15,63575.0,82848.688746,288,288,0.0011554672960788599,0.060211808883630605,True,0.03399216521610325,3.399216521610325
2021-04-14,BTCUSDT,63575.01,64854.0,61301.0,62959.53,82616.343993,288,288,0.001934461603459397,-0.009728172284078457,True,0.04398251474687864,4.398251474687864
2021-04-15,BTCUSDT,62959.53,63800.0,62020.0,63159.98,51649.70034,288,288,0.0006862850130423444,0.003178733707174012,True,0.026197042066659824,2.6197042066659826
2021-04-16,BTCUSDT,63158.74,63520.61,60000.0,61334.8,91764.139884,288,288,0.0013964497074273835,-0.029323491032838385,True,0.03736910097162338,3.736910097162338
2021-04-17,BTCUSDT,61334.81,62506.05,59580.91,60006.66,58912.256128,288,288,0.0008699618860111774,-0.02189182563638532,True,0.02949511630780895,2.949511630780895
2021-04-18,BTCUSDT,60006.67,60499.0,50931.3,56150.01,124882.131824,288,288,0.011036821414386838,-0.06642869678322867,True,0.10505627736783194,10.505627736783193
2021-04-19,BTCUSDT,56150.01,57526.81,54221.58,55633.14,78229.042267,288,288,0.00203707711632562,-0.00924779241999619,True,0.045133990697983045,4.513399069798305
2021-04-20,BTCUSDT,55633.14,57076.24,53329.96,56425.0,72744.482151,258,257,,,False,,
2021-04-21,BTCUSDT,56425.0,56757.91,53536.02,53787.63,66984.756909,288,288,0.001596100941523982,-0.047868807623372776,True,0.0399512320401259,3.99512320401259
2021-04-22,BTCUSDT,53787.62,55521.48,50500.0,51690.96,104580.788554,288,288,0.003781790025015828,-0.039760603787050375,True,0.061496260252277356,6.149626025227736
2021-04-23,BTCUSDT,51690.95,52131.85,47500.0,51125.14,131098.97697,288,288,0.005002448876956644,-0.011006558547651313,True,0.07072799217393806,7.072799217393806
2021-04-24,BTCUSDT,51110.56,51166.22,48657.14,50047.84,55361.512573,288,288,0.0018028731088454526,-0.021297004758734348,True,0.042460253282869766,4.246025328286977
2021-04-25,BTCUSDT,50047.84,50567.91,46930.0,49066.77,58255.645004,232,231,,,False,,
2021-04-26,BTCUSDT,49066.76,54356.62,48753.44,54001.39,86310.802124,288,288,0.002619120484382714,0.09582776337101824,True,0.05117734346742427,5.117734346742427
2021-04-27,BTCUSDT,54001.38,55460.0,53222.0,55011.97,54064.034675,288,288,0.0009389922822245666,0.01854101094302157,True,0.030642980961789055,3.0642980961789057
2021-04-28,BTCUSDT,55011.97,56428.0,53813.16,54846.22,55130.459015,288,288,0.0013506203135812559,-0.0030175287936102793,True,0.03675078657091921,3.675078657091921
2021-04-29,BTCUSDT,54846.23,55195.84,52330.94,53555.0,52486.019455,288,288,0.0011432835365374815,-0.023824105906545923,True,0.03381247604860492,3.381247604860492
2021-04-30,BTCUSDT,53555.0,57963.0,53013.01,57694.27,68578.910045,288,288,0.001001798015989575,0.07444869860711999,True,0.031651192963134504,3.1651192963134505
2021-05-01,BTCUSDT,57697.25,58458.07,56956.14,57800.37,42600.351836,288,288,0.0007337101133521318,0.0018373152182134577,True,0.027087083884245123,2.7087083884245122
2021-05-02,BTCUSDT,57797.35,57911.02,56035.25,56578.21,36812.878863,288,288,0.0007388696153725064,-0.021371248289667872,True,0.02718215619432179,2.718215619432179
2021-05-03,BTCUSDT,56578.21,58981.44,56435.0,57169.39,57649.931286,288,288,0.0010686446944644526,0.010394686534915142,True,0.03269013145376526,3.269013145376526
2021-05-04,BTCUSDT,57169.39,57200.0,53046.69,53200.01,85324.62590300001,288,288,0.002078881230829945,-0.071960030969667,True,0.04559475003583137,4.559475003583137
2021-05-05,BTCUSDT,53205.05,58069.82,52900.0,57436.11,77263.923439,288,288,0.0017044617994544568,0.07661461528794145,True,0.041285128066344386,4.128512806634439
2021-05-06,BTCUSDT,57436.11,58360.0,55200.0,56393.68,70181.671908,288,288,0.0017309182218133076,-0.018316104117849355,True,0.041604305327854085,4.1604305327854085
2021-05-07,BTCUSDT,56393.68,58650.0,55241.63,57314.75,74542.747829,288,288,0.001394305392648645,0.01620091220996463,True,0.03734039893531729,3.734039893531729
2021-05-08,BTCUSDT,57315.49,59500.0,56900.0,58862.05,69709.906028,288,288,0.0013376559181172496,0.02663856290765574,True,0.03657397870231306,3.657397870231306
2021-05-09,BTCUSDT,58866.53,59300.0,56235.66,58240.84,69806.11991,288,288,0.0011794766282085826,-0.010609743743878564,True,0.03434350925878983,3.434350925878983
2021-05-10,BTCUSDT,58240.83,59500.0,53400.0,55816.14,89586.34925,288,288,0.002781652827284414,-0.04252375198618746,True,0.05274137680497556,5.274137680497556
2021-05-11,BTCUSDT,55816.14,56862.43,54370.0,56670.02,64329.54055,288,288,0.0016283915350456912,0.015182248226727675,True,0.040353333629895946,4.035333362989594
2021-05-12,BTCUSDT,56670.02,58000.01,48600.0,49631.32,99842.789836,288,288,0.004199483569505274,-0.13262323703977963,True,0.06480342251382464,6.480342251382464
2021-05-13,BTCUSDT,49537.15,51367.19,46000.0,49670.97,147332.002121,288,288,0.010928969638862309,0.0007985717571497871,True,0.10454171243509601,10.4541712435096
2021-05-14,BTCUSDT,49671.92,51483.0,48799.75,49841.45,80082.204306,288,288,0.0019287737907246485,0.0034263093346636525,True,0.04391780721671619,4.391780721671619
2021-05-15,BTCUSDT,49844.16,50700.0,46555.0,46762.99,89437.449359,288,288,0.003260092371575409,-0.06375488905285977,True,0.05709721859754124,5.709721859754124
2021-05-16,BTCUSDT,46762.99,49795.89,43825.39,46431.5,114269.812775,288,288,0.005178091888984392,-0.0071139698928201715,True,0.0719589597547407,7.195895975474071
2021-05-17,BTCUSDT,46426.83,46686.0,42001.0,43538.04,166657.172736,288,288,0.007387981468684092,-0.06434306949225978,True,0.08595336798918406,8.595336798918405
2021-05-18,BTCUSDT,43538.02,45799.29,42250.02,42849.78,116979.860784,288,288,0.004484025326757648,-0.015934527874399584,True,0.06696286528186833,6.696286528186833
2021-05-19,BTCUSDT,42849.78,43584.9,30000.0,36690.09,354347.243161,288,288,0.07043925813723731,-0.15519381949293157,True,0.26540395275360407,26.540395275360407
2021-05-20,BTCUSDT,36671.23,42451.67,34850.0,40526.64,203017.596923,288,288,0.013299908073161407,0.09945284430064215,True,0.11532522739262822,11.532522739262822
2021-05-21,BTCUSDT,40525.39,42200.0,33488.0,37252.01,202100.888258,288,288,0.01783392741499653,-0.08425363254795042,True,0.13354372847497006,13.354372847497006
2021-05-22,BTCUSDT,37263.35,38829.0,35200.62,37449.73,126542.243689,288,288,0.007244800313695846,0.005293597223084144,True,0.08511639274367686,8.511639274367685
2021-05-23,BTCUSDT,37458.51,38270.64,31111.01,34655.25,217136.046593,288,288,0.017012245599652403,-0.07755027101425659,True,0.13043099938148295,13.043099938148295
2021-05-24,BTCUSDT,34681.44,39920.0,34031.0,38796.29,161630.893971,288,288,0.009227010217281055,0.11287539419061436,True,0.09605732776462739,9.60573277646274
2021-05-25,BTCUSDT,38810.99,39791.77,36419.62,38324.72,111996.228404,288,288,0.005100809948748452,-0.012229504705666175,True,0.07141995483580518,7.141995483580518
2021-05-26,BTCUSDT,38324.72,40841.0,37800.44,39241.91,104780.773396,288,288,0.0034421799502368624,0.02365018953907615,True,0.05867009417272877,5.867009417272877
2021-05-27,BTCUSDT,39241.92,40411.14,37134.27,38529.98,86547.158794,288,288,0.003508624592786461,-0.018308668772308082,True,0.059233644095112545,5.9233644095112545
2021-05-28,BTCUSDT,38529.99,38877.83,34684.0,35663.49,135377.62972,288,288,0.006079920206263345,-0.07730916315521075,True,0.07797384309025268,7.797384309025269
2021-05-29,BTCUSDT,35661.79,37338.58,33632.76,34605.15,112663.092689,288,288,0.0052706328727437045,-0.030124961488519703,True,0.07259912446265247,7.259912446265247
2021-05-30,BTCUSDT,34605.15,36488.0,33379.0,35641.27,73535.386967,288,288,0.0026398981045031114,0.029501721168539295,True,0.0513799387358832,5.13799387358832
2021-05-31,BTCUSDT,35641.26,37499.0,34153.84,37253.81,94160.735289,288,288,0.0027607627569662843,0.04424998538763434,True,0.05254296106012949,5.254296106012949
2021-06-01,BTCUSDT,37253.82,37894.81,35666.0,36693.09,81234.66377,288,288,0.0026846975723855797,-0.015165767520092568,True,0.051814067321390433,5.181406732139044
2021-06-02,BTCUSDT,36694.85,38225.0,35920.0,37568.68,67587.372495,288,288,0.001248252417233148,0.023582270598654066,True,0.03533061586263602,3.533061586263602
2021-06-03,BTCUSDT,37568.68,39476.0,37170.0,39246.79,75889.106011,288,288,0.0012512794595038036,0.043698932891585544,True,0.03537342872134116,3.537342872134116
2021-06-04,BTCUSDT,39246.78,39289.07,35555.15,36829.0,91317.799245,288,288,0.0025980123541470995,-0.06358407913456496,True,0.050970700938353784,5.097070093835378
2021-06-05,BTCUSDT,36829.15,37925.0,34800.0,35513.2,70459.62149,288,288,0.002676123471416811,-0.036381119954640974,True,0.05173126203193588,5.173126203193588
2021-06-06,BTCUSDT,35516.07,36480.0,35222.0,35796.31,47650.206637,288,288,0.0011563141883902852,0.007940357113331702,True,0.03400462010360188,3.4004620103601884
2021-06-07,BTCUSDT,35796.31,36900.0,33300.0,33552.79,77574.952573,288,288,0.0018842854175909838,-0.06472479604498753,True,0.04340835654100468,4.340835654100468
2021-06-08,BTCUSDT,33556.96,34068.01,31000.0,33380.81,123251.189037,288,288,0.0035494837129878168,-0.00513883545678583,True,0.05957754369716678,5.957754369716678
2021-06-09,BTCUSDT,33380.8,37534.79,32396.82,37388.05,136607.597517,288,288,0.004796006965362756,0.11336995068009226,True,0.06925320906183884,6.925320906183884
2021-06-10,BTCUSDT,37388.05,38491.0,35782.0,36675.72,109527.284943,288,288,0.0036087547848152987,-0.019236178908745613,True,0.06007291223850646,6.007291223850646
2021-06-11,BTCUSDT,36677.83,37680.4,35936.77,37331.98,78466.0053,288,288,0.0019887079673387635,0.01773537623175412,True,0.04459493208133367,4.459493208133368
2021-06-12,BTCUSDT,37331.98,37463.63,34600.36,35546.11,87717.54999,288,288,0.002163502612222187,-0.04901960505525822,True,0.04651346699851761,4.651346699851762
2021-06-13,BTCUSDT,35546.12,39380.0,34757.0,39020.57,86921.025555,288,288,0.0020234151296292116,0.09325821606697647,True,0.0449823868823033,4.49823868823033
2021-06-14,BTCUSDT,39020.56,41064.05,38730.0,40516.29,108522.391949,288,288,0.0019496759433187572,0.03761517248338302,True,0.04415513495980685,4.415513495980685
2021-06-15,BTCUSDT,40516.28,41330.0,39506.4,40144.04,80679.622838,288,288,0.0015476018056013153,-0.00923012942855699,True,0.03933957048064093,3.9339570480640926
2021-06-16,BTCUSDT,40143.8,40527.14,38116.01,38349.01,87771.976937,288,288,0.001560188407736168,-0.045745273419530386,True,0.03949922034339625,3.949922034339625
2021-06-17,BTCUSDT,38349.0,39559.88,37365.0,38092.97,79541.307119,288,288,0.0012038689080654157,-0.006698961944876692,True,0.03469681409099999,3.4696814090999992
2021-06-18,BTCUSDT,38092.97,38202.84,35129.29,35819.84,95228.042935,288,288,0.0018796522062076186,-0.061527820827824126,True,0.0433549559590091,4.33549559590091
2021-06-19,BTCUSDT,35820.48,36457.0,34803.52,35483.72,68712.449461,288,288,0.001684027180474273,-0.009427930097442194,True,0.04103690022984525,4.103690022984525
2021-06-20,BTCUSDT,35483.72,36137.72,33336.0,35600.16,89878.17085,288,288,0.001850732205547297,0.0032761324830970816,True,0.04302013720976837,4.302013720976837
2021-06-21,BTCUSDT,35600.17,35750.0,31251.23,31608.93,168778.873159,288,288,0.0076893514554494035,-0.11891045662276005,True,0.08768894716809755,8.768894716809756
2021-06-22,BTCUSDT,31614.12,33298.78,28805.0,32509.56,204208.179762,288,288,0.007930820110314585,0.028094524319938405,True,0.08905515207058257,8.905515207058256
2021-06-23,BTCUSDT,32509.56,34881.0,31683.0,33678.07,126966.100563,288,288,0.003960329077202571,0.03531268376709831,True,0.06293114552590451,6.293114552590451
2021-06-24,BTCUSDT,33675.07,35298.0,32286.57,34663.09,86625.80426,288,288,0.0021383976826158425,0.028828548379450827,True,0.046242812226505454,4.624281222650546
2021-06-25,BTCUSDT,34663.08,35500.0,31275.0,31584.45,116061.130356,288,288,0.0037917866845768376,-0.0930105212036941,True,0.06157748520828727,6.1577485208287275
2021-06-26,BTCUSDT,31576.09,32730.0,30151.0,32283.65,107820.375287,288,288,0.004119096456687311,0.021895999249811445,True,0.06418018741548914,6.418018741548915
2021-06-27,BTCUSDT,32283.65,34749.0,31973.45,34700.34,96613.244211,288,288,0.0027027068695008433,0.07218857505595373,True,0.05198756456596946,5.1987564565969455
2021-06-28,BTCUSDT,34702.49,35297.71,33862.72,34494.89,82222.267819,288,288,0.0014728292587813158,-0.00593828805066856,True,0.03837745769043744,3.837745769043744
2021-06-29,BTCUSDT,34494.89,36600.0,34225.43,35911.73,90788.79622,288,288,0.0016588075825265352,0.040252785948074445,True,0.04072846157819535,4.072846157819535
2021-06-30,BTCUSDT,35911.72,36100.0,34017.55,35045.0,77152.197634,288,288,0.0015967433356670606,-0.024431033120822506,True,0.039959270960154676,3.9959270960154676
2021-07-01,BTCUSDT,35045.0,35057.57,32711.0,33504.69,71708.266112,288,288,0.0020118168569681627,-0.044947520920354415,True,0.04485328145150768,4.485328145150768
2021-07-02,BTCUSDT,33502.33,33977.04,32699.0,33786.55,56172.181378,288,288,0.0012104835439679593,0.008377365268203716,True,0.03479200402345285,3.479200402345285
2021-07-03,BTCUSDT,33786.54,34945.61,33316.73,34669.13,43044.578641,288,288,0.000705270354096285,0.025786871340953164,True,0.026556926668880286,2.6556926668880285
2021-07-04,BTCUSDT,34669.12,35967.85,34357.15,35286.51,43703.475789,288,288,0.0005100822544803004,0.01765107228459898,True,0.0225850006526522,2.25850006526522
2021-07-05,BTCUSDT,35288.13,35293.78,33125.55,33690.14,64123.874245,288,288,0.001276395319670868,-0.0462955249800954,True,0.03572667518354973,3.572667518354973
2021-07-06,BTCUSDT,33690.15,35118.88,33532.0,34220.01,58210.596349,288,288,0.0015733995819982827,0.015605347745176985,True,0.03966610116961689,3.9666101169616894
2021-07-07,BTCUSDT,34220.02,35059.09,33777.77,33862.12,53807.521675,288,288,0.0008197477158774482,-0.010513575195608565,True,0.028631236715822253,2.8631236715822252
2021-07-08,BTCUSDT,33862.11,33929.64,32077.0,32875.71,70136.48032,288,288,0.0015165261034655914,-0.029562898272273444,True,0.03894260011177465,3.8942600111774652
2021-07-09,BTCUSDT,32875.71,34100.0,32261.07,33815.81,47153.939899,288,288,0.0008249056805939447,0.02819435738374842,True,0.02872117129564783,2.872117129564783
2021-07-10,BTCUSDT,33815.81,34262.0,33004.78,33502.87,34761.175468,288,288,0.0006552176008587257,-0.009297337803434232,True,0.025597218615676307,2.5597218615676307
2021-07-11,BTCUSDT,33502.87,34666.0,33306.47,34258.99,31572.647448,288,288,0.000514355234251746,0.022317905214544204,True,0.02267940109993529,2.2679401099935292
2021-07-12,BTCUSDT,34259.0,34678.43,32658.34,33086.63,48181.403762,288,288,0.0006854359569723765,-0.03481973872786604,True,0.026180831861733814,2.6180831861733815
2021-07-13,BTCUSDT,33086.94,33340.0,32202.25,32729.77,41126.361008,288,288,0.0007357446277834264,-0.010844211993666588,True,0.027124612951771796,2.71246129517718
2021-07-14,BTCUSDT,32729.12,33114.03,31550.0,32820.02,46777.823484,288,288,0.0012038226483509385,0.002753633750060642,True,0.034696147456899855,3.4696147456899853
2021-07-15,BTCUSDT,32820.03,33185.25,31133.0,31880.0,51639.576353000004,288,288,0.0011562852461194486,-0.0290598411242647,True,0.034004194537136864,3.4004194537136865
2021-07-16,BTCUSDT,31874.49,32249.18,31020.0,31383.87,48499.864154,288,288,0.000966975676078549,-0.015684787261423375,True,0.031096232506182302,3.10962325061823
2021-07-17,BTCUSDT,31383.86,31955.92,31164.31,31520.07,34012.242132,288,288,0.000675903345127807,0.004330419138806326,True,0.025998141186011875,2.5998141186011874
2021-07-18,BTCUSDT,31520.07,32435.0,31108.97,31778.56,35923.716186,288,288,0.0005344522733614751,0.008167362765900264,True,0.023118223836650496,2.3118223836650498
2021-07-19,BTCUSDT,31778.57,31899.0,30407.44,30839.65,47340.468499,288,288,0.0006425588360630048,-0.02999064883210143,True,0.025348744269943727,2.5348744269943726
2021-07-20,BTCUSDT,30839.65,31063.07,29278.0,29790.35,61034.049017,288,288,0.0011511440831477957,-0.034616684167991234,True,0.03392851430799462,3.392851430799462
2021-07-21,BTCUSDT,29790.34,32858.0,29482.61,32144.51,82796.265128,288,288,0.0018161508244185498,0.0760571584840483,True,0.0426163211037573,4.26163211037573
2021-07-22,BTCUSDT,32144.51,32591.35,31708.0,32287.83,46148.092433,288,288,0.00089015023863509,0.004448704994112584,True,0.02983538567934207,2.983538567934207
2021-07-23,BTCUSDT,32287.58,33650.0,31924.32,33634.09,50112.863626,288,288,0.0006395927031715795,0.040849756917324294,True,0.02529017008981117,2.529017008981117
2021-07-24,BTCUSDT,33634.1,34500.0,33401.14,34258.14,47977.550138,288,288,0.0005964774694853131,0.018384064743453367,True,0.0244228882298002,2.44228882298002
2021-07-25,BTCUSDT,34261.51,35398.0,33851.12,35381.02,47852.928313,288,288,0.0007857898680149061,0.032251317459296686,True,0.028031943707401134,2.8031943707401132
2021-07-26,BTCUSDT,35381.02,40550.0,35205.78,37237.6,152452.512724,288,288,0.007956631751787584,0.05114348533727736,True,0.08919995376561349,8.91999537656135
2021-07-27,BTCUSDT,37241.33,39542.61,36383.0,39457.87,88397.267015,288,288,0.0025533905456630013,0.05791451692422969,True,0.05053108494444782,5.053108494444782
2021-07-28,BTCUSDT,39456.61,40900.0,38772.0,40019.56,101344.528441,288,288,0.0028568512430614556,0.014134814167451654,True,0.05344952051292374,5.344952051292374
2021-07-29,BTCUSDT,40019.57,40640.0,39200.0,40016.48,53998.439283,288,288,0.0010191755143068098,-7.696532715723244e-05,True,0.0319245284116588,3.19245284116588
2021-07-30,BTCUSDT,40018.49,42316.71,38313.23,42206.37,73602.784805,288,288,0.0016436632718930756,0.05327978825254132,True,0.04054211725962367,4.054211725962367
2021-07-31,BTCUSDT,42206.36,42448.0,41000.15,41461.83,44849.791012,288,288,0.0009470286568521144,-0.0177979125551527,True,0.030773830714620407,3.0773830714620405
2021-08-01,BTCUSDT,41461.84,42599.0,39422.01,39845.44,53953.186326,288,288,0.001403009289088084,-0.039765275383072896,True,0.037456765598327946,3.745676559832795
2021-08-02,BTCUSDT,39850.27,40480.01,38690.0,39147.82,50837.351954,288,288,0.0011008602557566578,-0.017663231962589294,True,0.03317921421246527,3.317921421246527
2021-08-03,BTCUSDT,39146.86,39780.0,37642.03,38207.05,57117.435853,288,288,0.0017044990183375927,-0.024324684058786974,True,0.04128557881800366,4.128557881800366
2021-08-04,BTCUSDT,38207.04,39969.66,37508.56,39723.18,52329.35243,288,288,0.0008951415588926193,0.03891484283708971,True,0.02991891640572264,2.991891640572264
2021-08-05,BTCUSDT,39723.17,41350.0,37332.7,40862.46,84343.755621,288,288,0.0021167533388370325,0.028276896761954017,True,0.04600818773693474,4.600818773693474
2021-08-06,BTCUSDT,40862.46,43392.43,39853.86,42836.87,75753.941347,288,288,0.002127489283170511,0.04718738719476967,True,0.046124714450828976,4.612471445082898
2021-08-07,BTCUSDT,42836.87,44700.0,42446.41,44572.54,73396.740808,288,288,0.0020775419627897516,0.039718793988717395,True,0.04558006102222496,4.558006102222496
2021-08-08,BTCUSDT,44572.54,45310.0,43261.0,43794.37,69329.092698,288,288,0.0015837213610634918,-0.017612704032916638,True,0.03979599679695801,3.979599679695801
2021-08-09,BTCUSDT,43794.36,46454.15,42779.0,46253.4,74587.884845,288,288,0.00220752560415376,0.0546297044621687,True,0.0469843123196856,4.69843123196856
2021-08-10,BTCUSDT,46248.87,46700.0,44589.46,45584.99,53814.643421,288,288,0.0011102104198037889,-0.014556479103527134,True,0.03331982022466191,3.3319820224661907
2021-08-11,BTCUSDT,45585.0,46743.47,45341.14,45511.0,52734.901977,288,288,0.000781925994661259,-0.0016244406865868824,True,0.027962939664156538,2.7962939664156536
2021-08-12,BTCUSDT,45510.67,46218.12,43770.0,44399.0,55266.108781,288,288,0.0010698898924447673,-0.024737108317828473,True,0.03270917138120083,3.2709171381200832
2021-08-13,BTCUSDT,44400.06,47886.0,44217.39,47800.0,48239.370431,234,233,,,False,,
2021-08-14,BTCUSDT,47799.99,48144.0,45971.03,47068.51,46114.359022000004,288,288,0.0010585875318714455,-0.015421439567330806,True,0.03253594215435363,3.2535942154353634
2021-08-15,BTCUSDT,47068.5,47372.27,45500.0,46973.82,42110.711334,288,288,0.0009498703253604501,-0.0020137746906024614,True,0.030819966342623576,3.0819966342623575
2021-08-16,BTCUSDT,46973.82,48053.83,45660.0,45901.29,52480.574014,288,288,0.0009805840935420624,-0.023097203992741223,True,0.03131427938723902,3.1314279387239017
2021-08-17,BTCUSDT,45901.3,47160.0,44376.0,44695.95,57039.341629,288,288,0.001288240107766127,-0.02661032775885246,True,0.03589206190463466,3.5892061904634662
2021-08-18,BTCUSDT,44695.95,46000.0,44203.28,44705.29,54099.415985,288,288,0.0012653170162029994,0.0002089456484934307,True,0.03557129483450103,3.557129483450103
2021-08-19,BTCUSDT,44699.37,47033.0,43927.7,46760.62,53411.75392,288,288,0.0011925914856989865,0.044949556575480415,True,0.034533917902534406,3.4533917902534403
2021-08-20,BTCUSDT,46760.62,49382.99,46622.99,49322.47,56850.352228,288,288,0.0008665697333959963,0.05333836243326814,True,0.029437556511979664,2.9437556511979666
2021-08-21,BTCUSDT,49322.47,49757.04,48222.0,48821.87,46745.136584,288,288,0.0007923024295996232,-0.010201389940111858,True,0.028147867230034023,2.8147867230034023
2021-08-22,BTCUSDT,48821.88,49500.0,48050.0,49239.22,37007.887795,288,288,0.0005396626219536432,0.008512092205915157,True,0.023230639723297402,2.32306397232974
2021-08-23,BTCUSDT,49239.22,50500.0,49029.0,49488.85,52462.541954,288,288,0.0005828885951921171,0.005056931265299332,True,0.02414308586722329,2.414308586722329
2021-08-24,BTCUSDT,49488.85,49860.0,47600.0,47674.01,51014.594748,288,288,0.0008434335724533503,-0.037361006005777644,True,0.029041927836377362,2.904192783637736
2021-08-25,BTCUSDT,47674.01,49264.3,47126.28,48973.32,44655.830342,288,288,0.0009015425600869467,0.02688927435585524,True,0.030025698328048037,3.0025698328048036
2021-08-26,BTCUSDT,48973.32,49352.84,46250.0,46843.87,49371.277774,288,288,0.001255255805284231,-0.04445550301891407,True,0.035429589403269,3.5429589403269
2021-08-27,BTCUSDT,46843.86,49149.93,46348.0,49069.9,42068.104965,288,288,0.0009081141451716724,0.04642565518730686,True,0.030134932307401528,3.0134932307401527
2021-08-28,BTCUSDT,49069.9,49299.0,48346.88,48895.35,26681.063786,288,288,0.00036028734240336357,-0.0035635122599485484,True,0.018981236587834936,1.8981236587834935
2021-08-29,BTCUSDT,48895.35,49632.27,47762.54,48767.83,32652.283473,288,288,0.0006256233750668022,-0.002611425769036004,True,0.025012464394113632,2.5012464394113634
2021-08-30,BTCUSDT,48767.84,48888.61,46853.0,46982.91,40288.35083,288,288,0.0007040111296362333,-0.03728695560163409,True,0.026533208053988372,2.6533208053988373
2021-08-31,BTCUSDT,46982.91,48246.11,46700.0,47100.89,48645.527369999996,288,288,0.0007539223975720885,0.002507978245792798,True,0.027457647342263112,2.745764734226311
2021-09-01,BTCUSDT,47100.89,49156.0,46512.0,48810.52,49904.65528,288,288,0.0007377591552549591,0.03565396658703131,True,0.027161722243903442,2.7161722243903443
2021-09-02,BTCUSDT,48810.51,50450.13,48584.06,49246.64,54410.770538,288,288,0.000740095115227009,0.008895278543616854,True,0.027204689213939,2.7204689213938997
2021-09-03,BTCUSDT,49246.63,51000.0,48316.84,49999.14,59025.644157,288,288,0.0010383246146228279,0.015164663339699054,True,0.032223044775794046,3.2223044775794047
2021-09-04,BTCUSDT,49998.0,50535.69,49370.0,49915.64,34664.65959,288,288,0.0005046831079397765,-0.0016714247769785446,True,0.022465153191994408,2.2465153191994407
2021-09-05,BTCUSDT,49917.54,51900.0,49450.0,51756.88,40544.835873,288,288,0.0004912174002738286,0.03622298966548719,True,0.02216342483177698,2.2163424831776983
2021-09-06,BTCUSDT,51756.88,52780.0,50969.33,52663.9,49249.667081,288,288,0.0003449899194024318,0.017372841164721816,True,0.018573904258459818,1.857390425845982
2021-09-07,BTCUSDT,52666.2,52920.0,42843.05,46863.73,123048.802719,288,288,0.019874078523391084,-0.11668618261666898,True,0.1409754536200933,14.097545362009331
2021-09-08,BTCUSDT,46868.57,47340.99,44412.02,46048.31,65069.3152,288,288,0.0021762157975697863,-0.017552965928859212,True,0.04664992816253618,4.664992816253618
2021-09-09,BTCUSDT,46048.31,47399.97,45513.08,46395.14,50651.66002,288,288,0.0011678454032433107,0.007503649579212876,True,0.034173753133703515,3.4173753133703513
2021-09-10,BTCUSDT,46395.14,47033.0,44132.29,44850.91,49048.26618,288,288,0.0010801043611914165,-0.03385083421309661,True,0.032864941216917104,3.2864941216917103
2021-09-11,BTCUSDT,44842.2,45987.93,44722.22,45173.69,30440.4081,288,288,0.000525702501784459,0.007170959563999968,True,0.022928203195725107,2.2928203195725105
2021-09-12,BTCUSDT,45173.68,46460.0,44742.06,46025.24,32094.28052,288,288,0.0008400098819593368,0.018675103944808775,True,0.028982923971872417,2.898292397187242
2021-09-13,BTCUSDT,46025.23,46880.0,43370.0,44940.73,65429.15056,288,288,0.0031479260589297176,-0.023845431156868914,True,0.05610638162392686,5.610638162392686
2021-09-14,BTCUSDT,44940.72,47250.0,44594.44,47111.52,44855.85099,288,288,0.0008809359090323618,0.04717304659737402,True,0.029680564499893897,2.9680564499893896
2021-09-15,BTCUSDT,47103.28,48500.0,46682.32,48121.41,43204.71174,288,288,0.00042905720918816575,0.021209635319469993,True,0.020713696173985118,2.0713696173985117
2021-09-16,BTCUSDT,48121.4,48557.0,47021.1,47737.82,40725.08895,288,288,0.0007247882432031568,-0.00800323656818161,True,0.026921891523501034,2.6921891523501036
2021-09-17,BTCUSDT,47737.81,48150.0,46699.56,47299.98,34461.92776,288,288,0.0005808305263610501,-0.009214083189828307,True,0.024100425854350585,2.4100425854350584
2021-09-18,BTCUSDT,47299.98,48843.2,47035.56,48292.74,30906.47038,288,288,0.0004794110948289612,0.02077136613693832,True,0.021895458315115517,2.1895458315115515
2021-09-19,BTCUSDT,48292.75,48372.83,46829.18,47241.75,29847.24349,288,288,0.0004989905845534632,-0.022003203281518318,True,0.022338097156057477,2.233809715605748
2021-09-20,BTCUSDT,47241.75,47347.25,42500.0,43015.62,78003.524443,288,288,0.003212082063897725,-0.09371472997414271,True,0.056675233249610234,5.6675233249610235
2021-09-21,BTCUSDT,43016.64,43639.0,39600.0,40734.38,84534.080485,288,288,0.006015589488351882,-0.05449085222582275,True,0.07756023135829265,7.756023135829265
2021-09-22,BTCUSDT,40734.09,44000.55,40565.39,43543.61,58349.05542,288,288,0.002028055288439107,0.0666905113136784,True,0.045033934854053194,4.5033934854053195
2021-09-23,BTCUSDT,43546.37,44978.0,43069.09,44865.26,48699.47033,288,288,0.0012201868071310968,0.029900811262543233,True,0.03493117242709006,3.493117242709006
2021-09-24,BTCUSDT,44865.26,45200.0,40675.0,42810.57,84113.426292,288,288,0.002583378787575958,-0.04687874118216935,True,0.05082694942228933,5.082694942228933
2021-09-25,BTCUSDT,42810.58,42966.84,41646.28,42670.64,33594.57189,288,288,0.0013236065271510001,-0.0032739387986831766,True,0.036381403589622545,3.6381403589622545
2021-09-26,BTCUSDT,42670.63,43950.0,40750.0,43160.9,49879.99765,288,288,0.002133428259108974,0.011423896898212011,True,0.04618904912540389,4.618904912540389
2021-09-27,BTCUSDT,43160.9,44350.0,42098.0,42147.35,39776.84383,288,288,0.001337904096331732,-0.023763181042317026,True,0.03657737136990208,3.6577371369902076
2021-09-28,BTCUSDT,42147.35,42787.38,40888.0,41026.54,43372.2624,288,288,0.0015670251946614108,-0.026952637413386958,True,0.03958566905663476,3.9585669056634765
2021-09-29,BTCUSDT,41025.01,42590.0,40753.88,41524.28,33511.53487,264,263,,,False,,
2021-09-30,BTCUSDT,41524.29,44141.37,41410.17,43824.1,46381.22781,288,288,0.0012343124897835577,0.05390557797621278,True,0.035132783689647444,3.513278368964744
2021-10-01,BTCUSDT,43820.01,48495.0,43283.03,48141.61,66244.87492,288,288,0.002289086402510393,0.09396298154418725,True,0.04784439781740798,4.784439781740798
2021-10-02,BTCUSDT,48141.6,48336.59,47430.18,47634.9,30508.98131,288,288,0.0005029580166773036,-0.010581190057192328,True,0.02242672550055633,2.2426725500556333
2021-10-03,BTCUSDT,47634.89,49228.08,47088.0,48200.01,30825.05601,288,288,0.0006911279972127745,0.011793542665608461,True,0.026289313365182716,2.6289313365182716
2021-10-04,BTCUSDT,48200.01,49536.12,46891.0,49224.94,46796.49372,288,288,0.0014077316820736792,0.02104117710619495,True,0.037519750559854195,3.7519750559854197
2021-10-05,BTCUSDT,49224.93,51886.3,49022.4,51471.99,52125.66793,288,288,0.0008092427093566335,0.04463737058466034,True,0.02844719158997305,2.844719158997305
2021-10-06,BTCUSDT,51471.99,55750.0,50382.41,55315.0,79877.545181,288,288,0.0023131334851660347,0.07200634327060776,True,0.04809504636826993,4.809504636826993
2021-10-07,BTCUSDT,55315.0,55332.31,53357.0,53785.22,54917.37766,288,288,0.001191998424345715,-0.028045411251504823,True,0.03452533018445609,3.452533018445609
2021-10-08,BTCUSDT,53785.22,56100.0,53617.61,53951.43,46160.25785,288,288,0.000895849655271422,0.0030854891415940198,True,0.029930747656405476,2.9930747656405474
2021-10-09,BTCUSDT,53955.67,55489.0,53661.67,54949.72,55177.08013,288,288,0.0005386046717495702,0.018334387918284237,True,0.023207857974176984,2.3207857974176984
2021-10-10,BTCUSDT,54949.72,56561.31,54080.0,54659.0,89237.836128,288,288,0.00099643802557679,-0.005304699876692472,True,0.03156640659905384,3.156640659905384
2021-10-11,BTCUSDT,54659.01,57839.04,54415.06,57471.35,52933.165751,288,288,0.0008735807338119035,0.05017267734198871,True,0.029556399202404604,2.9556399202404604
2021-10-12,BTCUSDT,57471.35,57680.0,53879.0,55996.93,53471.2855,288,288,0.0010045847052707602,-0.025989694956714417,True,0.03169518425992757,3.1695184259927567
2021-10-13,BTCUSDT,55996.91,57777.0,54167.19,57367.0,55808.44492,288,288,0.0013608086382728708,0.024172357303922445,True,0.036889139841867695,3.6889139841867693
2021-10-14,BTCUSDT,57370.83,58532.54,56818.05,57347.94,43053.336781,288,288,0.0009548728024029193,-0.00033230196825957594,True,0.030901016203402104,3.0901016203402105
2021-10-15,BTCUSDT,57347.94,62933.0,56850.0,61672.42,82512.908022,288,288,0.0015342942418223695,0.0726999062161002,True,0.0391700681876145,3.9170068187614504
2021-10-16,BTCUSDT,61672.42,62378.42,60150.0,60875.57,35467.88096,288,288,0.0007155505491261871,-0.013004884546981366,True,0.02674977661824837,2.674977661824837
2021-10-17,BTCUSDT,60875.57,61718.39,58963.0,61528.33,39099.24124,288,288,0.0008746549418131077,0.010665774343540668,True,0.02957456579246951,2.957456579246951
2021-10-18,BTCUSDT,61528.32,62695.78,59844.45,62009.84,51798.44844,288,288,0.0011763387107180103,0.007795362977313012,True,0.03429779454597643,3.429779454597643
2021-10-19,BTCUSDT,62005.6,64486.0,61322.22,64280.59,53628.107744,288,288,0.0009484771552528221,0.03596463729137865,True,0.03079735630298195,3.079735630298195
2021-10-20,BTCUSDT,64280.59,67000.0,63481.4,66001.41,51428.934856,288,288,0.000948560242594367,0.026418386013748997,True,0.030798705209705925,3.0798705209705926
2021-10-21,BTCUSDT,66001.4,66639.74,62000.0,62193.15,68538.64537,288,288,0.0030317036088315674,-0.05943124037142122,True,0.05506090817296394,5.5060908172963945
2021-10-22,BTCUSDT,62193.15,63732.39,60000.0,60688.22,52119.35886,288,288,0.0012475722137812565,-0.024495255024330812,True,0.035320988289984985,3.5320988289984987
2021-10-23,BTCUSDT,60688.23,61747.64,59562.15,61286.75,27626.93678,288,288,0.0007078621123529705,0.009814059457965062,True,0.026605678197575994,2.6605678197575995
2021-10-24,BTCUSDT,61286.75,61500.0,59510.63,60852.22,31226.57676,288,288,0.0006317435127766269,-0.007115367573461561,True,0.025134508405310552,2.513450840531055
2021-10-25,BTCUSDT,60852.22,63710.63,60650.0,63078.78,36853.83806,288,288,0.0005580767980160675,0.035936119464491434,True,0.023623649125739814,2.3623649125739816
2021-10-26,BTCUSDT,63078.78,63293.48,59817.55,60328.81,40217.50083,288,288,0.0008412433279756587,-0.044574653976376104,True,0.029004195006509984,2.9004195006509983
2021-10-27,BTCUSDT,60328.81,61496.0,58000.0,58413.44,62124.49016,288,288,0.001801110911872944,-0.032263767068428366,True,0.04243949707375129,4.243949707375129
2021-10-28,BTCUSDT,58413.44,62499.0,57820.0,60575.89,61056.35301,288,288,0.004456375573241865,0.03635095878154801,True,0.06675609015844071,6.675609015844071
2021-10-29,BTCUSDT,60575.9,62980.0,60174.81,62253.71,43973.90414,288,288,0.0011805099359141111,0.027321172837900067,True,0.03435854967710528,3.4358549677105277
2021-10-30,BTCUSDT,62253.7,62359.25,60673.0,61859.19,31478.12566,288,288,0.0005717419074001697,-0.006357458874696141,True,0.023911125180554965,2.3911125180554964
2021-10-31,BTCUSDT,61859.19,62405.3,59945.36,61299.8,39267.63794,288,288,0.0005966963741283517,-0.009084092793677789,True,0.024427369365700266,2.4427369365700264
2021-11-01,BTCUSDT,61299.81,62437.74,59405.0,60911.11,44687.66672,288,288,0.0009861099008412063,-0.006360992003153388,True,0.03140238686535159,3.1402386865351595
2021-11-02,BTCUSDT,60911.12,64270.0,60624.68,63219.99,46368.2841,288,288,0.0008937634744746199,0.03720496031871914,True,0.029895877215338904,2.9895877215338906
2021-11-03,BTCUSDT,63220.57,63500.0,60382.76,62896.48,43336.09049,288,288,0.0009187248341806534,-0.005130348313392911,True,0.030310474001253317,3.0310474001253316
2021-11-04,BTCUSDT,62896.49,63086.31,60677.01,61395.01,35930.93314,288,288,0.000648857375948223,-0.0241616388040993,True,0.025472679010033927,2.5472679010033925
2021-11-05,BTCUSDT,61395.01,62595.72,60721.0,60937.12,31604.48749,288,288,0.0005932391338087529,-0.007486048650990136,True,0.024356500853134733,2.4356500853134735
2021-11-06,BTCUSDT,60940.18,61560.49,60050.0,61470.61,25590.57408,288,288,0.00045875023783360975,0.008716661568432116,True,0.0214184555426765,2.14184555426765
2021-11-07,BTCUSDT,61470.62,63286.35,61322.78,63273.59,25515.6883,288,288,0.00040511089650153975,0.02890884809094593,True,0.020127366854646927,2.012736685464693
2021-11-08,BTCUSDT,63273.58,67789.0,63273.58,67525.83,54442.094554,288,288,0.0008741214448183568,0.06504216884637103,True,0.029565544892972237,2.9565544892972238
2021-11-09,BTCUSDT,67525.82,68524.25,66222.4,66947.66,44661.378068,288,288,0.0008051501510179112,-0.008599071276881335,True,0.02837516785884995,2.837516785884995
2021-11-10,BTCUSDT,66947.67,69000.0,62822.9,64882.43,65171.504046,288,288,0.0035420529679271425,-0.031334257203481486,True,0.059515149062462594,5.95151490624626
2021-11-11,BTCUSDT,64882.42,65600.07,64100.0,64774.26,37237.98058,288,288,0.0007728336057335148,-0.0016685606442090567,True,0.02779988499496922,2.779988499496922
2021-11-12,BTCUSDT,64774.25,65450.7,62278.0,64122.23,44490.10816,288,288,0.0010484427190411416,-0.010117196545530982,True,0.032379665208910696,3.2379665208910695
2021-11-13,BTCUSDT,64122.22,65000.0,63360.22,64380.0,22504.97383,288,288,0.0004820250886589014,0.004011920193833144,True,0.021955069771214607,2.1955069771214606
2021-11-14,BTCUSDT,64380.01,65550.51,63576.27,65519.1,25705.07347,288,288,0.0004961730722625152,0.01753867731607206,True,0.022274942699421593,2.2274942699421594
2021-11-15,BTCUSDT,65519.11,66401.82,63400.0,63606.74,37829.37124,288,288,0.0005464820450156846,-0.029622263612828794,True,0.023376955426566665,2.3376955426566663
2021-11-16,BTCUSDT,63606.73,63617.31,58574.07,60058.87,77455.15609,288,288,0.002465394733419253,-0.0573941917145324,True,0.049652741449181366,4.965274144918137
2021-11-17,BTCUSDT,60058.87,60840.23,58373.0,60344.87,46289.38491,288,288,0.0017437967735685702,0.004750691928607308,True,0.04175879276953023,4.175879276953022
2021-11-18,BTCUSDT,60344.86,60976.0,56474.26,56891.62,62146.99931,288,288,0.0021186418042650258,-0.058927885424532415,True,0.046028706306662864,4.6028706306662865
2021-11-19,BTCUSDT,56891.62,58320.0,55600.0,58052.24,50715.88726,288,288,0.0010456799632203243,0.020195240460608766,True,0.03233697517116164,3.233697517116164
2021-11-20,BTCUSDT,58057.1,59845.0,57353.0,59707.51,33811.5901,288,288,0.0008126267386500164,0.028114513307779754,True,0.028506608683777458,2.8506608683777457
2021-11-21,BTCUSDT,59707.52,60029.76,58486.65,58622.02,31902.22785,288,288,0.0006430654941195644,-0.01834741421386498,True,0.025358736051301223,2.5358736051301225
2021-11-22,BTCUSDT,58617.7,59444.0,55610.0,56247.18,51724.32047,288,288,0.001936544392119594,-0.041354487423493645,True,0.04400618583926121,4.400618583926121
2021-11-23,BTCUSDT,56243.83,58009.99,55317.0,57541.27,49917.85017,288,288,0.0017021828208852363,0.022746522987711945,True,0.04125751835587347,4.125751835587347
2021-11-24,BTCUSDT,57541.26,57735.0,55837.0,57138.29,39612.04964,288,288,0.000874003014633445,-0.007027959623695743,True,0.02956354198389369,2.956354198389369
2021-11-25,BTCUSDT,57138.29,59398.9,57000.0,58960.36,42153.51522,288,288,0.000599607745232026,0.03139088383840996,True,0.024486889251843037,2.4486889251843036
2021-11-26,BTCUSDT,58960.37,59150.0,53500.0,53726.53,65927.87066,288,288,0.0017118696241962077,-0.09295843321180171,True,0.04137474621307311,4.1374746213073115
2021-11-27,BTCUSDT,53723.72,55280.0,53610.0,54721.03,29716.99957,288,288,0.0008788723081671756,0.018341175751456416,True,0.029645780613220082,2.9645780613220083
2021-11-28,BTCUSDT,54716.47,57445.05,53256.64,57274.88,36163.7137,288,288,0.0012459655566554812,0.04561403694585227,True,0.03529823730238496,3.529823730238496
2021-11-29,BTCUSDT,57274.89,58865.97,56666.67,57776.25,40125.28009,288,288,0.0007849729577888364,0.008715658399546815,True,0.028017368859135156,2.8017368859135154
2021-11-30,BTCUSDT,57776.25,59176.99,55875.55,56950.56,49161.05194,288,288,0.0016508967244575632,-0.014394268550107175,True,0.04063122843894291,4.063122843894291
2021-12-01,BTCUSDT,56950.56,59053.55,56458.01,57184.07,44956.63656,288,288,0.001205926932126882,0.004091840063052605,True,0.03472645867529371,3.472645867529371
2021-12-02,BTCUSDT,57184.07,57375.47,55777.77,56480.34,37574.05976,288,288,0.001193413943572343,-0.012382750098006942,True,0.03454582382245853,3.454582382245853
2021-12-03,BTCUSDT,56484.26,57600.0,51680.0,53601.05,58927.69027,288,288,0.0016766255571765984,-0.05232395555977243,True,0.040946618385119406,4.09466183851194
2021-12-04,BTCUSDT,53601.05,53859.1,42000.3,49152.47,114203.373748,288,288,0.007640254832202629,-0.08664155778315208,True,0.08740855125331061,8.740855125331061
2021-12-05,BTCUSDT,49152.46,49699.05,47727.21,49396.33,45580.820120000004,288,288,0.0018100620672132086,0.00494903028218298,True,0.04254482421180288,4.254482421180288
2021-12-06,BTCUSDT,49396.32,50891.11,47100.0,50441.92,58571.21575,288,288,0.0030399087096750848,0.020946445463868358,True,0.055135367140113294,5.513536714011329
2021-12-07,BTCUSDT,50441.91,51936.33,50039.74,50588.95,38253.46877,288,288,0.0010233184891018999,0.0029105975984961667,True,0.031989349619864105,3.1989349619864105
2021-12-08,BTCUSDT,50588.95,51200.0,48600.0,50471.19,38425.92466,288,288,0.0014721873802494916,-0.0023304945609253164,True,0.03836909407647634,3.8369094076476338
2021-12-09,BTCUSDT,50471.19,50797.76,47320.0,47545.59,37692.68665,288,288,0.0013110310725029566,-0.05971363822672069,True,0.036208163064465955,3.6208163064465957
2021-12-10,BTCUSDT,47535.9,50125.0,46852.0,47140.54,44233.57391,288,288,0.002355311721099984,-0.008555687528781664,True,0.04853155387065187,4.853155387065187
2021-12-11,BTCUSDT,47140.54,49485.71,46751.0,49389.99,28889.19358,288,288,0.0014202591581918395,0.046614419400291304,True,0.037686325878119764,3.768632587811976
2021-12-12,BTCUSDT,49389.99,50777.0,48638.0,50053.9,26017.93421,288,288,0.0005447675777652705,0.013352652721007574,True,0.023340256591675903,2.3340256591675903
2021-12-13,BTCUSDT,50053.9,50189.97,45672.75,46702.75,50869.52093,288,288,0.001606342442325282,-0.06929737535263891,True,0.04007920211687456,4.007920211687456
2021-12-14,BTCUSDT,46702.76,48700.41,46290.0,48343.28,39955.984449999996,288,288,0.0017021312092713543,0.034524176232672225,True,0.04125689286981454,4.125689286981454
2021-12-15,BTCUSDT,48336.95,49500.0,46547.0,48864.98,51629.181,288,288,0.0018208445066534816,0.010733758816393973,True,0.042671354638134956,4.267135463813496
2021-12-16,BTCUSDT,48864.98,49436.43,47511.0,47632.38,31949.86739,288,288,0.0007915657417196093,-0.02554820242818441,True,0.02813477815301925,2.813477815301925
2021-12-17,BTCUSDT,47632.38,47995.96,45456.0,46131.2,43104.4887,288,288,0.0015461299590217238,-0.03202327139996598,True,0.039320859082956516,3.932085908295652
2021-12-18,BTCUSDT,46133.83,47392.37,45500.0,46834.48,25020.05271,288,288,0.0007233565277074274,0.015130173120066296,True,0.0268952882064392,2.68952882064392
2021-12-19,BTCUSDT,46834.47,48300.01,46406.91,46681.23,29305.70665,288,288,0.0010147219028888554,-0.0032775271061209746,True,0.03185469985557634,3.185469985557634
2021-12-20,BTCUSDT,46681.24,47537.57,45558.85,46914.16,35848.50609,288,288,0.0009317233533796123,0.004977392174810488,True,0.030524143777993385,3.0524143777993387
2021-12-21,BTCUSDT,46914.17,49328.96,46630.0,48889.88,37713.92924,288,288,0.0007262332241895128,0.041250873237452815,True,0.026948714703850216,2.6948714703850216
2021-12-22,BTCUSDT,48887.59,49576.13,48421.87,48588.16,27004.2022,288,288,0.0004829452216172107,-0.006190542271114668,True,0.021976014689138037,2.1976014689138035
2021-12-23,BTCUSDT,48588.17,51375.0,47920.42,50838.81,35192.54046,288,288,0.0006598727452416663,0.04528015945422826,True,0.025687988345560776,2.5687988345560777
2021-12-24,BTCUSDT,50838.82,51810.0,50384.43,50820.0,31661.91885,288,288,0.0006324929529142492,-0.000370061388968144,True,0.025149412575928072,2.5149412575928074
2021-12-25,BTCUSDT,50819.99,51156.23,50142.32,50399.66,19135.51613,288,288,0.0003582939077893095,-0.008305548869195845,True,0.018928653089676232,1.8928653089676233
2021-12-26,BTCUSDT,50399.67,51280.0,49412.0,50775.49,22569.88914,288,288,0.0005401403157045568,0.007429328815576042,True,0.023240918994406327,2.3240918994406328
2021-12-27,BTCUSDT,50775.48,52088.0,50449.0,50701.44,28779.58212,288,288,0.00047086755009373866,-0.0014594452777352003,True,0.02169948271488836,2.169948271488836
2021-12-28,BTCUSDT,50701.44,50704.05,47313.01,47543.74,45853.33924,288,288,0.0012461784599878969,-0.06430418312979747,True,0.03530125295209643,3.530125295209643
2021-12-29,BTCUSDT,47543.74,48139.08,46096.99,46464.66,39498.87,288,288,0.0010787428855329904,-0.022958105783960965,True,0.03284422149378777,3.2844221493787766
2021-12-30,BTCUSDT,46464.66,47900.0,45900.0,47120.87,30352.29569,288,288,0.0007021947408727998,0.014023979023434064,True,0.026498957354446982,2.6498957354446984
2021-12-31,BTCUSDT,47120.88,48548.26,45678.0,46216.93,34937.99796,288,288,0.0010444823625185406,-0.019369821492675004,True,0.03231845235339311,3.231845235339311
2022-01-01,BTCUSDT,46216.93,47954.63,46208.37,47722.65,19604.46325,288,288,0.000717919278524077,0.032059946781778356,True,0.026794015722248075,2.6794015722248075
2022-01-02,BTCUSDT,47722.66,47990.0,46654.0,47286.18,18340.4604,288,288,0.0005405359658460805,-0.009188052743593614,True,0.023249429366031343,2.3249429366031342
2022-01-03,BTCUSDT,47286.18,47570.0,45696.0,46446.1,27662.0771,288,288,0.0005660455084433306,-0.017925574729596015,True,0.023791710918791245,2.3791710918791247
2022-01-04,BTCUSDT,46446.1,47557.54,45500.0,45832.01,35491.4136,288,288,0.000836009304937339,-0.013309745191831717,True,0.02891382549814775,2.891382549814775
2022-01-05,BTCUSDT,45832.01,47070.0,42500.0,43451.13,51784.11857,288,288,0.001822382950640766,-0.053345897016702476,True,0.04268937749183942,4.268937749183942
2022-01-06,BTCUSDT,43451.14,43816.0,42430.58,43082.31,38880.37305,288,288,0.0008281693816603947,-0.008524386257176325,True,0.028777932199176414,2.8777932199176415
2022-01-07,BTCUSDT,43082.3,43145.83,40610.0,41566.48,54836.50818,288,288,0.0021183180512303265,-0.03581839879060887,True,0.04602518931227037,4.602518931227037
2022-01-08,BTCUSDT,41566.48,42300.0,40501.0,41679.74,32952.73111,288,288,0.0009665598600349807,0.0027210861918857067,True,0.031089545831918818,3.1089545831918817
2022-01-09,BTCUSDT,41679.74,42786.7,41200.02,41864.62,22724.39426,288,288,0.0007052785458832347,0.004425919398926727,True,0.026557080899135634,2.6557080899135634
2022-01-10,BTCUSDT,41864.62,42248.5,39650.0,41822.49,50729.17019,288,288,0.0021742135318482533,-0.0010068457032172146,True,0.046628462679443476,4.662846267944348
2022-01-11,BTCUSDT,41822.49,43100.0,41268.93,42729.29,37296.43729,288,288,0.0009536005805378296,0.021450400439677907,True,0.030880423904762536,3.0880423904762537
2022-01-12,BTCUSDT,42729.29,44322.0,42450.0,43902.66,33943.2928,288,288,0.0006377322810007379,0.027090276943409507,True,0.025253361776221752,2.525336177622175
2022-01-13,BTCUSDT,43902.65,44500.0,42311.22,42560.11,34910.87762,288,288,0.0008501274668747122,-0.03105748088409979,True,0.029156945431144055,2.9156945431144052
2022-01-14,BTCUSDT,42558.35,43448.78,41725.95,43059.96,32640.88292,288,288,0.0007463533117714677,0.011676133382901454,True,0.027319467633383117,2.731946763338312
2022-01-15,BTCUSDT,43059.96,43800.0,42555.0,43084.29,21936.05616,288,288,0.00036383988134021264,0.0005648665034983628,True,0.01907458731769085,1.907458731769085
2022-01-16,BTCUSDT,43084.29,43475.0,42581.79,43071.66,20602.35271,288,288,0.0003696537715902388,-0.00029318927109569484,True,0.01922638217632841,1.9226382176328412
2022-01-17,BTCUSDT,43071.66,43176.18,41540.42,42201.62,27562.08613,288,288,0.0006128693009918868,-0.020406631301085602,True,0.024756197223965697,2.4756197223965697
2022-01-18,BTCUSDT,42201.63,42691.0,41250.0,42352.12,29324.08257,288,288,0.0006591953485538037,0.003559869946294785,True,0.025674799873685553,2.5674799873685554
2022-01-19,BTCUSDT,42352.12,42559.13,41138.56,41660.01,31685.72159,288,288,0.0008057200211257442,-0.016476803005827136,True,0.0283852077872568,2.83852077872568
2022-01-20,BTCUSDT,41660.0,43505.0,40553.31,40680.91,42330.33953,288,288,0.0009053392417772971,-0.023782735226195218,True,0.03008885577381262,3.0088855773812617
2022-01-21,BTCUSDT,40680.92,41100.0,35440.45,36445.31,88860.891999,288,288,0.004841891457380855,-0.10994615987911145,True,0.06958370108998842,6.9583701089988415
2022-01-22,BTCUSDT,36445.31,36835.22,34008.0,35071.42,90471.338961,288,288,0.004949681452588159,-0.03842622698585079,True,0.07035397254304947,7.035397254304947
2022-01-23,BTCUSDT,35071.42,36499.0,34601.01,36244.55,44279.52354,288,288,0.0016847499679592834,0.03290247139013354,True,0.04104570584067575,4.1045705840675755
2022-01-24,BTCUSDT,36244.55,37550.0,32917.17,36660.35,91904.753211,288,288,0.004326925507683295,0.011406764386203047,True,0.06577936992464503,6.577936992464503
2022-01-25,BTCUSDT,36660.35,37545.14,35701.0,36958.32,49232.40183,288,288,0.0018225025049611705,0.00809500163855729,True,0.04269077775071767,4.269077775071767
2022-01-26,BTCUSDT,36958.32,38919.98,36234.63,36809.34,69830.16036,288,288,0.0033106045531997776,-0.004039173875103188,True,0.05753785322029123,5.753785322029123
2022-01-27,BTCUSDT,36807.24,37234.47,35507.01,37160.1,53020.87934,288,288,0.0021241215189327627,0.009483987687843152,True,0.04608819283648213,4.608819283648213
2022-01-28,BTCUSDT,37160.11,38000.0,36155.01,37716.56,42154.26956,288,288,0.001376090971280052,0.014863650295471981,True,0.03709570017239265,3.709570017239265
2022-01-29,BTCUSDT,37716.57,38720.74,37268.44,38166.84,26129.49682,288,288,0.0008536334424848993,0.011867820497437525,True,0.02921700604930114,2.921700604930114
2022-01-30,BTCUSDT,38166.83,38359.26,37351.63,37881.76,21430.66527,288,288,0.0005371267725714479,-0.007497346048860497,True,0.023175995611223434,2.317599561122343
2022-01-31,BTCUSDT,37881.75,38744.0,36632.61,38466.9,36855.2458,288,288,0.0009559406840738549,0.015328401493650098,True,0.0309182904455252,3.09182904455252
2022-02-01,BTCUSDT,38466.9,39265.2,38000.0,38694.59,34574.44663,288,288,0.0010033707015233123,0.005901665736713617,True,0.03167602723706545,3.1676027237065454
2022-02-02,BTCUSDT,38694.59,38855.92,36586.95,36896.36,35794.6813,288,288,0.0008175752304889389,-0.04758689578779639,True,0.028593272469043113,2.859327246904311
2022-02-03,BTCUSDT,36896.37,37387.0,36250.0,37311.61,32081.10999,288,288,0.001062441677774672,0.011191637077733945,True,0.03259511739163815,3.2595117391638153
2022-02-04,BTCUSDT,37311.98,41772.33,37026.73,41574.25,64703.95874,288,288,0.0017143236716677538,0.10817644695693378,True,0.04140439193694014,4.140439193694014
2022-02-05,BTCUSDT,41571.7,41913.69,40843.01,41382.59,32532.34372,288,288,0.0006630112903784233,-0.004620724246787587,True,0.025749005619216118,2.574900561921612
2022-02-06,BTCUSDT,41382.6,42656.0,41116.56,42380.87,22405.16704,288,288,0.0006692696421552039,0.023836820198473357,True,0.02587024627163808,2.587024627163808
2022-02-07,BTCUSDT,42380.87,44500.5,41645.85,43839.99,51060.62006,288,288,0.0009654830453136836,0.03384933335689472,True,0.031072223050719813,3.107222305071981
2022-02-08,BTCUSDT,43839.99,45492.0,42666.0,44042.99,64880.29387,288,288,0.0014649702654790271,0.0046197878370259505,True,0.03827492998659863,3.8274929986598627
2022-02-09,BTCUSDT,44043.0,44799.0,43117.92,44372.72,34428.16729,288,288,0.000957924463675652,0.0074586638193069365,True,0.03095035482309778,3.095035482309778
2022-02-10,BTCUSDT,44372.71,45821.0,43174.01,43495.44,62357.29091,288,288,0.0022069104811426516,-0.019968761180240668,True,0.04697776581684842,4.697776581684842
2022-02-11,BTCUSDT,43495.44,43920.0,41938.51,42373.73,44975.1687,288,288,0.001773579743139874,-0.02612751026362156,True,0.04211389014493762,4.211389014493762
2022-02-12,BTCUSDT,42373.73,43079.49,41688.88,42217.87,26556.85681,288,288,0.0007487220777237059,-0.003685003626170372,True,0.02736278636622568,2.736278636622568
2022-02-13,BTCUSDT,42217.87,42760.0,41870.0,42053.66,17732.08113,288,288,0.00046845294753561454,-0.0038971692535807977,True,0.021643773874618414,2.1643773874618413
2022-02-14,BTCUSDT,42053.65,42842.4,41550.56,42535.94,34010.1306,288,288,0.000573934683893267,0.011402943760907166,True,0.023956933941831265,2.3956933941831267
2022-02-15,BTCUSDT,42535.94,44751.4,42427.03,44544.86,38095.19576,288,288,0.0005541396111122725,0.04614740564728361,True,0.02354017015894899,2.354017015894899
2022-02-16,BTCUSDT,44544.85,44549.97,43307.0,43873.56,28471.8727,288,288,0.00043695098448760366,-0.015184910543850953,True,0.020903372562522147,2.090337256252215
2022-02-17,BTCUSDT,43873.56,44164.71,40073.21,40515.7,47245.99494,288,288,0.0010967447796753286,-0.07962230741964775,True,0.03311713725060378,3.311713725060378
2022-02-18,BTCUSDT,40515.71,40959.88,39450.0,39974.44,43845.92241,288,288,0.0012914037543294845,-0.013449303448534688,True,0.035936106554960635,3.5936106554960636
2022-02-19,BTCUSDT,39974.45,40444.32,39639.03,40079.17,18042.0551,288,288,0.0003806989759876989,0.0026164981129277814,True,0.01951150880859035,1.9511508808590352
2022-02-20,BTCUSDT,40079.17,40125.44,38000.0,38386.89,33439.29011,288,288,0.0006944428479471349,-0.04314075292804907,True,0.026352283543312427,2.6352283543312427
2022-02-21,BTCUSDT,38386.89,39494.35,36800.0,37008.16,62347.68496,288,288,0.0028731070328335308,-0.03657756618202524,True,0.053601371557391427,5.360137155739142
2022-02-22,BTCUSDT,37008.16,38429.0,36350.0,38230.33,53785.94589,288,288,0.0017508162007003668,0.032490750766216166,True,0.04184275565376122,4.184275565376122
2022-02-23,BTCUSDT,38230.33,39249.93,37036.79,37250.01,43560.731999999996,288,288,0.0010583601060233762,-0.025976966353582487,True,0.03253244697257457,3.2532446972574567
2022-02-24,BTCUSDT,37250.02,39843.0,34322.28,38327.21,120476.29458,288,288,0.005723286573046792,0.028507874523144766,True,0.07565240626078454,7.565240626078454
2022-02-25,BTCUSDT,38328.68,39683.53,38014.37,39219.17,56574.57125,288,288,0.0018369247393230492,0.023005570067109127,True,0.04285935999665708,4.285935999665709
2022-02-26,BTCUSDT,39219.16,40348.45,38573.18,39116.72,29361.2568,288,288,0.0008620546428900544,-0.0026156608014758615,True,0.029360767069169947,2.9360767069169946
2022-02-27,BTCUSDT,39116.73,39855.7,37000.0,37699.07,46229.44719,288,288,0.0018805210572356023,-0.03691457135600727,True,0.04336497500559181,4.336497500559181
2022-02-28,BTCUSDT,37699.08,44225.84,37450.17,43160.0,73945.63858,288,288,0.0038564312607450232,0.13527871467525374,True,0.06210017118128599,6.210017118128599
2022-03-01,BTCUSDT,43160.0,44949.0,42809.98,44421.2,61743.09873,288,288,0.0014402036498292197,0.028802692569623905,True,0.03795001514926206,3.7950015149262057
2022-03-02,BTCUSDT,44421.2,45400.0,43334.09,43892.98,57782.65081,288,288,0.0016484526461864636,-0.011962434549048896,True,0.04060114094685596,4.060114094685597
2022-03-03,BTCUSDT,43892.99,44101.12,41832.28,42454.0,50940.61021,288,288,0.001077632968188658,-0.03333326158825682,True,0.03282732045398555,3.282732045398555
2022-03-04,BTCUSDT,42454.0,42527.3,38550.0,39148.66,61964.68498,288,288,0.0019556788251900575,-0.08105494230198595,True,0.044223057619188405,4.422305761918841
2022-03-05,BTCUSDT,39148.65,39613.24,38407.59,39397.96,30363.13341,288,288,0.0004989896072373381,0.006347843793420719,True,0.022338075280501187,2.233807528050119
2022-03-06,BTCUSDT,39397.97,39693.87,38088.57,38420.81,39677.26158,288,288,0.001101891180059784,-0.02511479842612315,True,0.03319474627195972,3.319474627195972
2022-03-07,BTCUSDT,38420.8,39547.57,37155.0,37988.0,63994.11559,288,288,0.0018763007992319836,-0.011328919506858322,True,0.043316287920734664,4.331628792073467
2022-03-08,BTCUSDT,37988.01,39362.08,37867.65,38730.63,55583.06638,288,288,0.0015124958996623004,0.01936043947376511,True,0.03889082024928634,3.889082024928634
2022-03-09,BTCUSDT,38730.63,42594.06,38656.45,41941.71,67392.58799,288,288,0.0014435185771476578,0.07965003732031374,True,0.03799366496072283,3.7993664960722833
2022-03-10,BTCUSDT,41941.7,42039.63,38539.73,39422.0,71962.93154,288,288,0.0024468009017829554,-0.06195676107004897,True,0.04946514835500805,4.946514835500805
2022-03-11,BTCUSDT,39422.01,40236.26,38223.6,38729.57,59018.7642,288,288,0.001616757085425877,-0.017720645144228917,True,0.040208917983774156,4.0208917983774155
2022-03-12,BTCUSDT,38729.57,39486.71,38660.52,38807.36,24034.36432,288,288,0.00033636519991904,0.0020065284013575046,True,0.018340261718935203,1.8340261718935202
2022-03-13,BTCUSDT,38807.35,39310.0,37578.51,37777.34,32791.82359,288,288,0.0007038439057433301,-0.02690046739031665,True,0.026530056647948004,2.6530056647948004
2022-03-14,BTCUSDT,37777.35,39947.12,37555.0,39671.37,46945.45375,288,288,0.0012957481649776166,0.04892031687140437,True,0.035996502121423087,3.5996502121423086
2022-03-15,BTCUSDT,39671.37,39887.61,38098.33,39280.33,46015.54926,288,288,0.0007604863686464494,-0.009905884169984752,True,0.027576917315872154,2.7576917315872156
2022-03-16,BTCUSDT,39280.33,41718.0,38828.48,41114.0,88120.76167,288,288,0.004200665076276664,0.045624811430510136,True,0.06481253795583586,6.481253795583585
2022-03-17,BTCUSDT,41114.01,41478.82,40500.0,40917.9,37189.38087,288,288,0.0005446473442037999,-0.0047810759850480875,True,0.023337680780313196,2.3337680780313197
2022-03-18,BTCUSDT,40917.89,42325.02,40135.04,41757.51,45408.00969,288,288,0.0006136788141013027,0.020311695241440636,True,0.024772541534959686,2.4772541534959687
2022-03-19,BTCUSDT,41757.51,42400.0,41499.29,42201.13,29067.18108,288,288,0.0002780566945752923,0.010567682574771824,True,0.016675032071192315,1.6675032071192315
2022-03-20,BTCUSDT,42201.13,42296.26,40911.0,41262.11,30653.33468,288,288,0.0003751008275446154,-0.022502352481312514,True,0.01936751991207484,1.936751991207484
2022-03-21,BTCUSDT,41262.11,41544.22,40467.94,41002.25,39426.24877,288,288,0.000693241271595575,-0.0063177022059920625,True,0.02632947533840306,2.632947533840306
2022-03-22,BTCUSDT,41002.26,43361.0,40875.51,42364.13,59454.94294,288,288,0.001140039816507828,0.03267507037255913,True,0.03376447565871308,3.376447565871308
2022-03-23,BTCUSDT,42364.13,43025.96,41751.47,42882.76,40828.87039,288,288,0.0005527103815912216,0.012167866742905148,True,0.023509793312388384,2.3509793312388383
2022-03-24,BTCUSDT,42882.76,44220.89,42560.46,43991.46,56195.12374,288,288,0.0005462855700670916,0.02552564380828313,True,0.023372752727633336,2.3372752727633337
2022-03-25,BTCUSDT,43991.46,45094.14,43579.0,44313.16,54614.43648,288,288,0.0004308348399084508,0.007286174227543532,True,0.020756561370045154,2.0756561370045152
2022-03-26,BTCUSDT,44313.16,44792.99,44071.97,44511.27,23041.61741,288,288,0.00020863342526446525,0.004460717136022262,True,0.014444148478344621,1.444414847834462
2022-03-27,BTCUSDT,44511.27,46999.0,44421.46,46827.76,41874.91071,288,288,0.0012945887317922268,0.05073377393082896,True,0.03598039371369117,3.598039371369117
2022-03-28,BTCUSDT,46827.76,48189.84,46663.56,47122.21,58949.2614,288,288,0.0006928418755865903,0.006268250306017372,True,0.026321889665952752,2.632188966595275
2022-03-29,BTCUSDT,47122.21,48096.47,46950.85,47434.8,36772.28457,288,288,0.00047349034329683727,0.006611696768465832,True,0.021759833255262716,2.1759833255262717
2022-03-30,BTCUSDT,47434.79,47700.22,46445.42,47067.99,40947.2085,288,288,0.00043841377174462764,-0.0077629843968782366,True,0.020938332592272662,2.0938332592272664
2022-03-31,BTCUSDT,47067.99,47600.0,45200.0,45510.34,48645.12667,288,288,0.0006689967093711928,-0.03365359925692637,True,0.025864970701147003,2.5864970701147003
2022-04-01,BTCUSDT,45510.35,46720.09,44200.0,46283.49,56271.06474,288,288,0.0007926983232830978,0.01684575714059212,True,0.02815489874396812,2.815489874396812
2022-04-02,BTCUSDT,46283.49,47213.0,45620.0,45811.0,37073.53582,288,288,0.0007218507899137448,-0.010261073071446159,True,0.02686728102941838,2.686728102941838
2022-04-03,BTCUSDT,45810.99,47444.11,45530.92,46407.35,33394.67794,288,288,0.000688545387464743,0.012933614904539922,True,0.026240148388771412,2.6240148388771414
2022-04-04,BTCUSDT,46407.36,46890.71,45118.0,46580.51,44641.875140000004,288,288,0.0005028188881167284,0.0037243614415155934,True,0.022423623438613316,2.2423623438613314
2022-04-05,BTCUSDT,46580.5,47200.0,45353.81,45497.55,42192.74852,288,288,0.0005067108853529784,-0.023523734948062827,True,0.022510239566761132,2.2510239566761134
2022-04-06,BTCUSDT,45497.54,45507.14,43121.0,43170.47,60849.32936,288,288,0.0011250558993173454,-0.05250178165500251,True,0.03354185294996902,3.3541852949969018
2022-04-07,BTCUSDT,43170.47,43900.99,42727.35,43444.19,37396.54156,288,288,0.0006803310517354786,0.006320429156203174,True,0.026083156475692863,2.6083156475692864
2022-04-08,BTCUSDT,43444.2,43970.62,42107.14,42252.01,42375.04203,288,288,0.0007928245974553595,-0.027825199218426345,True,0.02815714114492733,2.815714114492733
2022-04-09,BTCUSDT,42252.02,42800.0,42125.48,42753.97,17891.66047,288,288,0.0002448863885875256,0.011810129932038041,True,0.015648846238222342,1.5648846238222343
2022-04-10,BTCUSDT,42753.96,43410.3,41868.0,42158.85,22771.09403,288,288,0.00035052154201866965,-0.01401742974687823,True,0.018722220541876694,1.8722220541876693
2022-04-11,BTCUSDT,42158.85,42414.71,39200.0,39530.45,63560.44721,288,288,0.0012564662359850884,-0.06437336581826363,True,0.03544666748772144,3.544666748772144
2022-04-12,BTCUSDT,39530.45,40699.0,39254.63,40074.94,57751.01778,288,288,0.0008182595802301128,0.013679940298761711,True,0.028605236937143393,2.8605236937143395
2022-04-13,BTCUSDT,40074.95,41561.31,39588.54,41147.79,41341.39177,288,288,0.0008719191217849805,0.026419018425301234,True,0.029528276647731756,2.9528276647731757
2022-04-14,BTCUSDT,41147.78,41500.0,39551.94,39942.38,36807.01401,288,288,0.0004928924995872377,-0.029732304130667443,True,0.02220118239164837,2.220118239164837
2022-04-15,BTCUSDT,39942.37,40870.36,39766.4,40551.9,24026.35739,288,288,0.0004953406104104223,0.015144719601020163,True,0.022256248794673875,2.2256248794673876
2022-04-16,BTCUSDT,40551.9,40709.35,39991.55,40378.71,15805.44718,288,288,0.00020898927226714682,-0.004279969331169307,True,0.014456461263640795,1.4456461263640796
2022-04-17,BTCUSDT,40378.7,40595.67,39546.17,39678.12,19988.49259,288,288,0.0003081865070609747,-0.017502763604225913,True,0.017555241583668814,1.7555241583668815
2022-04-18,BTCUSDT,39678.11,41116.73,38536.51,40801.13,54243.49575,288,288,0.0010497213665329125,0.027909874843026115,True,0.03239940379903483,3.239940379903483
2022-04-19,BTCUSDT,40801.13,41760.0,40571.0,41493.18,35788.85843,288,288,0.00034873081141644755,0.01681929927737339,True,0.018674335635209288,1.8674335635209287
2022-04-20,BTCUSDT,41493.19,42199.0,40820.0,41358.19,40877.35041,288,288,0.00047577553184881846,-0.0032586092287830255,True,0.02181227938223831,2.181227938223831
2022-04-21,BTCUSDT,41358.19,42976.0,39751.0,40480.01,59316.27657,288,288,0.0009780406441558121,-0.021462195138856575,True,0.03127364136386763,3.127364136386763
2022-04-22,BTCUSDT,40480.01,40795.06,39177.0,39709.18,46664.0196,288,288,0.0008216388472739428,-0.019225876795201047,True,0.028664243357778396,2.8664243357778396
2022-04-23,BTCUSDT,39709.19,39980.0,39285.0,39441.6,20291.42375,288,288,0.00022507445428215656,-0.006761298356656327,True,0.015002481604126584,1.5002481604126583
2022-04-24,BTCUSDT,39441.61,39940.0,38929.62,39450.13,26703.61186,288,288,0.00038152454151035907,0.00021624573407827064,True,0.019532653212258673,1.9532653212258673
2022-04-25,BTCUSDT,39450.12,40616.0,38200.0,40426.08,63037.12784,288,288,0.0015412492162247145,0.024437778650327768,True,0.03925874700273449,3.925874700273449
2022-04-26,BTCUSDT,40426.08,40797.31,37702.26,38112.65,66650.258,288,288,0.0012124086126681843,-0.05892887322404648,True,0.03481965842262363,3.4819658422623627
2022-04-27,BTCUSDT,38112.64,39474.72,37881.31,39235.72,57083.12272,288,288,0.0008726626030544539,0.029041308349955375,True,0.029540863275375924,2.9540863275375924
2022-04-28,BTCUSDT,39235.72,40372.63,38881.43,39742.07,56086.6715,288,288,0.0011678202475325695,0.012822767969638417,True,0.034173385075707226,3.4173385075707228
2022-04-29,BTCUSDT,39742.06,39925.25,38175.0,38596.11,51453.65715,288,288,0.0007134731128891071,-0.029258830152500675,True,0.026710917484974325,2.6710917484974326
2022-04-30,BTCUSDT,38596.11,38795.38,37578.2,37630.8,35321.18989,288,288,0.00039836065098084296,-0.025328630177713758,True,0.019958974196607474,1.9958974196607475
2022-05-01,BTCUSDT,37630.8,38675.0,37386.38,38468.35,38812.24104,288,288,0.0005699734639862301,0.02201296126766653,True,0.023874117030504606,2.3874117030504607
2022-05-02,BTCUSDT,38468.35,39167.34,38052.0,38525.16,53200.92628,288,288,0.0007357404079285031,0.0014757090645588172,True,0.027124535165206114,2.7124535165206116
2022-05-03,BTCUSDT,38525.16,38651.51,37517.8,37728.95,40316.45358,288,288,0.00040104676482006514,-0.020883830069429926,True,0.020026152022294876,2.0026152022294874
2022-05-04,BTCUSDT,37728.95,40023.77,37670.0,39690.0,62574.61736,288,288,0.0006566307333983648,0.05067156251954074,True,0.025624806992411958,2.562480699241196
2022-05-05,BTCUSDT,39690.0,39845.51,35571.9,36552.97,88722.43355,288,288,0.0019240350246722557,-0.08233682535055224,True,0.04386382364400367,4.386382364400367
2022-05-06,BTCUSDT,36552.97,36675.63,35258.0,36013.77,68437.80187,288,288,0.0010662057485077267,-0.014861076122788662,True,0.03265280613527307,3.265280613527307
2022-05-07,BTCUSDT,36013.77,36146.3,34785.0,35472.39,34281.70682,288,288,0.000504600233554404,-0.015146717920836978,True,0.02246330860657895,2.246330860657895
2022-05-08,BTCUSDT,35472.4,35514.22,33713.95,34038.4,72445.64344,288,288,0.0011043274466910064,-0.041265348325588355,True,0.03323142258000711,3.323142258000711
2022-05-09,BTCUSDT,34038.39,34243.15,30033.33,30076.31,191876.926428,288,288,0.004910685778884063,-0.12375148039084288,True,0.0700762854244149,7.0076285424414895
2022-05-10,BTCUSDT,30074.23,32658.99,29730.4,31017.1,165532.00311,288,288,0.004291907733207655,0.030800846621532145,True,0.06551265322979719,6.551265322979718
2022-05-11,BTCUSDT,31017.11,32162.59,27785.0,29103.94,207063.739278,288,288,0.011158367502344039,-0.06366510510454948,True,0.10563317425100904,10.563317425100905
2022-05-12,BTCUSDT,29103.94,30243.0,26700.0,29029.75,204507.263138,288,288,0.01113585597492137,-0.002552393982807448,True,0.1055265652569123,10.55265652569123
2022-05-13,BTCUSDT,29029.74,31083.37,28751.67,29287.05,97872.36957,288,288,0.0031318937645090274,0.008824272580556618,True,0.05596332517380492,5.5963325173804925
2022-05-14,BTCUSDT,29287.05,30343.27,28630.0,30086.74,51095.87863,288,288,0.0013227013470766599,0.026939104331734708,True,0.036368961314239646,3.6368961314239647
2022-05-15,BTCUSDT,30086.74,31460.0,29480.0,31328.89,46275.66912,288,288,0.0014198435509761257,0.040456131904646656,True,0.03768081144264446,3.7680811442644457
2022-05-16,BTCUSDT,31328.89,31328.9,29087.04,29874.01,73082.19658,288,288,0.0018624376170455017,-0.04755180340819584,True,0.043155968498522906,4.315596849852291
2022-05-17,BTCUSDT,29874.01,30788.37,29450.38,30444.93,56724.133069999996,288,288,0.0012773738872047258,0.018930606202494444,True,0.03574036775418974,3.574036775418974
2022-05-18,BTCUSDT,30444.93,30709.99,28654.47,28715.32,59749.15799,288,288,0.001283714331843532,-0.05848869957422057,True,0.03582895940218655,3.5828959402186547
2022-05-19,BTCUSDT,28715.33,30545.18,28691.38,30319.23,67877.36415,288,288,0.0013058552927860748,0.05435138641776994,True,0.036136619830665885,3.6136619830665886
2022-05-20,BTCUSDT,30319.22,30777.33,28730.0,29201.01,60517.25325,288,288,0.001158314625577101,-0.03757886695618282,True,0.03403402158983127,3.4034021589831274
2022-05-21,BTCUSDT,29201.01,29656.18,28947.28,29445.06,20987.13124,288,288,0.0004634676525525323,0.008322856374715028,True,0.021528298877350534,2.1528298877350536
2022-05-22,BTCUSDT,29445.07,30487.99,29255.11,30293.94,36158.98748,288,288,0.0006620283621387352,0.0284215384207964,True,0.025729911817546813,2.572991181754681
2022-05-23,BTCUSDT,30293.93,30670.51,28866.35,29109.15,63901.49932,288,288,0.0009466579759945036,-0.039895134769211776,True,0.030767807461606744,3.0767807461606744
2022-05-24,BTCUSDT,29109.14,29845.86,28669.0,29654.58,59442.96036,288,288,0.0007131553235896232,0.01856402457391136,True,0.026704968144328937,2.6704968144328936
2022-05-25,BTCUSDT,29654.58,30223.74,29294.21,29542.15,59537.38659,288,288,0.0007278636764879368,-0.003798525195082611,True,0.026978948765434444,2.6978948765434443
2022-05-26,BTCUSDT,29542.14,29886.64,28019.56,29201.35,94581.65463,288,288,0.001599015838841993,-0.011603116040030738,True,0.039987696093198376,3.9987696093198375
2022-05-27,BTCUSDT,29201.35,29397.66,28282.9,28629.8,90998.5201,288,288,0.0012685652688710306,-0.019766807675977764,True,0.03561692391084652,3.5616923910846516
2022-05-28,BTCUSDT,28629.81,29266.0,28450.0,29031.33,34479.35127,288,288,0.0003750795672599997,0.013927458255287675,True,0.019366971039891594,1.9366971039891594
2022-05-29,BTCUSDT,29031.33,29587.78,28839.21,29468.1,27567.34764,288,288,0.00027408418010154204,0.0149327306648635,True,0.016555487914934493,1.6555487914934492
2022-05-30,BTCUSDT,29468.1,32222.0,29299.62,31734.22,96785.9476,288,288,0.001405742887972802,0.07408727158891877,True,0.03749323789662347,3.749323789662347
2022-05-31,BTCUSDT,31734.23,32399.0,31200.01,31801.04,62433.11632,288,288,0.0008962729674998614,0.0021033997385355584,True,0.029937818349035746,2.9937818349035745
2022-06-01,BTCUSDT,31801.05,31982.97,29301.0,29805.83,103395.63382,288,288,0.001173086792555629,-0.0647949816931568,True,0.03425035463401261,3.425035463401261
2022-06-02,BTCUSDT,29805.84,30689.0,29594.55,30452.62,56961.42928,288,288,0.000950990918304284,0.021468021186670752,True,0.030838140642786557,3.0838140642786556
2022-06-03,BTCUSDT,30452.63,30699.0,29282.36,29700.21,54067.44727,288,288,0.0005988837657371766,-0.025017916656657407,True,0.024472101784219037,2.4472101784219036
2022-06-04,BTCUSDT,29700.21,29988.88,29485.0,29864.04,25617.90113,288,288,0.00024031191036664865,0.005500964525963283,True,0.0155019969799587,1.5501996979958699
2022-06-05,BTCUSDT,29864.03,30189.0,29531.42,29919.21,23139.9281,288,288,0.000305156029423641,0.00184566799768604,True,0.017468715734811218,1.7468715734811218
2022-06-06,BTCUSDT,29919.2,31765.64,29890.23,31373.1,68836.92456,288,288,0.0007171107948379914,0.047450088834951845,True,0.026778924452598753,2.677892445259875
2022-06-07,BTCUSDT,31373.1,31589.6,29218.96,31125.33,110674.51658,288,288,0.00370638839714739,-0.007928880711021921,True,0.060880114956752426,6.088011495675243
2022-06-08,BTCUSDT,31125.32,31327.22,29843.88,30204.77,68542.61276,288,288,0.0015556328150245643,-0.03002209820992911,True,0.03944151131770389,3.944151131770389
2022-06-09,BTCUSDT,30204.77,30700.0,29944.1,30109.93,46291.1865,288,288,0.0005617508268817792,-0.0031448412464672496,True,0.023701283232807863,2.3701283232807864
2022-06-10,BTCUSDT,30109.93,30382.8,28850.0,29091.88,76204.2498,288,288,0.0013832106961067924,-0.03439592024343745,True,0.03719154065250312,3.7191540652503123
2022-06-11,BTCUSDT,29091.87,29440.41,28099.99,28424.7,65901.39895,288,288,0.000802009177107372,-0.023200611947274505,True,0.02831976654401254,2.831976654401254
2022-06-12,BTCUSDT,28424.71,28544.96,26560.0,26574.53,92474.598809,288,288,0.0019967557915578724,-0.06730524721449987,True,0.044685073476026335,4.468507347602634
2022-06-13,BTCUSDT,26574.53,26895.84,21925.77,22487.41,254611.034966,288,288,0.007759666929132434,-0.16699764123151145,True,0.08808897166576775,8.808897166576775
2022-06-14,BTCUSDT,22485.27,23362.88,20846.0,22136.41,187201.64671,288,288,0.00804216948657086,-0.01573183286725246,True,0.08967814386220792,8.967814386220791
2022-06-15,BTCUSDT,22136.42,22800.0,20111.62,22583.72,200774.493467,288,288,0.010206740418842855,0.020005528538410047,True,0.10102841391827774,10.102841391827774
2022-06-16,BTCUSDT,22583.72,22995.73,20232.0,20401.31,99673.59429,288,288,0.003376031065312691,-0.10163017824163598,True,0.05810362351276115,5.810362351276115
2022-06-17,BTCUSDT,20400.6,21365.43,20246.66,20468.81,86694.33663,288,288,0.002106006662268339,0.0033031496542330766,True,0.04589124820996198,4.589124820996198
2022-06-18,BTCUSDT,20468.81,20792.06,17622.0,18970.79,196441.655524,288,288,0.007490878452034907,-0.07600183634697102,True,0.08654986107461356,8.654986107461356
2022-06-19,BTCUSDT,18970.79,20815.95,17960.41,20574.0,128320.87595,288,288,0.006813851921970678,0.08112771492687024,True,0.08254605939698562,8.254605939698562
2022-06-20,BTCUSDT,20574.0,21090.0,19637.03,20573.89,109028.94154,288,288,0.003334227877836199,-5.346568196493151e-06,True,0.057742773381923726,5.774277338192372
2022-06-21,BTCUSDT,20573.9,21723.0,20348.4,20723.52,104371.0749,288,288,0.002293658333618407,0.007246490991843984,True,0.047892153152874706,4.78921531528747
2022-06-22,BTCUSDT,20723.51,20900.0,19770.51,19987.99,92133.97938,288,288,0.0023681821871081987,-0.03613769395083158,True,0.04866397216738681,4.866397216738681
2022-06-23,BTCUSDT,19988.0,21233.0,19890.07,21110.13,83127.08716,288,288,0.0016456851009216693,0.054621426878467674,True,0.04056704451795409,4.056704451795409
2022-06-24,BTCUSDT,21110.12,21558.41,20736.72,21237.69,77430.36622,288,288,0.0012760994876644277,0.006024413336991606,True,0.03572253473179678,3.5722534731796785
2022-06-25,BTCUSDT,21237.68,21614.5,20906.62,21491.19,51431.67794,288,288,0.0006981111571171461,0.01186565031702372,True,0.02642179322296551,2.642179322296551
2022-06-26,BTCUSDT,21491.18,21888.0,20964.73,21038.07,53278.10464,288,288,0.0007429375314654896,-0.02130943009010756,True,0.02725688044266052,2.725688044266052
2022-06-27,BTCUSDT,21038.08,21539.85,20510.0,20742.56,64475.0013,288,288,0.00085499191643423,-0.014146025460122339,True,0.02924024480804205,2.9240244808042046
2022-06-28,BTCUSDT,20742.57,21212.1,20202.01,20281.29,63801.0832,288,288,0.0006808210203589433,-0.02248884199646534,True,0.026092547218678045,2.6092547218678046
2022-06-29,BTCUSDT,20281.28,20432.31,19854.92,20123.01,77309.04379,288,288,0.0008863127719624434,-0.007834849739538456,True,0.02977100555846986,2.977100555846986
2022-06-30,BTCUSDT,20123.0,20179.08,18626.0,19942.21,93846.64806,288,288,0.002449111163701256,-0.009025345538186347,True,0.04948849526608438,4.948849526608438
2022-07-01,BTCUSDT,19942.21,20918.35,18975.0,19279.8,111844.59494,288,288,0.0037062681098325887,-0.033780675205105665,True,0.0608791270455859,6.08791270455859
2022-07-02,BTCUSDT,19279.8,19467.39,18977.01,19252.81,46180.3021,288,288,0.0004797224817494162,-0.001400891578015307,True,0.021902567925917184,2.1902567925917182
2022-07-03,BTCUSDT,19252.82,19647.63,18781.0,19315.83,51087.466309999996,288,288,0.0011756198155459176,0.003267942871975872,True,0.03428731274897345,3.4287312748973453
2022-07-04,BTCUSDT,19315.83,20354.01,19055.31,20236.71,74814.04601,288,288,0.0009510255578571045,0.046573314820993444,True,0.030838702272584437,3.0838702272584437
2022-07-05,BTCUSDT,20236.71,20750.0,19304.4,20175.83,96041.13756,288,288,0.0014581929876842548,-0.0030129284649949494,True,0.03818629319119957,3.818629319119957
2022-07-06,BTCUSDT,20175.84,20675.22,19761.25,20564.51,82439.5808,288,288,0.0014536801541426133,0.0190814211736058,True,0.038127157698189536,3.8127157698189538
2022-07-07,BTCUSDT,20564.51,21838.1,20251.68,21624.98,85014.58261,288,288,0.0009323563770078558,0.05028235345384887,True,0.030534511245602997,3.0534511245602998
2022-07-08,BTCUSDT,21624.99,22527.37,21189.26,21594.75,403081.57349,288,288,0.00268146099030842,-0.001398898370249737,True,0.05178282524455787,5.1782825244557875
2022-07-09,BTCUSDT,21594.75,21980.0,21322.12,21591.83,178417.84468,288,288,0.0008087846282109664,-0.00013522719346827246,True,0.028439139020212383,2.8439139020212383
2022-07-10,BTCUSDT,21592.15,21607.65,20655.0,20862.47,192188.21556,288,288,0.0007708188649391783,-0.034363151398204804,True,0.027763624852298704,2.7763624852298703
2022-07-11,BTCUSDT,20861.11,20868.48,19875.23,19963.61,137535.40724,288,288,0.0007934078257772289,-0.044040734746847186,True,0.02816749590888812,2.816749590888812
2022-07-12,BTCUSDT,19963.61,20059.42,19240.0,19328.75,139506.45862,288,288,0.0008644491463972058,-0.032317491445751335,True,0.029401516056101695,2.9401516056101693
2022-07-13,BTCUSDT,19331.28,20366.61,18910.94,20234.87,209250.24888,288,288,0.003198656358124081,0.04581372898770501,True,0.05655666501946593,5.655666501946593
2022-07-14,BTCUSDT,20234.87,20900.0,19616.07,20588.84,174809.21696,288,288,0.0012602511487725997,0.0173418276292753,True,0.03550001617989208,3.550001617989208
2022-07-15,BTCUSDT,20588.84,21200.0,20382.29,20830.04,143343.3049,288,288,0.0010898695188319132,0.011646994153803032,True,0.0330131718989847,3.30131718989847
2022-07-16,BTCUSDT,20830.04,21588.94,20478.61,21195.6,121011.67393,288,288,0.00094695730863932,0.01739743738897505,True,0.03077267145763136,3.077267145763136
2022-07-17,BTCUSDT,21195.6,21684.54,20750.01,20798.16,118229.4525,288,288,0.000922304647677115,-0.018929091711402803,True,0.030369469005517943,3.0369469005517944
2022-07-18,BTCUSDT,20799.58,22777.63,20762.45,22432.58,239942.73132,288,288,0.0024612953669409412,0.07564984518217889,True,0.04961144391106694,4.961144391106695
2022-07-19,BTCUSDT,22432.58,23800.0,21579.54,23396.62,263770.76574,288,288,0.0030112465520879027,0.04207720104807101,True,0.05487482621464876,5.487482621464876
2022-07-20,BTCUSDT,23398.48,24276.74,22906.19,23223.3,238762.17094,288,288,0.002452758957036288,-0.007435482451241093,True,0.04952533651613372,4.952533651613372
2022-07-21,BTCUSDT,23223.3,23442.77,22341.46,23152.19,184817.68191,288,288,0.0015756631749588685,-0.003066708544995536,True,0.03969462400576265,3.969462400576265
2022-07-22,BTCUSDT,23152.19,23756.49,22500.0,22684.83,171598.43966,288,288,0.0013269514168800802,-0.02039295734074705,True,0.036427344356679096,3.6427344356679097
2022-07-23,BTCUSDT,22684.83,23000.77,21934.57,22451.07,122137.77375,288,288,0.0008760888461208334,-0.010358144626696911,True,0.029598798051962066,2.9598798051962065
2022-07-24,BTCUSDT,22448.58,23014.64,22257.15,22579.68,115189.67277,288,288,0.0010227062245677786,0.005712112265190468,True,0.03197977836958503,3.197977836958503
2022-07-25,BTCUSDT,22577.13,22666.0,21250.0,21310.9,180344.76643,288,288,0.0012598747772131634,-0.05783170787580424,True,0.03549471477858589,3.5494714778585887
2022-07-26,BTCUSDT,21310.9,21347.82,20706.5,21254.67,177817.24326,288,288,0.0007018868729909783,-0.002642042980229829,True,0.026493147661064705,2.6493147661064707
2022-07-27,BTCUSDT,21254.67,23112.63,21042.53,22952.45,210971.19796,288,288,0.001400009945826341,0.07684804868982527,True,0.03741670677419835,3.7416706774198354
2022-07-28,BTCUSDT,22954.31,24199.72,22582.13,23842.93,236029.0741,288,288,0.0017636825581254741,0.038063052708389826,True,0.041996220760033565,4.199622076003356
2022-07-29,BTCUSDT,23845.25,24442.66,23414.03,23773.75,198298.50623,288,288,0.001463896252025114,-0.0029057065160631268,True,0.038260897167017846,3.8260897167017847
2022-07-30,BTCUSDT,23777.28,24668.0,23502.25,23643.51,151060.13211,288,288,0.0010950856116568196,-0.0054933721401188,True,0.033092077777873354,3.309207777787335
2022-07-31,BTCUSDT,23644.64,24194.82,23227.31,23293.32,127743.32483,288,288,0.001105136694562917,-0.014922034485880226,True,0.03324359629406718,3.324359629406718
2022-08-01,BTCUSDT,23296.36,23509.68,22850.0,23268.01,144210.16219,288,288,0.0006928859678956935,-0.001087168364516519,True,0.026322727212348143,2.6322727212348145
2022-08-02,BTCUSDT,23266.9,23459.89,22654.37,22987.79,158073.28225,288,288,0.0013288166605488999,-0.012116250420425636,True,0.03645293761206221,3.6452937612062213
2022-08-03,BTCUSDT,22985.93,23647.68,22681.22,22818.37,145948.80995,288,288,0.0006287488088549818,-0.007397292091435352,True,0.025074864084476747,2.507486408447675
2022-08-04,BTCUSDT,22816.91,23223.32,22400.0,22622.98,154854.67016,288,288,0.0007854726059022513,-0.00859970947918002,True,0.028026284197200515,2.8026284197200515
2022-08-05,BTCUSDT,22622.41,23472.86,22586.95,23312.42,175251.69749,288,288,0.0007886783199595346,0.0300200619305781,True,0.028083417170272115,2.8083417170272114
2022-08-06,BTCUSDT,23313.56,23354.36,22909.52,22954.21,83911.80307,288,288,0.0002751875623125821,-0.01548490381388394,True,0.01658877820433386,1.658877820433386
2022-08-07,BTCUSDT,22954.21,23402.0,22844.62,23174.39,88890.00877,288,288,0.00024470017011788754,0.009546427689531522,True,0.015642895196154947,1.5642895196154947
2022-08-08,BTCUSDT,23174.39,24245.0,23154.25,23810.0,170958.44152,288,288,0.0006110425588061755,0.027057870860367133,True,0.024719275046128992,2.471927504612899
2022-08-09,BTCUSDT,23810.98,23933.25,22865.0,23149.95,143182.50858,288,288,0.00042693575307050676,-0.028113039796075708,True,0.02066242369787501,2.066242369787501
2022-08-10,BTCUSDT,23151.32,24226.0,22664.69,23954.05,208916.54953,288,288,0.0012096771739150433,0.03414479115449698,True,0.03478041365359307,3.478041365359307
2022-08-11,BTCUSDT,23954.05,24918.54,23852.13,23934.39,249759.79557,288,288,0.000912264465095288,-0.0008210750278978725,True,0.03020371608089455,3.020371608089455
2022-08-12,BTCUSDT,23933.09,24456.5,23583.0,24403.68,174207.5704,288,288,0.0004858160635503132,0.019417603769850713,True,0.022041235526855413,2.2041235526855414
2022-08-13,BTCUSDT,24401.7,24888.0,24291.22,24441.38,152852.25435,288,288,0.0004908413113328657,0.0015436569219570968,True,0.022154938757145453,2.2154938757145453
2022-08-14,BTCUSDT,24443.06,25047.56,24144.0,24305.24,151206.14473,288,288,0.00040780038780065557,-0.005585632561018585,True,0.02019406813400053,2.0194068134000527
2022-08-15,BTCUSDT,24305.25,25211.32,23773.22,24094.82,242539.54758,288,288,0.0009835879220335142,-0.008695085325240009,True,0.03136220531202349,3.1362205312023486
2022-08-16,BTCUSDT,24093.04,24247.49,23671.22,23854.74,179324.94821,288,288,0.0005602473657187045,-0.010013939908729464,True,0.023669545110092515,2.3669545110092516
2022-08-17,BTCUSDT,23856.15,24446.71,23180.4,23342.66,210668.68766,288,288,0.0007150665210274785,-0.021700351923622577,True,0.026740727758000127,2.6740727758000125
2022-08-18,BTCUSDT,23342.66,23600.0,23111.04,23191.2,144185.97011,288,288,0.0003275635595163653,-0.006509691431419257,True,0.018098717068244514,1.8098717068244514
2022-08-19,BTCUSDT,23191.45,23208.67,20783.57,20834.39,283995.87747,288,288,0.002162060470025183,-0.1071679095830393,True,0.046497961998620795,4.649796199862079
2022-08-20,BTCUSDT,20834.39,21382.85,20761.9,21140.07,183041.68363,288,288,0.0006954224546698039,0.014565304906857,True,0.026370863745236027,2.637086374523603
2022-08-21,BTCUSDT,21140.07,21800.0,21069.11,21515.61,159200.6841,288,288,0.0006646877091256087,0.01760842650609774,True,0.02578153814506824,2.5781538145068237
2022-08-22,BTCUSDT,21516.7,21548.71,20890.18,21399.83,222222.04526,288,288,0.0006851107813017069,-0.00539574012996494,True,0.026174620939026165,2.6174620939026165
2022-08-23,BTCUSDT,21400.75,21684.87,20890.14,21529.12,200967.77164,288,288,0.0007104466084511391,0.006023459269733401,True,0.026654204329732655,2.6654204329732654
2022-08-24,BTCUSDT,21529.11,21900.0,21145.0,21368.08,174383.22046,288,288,0.000586768310920587,-0.007508217623966586,True,0.024223300991412938,2.422330099141294
2022-08-25,BTCUSDT,21368.05,21819.88,21310.15,21559.04,169915.78301,288,288,0.000362354036080394,0.008896998430986859,True,0.01903559917839189,1.9035599178391889
2022-08-26,BTCUSDT,21559.04,21886.77,20107.9,20241.05,273811.61955,288,288,0.0016995015399149298,-0.0630824976037444,True,0.041225011096601656,4.122501109660166
2022-08-27,BTCUSDT,20239.14,20402.93,19800.0,20037.6,162582.46032,288,288,0.0004793280024523801,-0.01010221197826767,True,0.02189356075316165,2.189356075316165
2022-08-28,BTCUSDT,20037.6,20171.18,19520.0,19555.61,139307.95976,288,288,0.0003349949021290045,-0.024348306776798438,True,0.018302865953970283,1.8302865953970282
2022-08-29,BTCUSDT,19555.61,20433.62,19550.79,20285.73,210509.49545,288,288,0.0005967933153637874,0.03665548140457063,True,0.024429353560088064,2.4429353560088063
2022-08-30,BTCUSDT,20287.2,20576.25,19540.0,19811.66,256634.35529,288,288,0.0008214262742060234,-0.023647029931174242,True,0.028660535134676455,2.8660535134676457
2022-08-31,BTCUSDT,19813.03,20490.0,19797.94,20050.02,276946.60765,288,288,0.0009056320125928245,0.011959497995954261,True,0.030093720484393825,3.0093720484393827
2022-09-01,BTCUSDT,20048.44,20208.37,19565.66,20131.46,245289.97263,288,288,0.0006936381318983399,0.004053614327648627,True,0.026337010686453007,2.633701068645301
2022-09-02,BTCUSDT,20132.64,20441.26,19755.29,19951.86,245986.6033,288,288,0.000689471103924885,-0.008961393513318506,True,0.026257781778453507,2.625778177845351
2022-09-03,BTCUSDT,19950.98,20055.93,19652.72,19831.9,146639.03204,288,288,0.0002136675538362599,-0.006030619708257519,True,0.014617371645964944,1.4617371645964943
2022-09-04,BTCUSDT,19832.45,20029.23,19583.1,20000.3,145588.77893,288,288,0.00023294628895344392,0.008455521077103586,True,0.015262578057243275,1.5262578057243275
2022-09-05,BTCUSDT,20000.3,20057.27,19633.83,19796.84,222543.01057,288,288,0.0002694294266224565,-0.010224944437388455,True,0.01641430554798029,1.641430554798029
2022-09-06,BTCUSDT,19795.34,20180.0,18649.51,18790.61,356315.05718,288,288,0.0010217337780667626,-0.0521650520290398,True,0.031964570669207534,3.1964570669207535
2022-09-07,BTCUSDT,18790.61,19464.06,18510.77,19292.84,287394.7788,288,288,0.000683307831342769,0.026376765648061313,True,0.026140157446786143,2.6140157446786145
2022-09-08,BTCUSDT,19292.85,19458.25,19012.0,19319.77,262813.28273,288,288,0.0006028300340565202,0.001394881328480754,True,0.02455259729756753,2.4552597297567527
2022-09-09,BTCUSDT,19320.54,21597.22,19291.75,21360.11,428919.74652,288,288,0.0012508312297111052,0.10039623993986369,True,0.035367092469004366,3.5367092469004366
2022-09-10,BTCUSDT,21361.62,21810.8,21111.13,21648.34,307997.33504,288,288,0.0007004705212155049,0.013403613252504363,True,0.026466403632067294,2.6466403632067292
2022-09-11,BTCUSDT,21647.21,21860.0,21350.0,21826.87,280702.55149,288,288,0.0006080892788464387,0.008213002469082922,True,0.024659466313090368,2.465946631309037
2022-09-12,BTCUSDT,21826.87,22488.0,21538.51,22395.74,395395.61828,288,288,0.0011198363599712459,0.025728982590271808,True,0.033463956131504324,3.3463956131504324
2022-09-13,BTCUSDT,22395.44,22799.0,19860.0,20173.57,431915.03333,288,288,0.0026928340917028357,-0.10449743036114229,True,0.051892524429852475,5.189252442985247
2022-09-14,BTCUSDT,20173.62,20541.48,19617.62,20226.71,340826.40151,288,288,0.0010048279733028231,0.002630676354029986,True,0.03169902164583038,3.1699021645830383
2022-09-15,BTCUSDT,20227.17,20330.24,19497.0,19701.88,333069.76076,288,288,0.0010355328035906548,-0.026289945533483846,True,0.03217969551737018,3.2179695517370184
2022-09-16,BTCUSDT,19701.88,19890.0,19320.01,19803.3,283791.07064,288,288,0.0005740926334835335,0.0051345278170787,True,0.023960230246880633,2.396023024688063
2022-09-17,BTCUSDT,19803.3,20189.0,19748.08,20113.62,179350.24338,288,288,0.0003589627728059648,0.01554860705020481,True,0.018946312907950316,1.8946312907950316
2022-09-18,BTCUSDT,20112.61,20117.26,19335.62,19416.18,254217.46904,288,288,0.0006453441805668767,-0.03529045844411381,True,0.0254036253429875,2.5403625342987497
2022-09-19,BTCUSDT,19417.45,19686.2,18232.56,19537.02,380512.40306,288,288,0.0021573519046749895,0.006204388221696413,True,0.04644730244777397,4.644730244777397
2022-09-20,BTCUSDT,19537.02,19634.62,18711.87,18875.0,324098.3286,288,288,0.0011824337180353576,-0.03447283217250843,True,0.03438653396368058,3.438653396368058
2022-09-21,BTCUSDT,18874.31,19956.0,18125.98,18461.36,385034.10021,288,288,0.004496981188221062,-0.022158395968024915,True,0.06705953465556604,6.705953465556604
2022-09-22,BTCUSDT,18461.36,19550.17,18356.39,19401.63,379321.72111,288,288,0.0012590947276318995,0.049677183991239424,True,0.03548372482747407,3.548372482747407
2022-09-23,BTCUSDT,19401.63,19500.0,18531.42,19289.91,385886.91829,288,288,0.0010849267314981925,-0.005774921881410074,True,0.03293822599197158,3.293822599197158
2022-09-24,BTCUSDT,19288.57,19316.14,18805.34,18920.5,239496.56746,288,288,0.0006128437824730335,-0.019336170941039753,True,0.02475568182201883,2.475568182201883
2022-09-25,BTCUSDT,18921.99,19180.21,18629.2,18807.38,191191.4492,288,288,0.00044545870942715594,-0.005996644337307612,True,0.0211058927654614,2.11058927654614
2022-09-26,BTCUSDT,18809.13,19318.96,18680.72,19227.82,439239.21943,288,288,0.0008200624375305409,0.022108842641313683,True,0.028636732312373576,2.8636732312373576
2022-09-27,BTCUSDT,19226.68,20385.86,18816.32,19079.13,593260.74161,288,288,0.0017474559312571647,-0.007763121143596245,True,0.04180258282997792,4.180258282997792
2022-09-28,BTCUSDT,19078.1,19790.0,18471.28,19412.82,521385.45547,288,288,0.0016735673155286366,0.01733860506675779,True,0.040909257088446824,4.090925708844682
2022-09-29,BTCUSDT,19412.82,19645.52,18843.01,19591.51,406424.93256,288,288,0.0014185073787840135,0.009162636565834117,True,0.03766307712845584,3.7663077128455837
2022-09-30,BTCUSDT,19590.54,20185.0,19155.36,19422.61,444322.9534,288,288,0.0012999475286733166,-0.00865845776789562,True,0.03605478510091714,3.6054785100917144
2022-10-01,BTCUSDT,19422.61,19484.0,19159.42,19310.95,165625.13959,288,288,0.00018874253068612454,-0.005765558823591385,True,0.013738359825180171,1.373835982518017
2022-10-02,BTCUSDT,19312.24,19395.91,18920.35,19056.8,206812.47032,288,288,0.00033949194910656876,-0.013248299277498612,True,0.018425307300193632,1.8425307300193632
2022-10-03,BTCUSDT,19057.74,19719.1,18959.68,19629.08,293585.75212,288,288,0.00047571144826218423,0.029588146889960226,True,0.021810810353175423,2.1810810353175425
2022-10-04,BTCUSDT,19629.08,20475.0,19490.6,20337.82,327012.00127,288,288,0.0005735422910992982,0.03547006675217802,True,0.023948742996226298,2.39487429962263
2022-10-05,BTCUSDT,20337.82,20365.6,19730.0,20158.26,312239.75224,288,288,0.000631805344597625,-0.008868076947532173,True,0.025135738393721897,2.5135738393721896
2022-10-06,BTCUSDT,20158.26,20456.6,19853.0,19960.67,320122.1702,288,288,0.0006550515349354023,-0.009850292500255127,True,0.02559397458261226,2.559397458261226
2022-10-07,BTCUSDT,19960.67,20068.82,19320.0,19530.09,220874.83913,288,288,0.00044927810908386396,-0.02180748428132321,True,0.02119618147412085,2.119618147412085
2022-10-08,BTCUSDT,19530.09,19627.38,19237.14,19417.96,102480.09842,288,288,0.00013200010755168328,-0.005757942171449099,True,0.011489129973661335,1.1489129973661334
2022-10-09,BTCUSDT,19416.52,19558.0,19316.04,19439.02,113900.82681,288,288,0.00017968315016153873,0.0010839752375054702,True,0.013404594367661362,1.3404594367661362
2022-10-10,BTCUSDT,19439.96,19525.0,19020.25,19131.87,212509.09849,288,288,0.00036419283806106943,-0.015926855342590664,True,0.019083837089565334,1.9083837089565334
2022-10-11,BTCUSDT,19131.87,19268.09,18860.0,19060.0,243473.84286,288,288,0.0003516805428612134,-0.0037636326703085954,True,0.018753147545444562,1.8753147545444562
2022-10-12,BTCUSDT,19060.0,19238.31,18965.88,19155.53,213826.26731,288,288,0.00019400145203348154,0.004999548559698988,True,0.013928440402050818,1.392844040205082
2022-10-13,BTCUSDT,19155.1,19513.79,18190.0,19375.13,399756.68337,288,288,0.0014611629668391322,0.011398838108566255,True,0.0382251614364038,3.8225161436403803
2022-10-14,BTCUSDT,19375.58,19951.87,19070.37,19176.93,351634.32601,288,288,0.0007586048324725212,-0.010282290815579898,True,0.027542781857911907,2.7542781857911907
2022-10-15,BTCUSDT,19176.93,19227.68,18975.18,19069.39,113847.64232,288,288,0.00011289523636772488,-0.00562356239280967,True,0.010625217003323974,1.0625217003323975
2022-10-16,BTCUSDT,19068.4,19425.84,19063.74,19262.98,131894.61885,288,288,0.00020947365014111605,0.01010068753367365,True,0.014473204556735736,1.4473204556735735
2022-10-17,BTCUSDT,19262.98,19676.96,19152.03,19549.86,222813.87634,288,288,0.0003123586358928692,0.014783006060807735,True,0.017673670696628622,1.7673670696628623
2022-10-18,BTCUSDT,19548.48,19706.66,19091.0,19327.44,260313.07848,288,288,0.0003240285974890867,-0.011442277457684414,True,0.018000794357168982,1.8000794357168983
2022-10-19,BTCUSDT,19327.44,19360.16,19065.97,19123.97,186137.29538,288,288,0.00020834890234201338,-0.010583325769576957,True,0.014434296045946036,1.4434296045946036
2022-10-20,BTCUSDT,19123.35,19347.82,18900.0,19041.92,223530.13068,288,288,0.00030271930361354784,-0.004299657437843095,True,0.017398830524306737,1.7398830524306736
2022-10-21,BTCUSDT,19041.92,19250.0,18650.0,19164.37,269310.75769,288,288,0.0003869711088760001,0.0064099612532097896,True,0.019671581250016484,1.9671581250016483
2022-10-22,BTCUSDT,19164.37,19257.0,19112.72,19204.35,110403.90837,288,288,3.5114698791938074e-05,0.0020839900038103825,True,0.005925765671365859,0.5925765671365859
2022-10-23,BTCUSDT,19204.29,19695.0,19070.11,19570.4,167057.20184,288,288,0.00019026874696268368,0.01888140477491001,True,0.013793793784259777,1.3793793784259778
2022-10-24,BTCUSDT,19570.4,19601.15,19157.0,19329.72,256168.14467,288,288,0.0002505798212897221,-0.012374412787987147,True,0.015829713240918867,1.5829713240918868
2022-10-25,BTCUSDT,19330.6,20415.87,19237.0,20080.07,326370.67061,288,288,0.0008117669201821126,0.03808397301398069,True,0.028491523654976977,2.8491523654976976
2022-10-26,BTCUSDT,20079.02,21020.0,20050.41,20771.59,380492.69576000003,288,288,0.001084815008776928,0.03385840680505089,True,0.03293653000510115,3.2936530005101146
2022-10-27,BTCUSDT,20771.61,20872.21,20200.0,20295.11,328643.57791,288,288,0.000529991494730642,-0.02320621734790805,True,0.023021544143055264,2.302154414305526
2022-10-28,BTCUSDT,20295.11,20750.0,20000.09,20591.84,287039.94569,288,288,0.00040467443129474384,0.014514910485441528,True,0.020116521351733353,2.0116521351733354
2022-10-29,BTCUSDT,20591.84,21085.0,20554.01,20809.67,254881.77755,288,288,0.0003738267560811108,0.010522901703299887,True,0.01933459997209952,1.933459997209952
2022-10-30,BTCUSDT,20809.68,20931.21,20515.0,20627.48,192795.60886,288,288,0.00022156426601596636,-0.008793615102670092,True,0.014885034968583928,1.4885034968583928
2022-10-31,BTCUSDT,20627.48,20845.92,20237.95,20490.74,303567.61628,288,288,0.0005202214202009805,-0.006651090639638639,True,0.02280836294434523,2.280836294434523
2022-11-01,BTCUSDT,20490.74,20700.0,20330.74,20483.62,279932.43771,288,288,0.00018144783316649944,-0.00034753441282164415,True,0.01347025735338785,1.347025735338785
2022-11-02,BTCUSDT,20482.81,20800.0,20048.04,20151.84,373716.27299,288,288,0.0005668503560841543,-0.016329943003789392,True,0.02380861936535074,2.380861936535074
2022-11-03,BTCUSDT,20151.84,20393.32,20031.24,20207.82,319185.1544,288,288,0.00022691545825340064,0.002774058844850721,True,0.015063713295645289,1.506371329564529
2022-11-04,BTCUSDT,20207.12,21302.05,20180.96,21148.52,453694.39165,288,288,0.0007827021202820837,0.045500268479445376,True,0.027976813976614345,2.7976813976614343
2022-11-05,BTCUSDT,21148.52,21480.65,21080.65,21299.37,245621.98525,288,288,0.00021922530048752755,0.0071075681286792425,True,0.01480625882819585,1.480625882819585
2022-11-06,BTCUSDT,21299.37,21365.27,20886.13,20905.58,230036.97217,288,288,0.00019747955893478612,-0.018661385830794776,True,0.01405274204327348,1.405274204327348
2022-11-07,BTCUSDT,20905.58,21069.77,20384.89,20591.13,386977.60337,288,288,0.00035156541932707103,-0.015155708438383667,True,0.018750077848560285,1.8750077848560285
2022-11-08,BTCUSDT,20590.67,20700.88,17166.83,18547.23,760705.362783,288,288,0.007387243215393421,-0.10453994878635714,True,0.08594907338298315,8.594907338298315
2022-11-09,BTCUSDT,18545.38,18587.76,15588.0,15922.81,731926.929729,288,288,0.008165565222877263,-0.15256777937932983,True,0.09036351710108047,9.036351710108047
2022-11-10,BTCUSDT,15922.68,18199.0,15754.26,17601.15,608448.36432,288,288,0.009095717675265054,0.10021156844026935,True,0.09537147202001788,9.537147202001787
2022-11-11,BTCUSDT,17602.45,17695.0,16361.6,17070.31,393552.86492,288,288,0.0037203079539725424,-0.030623543661599056,True,0.0609943272278049,6.09943272278049
2022-11-12,BTCUSDT,17069.98,17119.1,16631.39,16812.08,167819.96035,288,288,0.0005316380089576546,-0.015243021519596783,True,0.02305727670297719,2.3057276702977187
2022-11-13,BTCUSDT,16813.16,16954.28,16229.0,16329.85,184960.78846,288,288,0.0008362135395365265,-0.029102954245261013,True,0.02891735706347533,2.891735706347533
2022-11-14,BTCUSDT,16331.78,17190.0,15815.21,16619.46,380210.7775,288,288,0.0034899769595492995,0.01757957653261427,True,0.05907602694451701,5.907602694451701
2022-11-15,BTCUSDT,16617.72,17134.69,16527.72,16900.57,282461.84391,288,288,0.0009874188053590985,0.01677305124617931,True,0.03142322079862436,3.1423220798624363
2022-11-16,BTCUSDT,16900.57,17015.92,16378.61,16662.76,261493.40809,288,288,0.0005915026538635267,-0.014171059886845607,True,0.02432082757357419,2.4320827573574193
2022-11-17,BTCUSDT,16661.61,16751.0,16410.74,16692.56,228038.97873,288,288,0.000389774459075778,0.0017868218880006865,True,0.01974270647798265,1.9742706477982648
2022-11-18,BTCUSDT,16692.56,17011.0,16546.04,16700.45,214224.18184,288,288,0.00033098507179140925,0.00047255399539266815,True,0.0181929951297583,1.81929951297583
2022-11-19,BTCUSDT,16699.43,16822.41,16553.53,16700.68,104963.15558,288,288,0.00010625349568523282,1.3771989151847006e-05,True,0.010307933628290047,1.0307933628290047
2022-11-20,BTCUSDT,16700.68,16753.33,16180.0,16280.23,154842.13478,288,288,0.000348773187704556,-0.025497948917877558,True,0.018675470213747124,1.8675470213747123
2022-11-21,BTCUSDT,16279.5,16319.0,15476.0,15781.29,324096.997753,288,288,0.0012470767697678258,-0.03112642711283937,True,0.03531397414293421,3.531397414293421
2022-11-22,BTCUSDT,15781.29,16315.0,15616.63,16226.94,239548.06623,288,288,0.0006573213925766087,0.027847762883541495,True,0.02563827982873673,2.563827982873673
2022-11-23,BTCUSDT,16227.96,16706.0,16160.2,16603.11,264927.70408,288,288,0.0006089472184673841,0.022917203202952364,True,0.02467685592751605,2.467685592751605
2022-11-24,BTCUSDT,16603.11,16812.63,16458.05,16598.95,206565.92346,288,288,0.0003139695156285903,-0.00025058686248823043,True,0.017719184959489258,1.7719184959489258
2022-11-25,BTCUSDT,16599.55,16666.0,16342.81,16522.14,182089.49533,288,288,0.00021676285216672836,-0.0046381406950613355,True,0.014722868340331253,1.4722868340331252
2022-11-26,BTCUSDT,16521.35,16701.99,16385.0,16458.57,181804.81666,288,288,0.00014401599971932715,-0.0038549854582054757,True,0.012000666636455125,1.2000666636455124
2022-11-27,BTCUSDT,16457.61,16600.0,16401.0,16428.78,162025.47607,288,288,0.0001251230575750291,-0.0018116393171030804,True,0.011185841835777453,1.1185841835777453
2022-11-28,BTCUSDT,16428.77,16487.04,15995.27,16212.91,252695.40367,288,288,0.0004381613365130968,-0.01322683642796617,True,0.02093230365996769,2.093230365996769
2022-11-29,BTCUSDT,16212.18,16548.71,16100.0,16442.53,248106.25009,288,288,0.0002352160079430471,0.01406343228021288,True,0.01533675350075912,1.533675350075912
2022-11-30,BTCUSDT,16442.91,17249.0,16428.3,17163.64,303019.80719,288,288,0.0007957377423364464,0.04292192204564489,True,0.028208823838232717,2.8208823838232715
2022-12-01,BTCUSDT,17165.53,17324.0,16855.01,16977.37,232818.18218,288,288,0.00025173954916396887,-0.010911911994264348,True,0.0158663023154095,1.58663023154095
2022-12-02,BTCUSDT,16978.0,17105.73,16787.85,17092.74,202372.2062,288,288,0.0002358635406599905,0.00677253117024583,True,0.015357849480314309,1.535784948031431
2022-12-03,BTCUSDT,17092.13,17188.98,16858.74,16885.2,154542.57306,288,288,8.387576645436584e-05,-0.012216313353322484,True,0.009158371386571187,0.9158371386571187
2022-12-04,BTCUSDT,16885.2,17202.84,16878.25,17105.7,178619.13387,288,288,0.00017409662284880156,0.012974242698661296,True,0.013194567929598966,1.3194567929598966
2022-12-05,BTCUSDT,17106.65,17424.25,16867.0,16966.35,233703.29225,288,288,0.0002906372274539772,-0.008179770631693206,True,0.017048085741630265,1.7048085741630266
2022-12-06,BTCUSDT,16966.35,17107.01,16906.37,17088.96,218730.76883,288,288,0.00014841169206408327,0.007200670307999887,True,0.012182433749628326,1.2182433749628325
2022-12-07,BTCUSDT,17088.96,17142.21,16678.83,16836.64,220657.41334,288,288,0.00018816924772568637,-0.014875177009226758,True,0.01371747964189072,1.371747964189072
2022-12-08,BTCUSDT,16836.64,17299.0,16733.49,17224.1,236417.97804,288,288,0.000206320560279748,0.022752101931692855,True,0.01436386299989484,1.436386299989484
2022-12-09,BTCUSDT,17224.1,17360.0,17058.21,17128.56,238422.06465000001,288,288,0.00011276960380979916,-0.005562320142259812,True,0.010619303358026794,1.0619303358026795
2022-12-10,BTCUSDT,17128.56,17227.72,17092.0,17127.49,140573.97937,288,288,4.141292967034666e-05,-6.24707168720935e-05,True,0.006435287846735891,0.6435287846735891
2022-12-11,BTCUSDT,17127.49,17270.99,17071.0,17085.05,155286.47871,288,288,6.88685885025083e-05,-0.0024809629316508925,True,0.008298710050514375,0.8298710050514375
2022-12-12,BTCUSDT,17085.05,17241.89,16871.85,17209.83,226227.49694,288,288,0.00013282139629586094,0.007276920090016302,True,0.011524816540659592,1.1524816540659593
2022-12-13,BTCUSDT,17208.93,18000.0,17080.14,17774.7,284462.9139,288,288,0.000719093785772078,0.03229536571300407,True,0.026815924108113037,2.681592410811304
2022-12-14,BTCUSDT,17775.82,18387.95,17660.94,17803.15,266681.22209,288,288,0.0006318704251319613,0.0015993100237417684,True,0.025137032942094843,2.5137032942094844
2022-12-15,BTCUSDT,17804.01,17854.82,17275.51,17356.34,223701.96882,288,288,0.0002681712516108857,-0.025417550422033117,True,0.016375935136989452,1.6375935136989452
2022-12-16,BTCUSDT,17356.96,17531.73,16527.32,16632.12,253379.04116,288,288,0.000554398862534266,-0.04262209197455576,True,0.023545676089980216,2.3545676089980216
2022-12-17,BTCUSDT,16631.5,16796.82,16579.85,16776.52,144825.66684,288,288,0.00016428633360554407,0.008644524244230546,True,0.012817423048551688,1.2817423048551688
2022-12-18,BTCUSDT,16777.54,16863.26,16663.07,16738.21,112619.31646,288,288,0.000101290749121777,-0.0022861599473243182,True,0.010064330535200889,1.006433053520089
2022-12-19,BTCUSDT,16739.0,16815.99,16256.3,16438.88,179094.28305,288,288,0.00031408112388021974,-0.018044869047169048,True,0.017722334041548243,1.7722334041548242
2022-12-20,BTCUSDT,16438.88,17061.27,16397.2,16895.56,248808.92324,288,288,0.0003655107738163891,0.027401604731459347,True,0.019118336062962937,1.9118336062962937
2022-12-21,BTCUSDT,16896.15,16925.0,16723.0,16824.67,156810.96362,288,288,0.00013166484573561257,-0.004204603849785638,True,0.01147453030566448,1.147453030566448
2022-12-22,BTCUSDT,16824.68,16868.52,16559.85,16821.43,176044.27234999998,288,288,0.00019817147232253202,-0.00019259290140683177,True,0.014077338964539145,1.4077338964539146
2022-12-23,BTCUSDT,16821.9,16955.14,16731.13,16778.5,161612.00947,288,288,0.00010519215825002324,-0.0025553638570478517,True,0.010256322842521252,1.0256322842521253
2022-12-24,BTCUSDT,16778.52,16869.99,16776.62,16836.12,100224.29096,288,288,2.6397384928172095e-05,0.0034282735568191293,True,0.005137838546331725,0.5137838546331726
2022-12-25,BTCUSDT,16835.73,16857.96,16721.0,16832.11,125441.07202,288,288,6.806902228193899e-05,-0.0002382067616237028,True,0.008250395280344996,0.8250395280344996
2022-12-26,BTCUSDT,16832.11,16944.52,16791.0,16919.39,124564.00656,288,288,3.9949923670653486e-05,0.0051719298136849575,True,0.006320595199081609,0.6320595199081609
2022-12-27,BTCUSDT,16919.39,16972.83,16592.37,16706.36,173749.58616,288,288,9.970785991933477e-05,-0.012670816273175534,True,0.009985382312126801,0.9985382312126801
2022-12-28,BTCUSDT,16706.06,16785.19,16465.33,16547.31,193037.56577,288,288,0.0001642536729577467,-0.009565934397529417,True,0.012816148912904637,1.2816148912904637
2022-12-29,BTCUSDT,16547.32,16664.41,16488.91,16633.47,160998.47158,288,288,6.942206569332707e-05,0.005193379640447972,True,0.00833199050007422,0.8331990500074221
2022-12-30,BTCUSDT,16633.47,16677.35,16333.0,16607.48,164916.31174,288,288,0.00012873803333730353,-0.0015637342071162079,True,0.011346278391494874,1.1346278391494875
2022-12-31,BTCUSDT,16607.48,16644.09,16470.0,16542.4,114490.42864,288,288,3.869512524543267e-05,-0.0039264144310664035,True,0.006220540591092761,0.622054059109276
2023-01-01,BTCUSDT,16541.77,16628.0,16499.01,16616.75,96925.41374,288,288,2.937922340693151e-05,0.004484440922004932,True,0.005420260455636012,0.5420260455636012
2023-01-02,BTCUSDT,16617.17,16799.23,16548.7,16672.87,121888.57191,288,288,8.998295364275976e-05,0.0033716247385011354,True,0.009485934516048473,0.9485934516048473
2023-01-03,BTCUSDT,16672.78,16778.4,16605.28,16675.18,159541.53733,288,288,6.720008639541829e-05,0.0001385388353257316,True,0.008197565882346923,0.8197565882346923
2023-01-04,BTCUSDT,16675.65,16991.87,16652.66,16850.36,220362.18862,288,288,0.0001315263803414808,0.01045063520917952,True,0.011468495121047086,1.1468495121047086
2023-01-05,BTCUSDT,16850.36,16879.82,16753.0,16831.85,163473.56641,288,288,4.947490988534974e-05,-0.001099096636675544,True,0.007033840336924754,0.7033840336924754
2023-01-06,BTCUSDT,16831.85,17041.0,16679.0,16950.65,207401.28415,288,288,0.00012800822226595915,0.0070332562551548876,True,0.011314071869400474,1.1314071869400473
2023-01-07,BTCUSDT,16950.31,16981.91,16908.0,16943.57,104526.5688,288,288,1.6484137404849905e-05,-0.0004177703515797313,True,0.004060066182323868,0.4060066182323868
2023-01-08,BTCUSDT,16943.83,17176.99,16911.0,17127.83,135155.89695,288,288,5.709658960324328e-05,0.010816215147353555,True,0.007556228530374348,0.7556228530374348
2023-01-09,BTCUSDT,17127.83,17398.8,17104.66,17178.26,266211.52723,288,288,0.00015471839675174084,0.002940004898537688,True,0.012438584997970663,1.2438584997970663
2023-01-10,BTCUSDT,17179.04,17499.0,17146.34,17440.66,221382.42581,288,288,0.00011610809875153556,0.015159630933366329,True,0.010775346804234913,1.0775346804234913
2023-01-11,BTCUSDT,17440.64,18000.0,17315.6,17943.26,262221.60653,288,288,0.000527133345036801,0.02841029515457413,True,0.022959384683322877,2.2959384683322877
2023-01-12,BTCUSDT,17943.26,19117.04,17892.05,18846.62,454568.32178,288,288,0.0018411218124704891,0.0491190305151331,True,0.04290829538061946,4.290829538061946
2023-01-13,BTCUSDT,18846.62,20000.0,18714.12,19930.01,368615.87823,288,288,0.0007213174584979577,0.055893048509552,True,0.02685735389977869,2.685735389977869
2023-01-14,BTCUSDT,19930.01,21258.0,19888.05,20954.92,393913.74951,288,288,0.0025347358241732862,0.050146827684418985,True,0.05034615997445373,5.034615997445373
2023-01-15,BTCUSDT,20952.76,21050.74,20551.01,20871.5,178542.22549,288,288,0.0006613619812591523,-0.003988871656174717,True,0.02571695902044315,2.5716959020443153
2023-01-16,BTCUSDT,20872.99,21474.05,20611.48,21185.65,293078.08262,288,288,0.0011711200838429789,0.014939473685250365,True,0.03422163181151622,3.422163181151622
2023-01-17,BTCUSDT,21185.65,21647.45,20841.31,21134.81,275407.74409,288,288,0.0006683526549966627,-0.002402621543173081,True,0.025852517382194382,2.5852517382194384
2023-01-18,BTCUSDT,21132.29,21650.0,20407.15,20677.47,350916.01949,288,288,0.0011976959457184664,-0.021876742420547653,True,0.0346077440137098,3.46077440137098
2023-01-19,BTCUSDT,20677.47,21192.0,20659.19,21071.59,251385.84925,288,288,0.00024663130579216484,0.0188809859816687,True,0.01570449953969132,1.570449953969132
2023-01-20,BTCUSDT,21071.59,22755.93,20861.28,22667.21,338079.13659,288,288,0.0008541289470691766,0.07299369909677783,True,0.029225484548064836,2.9225484548064835
2023-01-21,BTCUSDT,22666.0,23371.8,22422.0,22783.55,346445.48432,288,288,0.0013992517765284297,0.005119397523327488,True,0.03740657397474981,3.7406573974749806
2023-01-22,BTCUSDT,22783.35,23078.71,22292.37,22707.88,253577.75286,288,288,0.0006548659215498775,-0.0033267835189933195,True,0.025590348210797708,2.559034821079771
2023-01-23,BTCUSDT,22706.02,23180.0,22500.0,22916.45,293588.37938,288,288,0.0008924633904962878,0.009142992475146501,True,0.02987412576957337,2.987412576957337
2023-01-24,BTCUSDT,22917.81,23162.2,22462.93,22632.89,293158.78254,288,288,0.0005406100227861483,-0.01245083521258656,True,0.023251021972940204,2.3251021972940205
2023-01-25,BTCUSDT,22631.94,23816.73,22300.0,23060.94,346042.83223,288,288,0.0010458814228209703,0.018736119160646665,True,0.03234009002493608,3.2340090024936083
2023-01-26,BTCUSDT,23060.42,23282.47,22850.01,23009.65,288924.43581,288,288,0.00038467928791636324,-0.00222658408281538,True,0.019613242667044204,1.9613242667044204
2023-01-27,BTCUSDT,23009.65,23500.0,22534.88,23074.16,280833.86315,288,288,0.0005681227086410466,0.002799683539056288,True,0.023835324806703317,2.3835324806703317
2023-01-28,BTCUSDT,23074.16,23189.0,22878.46,23022.6,148115.71085,288,288,0.00010432044258981381,-0.002237034511836643,True,0.010213737934263528,1.0213737934263527
2023-01-29,BTCUSDT,23021.4,23960.54,22967.76,23742.3,295688.79204,288,288,0.0005391643066725361,0.030781925205852864,True,0.02321991185755312,2.321991185755312
2023-01-30,BTCUSDT,23743.37,23800.51,22500.0,22826.15,302405.90121,288,288,0.0005509008463338321,-0.03935145882331751,True,0.023471277049488214,2.3471277049488215
2023-01-31,BTCUSDT,22827.38,23320.0,22714.77,23125.13,264649.34909,288,288,0.00036181308467433753,0.013013096440886386,True,0.019021384930502237,1.9021384930502236
2023-02-01,BTCUSDT,23125.13,23812.66,22760.23,23732.66,310790.42271,288,288,0.0005385634799479315,0.025932253556536885,True,0.02320697050344856,2.3206970503448563
2023-02-02,BTCUSDT,23731.41,24255.0,23363.27,23488.94,364177.20751,288,288,0.0007882679482914606,-0.01032248649357049,True,0.02807610992091783,2.807610992091783
2023-02-03,BTCUSDT,23489.33,23715.7,23204.62,23431.9,332571.02904,288,288,0.0003719637723321352,-0.0024313302190968446,True,0.019286362340579812,1.9286362340579812
2023-02-04,BTCUSDT,23431.9,23587.78,23253.96,23326.84,166126.47295,288,288,0.00012516612338612712,-0.004493712909871587,True,0.011187766684469564,1.1187766684469564
2023-02-05,BTCUSDT,23327.66,23433.33,22743.0,22932.91,209251.33917,288,288,0.0002067834845885023,-0.017031632139821673,True,0.014379968170635924,1.4379968170635924
2023-02-06,BTCUSDT,22932.91,23158.25,22628.13,22762.52,265371.6069,288,288,0.00033414926836594373,-0.007457673107036873,True,0.018279750227121368,1.8279750227121367
2023-02-07,BTCUSDT,22762.52,23350.25,22745.78,23240.46,308006.72482,288,288,0.0004673933487339761,0.020779401555923838,True,0.021619281873688036,2.1619281873688037
2023-02-08,BTCUSDT,23242.42,23452.0,22665.85,22963.0,280056.30717,288,288,0.0002734714637986664,-0.012010500310642516,True,0.016536972631006754,1.6536972631006754
2023-02-09,BTCUSDT,22961.85,23011.39,21688.0,21796.35,402894.69550000003,288,288,0.0006590423861528189,-0.05214170035251661,True,0.025671820857758005,2.5671820857758005
2023-02-10,BTCUSDT,21797.83,21938.16,21451.0,21625.19,338591.94247,288,288,0.00027713188627480676,-0.007883685677702429,True,0.01664727864471568,1.6647278644715682
2023-02-11,BTCUSDT,21625.19,21906.32,21599.78,21862.55,177021.58433,288,288,0.00011233048717413731,0.010916288456747346,True,0.010598607794146234,1.0598607794146235
2023-02-12,BTCUSDT,21862.02,22090.0,21630.0,21783.54,204435.65163,288,288,0.00016388937063741585,-0.0036204886304741645,True,0.012801928395262015,1.2801928395262014
2023-02-13,BTCUSDT,21782.37,21894.99,21351.07,21773.97,295730.76791,288,288,0.00039912322742064404,-0.00043941906477185187,True,0.01997806866092526,1.9978068660925261
2023-02-14,BTCUSDT,21774.63,22319.08,21532.77,22199.84,361958.40109,288,288,0.000566393164962835,0.01936986197704075,True,0.02379901605030836,2.379901605030836
2023-02-15,BTCUSDT,22199.84,24380.0,22047.28,24324.05,375669.16111,288,288,0.0009487529444805356,0.09138049119365936,True,0.030801833459723395,3.0801833459723396
2023-02-16,BTCUSDT,24322.87,25250.0,23505.25,23517.72,450080.68366,288,288,0.001523498563844508,-0.03371139328266333,True,0.03903201972540632,3.903201972540632
2023-02-17,BTCUSDT,23517.72,25021.11,23339.37,24569.97,496813.21376,288,288,0.001497241102391291,0.043770785975073306,True,0.03869419985464606,3.869419985464606
2023-02-18,BTCUSDT,24568.24,24877.0,24430.0,24631.95,216917.25213,288,288,0.0002599295609703107,0.002519415209186351,True,0.016122331127052025,1.6122331127052025
2023-02-19,BTCUSDT,24632.05,25192.0,24192.57,24271.76,300395.99542,288,288,0.0005326911411941627,-0.014730846119735732,True,0.02308010271195002,2.3080102711950023
2023-02-20,BTCUSDT,24272.51,25121.23,23840.83,24842.2,346938.56997,288,288,0.0008019757098895646,0.02323028535059336,True,0.028319175656956623,2.831917565695662
2023-02-21,BTCUSDT,24843.89,25250.0,24148.34,24452.16,376000.82868,288,288,0.0007062422406069758,-0.01582526439406251,True,0.02657521854297676,2.6575218542976757
2023-02-22,BTCUSDT,24450.67,24476.05,23574.69,24182.21,379425.75365,288,288,0.0007871390172644895,-0.011101316717521398,True,0.028055997883955037,2.8055997883955035
2023-02-23,BTCUSDT,24182.21,24599.59,23608.0,23940.2,398400.45437,288,288,0.0007958819516066282,-0.010058184545769127,True,0.028211379824578383,2.8211379824578384
2023-02-24,BTCUSDT,23940.2,24132.35,22841.19,23185.29,343582.57453,288,288,0.0008326313872934245,-0.03204102846148743,True,0.028855352836058414,2.8855352836058414
2023-02-25,BTCUSDT,23184.04,23219.13,22722.0,23157.07,191311.8101,288,288,0.00023934532275317173,-0.0012178923770015846,True,0.015470789338400666,1.5470789338400666
2023-02-26,BTCUSDT,23157.07,23689.99,23059.18,23554.85,202323.73623,288,288,0.0003032177584335864,0.017031610581688474,True,0.01741314900968766,1.741314900968766
2023-02-27,BTCUSDT,23554.85,23897.99,23106.77,23492.09,283706.0859,288,288,0.0005204569041229195,-0.0026679753126397114,True,0.02281352458790442,2.281352458790442
2023-02-28,BTCUSDT,23492.09,23600.0,23020.97,23141.57,264140.99894,288,288,0.00040212287658914484,-0.015033201397948568,True,0.020053001685262604,2.0053001685262606
2023-03-01,BTCUSDT,23141.57,24000.0,23020.03,23628.97,315287.41737,288,288,0.0006545927012600941,0.02084293424389668,True,0.02558500930740683,2.558500930740683
2023-03-02,BTCUSDT,23629.76,23796.93,23195.9,23465.32,239315.45219,288,288,0.00029022666820223376,-0.0069499151047273345,True,0.017036040273556347,1.7036040273556345
2023-03-03,BTCUSDT,23465.32,23476.95,21971.13,22354.34,319954.19785,288,288,0.0008912456934443097,-0.04850310083198638,True,0.029853738349565364,2.9853738349565364
2023-03-04,BTCUSDT,22354.34,22410.0,22157.08,22346.57,121257.38132,288,288,8.421435830692985e-05,-0.000347643932898262,True,0.009176838143223943,0.9176838143223943
2023-03-05,BTCUSDT,22346.57,22662.09,22189.22,22430.24,154841.75786,288,288,0.00035813186903194865,0.0037372067095841283,True,0.0189243723550333,1.8924372355033299
2023-03-06,BTCUSDT,22430.24,22602.19,22258.0,22410.0,203751.82957,288,288,0.00016218304076330998,-0.0009027606174547311,True,0.012735110551672096,1.2735110551672095
2023-03-07,BTCUSDT,22409.41,22557.91,21927.0,22197.96,292519.80912,288,288,0.00045080019580663556,-0.009506895048812473,True,0.021232055854453556,2.1232055854453558
2023-03-08,BTCUSDT,22198.56,22287.0,21580.0,21705.44,301460.57272,288,288,0.000390442724358613,-0.022437472391168695,True,0.019759623588485004,1.9759623588485005
2023-03-09,BTCUSDT,21704.37,21834.99,20042.72,20362.22,443658.28584,288,288,0.0010812239311299287,-0.06388169730657467,True,0.03288196969662749,3.288196969662749
2023-03-10,BTCUSDT,20362.21,20367.78,19549.09,20150.69,618456.4671,288,288,0.001423833564525503,-0.010442692083691318,True,0.03773371919815886,3.773371919815886
2023-03-11,BTCUSDT,20150.69,20686.51,19765.03,20455.73,427831.82133,288,288,0.001017345654958307,0.01502450785778889,True,0.03189585639167425,3.189585639167425
2023-03-12,BTCUSDT,20455.73,22150.0,20270.6,21997.11,430944.94288,288,288,0.001605998161727978,0.07264804225261623,True,0.04007490688358462,4.0074906883584624
2023-03-13,BTCUSDT,21998.05,24500.0,21813.88,24113.48,687889.31259,288,288,0.00318514705720004,0.09185993913307056,True,0.05643710709453524,5.643710709453524
2023-03-14,BTCUSDT,24112.27,26386.87,23976.42,24670.41,699360.93423,288,288,0.004278965417228763,0.022833529552860405,True,0.06541380142774736,6.541380142774736
2023-03-15,BTCUSDT,24670.41,25196.97,23896.95,24285.66,581450.72984,288,288,0.002013950901867387,-0.015718497080592975,True,0.04487706431872952,4.487706431872953
2023-03-16,BTCUSDT,24285.66,25167.4,24123.0,24998.78,439421.32998,288,288,0.0012742425183143212,0.028940970979108978,True,0.035696533701668025,3.5696533701668023
2023-03-17,BTCUSDT,24998.78,27756.84,24890.0,27395.13,624460.68091,288,288,0.00215433869353839,0.09153823669317157,True,0.04641485423372985,4.641485423372985
2023-03-18,BTCUSDT,27395.13,27724.85,26578.0,26907.49,371238.97174,288,288,0.0013313891440466723,-0.017960573857960207,True,0.036488205547089765,3.6488205547089767
2023-03-19,BTCUSDT,26907.49,28390.1,26827.22,27972.87,372066.99053999997,288,288,0.0009605521651791032,0.03883042537639616,True,0.030992776016018686,3.0992776016018686
2023-03-20,BTCUSDT,27972.87,28472.0,27124.47,27717.01,477378.23373,288,288,0.001351898228242342,-0.009188807742990263,True,0.03676816868219496,3.676816868219496
2023-03-21,BTCUSDT,27717.01,28438.55,27303.1,28105.47,420929.7422,288,288,0.0008013397502597943,0.013917915171175743,True,0.02830794500241574,2.830794500241574
2023-03-22,BTCUSDT,28107.81,28868.05,26601.8,27250.97,224113.41296000002,288,288,0.0018962928933444095,-0.030875102511241505,True,0.04354644524349157,4.354644524349157
2023-03-23,BTCUSDT,27250.97,28750.0,27105.0,28295.41,128649.60818,288,288,0.0011975967671554678,0.03761048387612387,True,0.03460631108852066,3.460631108852066
2023-03-24,BTCUSDT,28295.42,28374.3,27000.0,27454.47,86242.06544,272,271,,,False,,
2023-03-25,BTCUSDT,27454.46,27787.33,27156.09,27462.95,50844.08102,288,288,0.00033577651259214823,0.00030882732901197827,True,0.01832420564696184,1.8324205646961842
2023-03-26,BTCUSDT,27462.96,28194.4,27417.76,27968.05,49671.70353,288,288,0.00041348659941663874,0.018224963671599658,True,0.020334369904588603,2.0334369904588603
2023-03-27,BTCUSDT,27968.05,28023.86,26508.14,27124.91,88039.46898,288,288,0.0008675974420649295,-0.030610293346194434,True,0.029455007079695797,2.94550070796958
2023-03-28,BTCUSDT,27124.9,27520.0,26631.78,27261.07,78602.44341,288,288,0.0006805063817602512,0.0050071832660615705,True,0.026086517240909168,2.6086517240909166
2023-03-29,BTCUSDT,27261.06,28650.0,27240.1,28348.6,89486.16008,288,288,0.0007341653524141543,0.039117969089514065,True,0.02709548583093048,2.709548583093048
2023-03-30,BTCUSDT,28348.6,29184.68,27686.0,28028.53,98865.43256,288,288,0.0009859082554806943,-0.01135472624707667,True,0.03139917603187533,3.139917603187533
2023-03-31,BTCUSDT,28028.53,28656.69,27511.71,28465.36,78198.12139,288,288,0.0006742422131983174,0.01546498944228949,True,0.025966174404373037,2.5966174404373037
2023-04-01,BTCUSDT,28465.36,28819.71,28220.27,28452.73,30238.44753,288,288,0.00022355527148734908,-0.00044379564413745526,True,0.014951764828519377,1.4951764828519378
2023-04-02,BTCUSDT,28452.74,28530.0,27856.43,28171.87,37365.65692,288,288,0.00020629191979559865,-0.009920151427765516,True,0.014362866002145903,1.4362866002145904
2023-04-03,BTCUSDT,28171.87,28500.99,27200.24,27800.0,79180.01405,288,288,0.0008785558392712628,-0.013287941665062638,True,0.02964044262947608,2.964044262947608
2023-04-04,BTCUSDT,27800.0,28444.44,27662.79,28165.47,49722.55691,288,288,0.000451580527773506,0.013060738888804196,True,0.021250424178672435,2.1250424178672436
2023-04-05,BTCUSDT,28165.47,28775.0,27805.1,28170.01,60737.647320000004,288,288,0.0005800107340825156,0.00016117729039779913,True,0.024083412010811833,2.4083412010811833
2023-04-06,BTCUSDT,28170.01,28182.05,27711.0,28033.82,40118.94963,288,288,0.0002551204812320529,-0.00484629843031354,True,0.01597249139088993,1.597249139088993
2023-04-07,BTCUSDT,28033.83,28100.0,27766.94,27906.33,24762.09387,288,288,0.00015267791405900537,-0.004558093631494044,True,0.012356290465143872,1.235629046514387
2023-04-08,BTCUSDT,27906.34,28154.99,27859.02,27938.38,19479.96735,288,288,6.722581574280692e-05,0.001147825945156675,True,0.008199135060651636,0.8199135060651637
2023-04-09,BTCUSDT,27938.38,28530.0,27800.0,28323.76,32531.16101,288,288,0.00019331468211495316,0.013699657615021588,True,0.013903765033794018,1.3903765033794018
2023-04-10,BTCUSDT,28323.76,29770.0,28170.0,29637.34,67754.0622,288,288,0.0005690765011168305,0.04533402443678435,True,0.023855324376684348,2.385532437668435
2023-04-11,BTCUSDT,29637.35,30550.0,29590.0,30200.42,67990.07621,288,288,0.000550416081602412,0.018820778757939926,True,0.02346094801158751,2.3460948011587512
2023-04-12,BTCUSDT,30200.43,30486.0,29637.4,29888.07,62049.48451,288,288,0.000516266385319128,-0.010396427448109098,True,0.02272149610653154,2.272149610653154
2023-04-13,BTCUSDT,29888.07,30595.0,29854.59,30373.84,51934.11731,288,288,0.0002492735300475308,0.016122307510292616,True,0.015788398590342555,1.5788398590342554
2023-04-14,BTCUSDT,30373.84,31000.0,29966.0,30466.93,75984.19452,288,288,0.0005742487070161008,0.003060121449608951,True,0.023963486954450115,2.3963486954450115
2023-04-15,BTCUSDT,30466.93,30595.6,30202.0,30295.09,25429.81247,288,288,9.901875632629828e-05,-0.005656179900884098,True,0.009950816867287745,0.9950816867287745
2023-04-16,BTCUSDT,30295.1,30549.99,30120.0,30304.65,26431.99322,288,288,0.00014085589211121273,0.0003155129074588512,True,0.011868272499029197,1.1868272499029198
2023-04-17,BTCUSDT,30304.66,30316.06,29240.65,29430.27,56441.81127,288,288,0.0004040771838930113,-0.029277429572032925,True,0.02010167117164668,2.0101671171646682
2023-04-18,BTCUSDT,29430.27,30485.0,29096.78,30380.01,62004.89434,288,288,0.0003727319837829025,0.031761089816270384,True,0.019306267992103044,1.9306267992103043
2023-04-19,BTCUSDT,30380.01,30413.53,28520.0,28797.1,86575.48656,288,288,0.0007192566982718213,-0.05351013870406782,True,0.026818961543501666,2.6818961543501665
2023-04-20,BTCUSDT,28797.1,29088.3,28010.0,28243.65,76879.09372,288,288,0.0005778674639677793,-0.019406034062572446,True,0.02403887401622171,2.403887401622171
2023-04-21,BTCUSDT,28243.65,28374.02,27125.0,27262.84,77684.7679,288,288,0.00059029917325207,-0.035344050771456074,True,0.024296073206427207,2.4296073206427207
2023-04-22,BTCUSDT,27262.84,27882.72,27140.35,27816.85,36023.69686,288,288,0.00019746565725844593,0.020117349397532618,True,0.014052247409523003,1.4052247409523002
2023-04-23,BTCUSDT,27816.85,27816.85,27311.25,27590.6,34812.09581,288,288,0.00042066025452148955,-0.00816681718841521,True,0.02051000376697892,2.051000376697892
2023-04-24,BTCUSDT,27590.59,28000.0,26942.82,27510.93,53111.56874,288,288,0.000557040003776005,-0.0028917547486747514,True,0.02360169493438988,2.3601694934389883
2023-04-25,BTCUSDT,27510.93,28399.99,27192.0,28300.79,52325.14637,288,288,0.0004403599139721494,0.02830633920007125,True,0.020984754322415818,2.0984754322415817
2023-04-26,BTCUSDT,28300.8,30036.0,27235.0,28415.29,129228.40403,288,288,0.002728253988916674,0.004037661120266604,True,0.05223269080677995,5.223269080677994
2023-04-27,BTCUSDT,28415.29,29890.0,28378.86,29472.77,95430.82431,288,288,0.0020061299793497534,0.03653940565036537,True,0.044789842367994034,4.478984236799404
2023-04-28,BTCUSDT,29472.77,29599.54,28891.0,29311.7,54298.16578,288,288,0.000512929747641287,-0.0054800325013603934,True,0.022647952394008755,2.2647952394008755
2023-04-29,BTCUSDT,29311.69,29448.88,29031.0,29230.45,20466.83058,288,288,9.992019189436705e-05,-0.0027757795765584463,True,0.009996008798233775,0.9996008798233775
2023-04-30,BTCUSDT,29230.45,29969.39,29079.59,29233.21,39752.5372,288,288,0.000544454580617657,9.441762633501279e-05,True,0.023333550536034097,2.33335505360341
2023-05-01,BTCUSDT,29233.2,29337.34,27666.95,28068.26,64433.65958,288,288,0.0009116112897347535,-0.040665991207925106,True,0.03019290131363254,3.0192901313632543
2023-05-02,BTCUSDT,28068.26,28879.88,27872.0,28669.86,50824.5224,288,288,0.0005332719377848579,0.02120699616519514,True,0.023092681476711573,2.3092681476711574
2023-05-03,BTCUSDT,28669.85,29266.66,28113.69,29026.16,64615.79213,288,288,0.0006045411430016688,0.012351095602062462,True,0.024587418388307237,2.458741838830724
2023-05-04,BTCUSDT,29026.16,29379.83,28663.64,28838.16,42575.47501,288,288,0.00040072098892947203,-0.006497982228264494,True,0.020018016608282452,2.001801660828245
2023-05-05,BTCUSDT,28838.16,29677.0,28800.0,29505.61,58415.83048,288,288,0.0005751104880788508,0.022880904653341742,True,0.023981461341604077,2.398146134160408
2023-05-06,BTCUSDT,29505.6,29820.0,28300.0,28848.2,49249.28459,288,288,0.0004597656036891393,-0.022532815430817418,True,0.021442145501071933,2.1442145501071934
2023-05-07,BTCUSDT,28848.19,29138.29,28395.23,28430.1,30003.41028,288,288,0.0002961143906791069,-0.014599156258650025,True,0.017207974624548553,1.7207974624548552
2023-05-08,BTCUSDT,28430.09,28631.01,27262.0,27668.79,68244.36179,288,288,0.000903476498871687,-0.02714337989636858,True,0.030057885801760692,3.0057885801760693
2023-05-09,BTCUSDT,27668.8,27818.0,27353.0,27628.27,40113.31069,288,288,0.0003325068291781606,-0.00146553929819889,True,0.018234769786815534,1.8234769786815535
2023-05-10,BTCUSDT,27628.28,28331.42,26777.0,27598.75,71155.11355,288,288,0.001625578132034222,-0.001069042030926998,True,0.04031845894914911,4.031845894914911
2023-05-11,BTCUSDT,27598.74,27630.14,26702.05,26968.62,47635.313650000004,288,288,0.0005054527236869256,-0.02309651396430848,True,0.022482275767522413,2.2482275767522415
2023-05-12,BTCUSDT,26968.61,27091.12,25811.46,26795.01,67207.93494,288,288,0.000746753698797262,-0.006458291727408248,True,0.027326794521078793,2.732679452107879
2023-05-13,BTCUSDT,26795.01,27045.45,26692.03,26775.28,22814.90421,288,288,0.0002535649054857723,-0.0007366023552259062,True,0.015923721470993277,1.5923721470993277
2023-05-14,BTCUSDT,26775.27,27200.0,26560.53,26917.62,21594.8036,288,288,0.0001734638374070142,0.005302016968639944,True,0.013170567087525661,1.3170567087525662
2023-05-15,BTCUSDT,26917.61,27663.59,26726.0,27162.14,40430.08333,288,288,0.00035680064366995967,0.009043001164108597,True,0.01888916736306711,1.888916736306711
2023-05-16,BTCUSDT,27162.15,27296.89,26852.11,27033.84,33270.45451,288,288,0.0003040303888762926,-0.00473467735713186,True,0.017436467213179756,1.7436467213179756
2023-05-17,BTCUSDT,27033.85,27500.0,26544.71,27405.61,42958.97785,288,288,0.0003446289317369482,0.013658322391182812,True,0.01856418411180379,1.856418411180379
2023-05-18,BTCUSDT,27405.62,27485.33,26361.2,26821.28,49198.65143,288,288,0.0004938478661706851,-0.021552134669642613,True,0.022222688095068183,2.222268809506818
2023-05-19,BTCUSDT,26821.28,27183.6,26630.0,26880.26,28754.135440000002,288,288,0.00032073754505209203,0.0021965859345883594,True,0.017909146966064354,1.7909146966064355
2023-05-20,BTCUSDT,26880.26,27150.0,26825.11,27102.43,14434.54718,288,288,6.874821937206005e-05,0.008231203535189762,True,0.008291454599288357,0.8291454599288357
2023-05-21,BTCUSDT,27102.42,27277.55,26666.03,26747.78,21347.87279,288,288,0.00018792951992116752,-0.013171912518514892,True,0.01370873881584909,1.3708738815849089
2023-05-22,BTCUSDT,26747.78,27099.89,26538.21,26849.27,26458.83828,288,288,0.00022940931975078615,0.003787153259441023,True,0.015146264217647405,1.5146264217647405
2023-05-23,BTCUSDT,26849.28,27495.83,26798.11,27219.61,38700.83858,288,288,0.00019958460107234187,0.013699036917122659,True,0.014127441419887109,1.4127441419887108
2023-05-24,BTCUSDT,27219.61,27219.61,26080.5,26329.01,54393.0657,288,288,0.0004159761239279122,-0.03326629631528849,True,0.020395492735599995,2.0395492735599996
2023-05-25,BTCUSDT,26329.0,26631.98,25871.89,26473.79,37435.44895,288,288,0.000331795493733343,0.005483813844003885,True,0.0182152544240629,1.8215254424062899
2023-05-26,BTCUSDT,26473.8,26932.16,26327.24,26705.92,35061.18713,288,288,0.0002120166544024863,0.008730076726596718,True,0.014560791681858727,1.4560791681858727
2023-05-27,BTCUSDT,26705.93,26895.0,26551.0,26854.27,15095.6867,288,288,7.208576201297124e-05,0.005539576292266646,True,0.008490333445334832,0.8490333445334832
2023-05-28,BTCUSDT,26854.28,28261.32,26764.36,28065.0,43916.00855,288,288,0.00039088601976694856,0.04409840842612679,True,0.019770837609139086,1.9770837609139087
2023-05-29,BTCUSDT,28065.01,28447.14,27524.6,27736.4,42385.41945,288,288,0.0003047998615069206,-0.011777618425210053,True,0.017458518307889723,1.7458518307889723
2023-05-30,BTCUSDT,27736.39,28038.59,27554.0,27694.4,32686.75371,288,288,0.00030461337839039407,-0.0015154032789555499,True,0.017453176742083205,1.7453176742083205
2023-05-31,BTCUSDT,27694.39,27835.51,26839.01,27210.35,46588.80573,288,288,0.00031359330817821264,-0.017632811059524082,True,0.017708565954876545,1.7708565954876545
2023-06-01,BTCUSDT,27210.36,27350.0,26605.05,26817.93,39217.8088,288,288,0.00039193210688162166,-0.01452672196361915,True,0.01979727523882066,1.9797275238820662
2023-06-02,BTCUSDT,26817.93,27300.0,26505.0,27242.59,36380.90269,288,288,0.000277319798727228,0.015710863858148457,True,0.016652921627367014,1.6652921627367014
2023-06-03,BTCUSDT,27242.59,27333.29,26914.93,27069.22,16595.34117,288,288,8.663858184889672e-05,-0.00638426849937682,True,0.009307984843611249,0.9307984843611249
2023-06-04,BTCUSDT,27069.22,27455.02,26951.0,27115.21,19258.41049,288,288,0.0001489803572564254,0.0016975360281121952,True,0.012205750991087169,1.2205750991087168
2023-06-05,BTCUSDT,27115.2,27129.33,25388.0,25728.2,65805.60305,288,288,0.0009659817025570789,-0.052507158455556174,True,0.031080246179158215,3.1080246179158215
2023-06-06,BTCUSDT,25728.2,27355.33,25351.02,27230.08,68392.60438,288,288,0.0008571811854577096,0.05673457801927001,True,0.0292776567617306,2.92776567617306
2023-06-07,BTCUSDT,27230.07,27391.77,26125.01,26339.34,59619.44364,288,288,0.0008321752735465477,-0.03325860556385581,True,0.028847448302173066,2.8847448302173064
2023-06-08,BTCUSDT,26339.34,26810.0,26210.0,26498.61,31075.51083,288,288,0.0003236992273226732,0.006028639732693841,True,0.01799164326354525,1.799164326354525
2023-06-09,BTCUSDT,26498.62,26783.33,26269.91,26477.81,27934.7097,288,288,0.0002578834199939809,-0.000785255065132133,True,0.01605874901709286,1.605874901709286
2023-06-10,BTCUSDT,26477.8,26533.87,25358.0,25841.21,64944.60108,288,288,0.0010177400830855996,-0.024336519277701373,True,0.03190203885468137,3.190203885468137
2023-06-11,BTCUSDT,25841.22,26206.88,25634.7,25925.55,30014.29595,288,288,0.00026718381538290344,0.003258464490492523,True,0.016345758330004255,1.6345758330004254
2023-06-12,BTCUSDT,25925.54,26106.48,25602.11,25905.19,29900.50893,288,288,0.00030067697460424826,-0.0007856342026836972,True,0.017340039636755396,1.7340039636755396
2023-06-13,BTCUSDT,25905.2,26433.21,25712.57,25934.25,41065.60853,288,288,0.0003357890179598,0.0011211542039821136,True,0.01832454686915341,1.8324546869153409
2023-06-14,BTCUSDT,25934.24,26098.0,24820.56,25128.6,45077.31608,288,288,0.0007278053751531749,-0.031557849238027104,True,0.026977868247012676,2.6977868247012675
2023-06-15,BTCUSDT,25128.6,25759.01,24800.0,25598.49,48664.86063,288,288,0.00039697786840254623,0.018526725673654477,True,0.019924303460912913,1.9924303460912913
2023-06-16,BTCUSDT,25598.49,26518.0,25175.56,26345.0,51596.91662,288,288,0.00047215321626814527,0.028745138290379557,True,0.021729086871475876,2.172908687147588
2023-06-17,BTCUSDT,26345.01,26839.99,26181.0,26516.99,27842.2195,288,288,0.0002879958566299598,0.006507155969033475,True,0.016970440672827557,1.6970440672827558
2023-06-18,BTCUSDT,26516.99,26700.0,26255.85,26339.97,21538.31022,288,288,0.00016614906524405843,-0.006698102267959264,True,0.012889882282009345,1.2889882282009344
2023-06-19,BTCUSDT,26339.98,27068.09,26256.61,26844.35,35872.65974,288,288,0.0004006753969064535,0.01896781314400877,True,0.020016877801157042,2.001687780115704
2023-06-20,BTCUSDT,26844.35,28402.74,26652.0,28307.99,69666.95525,288,288,0.000763134435616,0.05308872645011562,True,0.027624887974723084,2.7624887974723085
2023-06-21,BTCUSDT,28308.0,30800.0,28257.99,29993.89,108926.40412,288,288,0.0012986686257308495,0.057849597296171784,True,0.036037045185903484,3.6037045185903485
2023-06-22,BTCUSDT,29993.89,30500.0,29525.61,29884.92,59054.5646,288,288,0.0006688419256554479,-0.0036396889082088895,True,0.025861978378605297,2.5861978378605297
2023-06-23,BTCUSDT,29884.92,31431.94,29800.0,30688.5,73931.89635,288,288,0.000876069694937105,0.026533986237443193,True,0.02959847453733224,2.959847453733224
2023-06-24,BTCUSDT,30688.51,30800.0,30250.0,30527.43,30513.30135,288,288,0.0002695563033358949,-0.00526236787393883,True,0.01641816991433256,1.641816991433256
2023-06-25,BTCUSDT,30527.44,31046.01,30277.49,30462.66,30223.44801,288,288,0.00027519318174361204,-0.0021239524109254917,True,0.016588947577939116,1.6588947577939117
2023-06-26,BTCUSDT,30462.67,30666.0,29930.0,30267.99,45180.41489,288,288,0.0005196535695668183,-0.006410952846689378,True,0.022795911246686725,2.2795911246686726
2023-06-27,BTCUSDT,30267.99,30994.97,30226.17,30692.44,42699.64157,288,288,0.00044241399000682484,0.01392565174567836,True,0.02103363948551997,2.1033639485519973
2023-06-28,BTCUSDT,30692.44,30709.74,29858.8,30077.41,40463.51937,288,288,0.00041578659487282626,-0.02024197854488108,True,0.020390845859670124,2.0390845859670126
2023-06-29,BTCUSDT,30077.4,30843.98,30049.98,30447.31,36330.62903,288,288,0.0003380266981542482,0.012223257058950398,True,0.018385502390586127,1.8385502390586128
2023-06-30,BTCUSDT,30447.31,31282.0,29500.0,30472.0,89419.07618,288,288,0.0017319012248220827,0.0008105804662547266,True,0.041616117368419685,4.1616117368419685
2023-07-01,BTCUSDT,30471.99,30661.6,30320.57,30585.9,17501.75075,288,288,8.373150059437628e-05,0.003730889274590383,True,0.009150491822540267,0.9150491822540266
2023-07-02,BTCUSDT,30585.9,30791.0,30155.0,30617.03,23286.41019,288,288,0.0002769824093316572,0.001017271646456379,True,0.016642788508289624,1.6642788508289623
2023-07-03,BTCUSDT,30617.02,31380.0,30570.27,31156.2,43761.64311,288,288,0.000250634451721067,0.017456872249027214,True,0.015831438712923945,1.5831438712923944
2023-07-04,BTCUSDT,31156.2,31350.69,30620.0,30766.51,33206.11943,288,288,0.0001756629037378314,-0.012586501609657,True,0.013253788278746247,1.3253788278746248
2023-07-05,BTCUSDT,30766.52,30878.07,30200.0,30504.81,33215.671220000004,288,288,0.00019112033310747953,-0.008542384639438662,True,0.013824627774644768,1.3824627774644767
2023-07-06,BTCUSDT,30504.8,31500.0,29850.45,29895.43,71319.6261,288,288,0.0006663694214920151,-0.02017875019166115,True,0.02581413220489922,2.581413220489922
2023-07-07,BTCUSDT,29895.42,30449.0,29701.02,30344.7,34070.53895,288,288,0.0003085005922234242,0.014916247025861605,True,0.017564184929094322,1.7564184929094322
2023-07-08,BTCUSDT,30344.7,30386.81,30044.47,30284.63,13094.59042,288,288,7.58877071352852e-05,-0.001981549842481352,True,0.00871135506883316,0.871135506883316
2023-07-09,BTCUSDT,30284.63,30445.52,30061.12,30160.71,15388.50196,288,288,8.031888010496769e-05,-0.004100239112277867,True,0.008962080121543642,0.8962080121543642
2023-07-10,BTCUSDT,30160.71,31045.78,29950.0,30411.57,41262.87652,288,288,0.0003456861287914042,0.008283044133907362,True,0.01859263641314497,1.859263641314497
2023-07-11,BTCUSDT,30411.57,30813.63,30300.0,30622.1,28476.83311,288,288,0.00021182137549291227,0.006898842392957748,True,0.014554084495182522,1.4554084495182522
2023-07-12,BTCUSDT,30622.1,30983.25,30210.0,30380.0,38108.99669,288,288,0.00025038855427937136,-0.007937473335964403,True,0.01582367069549197,1.5823670695491971
2023-07-13,BTCUSDT,30380.0,31804.2,30251.0,31454.23,70772.51836,288,288,0.0005807191239654851,0.03474897613970286,True,0.02409811453133803,2.409811453133803
2023-07-14,BTCUSDT,31454.23,31630.0,29900.0,30312.01,60749.48424,288,288,0.0005280652340470922,-0.03698946968873681,True,0.022979670016061854,2.2979670016061853
2023-07-15,BTCUSDT,30312.0,30390.9,30200.0,30289.52,14118.55329,288,288,4.80846620133182e-05,-0.0007422255191389362,True,0.006934310492999156,0.6934310492999156
2023-07-16,BTCUSDT,30289.52,30441.46,30064.29,30231.99,15760.1281,288,288,9.167101981328096e-05,-0.001901142827657185,True,0.00957449841053206,0.9574498410532061
2023-07-17,BTCUSDT,30232.0,30336.96,29659.2,30138.0,30882.76839,288,288,0.00037225117977772925,-0.00311380127583271,True,0.019293811955591596,1.9293811955591595
2023-07-18,BTCUSDT,30138.01,30239.78,29512.0,29859.13,30003.8601,288,288,0.00024953578590352125,-0.009296178277229537,True,0.01579670174129781,1.5796701741297812
2023-07-19,BTCUSDT,29859.14,30189.09,29761.96,29909.21,25657.36137,288,288,0.00016675964235764445,0.0016758040032591004,True,0.01291354491832682,1.291354491832682
2023-07-20,BTCUSDT,29909.21,30417.46,29570.96,29800.0,37540.68193,288,288,0.00024382512785659394,-0.003658066210633889,True,0.015614900827625962,1.5614900827625962
2023-07-21,BTCUSDT,29800.0,30061.7,29726.34,29901.72,23881.40865,288,288,0.0001317599892622759,0.0034076103143906933,True,0.011478675414100527,1.1478675414100528
2023-07-22,BTCUSDT,29901.72,29999.0,29625.1,29794.0,14660.40467,288,288,5.780299724023424e-05,-0.0036089728683475343,True,0.007602828239558897,0.7602828239558896
2023-07-23,BTCUSDT,29793.99,30350.0,29730.0,30083.75,18292.78637,288,288,0.00010246550679584343,0.00967812790707522,True,0.010122524724387856,1.0122524724387856
2023-07-24,BTCUSDT,30083.75,30099.58,28861.9,29176.5,39628.99691,288,288,0.0003950698419889483,-0.030621568131756413,True,0.019876363902609256,1.9876363902609255
2023-07-25,BTCUSDT,29176.5,29376.0,29047.65,29228.91,21565.7478,288,288,0.00011430286044978228,0.0017946972401160755,True,0.01069125158481374,1.069125158481374
2023-07-26,BTCUSDT,29228.91,29690.0,29096.94,29351.96,33931.63366,288,288,0.0002006403208351124,0.004201036310068303,True,0.01416475629282454,1.4164756292824539
2023-07-27,BTCUSDT,29351.95,29567.49,29083.85,29222.78,22476.47626,288,288,9.554347564747607e-05,-0.0044107821710520105,True,0.009774634297377885,0.9774634297377885
2023-07-28,BTCUSDT,29222.78,29542.22,29123.12,29314.14,23993.61627,288,288,8.391793695418408e-05,0.0031214513568597843,True,0.009160673389777853,0.9160673389777854
2023-07-29,BTCUSDT,29314.14,29406.92,29256.18,29352.9,10851.36844,288,288,1.995544559918853e-05,0.0013213554199954585,True,0.004467151844205492,0.4467151844205492
2023-07-30,BTCUSDT,29352.9,29449.0,29033.24,29281.09,15706.97441,288,288,8.282977095684685e-05,-0.0024494337125383807,True,0.009101086251478274,0.9101086251478273
2023-07-31,BTCUSDT,29281.09,29530.0,29101.8,29232.25,22605.48964,288,288,0.00012723821336899674,-0.0016693633056039296,True,0.011279991727346112,1.1279991727346113
2023-08-01,BTCUSDT,29232.26,29739.25,28585.7,29705.99,44719.65162,288,288,0.00027580343148503393,0.016076157104388717,True,0.016607330655015993,1.6607330655015993
2023-08-02,BTCUSDT,29705.99,30047.5,28927.5,29186.01,48181.65141,288,288,0.000328305622292952,-0.017659224099429077,True,0.018119205895760222,1.8119205895760222
2023-08-03,BTCUSDT,29186.0,29433.33,28968.0,29193.64,26476.91994,288,288,0.0001355764957358143,0.0002613924558778701,True,0.011643732036414025,1.1643732036414025
2023-08-04,BTCUSDT,29193.65,29333.08,28807.54,29113.99,23551.95217,288,288,0.00011165932909780879,-0.002732062666358132,True,0.01056689779915604,1.056689779915604
2023-08-05,BTCUSDT,29114.0,29152.23,28978.64,29072.13,11645.52018,288,288,2.1625500783826476e-05,-0.001438831364650015,True,0.004650322653733446,0.4650322653733446
2023-08-06,BTCUSDT,29072.13,29205.09,28991.88,29088.42,13178.1972,288,288,3.2491510803944584e-05,0.000560173534327896,True,0.005700132525121199,0.5700132525121199
2023-08-07,BTCUSDT,29088.43,29276.78,28701.03,29211.06,30966.87746,288,288,0.00016530873347627998,0.004207247848643222,True,0.012857244396692473,1.2857244396692473
2023-08-08,BTCUSDT,29211.06,30244.0,29146.45,29770.42,45700.53392,288,288,0.00030237789831022655,0.01896787840738145,True,0.01738901659986057,1.7389016599860572
2023-08-09,BTCUSDT,29770.41,30160.0,29376.67,29581.99,38003.88725,288,288,0.00022002398820714295,-0.006349552885027728,True,0.01483320559444731,1.483320559444731
2023-08-10,BTCUSDT,29581.99,29738.0,29320.2,29455.75,23463.45373,288,288,0.00010839310794720488,-0.004276592986208982,True,0.01041120108091304,1.041120108091304
2023-08-11,BTCUSDT,29455.76,29564.52,29252.45,29426.03,20637.0443,288,288,6.501827578814104e-05,-0.0010094804377131462,True,0.008063391084905967,0.8063391084905968
2023-08-12,BTCUSDT,29426.02,29481.35,29381.56,29430.17,8971.48068,288,288,8.292878368148047e-06,0.00014068186552351807,True,0.002879735815686579,0.28797358156865793
2023-08-13,BTCUSDT,29430.18,29474.65,29272.32,29303.84,11101.70947,288,288,1.7318194706513102e-05,-0.004301773191170395,True,0.004161513511513942,0.4161513511513942
2023-08-14,BTCUSDT,29303.85,29695.32,29102.45,29430.93,31443.11532,288,288,0.00011628643630149616,0.004327596697698052,True,0.010783618887066445,1.0783618887066444
2023-08-15,BTCUSDT,29430.92,29499.26,29059.6,29200.0,27503.87691,288,288,0.0001040084422892219,-0.007877452879610503,True,0.010198452936069368,1.0198452936069369
2023-08-16,BTCUSDT,29200.01,29259.85,28723.08,28730.51,32996.69854,288,288,0.00013443272707167585,-0.016209084961303712,True,0.011594512800099703,1.1594512800099703
2023-08-17,BTCUSDT,28730.51,28783.48,25166.0,26623.41,100271.54033,288,288,0.010196258025429377,-0.07616872037641402,True,0.10097652214960355,10.097652214960355
2023-08-18,BTCUSDT,26623.41,26832.6,25619.0,26054.0,69790.65711,288,288,0.000850943071702808,-0.021619596661147794,True,0.029170928536863684,2.9170928536863685
2023-08-19,BTCUSDT,26054.0,26281.0,25801.09,26100.01,26160.75343,288,288,0.00018920536859348613,0.0017643901949648065,True,0.013755194240485524,1.3755194240485524
2023-08-20,BTCUSDT,26100.01,26299.0,25971.05,26189.99,19056.91209,288,288,0.00012187802192984493,0.003441579224085786,True,0.011039837948531896,1.1039837948531896
2023-08-21,BTCUSDT,26190.0,26258.42,25812.0,26126.92,30267.24233,288,288,0.00017394648297014125,-0.002411076286945694,True,0.013188877244486781,1.318887724448678
2023-08-22,BTCUSDT,26126.92,26139.42,25300.0,26056.0,34247.06688,288,288,0.00033009955675405685,-0.002718132433544153,True,0.01816864212741439,1.816864212741439
2023-08-23,BTCUSDT,26055.99,26819.27,25812.82,26432.72,44023.69978,288,288,0.00044561032542070133,0.014354568703085015,True,0.021109484252835296,2.1109484252835298
2023-08-24,BTCUSDT,26432.71,26577.87,25864.0,26180.05,30205.22116,288,288,0.0002036517186250002,-0.009604966342237831,True,0.014270659361956622,1.4270659361956621
2023-08-25,BTCUSDT,26180.05,26314.05,25777.15,26060.01,27753.33772,288,288,0.0001738988717452705,-0.004595714908300583,True,0.013187072144538776,1.3187072144538776
2023-08-26,BTCUSDT,26060.0,26125.77,25985.92,26017.37,10022.22322,288,288,3.042783421318178e-05,-0.0016375635459643287,True,0.005516143055902537,0.5516143055902537
2023-08-27,BTCUSDT,26017.38,26182.23,25966.11,26101.77,12099.64216,288,288,3.464073986957206e-05,0.003238736240679004,True,0.0058856384419680476,0.5885638441968047
2023-08-28,BTCUSDT,26101.78,26253.99,25864.5,26120.0,22692.62655,288,288,0.00014218254558554883,0.0006981762870345589,True,0.011924032270400346,1.1924032270400347
2023-08-29,BTCUSDT,26120.0,28142.85,25922.0,27716.34,74251.99488,288,288,0.001227361717326996,0.05932082656409873,True,0.0350337225730723,3.5033722573072303
2023-08-30,BTCUSDT,27716.34,27768.57,27017.24,27299.99,35448.25848,288,288,0.0002819619064712481,-0.015135795081848528,True,0.016791721367127557,1.6791721367127557
2023-08-31,BTCUSDT,27299.99,27587.51,25655.01,25940.78,51032.80401,288,288,0.0005007541344758089,-0.051070088063356556,True,0.0223775363808398,2.23775363808398
2023-09-01,BTCUSDT,25940.77,26156.0,25333.75,25805.05,41032.15056,288,288,0.00045741649827739226,-0.005246038619321297,True,0.02138729759173403,2.138729759173403
2023-09-02,BTCUSDT,25805.04,25987.5,25752.47,25869.51,16250.77698,288,288,6.423264727936928e-05,0.002494845952615962,True,0.00801452726487154,0.801452726487154
2023-09-03,BTCUSDT,25869.52,26135.0,25800.0,25971.21,17474.47667,288,288,0.00010959851908962747,0.003923561650647411,True,0.010468931134056976,1.0468931134056976
2023-09-04,BTCUSDT,25971.21,26108.02,25631.21,25826.02,21777.59609,288,288,0.0001318786108493211,-0.00560610597352538,True,0.011483841293283406,1.1483841293283406
2023-09-05,BTCUSDT,25826.03,25915.49,25562.62,25792.1,21323.393369999998,288,288,0.00014162835047585464,-0.001314267349624336,True,0.01190077100342052,1.190077100342052
2023-09-06,BTCUSDT,25792.11,26040.0,25372.51,25759.95,27262.52386,288,288,0.00022330788080380894,-0.0012472832474364742,True,0.014943489579205016,1.4943489579205016
2023-09-07,BTCUSDT,25759.95,26443.14,25615.38,26255.0,27687.49567,288,288,0.0002842702515423003,0.019035486849340907,True,0.016860315879078314,1.6860315879078314
2023-09-08,BTCUSDT,26255.0,26445.5,25647.26,25910.5,28999.76471,288,288,0.0002480508869671882,-0.01320815513349356,True,0.0157496313279768,1.5749631327976799
2023-09-09,BTCUSDT,25910.5,25945.09,25796.64,25901.61,10980.62277,288,288,2.9282336097648802e-05,-0.00034316302066220085,True,0.005411315560716156,0.5411315560716156
2023-09-10,BTCUSDT,25901.6,26033.66,25570.57,25841.61,18738.26914,288,288,0.00010893684511195432,-0.0023191454606863466,True,0.010437281500082017,1.0437281500082016
2023-09-11,BTCUSDT,25841.6,25900.69,24901.0,25162.52,41682.32,288,288,0.00037997936036624565,-0.026630397675802886,True,0.019493059286993554,1.9493059286993555
2023-09-12,BTCUSDT,25162.53,26567.0,25131.48,25840.1,56434.38537,288,288,0.0007470930043223705,0.02657196307677878,True,0.027333002109581204,2.7333002109581206
2023-09-13,BTCUSDT,25840.1,26405.22,25764.17,26222.0,31610.82753,288,288,0.0003091900096253175,0.014671204201256205,True,0.017583799635611113,1.7583799635611113
2023-09-14,BTCUSDT,26222.0,26860.49,26126.77,26522.73,38333.1725,288,288,0.00033934777153469045,0.011403348118843727,True,0.018421394397132116,1.8421394397132116
2023-09-15,BTCUSDT,26522.73,26888.0,26224.0,26600.0,26227.29369,288,288,0.00019779227136672604,0.002909114591601602,True,0.01406386402688557,1.406386402688557
2023-09-16,BTCUSDT,26599.99,26777.0,26445.0,26559.67,13960.93351,288,288,9.121663460994476e-05,-0.0015173159554021732,True,0.00955074000326387,0.955074000326387
2023-09-17,BTCUSDT,26559.67,26623.25,26399.0,26527.51,12998.10277,288,288,5.630467383868666e-05,-0.0012115920994156372,True,0.007503644037311915,0.7503644037311915
2023-09-18,BTCUSDT,26527.5,27409.0,26377.35,26762.51,43000.43256,288,288,0.00042488190111710644,0.008819719840065451,True,0.020612663610438765,2.0612663610438764
2023-09-19,BTCUSDT,26762.5,27483.57,26667.79,27210.26,36190.52187,288,288,0.00040671789509396977,0.016592080487149552,True,0.020167248079348103,2.01672480793481
2023-09-20,BTCUSDT,27210.25,27388.63,26800.0,27125.0,34207.21867,288,288,0.0003780333295055351,-0.0031382961994274976,True,0.01944307921872292,1.944307921872292
2023-09-21,BTCUSDT,27125.01,27159.6,26377.7,26568.08,34476.82662,288,288,0.0001885754964945827,-0.02074531664949085,True,0.013732279362676202,1.37322793626762
2023-09-22,BTCUSDT,26568.08,26743.38,26468.77,26580.14,18198.2292,288,288,0.00011908468303940043,0.00045382517822706975,True,0.01091259286509858,1.091259286509858
2023-09-23,BTCUSDT,26580.14,26632.81,26509.0,26575.96,9440.7026,288,288,2.1761880862225416e-05,-0.00015727263695251747,True,0.004664963114776516,0.4664963114776516
2023-09-24,BTCUSDT,26575.97,26738.54,26122.08,26248.38,15706.65771,288,288,0.00010631361869912111,-0.012402774904893717,True,0.010310849562432821,1.0310849562432822
2023-09-25,BTCUSDT,26248.39,26446.15,25990.46,26304.81,26266.2039,288,288,0.00020616511353238742,0.0021475393477567097,True,0.014358450944735906,1.4358450944735905
2023-09-26,BTCUSDT,26304.8,26397.46,26088.34,26221.67,18495.35066,288,288,0.00010835527270012683,-0.0031656440496648348,True,0.010409383877066252,1.0409383877066252
2023-09-27,BTCUSDT,26221.68,26850.0,26112.06,26372.99,34771.57978,288,288,0.00020168016948480069,0.005754212215800509,True,0.014201414348042968,1.4201414348042969
2023-09-28,BTCUSDT,26373.0,27308.48,26342.4,27021.39,44517.83491,288,288,0.0003985257211793262,0.02428839422275933,True,0.019963109005846916,1.9963109005846917
2023-09-29,BTCUSDT,27021.39,27244.89,26665.16,26906.96,28478.76219,288,288,0.00030112818238266215,-0.004243785383295477,True,0.017353045334541777,1.7353045334541777
2023-09-30,BTCUSDT,26906.96,27094.99,26886.31,26962.56,12804.62307,288,288,4.85593662125928e-05,0.0020642478248621816,True,0.006968455080761647,0.6968455080761646
2023-10-01,BTCUSDT,26962.57,28065.51,26954.09,27992.57,24602.81468,288,288,0.0006843812857403599,0.03748988079317807,True,0.026160682058011406,2.6160682058011404
2023-10-02,BTCUSDT,27992.58,28580.0,27281.44,27494.51,57071.14241,288,288,0.0008469449051091001,-0.01795276944001316,True,0.029102317864890075,2.9102317864890077
2023-10-03,BTCUSDT,27494.51,27676.52,27160.5,27426.46,28928.96555,288,288,0.0002607695055325699,-0.002478107536143013,True,0.016148359221065462,1.6148359221065463
2023-10-04,BTCUSDT,27426.45,27839.72,27202.0,27778.57,29816.142,288,288,0.0002980591793993445,0.01275661927658677,True,0.017264390501820343,1.7264390501820344
2023-10-05,BTCUSDT,27778.57,28120.39,27352.0,27410.39,30681.49619,288,288,0.0003423464500606808,-0.01334272152206553,True,0.018502606574768887,1.8502606574768887
2023-10-06,BTCUSDT,27410.39,28295.0,27175.94,27931.09,37983.24277,288,288,0.000636541354047424,0.018818266735080948,True,0.02522977118499936,2.522977118499936
2023-10-07,BTCUSDT,27931.1,28029.67,27842.08,27956.67,13348.83825,288,288,7.361950127054612e-05,0.0009154062279923554,True,0.008580180724818453,0.8580180724818454
2023-10-08,BTCUSDT,27956.67,28095.14,27687.5,27917.05,19693.56921,288,288,0.00015902738157228034,-0.0014181982742734944,True,0.012610605916143774,1.2610605916143773
2023-10-09,BTCUSDT,27917.06,27987.93,27260.0,27590.12,31534.74639,288,288,0.00027976178658489916,-0.011779875664383155,True,0.016726081028887167,1.6726081028887168
2023-10-10,BTCUSDT,27590.12,27735.0,27298.0,27390.12,22776.84383,288,288,0.00018250351750780393,-0.007275373195296039,True,0.013509386274283667,1.3509386274283668
2023-10-11,BTCUSDT,27390.12,27477.39,26538.66,26875.52,37349.44706,288,288,0.00040943880600413933,-0.01896652932854759,True,0.020234594288103216,2.023459428810322
2023-10-12,BTCUSDT,26875.52,26947.04,26555.0,26759.63,23428.64112,288,288,0.00014223450642383481,-0.004321426540285675,True,0.011926210899687914,1.1926210899687915
2023-10-13,BTCUSDT,26759.63,27130.0,26685.0,26862.0,24115.76499,288,288,0.00020486734839303812,0.00381823992932107,True,0.014313187918595847,1.4313187918595847
2023-10-14,BTCUSDT,26862.0,26989.58,26789.0,26852.48,10417.25576,288,288,3.463017222238245e-05,-0.0003544668067027247,True,0.005884740624902889,0.5884740624902889
2023-10-15,BTCUSDT,26852.48,27293.33,26808.25,27154.15,15274.6917,288,288,8.841421116555512e-05,0.011171707530675958,True,0.009402883130484773,0.9402883130484773
2023-10-16,BTCUSDT,27154.14,30000.0,27112.66,28500.78,78399.22445,288,288,0.003780169315468876,0.04840156611029475,True,0.06148308153849216,6.148308153849216
2023-10-17,BTCUSDT,28500.77,28613.65,28069.32,28395.91,38428.44532,288,288,0.0003980518057671528,-0.003686334609521055,True,0.01995123569524336,1.9951235695243361
2023-10-18,BTCUSDT,28395.91,28982.36,28142.87,28320.0,32162.47591,288,288,0.00033991476290007647,-0.002676851886111498,True,0.018436777454318758,1.8436777454318758
2023-10-19,BTCUSDT,28320.0,28916.89,28100.66,28713.71,35895.50179,288,288,0.0003272513473384399,0.013806440226001913,True,0.01809008975484754,1.8090089754847538
2023-10-20,BTCUSDT,28713.71,30207.55,28578.29,29669.04,59422.0992,288,288,0.0006471040789104606,0.032729368812680536,True,0.025438240483776794,2.5438240483776795
2023-10-21,BTCUSDT,29669.05,30379.99,29464.77,29909.8,27517.51897,288,288,0.0002154481595033153,0.008082108028453461,True,0.014678152455377867,1.4678152455377866
2023-10-22,BTCUSDT,29909.8,30248.0,29640.0,29992.46,22852.54563,288,288,0.00019782808160663813,0.002759830846653515,True,0.014065137098750163,1.4065137098750162
2023-10-23,BTCUSDT,29992.46,34741.91,29883.6,33069.99,93513.64246,288,288,0.004120682430918893,0.09768020786547718,True,0.06419254186366898,6.4192541863668975
2023-10-24,BTCUSDT,33069.99,35280.0,32832.34,33922.73,115265.02418,288,288,0.002754107283917126,0.02545906657086168,True,0.05247958921254173,5.247958921254173
2023-10-25,BTCUSDT,33922.73,35132.85,33679.05,34496.05,54887.02529,288,288,0.0009008939270713027,0.016759533553249658,True,0.030014895086794866,3.001489508679487
2023-10-26,BTCUSDT,34496.05,34824.13,33751.0,34151.66,39744.66255,288,288,0.00050895768861347,-0.010033630815880401,True,0.0225600906162513,2.25600906162513
2023-10-27,BTCUSDT,34151.66,34245.0,33390.95,33892.02,32330.40106,288,288,0.0003180833488799984,-0.007631605467211912,True,0.017834891333562936,1.7834891333562937
2023-10-28,BTCUSDT,33892.01,34493.33,33860.0,34081.0,16880.13144,288,288,0.0001632761648742321,0.005560455807828567,True,0.012777956208808672,1.2777956208808672
2023-10-29,BTCUSDT,34081.01,34750.11,33930.0,34525.89,20685.52176,288,288,0.00017027077768675902,0.012969433130900581,True,0.013048784529095383,1.3048784529095383
2023-10-30,BTCUSDT,34525.88,34856.0,34062.84,34474.73,33657.95976,288,288,0.00030184060539386015,-0.0014828854979811157,True,0.01737356052724542,1.737356052724542
2023-10-31,BTCUSDT,34474.74,34720.49,34025.0,34639.77,32737.89822,288,288,0.00025109373099732314,0.004775852062777126,True,0.015845937365688505,1.5845937365688505
2023-11-01,BTCUSDT,34639.78,35582.0,34097.39,35421.43,53473.28165,288,288,0.0006665427843091599,0.02231456026121168,True,0.02581748989172185,2.581748989172185
2023-11-02,BTCUSDT,35421.43,35984.99,34300.0,34941.59,48015.57732,288,288,0.0004943189785673173,-0.01363919395731076,True,0.022233285375025377,2.2233285375025376
2023-11-03,BTCUSDT,34941.58,34946.5,34120.0,34716.78,39071.20644,288,288,0.0003623151315731727,-0.006454666697365173,True,0.01903457726279133,1.903457726279133
2023-11-04,BTCUSDT,34716.78,35255.0,34585.18,35062.07,18377.55545,288,288,0.00016061742763408946,0.009896775837231475,True,0.01267349311098126,1.267349311098126
2023-11-05,BTCUSDT,35062.06,35380.0,34448.0,35011.88,24528.73376,288,288,0.0003925272524586772,-0.0014324869250988926,True,0.01981230053423068,1.9812300534230678
2023-11-06,BTCUSDT,35011.89,35276.33,34725.9,35046.09,22346.47086,288,288,0.0002464776117976414,0.000976619868348704,True,0.01569960546630524,1.569960546630524
2023-11-07,BTCUSDT,35046.09,35888.0,34523.06,35399.12,38688.73692,288,288,0.0004598564142546514,0.010022908737336862,True,0.02144426296832445,2.144426296832445
2023-11-08,BTCUSDT,35399.13,36106.0,35100.0,35624.72,33401.34137,288,288,0.0003361011187428875,0.006352817835123094,True,0.018333060812174475,1.8333060812174475
2023-11-09,BTCUSDT,35624.72,37972.24,35534.05,36701.09,82537.88885,288,288,0.0014140538972288955,0.029766675983155588,True,0.03760390800473929,3.760390800473929
2023-11-10,BTCUSDT,36701.1,37526.0,36324.71,37301.63,43414.04898,288,288,0.0005841074561004941,0.016230570534906515,True,0.02416831512746584,2.416831512746584
2023-11-11,BTCUSDT,37301.63,37408.26,36666.93,37130.0,22984.97235,288,288,0.0002007535855481299,-0.004611757237879036,True,0.014168753845985534,1.4168753845985533
2023-11-12,BTCUSDT,37129.99,37222.22,36731.1,37064.13,17687.18874,288,288,0.00014591769544873136,-0.0017756126342132906,True,0.012079639706908951,1.2079639706908951
2023-11-13,BTCUSDT,37064.13,37417.99,36333.0,36462.93,32798.18252,288,288,0.00036456032943903735,-0.016353527492520815,True,0.019093463002793323,1.9093463002793323
2023-11-14,BTCUSDT,36462.93,36744.0,34800.0,35551.19,45503.68416,288,288,0.0007580287029529919,-0.02532249839293547,True,0.027532321060037637,2.7532321060037637
2023-11-15,BTCUSDT,35551.2,37980.0,35360.0,37858.2,53569.13385,288,288,0.0010027912996841161,0.06287397140001127,True,0.03166688016973122,3.1666880169731217
2023-11-16,BTCUSDT,37858.2,37929.54,35500.0,36163.51,47490.39566,288,288,0.0008594028955797894,-0.045797001672131306,True,0.029315574283642974,2.9315574283642976
2023-11-17,BTCUSDT,36163.51,36800.0,35861.1,36613.92,38283.61112,288,288,0.0006976173853267154,0.012377896572665838,True,0.026412447545176788,2.641244754517679
2023-11-18,BTCUSDT,36613.91,36845.49,36178.58,36568.1,17102.24186,288,288,0.00012654028944992184,-0.001252220312786044,True,0.011249012821128876,1.1249012821128876
2023-11-19,BTCUSDT,36568.11,37500.0,36384.02,37359.86,21246.34648,288,288,0.00022022805831316088,0.021420590373204783,True,0.01484008282703169,1.484008282703169
2023-11-20,BTCUSDT,37359.85,37750.0,36677.0,37448.78,36022.70291,288,288,0.0005794733439661432,0.002377266633288762,True,0.02407225257357822,2.4072252573578217
2023-11-21,BTCUSDT,37448.79,37649.44,35735.0,35741.65,47646.54804,288,288,0.0007039069799921278,-0.04665745723800683,True,0.026531245353208128,2.6531245353208126
2023-11-22,BTCUSDT,35741.65,37861.1,35632.01,37408.34,45051.30697,288,288,0.0005523962168574133,0.04557699878771753,True,0.023503110791072177,2.3503110791072177
2023-11-23,BTCUSDT,37408.35,37653.44,36870.0,37294.28,23827.92882,288,288,0.00021274985029635967,-0.0030537105294437205,True,0.014585947014039221,1.4585947014039222
2023-11-24,BTCUSDT,37294.27,38414.0,37251.51,37713.57,44680.80646,288,288,0.0005454235509116845,0.011180012954366129,True,0.02335430476189956,2.335430476189956
2023-11-25,BTCUSDT,37713.57,37888.0,37591.1,37780.67,11396.14464,288,288,5.258834979649502e-05,0.001777619528835271,True,0.007251782525455036,0.7251782525455036
2023-11-26,BTCUSDT,37780.67,37814.63,37150.0,37447.43,21264.53723,288,288,0.00016812485056140664,-0.00885951339171397,True,0.012966296717313183,1.2966296717313184
2023-11-27,BTCUSDT,37447.42,37569.23,36707.0,37242.7,30001.07376,288,288,0.0003354003684733153,-0.0054821303093668785,True,0.01831393918503923,1.8313939185039227
2023-11-28,BTCUSDT,37242.7,38377.0,36868.41,37818.87,37544.46667,288,288,0.00038151035171251805,0.01535223194675394,True,0.01953228997615277,1.953228997615277
2023-11-29,BTCUSDT,37818.88,38450.0,37570.0,37854.64,32994.19107,288,288,0.000297915155719823,0.0009453771250753601,True,0.0172602188780972,1.72602188780972
2023-11-30,BTCUSDT,37854.65,38145.85,37500.0,37723.96,24740.29147,288,288,0.00021498366906009067,-0.0034581251896563386,True,0.014662321407611097,1.4662321407611096
2023-12-01,BTCUSDT,37723.97,38999.0,37615.86,38682.52,43415.66324,288,288,0.0003218332698731695,0.025092382063088118,True,0.017939712090030025,1.7939712090030024
2023-12-02,BTCUSDT,38682.51,39717.14,38641.61,39450.35,26696.921609999998,288,288,0.00031706277429402474,0.01965510083116724,True,0.017806256605306596,1.7806256605306596
2023-12-03,BTCUSDT,39450.35,40250.0,39274.86,39972.26,26710.65335,288,288,0.00021016413568168685,0.013142794289187777,True,0.01449703885908039,1.4497038859080391
2023-12-04,BTCUSDT,39972.26,42420.0,39972.26,41991.1,79272.33059,288,288,0.0009204724789645986,0.04927197753490033,True,0.030339289361562157,3.0339289361562156
2023-12-05,BTCUSDT,41991.1,44488.0,41414.0,44073.32,67490.74644,288,288,0.0008462575346893989,0.04839691964470754,True,0.029090505920134818,2.909050592013482
2023-12-06,BTCUSDT,44073.82,44297.21,43335.28,43762.69,51431.10492,288,288,0.000643657127461145,-0.007072982823143987,True,0.025370398646082506,2.5370398646082504
2023-12-07,BTCUSDT,43762.69,44047.33,42821.1,43273.14,47103.26845,288,288,0.0003868108073081036,-0.011249508685348958,True,0.019667506382561657,1.9667506382561657
2023-12-08,BTCUSDT,43273.15,44700.0,43081.1,44170.99,42900.37556,288,288,0.0003186625865635328,0.02053611955732949,True,0.017851122837612563,1.7851122837612563
2023-12-09,BTCUSDT,44171.0,44358.02,43584.51,43713.6,24925.97008,288,288,0.00020879873472958878,-0.010408972260494778,True,0.014449869713239244,1.4449869713239245
2023-12-10,BTCUSDT,43713.59,44049.0,43563.0,43789.51,18956.61758,288,288,0.00011668170982639452,0.0017350244818201562,True,0.010801930837882388,1.0801930837882388
2023-12-11,BTCUSDT,43789.5,43804.5,40222.0,41253.4,76663.89804,288,288,0.001872681143213261,-0.059660757354924654,True,0.043274486053716005,4.3274486053716
2023-12-12,BTCUSDT,41253.41,42104.12,40680.0,41492.39,42722.69773,288,288,0.0008283966054522903,0.005776503301280817,True,0.028781879810955542,2.878187981095554
2023-12-13,BTCUSDT,41492.38,43475.2,40555.0,42869.03,45865.99773,288,288,0.0008510625137755827,0.032639616880830676,True,0.029172975744266864,2.9172975744266862
2023-12-14,BTCUSDT,42869.03,43420.0,41400.0,43022.26,42047.05709,288,288,0.0007985078610243002,0.0035680023564599833,True,0.028257881396599786,2.8257881396599784
2023-12-15,BTCUSDT,43022.26,43080.81,41666.0,41940.3,33421.7932,288,288,0.0003571009895295082,-0.025470477640975694,True,0.01889711590506626,1.889711590506626
2023-12-16,BTCUSDT,41940.29,42724.43,41605.0,42278.03,24118.85747,288,288,0.00020278088615827955,0.008020387258141283,True,0.014240115384303581,1.4240115384303582
2023-12-17,BTCUSDT,42278.02,42424.07,41252.0,41374.65,27722.11452,288,288,0.0003807729819363578,-0.021599191335209243,True,0.01951340518557327,1.951340518557327
2023-12-18,BTCUSDT,41374.64,42757.81,40542.93,42657.8,46734.0925,288,288,0.0007152050814637656,0.03054176670855079,True,0.026743318445244704,2.6743318445244704
2023-12-19,BTCUSDT,42657.8,43497.0,41811.1,42275.99,40927.86444,288,288,0.0005378361516665834,-0.008990828549253291,True,0.023191294738901132,2.319129473890113
2023-12-20,BTCUSDT,42275.99,44283.0,42206.0,43668.93,48710.2947,288,288,0.0006967035452125903,0.032417552644628395,True,0.026395142454864497,2.6395142454864495
2023-12-21,BTCUSDT,43668.92,44242.35,43286.72,43861.8,34624.29384,288,288,0.0004209201668016186,0.004406916568444658,True,0.02051633902043975,2.051633902043975
2023-12-22,BTCUSDT,43861.79,44398.26,43412.54,43969.04,32783.19638,288,288,0.00038664760490718294,0.0024419680670539627,True,0.01966335690840155,1.9663356908401548
2023-12-23,BTCUSDT,43969.04,43988.68,43291.1,43702.16,16557.1293,288,288,0.00013703525809250337,-0.006088221088726866,True,0.011706205964893296,1.1706205964893297
2023-12-24,BTCUSDT,43702.15,43946.0,42500.0,42991.5,25144.33496,288,288,0.00032110187991292157,-0.016395107062850602,True,0.01791931583272424,1.7919315832724239
2023-12-25,BTCUSDT,42991.5,43802.32,42720.43,43576.13,27021.23992,288,288,0.0002942203111439373,0.013507101635684497,True,0.017152851399809224,1.7152851399809224
2023-12-26,BTCUSDT,43576.12,43592.68,41637.6,42508.93,41010.04282,288,288,0.0004774186774040683,-0.024795351864670703,True,0.021849912526233792,2.1849912526233792
2023-12-27,BTCUSDT,42508.93,43677.0,42098.69,43428.85,36191.21136,288,288,0.000386238869380096,0.02140979529821038,True,0.019652960829862152,1.9652960829862152
2023-12-28,BTCUSDT,43428.86,43787.57,42241.79,42563.76,35150.52485,288,288,0.0004156635139903696,-0.020120779808235314,True,0.020387827593698393,2.0387827593698393
2023-12-29,BTCUSDT,42563.76,43111.0,41300.0,42066.95,42597.18912,288,288,0.0005025169325304575,-0.011740790238735586,True,0.022416889448147296,2.2416889448147295
2023-12-30,BTCUSDT,42066.94,42612.32,41520.3,42140.28,22906.57818,288,288,0.0002491487851126623,0.001741656115189619,True,0.015784447570715367,1.5784447570715368
2023-12-31,BTCUSDT,42140.29,42899.0,41965.84,42283.58,23585.91603,288,288,0.0002677567571984698,0.0033947781497307076,True,0.016363274647773585,1.6363274647773585
2024-01-01,BTCUSDT,42283.58,44184.1,42180.77,44179.55,27174.29903,288,288,0.0003132494448343405,0.04386318131378088,True,0.017698854336773907,1.7698854336773908
2024-01-02,BTCUSDT,44179.55,45879.63,44148.34,44946.91,65146.40661,288,288,0.0010505775216433561,0.01722000317113581,True,0.032412613619443836,3.2412613619443835
2024-01-03,BTCUSDT,44946.91,45500.0,40750.0,42845.23,81194.55173,288,288,0.00492667121498746,-0.047887695212560685,True,0.07019025014193538,7.019025014193538
2024-01-04,BTCUSDT,42845.23,44729.58,42613.77,44151.1,48038.06334,288,288,0.0008278110568834896,0.030023521507555325,True,0.0287717058389573,2.87717058389573
2024-01-05,BTCUSDT,44151.1,44357.46,42450.0,44145.11,48075.25327,288,288,0.0011248524694180797,-0.00013567966301570862,True,0.03353882033432422,3.3538820334324217
2024-01-06,BTCUSDT,44145.12,44214.42,43397.05,43968.32,17835.06144,288,288,0.00018765105071541987,-0.0040127875450879855,True,0.01369857841950835,1.369857841950835
2024-01-07,BTCUSDT,43968.32,44480.59,43572.09,43929.02,23023.8508,288,288,0.000330923023459917,-0.0008942250725398483,True,0.018191289769005303,1.8191289769005303
2024-01-08,BTCUSDT,43929.01,47248.99,43175.0,46951.04,72814.57589,288,288,0.001198622387838278,0.06653020711240869,True,0.03462112632249676,3.462112632249676
2024-01-09,BTCUSDT,46951.04,47972.0,44748.67,46110.0,69927.66617,288,288,0.002768800804403941,-0.018075510415029725,True,0.052619395705423504,5.26193957054235
2024-01-10,BTCUSDT,46110.0,47695.93,44300.36,46653.99,89911.41203,288,288,0.0022099571085114015,0.011728607963834046,True,0.04701018090277256,4.701018090277255
2024-01-11,BTCUSDT,46654.0,48969.48,45606.06,46339.16,87470.3296,288,288,0.0016814334630093995,-0.0067710622307299425,True,0.04100528579353398,4.100528579353398
2024-01-12,BTCUSDT,46339.16,46515.53,41500.0,42782.73,86327.93707,288,288,0.002274329645849532,-0.07985287546678013,True,0.04768993233219704,4.768993233219704
2024-01-13,BTCUSDT,42782.74,43257.0,42436.12,42847.99,36118.47464,288,288,0.0005416768232439472,0.001524219640676177,True,0.023273951603540538,2.3273951603540537
2024-01-14,BTCUSDT,42847.99,43079.0,41720.0,41732.35,28228.40894,288,288,0.00044700843090082564,-0.026382128705639184,True,0.021142573894888616,2.1142573894888614
2024-01-15,BTCUSDT,41732.35,43400.43,41718.05,42511.1,40269.89303,288,288,0.0005062445129806545,0.018488610880349046,True,0.022499878065906368,2.249987806590637
2024-01-16,BTCUSDT,42511.1,43578.01,42050.0,43137.95,45045.74589,288,288,0.0007214138342118854,0.014637901828298076,True,0.02685914805446899,2.6859148054468993
2024-01-17,BTCUSDT,43137.94,43198.0,42200.69,42776.1,33266.21388,288,288,0.0003921179161685187,-0.008423584725433753,True,0.019801967482260915,1.9801967482260916
2024-01-18,BTCUSDT,42776.09,42930.0,40683.28,41327.5,43907.51641,288,288,0.0006413321038110368,-0.03445139745815893,True,0.025324535608990676,2.5324535608990675
2024-01-19,BTCUSDT,41327.51,42196.86,40280.0,41659.03,48342.74559,288,288,0.0006927482309327848,0.007990013891329521,True,0.02632011076976662,2.632011076976662
2024-01-20,BTCUSDT,41659.03,41872.56,41456.3,41696.04,15923.99493,288,288,0.00012678145628100036,0.0008880084302504265,True,0.011259727185016534,1.1259727185016535
2024-01-21,BTCUSDT,41696.05,41881.39,41500.98,41580.33,11730.16301,288,288,7.525041898387591e-05,-0.0027789413603013327,True,0.008674699936244245,0.8674699936244245
2024-01-22,BTCUSDT,41580.32,41689.65,39431.58,39568.02,55426.19911,288,288,0.0010000426174171541,-0.0496060026684195,True,0.031623450435035616,3.162345043503562
2024-01-23,BTCUSDT,39568.02,40176.74,38555.0,39897.6,57956.63351,288,288,0.0008450842784271295,0.008294955472883104,True,0.029070333304369415,2.9070333304369416
2024-01-24,BTCUSDT,39897.59,40555.0,39484.19,40084.88,39293.82861,288,288,0.0005322443164824538,0.004683034141143343,True,0.023070420812860214,2.3070420812860215
2024-01-25,BTCUSDT,40084.89,40300.24,39550.0,39961.09,31022.11853,288,288,0.00028099122505895424,-0.0030929751663046428,True,0.016762792877648827,1.6762792877648827
2024-01-26,BTCUSDT,39961.09,42246.82,39822.52,41823.51,47384.96726,288,288,0.0005320161996298858,0.04555239092628296,True,0.023065476358182718,2.306547635818272
2024-01-27,BTCUSDT,41823.51,42200.0,41394.34,42120.63,16224.41667,288,288,0.00012753826337967445,0.007079022806978362,True,0.011293283994466554,1.1293283994466554
2024-01-28,BTCUSDT,42120.63,42842.68,41620.81,42031.06,27294.99838,288,288,0.0003370498013064389,-0.0021287756389731334,True,0.01835891612558974,1.835891612558974
2024-01-29,BTCUSDT,42031.05,43333.0,41804.88,43302.7,31542.74207,288,288,0.0004300389462040897,0.02980611994270955,True,0.020737380408433696,2.0737380408433697
2024-01-30,BTCUSDT,43302.71,43882.36,42683.99,42941.1,37619.24546,288,288,0.00045336991680956003,-0.008385579459892288,True,0.021292484984368545,2.1292484984368545
2024-01-31,BTCUSDT,42941.1,43745.11,42276.84,42580.0,39871.13688,288,288,0.000604032770086689,-0.008444749797381915,True,0.024577078143804828,2.4577078143804827
2024-02-01,BTCUSDT,42580.0,43285.13,41884.28,43082.94,35231.04664,288,288,0.00043855258550284763,0.011742435619609574,True,0.020941647153527528,2.0941647153527527
2024-02-02,BTCUSDT,43082.95,43488.0,42546.79,43200.0,29672.14418,288,288,0.0003193920204904306,0.002713400165120797,True,0.017871542196756008,1.7871542196756007
2024-02-03,BTCUSDT,43199.99,43380.01,42880.0,43011.09,12033.40998,288,288,8.286405192424992e-05,-0.004382505832045495,True,0.009102969401478285,0.9102969401478286
2024-02-04,BTCUSDT,43011.1,43119.04,42222.0,42582.88,17066.89404,288,288,0.0001721628735240195,-0.010005694851545436,True,0.013121085074185728,1.3121085074185728
2024-02-05,BTCUSDT,42582.88,43569.76,42258.1,42708.7,29467.75905,288,288,0.0003294582006193227,0.002950351987087762,True,0.01815098346149108,1.8150983461491081
2024-02-06,BTCUSDT,42708.7,43399.98,42574.0,43098.95,24675.85433,288,288,0.00025240268114289864,0.009095988310427227,True,0.01588718606748529,1.5887186067485288
2024-02-07,BTCUSDT,43098.96,44396.5,42788.0,44349.6,34392.59915,288,288,0.0003666991941806545,0.02860505468519978,True,0.019149391483299267,1.9149391483299267
2024-02-08,BTCUSDT,44349.6,45614.3,44331.1,45288.65,45439.62231,288,288,0.0003616317559511241,0.020952759670053275,True,0.01901661788939148,1.901661788939148
2024-02-09,BTCUSDT,45288.66,48200.0,45242.12,47132.77,73503.481,288,288,0.0008211886169717324,0.03991206359421799,True,0.028656388763620103,2.86563887636201
2024-02-10,BTCUSDT,47132.78,48170.0,46800.0,47751.09,24802.35936,288,288,0.0002213553869091473,0.013033381077871942,True,0.014878016901090928,1.487801690109093
2024-02-11,BTCUSDT,47751.08,48592.66,47557.16,48299.99,29958.80837,288,288,0.00027272341591216213,0.0114294597278358,True,0.01651433970560622,1.6514339705606218
2024-02-12,BTCUSDT,48300.0,50334.82,47710.01,49917.27,59009.96705,288,288,0.0006911845018799566,0.0329356814465883,True,0.026290388013111496,2.6290388013111494
2024-02-13,BTCUSDT,49917.28,50368.61,48300.95,49699.59,55551.56706,288,288,0.0007190904303586531,-0.004370351494182343,True,0.02681586154421769,2.681586154421769
2024-02-14,BTCUSDT,49699.6,52043.71,49225.01,51795.17,57046.37401,288,288,0.0006489856126811815,0.04130021810319787,True,0.025475196028317066,2.5475196028317066
2024-02-15,BTCUSDT,51795.17,52816.62,51314.0,51880.0,53816.03055,288,288,0.000682805732042269,0.0016364577734695937,True,0.026130551698008004,2.6130551698008
2024-02-16,BTCUSDT,51880.01,52572.08,51566.0,52124.11,37772.25318,288,288,0.0004046522116479985,0.004694246184425652,True,0.02011596907056676,2.0115969070566764
2024-02-17,BTCUSDT,52124.1,52162.82,50625.0,51642.64,25674.00622,288,288,0.0003112425297613339,-0.009279917800631119,True,0.0176420670489978,1.76420670489978
2024-02-18,BTCUSDT,51642.64,52377.0,51163.28,52137.67,21992.10363,288,288,0.0002517101349720629,0.009540032294676279,True,0.015865375349233404,1.5865375349233404
2024-02-19,BTCUSDT,52137.68,52488.77,51677.0,51774.73,29534.99432,288,288,0.0002756870200511931,-0.006985527730704681,True,0.016603825464367936,1.6603825464367936
2024-02-20,BTCUSDT,51774.74,52985.0,50760.37,52258.82,49614.47318,288,288,0.0006871323995735261,0.009306488030898445,True,0.02621321040188565,2.621321040188565
2024-02-21,BTCUSDT,52258.82,52366.8,50625.0,51849.39,43079.40049,288,288,0.00044335310048476055,-0.007865510526458022,True,0.021055951664191302,2.10559516641913
2024-02-22,BTCUSDT,51849.38,52065.78,50940.78,51288.42,35309.44574,288,288,0.0004929885109805183,-0.010878174198953094,True,0.02220334458996028,2.2203344589960277
2024-02-23,BTCUSDT,51288.42,51548.54,50521.0,50744.15,30545.79544,288,288,0.00030801062554477635,-0.010668655359764311,True,0.01755023149547539,1.755023149547539
2024-02-24,BTCUSDT,50744.15,51698.0,50585.0,51568.22,16560.4211,288,288,0.00011051103620176842,0.016109250933852553,True,0.01051242294629399,1.0512422946293989
2024-02-25,BTCUSDT,51568.21,51958.55,51279.8,51728.85,18721.63159,288,288,0.00013799713319312846,0.0031100616788883742,True,0.011747218104433426,1.1747218104433426
2024-02-26,BTCUSDT,51728.85,54910.0,50901.44,54476.47,51256.72199,288,288,0.0006661087200596461,0.0517532123675627,True,0.025809082123540272,2.5809082123540272
2024-02-27,BTCUSDT,54476.48,57588.15,54450.13,57037.34,67194.98562,288,288,0.0013937169533884935,0.04593727575551302,True,0.037332518712089244,3.733251871208924
2024-02-28,BTCUSDT,57037.35,64000.0,56691.85,62432.1,118763.46984,288,288,0.002609658305867861,0.09037342510456337,True,0.05108481482659853,5.108481482659853
2024-02-29,BTCUSDT,62432.11,63676.35,60364.7,61130.98,78425.07603,288,288,0.0018238098093820735,-0.021060790861508367,True,0.042706086327151,4.2706086327151
2024-03-01,BTCUSDT,61130.99,63114.23,60777.0,62387.9,47737.93473,288,288,0.0008329200483865949,0.02035257099534109,True,0.028860354266477654,2.8860354266477652
2024-03-02,BTCUSDT,62387.9,62433.19,61561.12,61987.28,25534.73659,288,288,0.0002689077350800612,-0.006442143609633195,True,0.016398406479901064,1.6398406479901064
2024-03-03,BTCUSDT,61987.28,63231.88,61320.0,63113.97,28994.90903,288,288,0.00031268800744140295,0.018012936948411624,True,0.017682986383566635,1.7682986383566635
2024-03-04,BTCUSDT,63113.97,68499.0,62300.0,68245.71,84835.16005,288,288,0.0023837529444934516,0.07817243529189477,True,0.04882369245042259,4.882369245042259
2024-03-05,BTCUSDT,68245.71,69000.0,59005.0,63724.01,132696.7813,288,288,0.005012706088937722,-0.06855316030923517,True,0.07080046672824779,7.080046672824778
2024-03-06,BTCUSDT,63724.01,67641.1,62779.14,66074.04,78738.85491,288,288,0.0025854556567341657,0.036214516803041864,True,0.050847376104713266,5.084737610471326
2024-03-07,BTCUSDT,66074.04,67980.0,65551.0,66823.17,53059.8869,288,288,0.000941359011792367,0.011273945248864853,True,0.030681574467298234,3.0681574467298236
2024-03-08,BTCUSDT,66823.18,69990.0,66082.66,68124.19,74261.932842,288,288,0.0016721200880800038,0.019282486315176713,True,0.0408915649991536,4.08915649991536
2024-03-09,BTCUSDT,68124.2,68541.1,67861.1,68313.27,19872.89743,288,288,0.00014872314247283032,0.0027716745979519237,True,0.012195209816679266,1.2195209816679267
2024-03-10,BTCUSDT,68313.28,69887.61,68094.75,68955.88,38404.66835,288,288,0.000477212052511511,0.009362842188646341,True,0.021845183737188183,2.1845183737188183
2024-03-11,BTCUSDT,68955.88,72800.0,67024.96,72078.1,75292.825726,288,288,0.0011513046243540096,0.044283373561153916,True,0.033930880099903235,3.3930880099903233
2024-03-12,BTCUSDT,72078.1,73000.0,68620.82,71452.01,68783.546691,288,288,0.0011699113878878029,-0.008724217811494918,True,0.03420396742905423,3.420396742905423
2024-03-13,BTCUSDT,71452.0,73650.25,71333.31,73072.41,52659.711647,288,288,0.0005930728783577743,0.022424831790492986,True,0.02435308765552685,2.4353087655526853
2024-03-14,BTCUSDT,73072.4,73777.0,68555.0,71388.94,71757.628746,288,288,0.0015776808651230766,-0.023307911945010088,True,0.039720031031245134,3.9720031031245133
2024-03-15,BTCUSDT,71388.94,72419.71,65600.0,69499.85,103334.03546,288,288,0.003753043540722879,-0.02681836109117039,True,0.06126208893535119,6.126208893535119
2024-03-16,BTCUSDT,69499.84,70043.0,64780.0,65300.63,55926.95336,288,288,0.0012159390244590555,-0.06232291027971112,True,0.03487031724058523,3.487031724058523
2024-03-17,BTCUSDT,65300.64,68904.4,64533.0,68393.48,49742.21589,288,288,0.001304349457682002,0.04627581443235688,True,0.03611577851413426,3.6115778514134256
2024-03-18,BTCUSDT,68393.47,68956.0,66565.2,67609.99,55691.08088,288,288,0.0013192672380717275,-0.011521745252220869,True,0.0363217185451312,3.63217185451312
2024-03-19,BTCUSDT,67610.0,68124.11,61555.0,61937.4,101005.32487,288,288,0.0029423404633291627,-0.08763155563733475,True,0.05424334487593075,5.424334487593075
2024-03-20,BTCUSDT,61937.41,68100.0,60775.0,67840.51,90420.58592,288,288,0.002717407477786864,0.09103531158594304,True,0.05212875864421542,5.212875864421542
2024-03-21,BTCUSDT,67840.51,68240.47,64529.01,65501.27,53357.48002,288,288,0.0014512467088605217,-0.03508997737785654,True,0.038095232101412926,3.809523210141293
2024-03-22,BTCUSDT,65501.28,66649.62,62260.0,63796.64,51482.37821,288,288,0.0013520214651918687,-0.02636900737909824,True,0.03676984450867135,3.676984450867135
2024-03-23,BTCUSDT,63796.64,65999.0,63000.0,63990.01,26410.11409,288,288,0.0007971119419737776,0.003026453038660032,True,0.0282331709514496,2.82331709514496
2024-03-24,BTCUSDT,63990.02,67628.69,63772.29,67209.99,31395.78015,288,288,0.0008274595008422071,0.0490949197687066,True,0.028765595784586265,2.8765595784586266
2024-03-25,BTCUSDT,67210.0,71150.0,66385.06,69880.01,53431.14486,288,288,0.000908923200518174,0.038957731173826705,True,0.030148353197449674,3.0148353197449675
2024-03-26,BTCUSDT,69880.0,71561.1,69280.0,69988.0,38934.38417,288,288,0.000847181184420584,0.0015441704140649528,True,0.029106377040445688,2.910637704044569
2024-03-27,BTCUSDT,69987.99,71769.54,68359.18,69469.99,49119.35685,288,288,0.0009815790602159503,-0.0074289380246215,True,0.03133016214793582,3.1330162147935816
2024-03-28,BTCUSDT,69469.99,71552.06,68903.62,70780.6,35439.03239,288,288,0.0006006427470124114,0.018690091094530917,True,0.02450801393447481,2.450801393447481
2024-03-29,BTCUSDT,70780.6,70916.16,69009.0,69850.54,25445.08353,288,288,0.0003351632285398789,-0.013227135327371381,True,0.01830746373859249,1.8307463738592489
2024-03-30,BTCUSDT,69850.53,70321.1,69540.0,69582.18,13644.61142,288,288,0.00013042014328551568,-0.003849316449722558,True,0.011420163890484045,1.1420163890484045
2024-03-31,BTCUSDT,69582.17,71366.0,69562.99,71280.01,19396.34433,288,288,0.00024619334543595135,0.02410742337916039,True,0.015690549558124194,1.5690549558124194
2024-04-01,BTCUSDT,71280.0,71288.23,68062.86,69649.8,41445.32039,288,288,0.0005384426571551313,-0.023136094733018104,True,0.02320436720005808,2.3204367200058083
2024-04-02,BTCUSDT,69649.81,69674.23,64550.0,65463.99,71799.82793,288,288,0.001857629189865704,-0.06197960825197689,True,0.04310022261967685,4.310022261967685
2024-04-03,BTCUSDT,65463.99,66903.63,64493.07,65963.28,39887.21778,288,288,0.0007252609719390357,0.007598003093029075,True,0.026930669726893827,2.6930669726893828
2024-04-04,BTCUSDT,65963.27,69309.91,65064.52,68487.79,41510.48453,288,288,0.0007097702154751599,0.03755725764251903,True,0.026641513010246996,2.6641513010246998
2024-04-05,BTCUSDT,68487.8,68756.67,65952.56,67820.62,37915.23073,288,288,0.0009672060052330645,-0.009789202703132884,True,0.031099935775384883,3.1099935775384884
2024-04-06,BTCUSDT,67820.63,69692.0,67447.83,68896.0,20134.28919,288,288,0.0002920541187203624,0.01573184268018318,True,0.017089590946548792,1.7089590946548792
2024-04-07,BTCUSDT,68896.0,70326.29,68824.0,69360.39,21534.74433,288,288,0.0003741956490279081,0.006717834111894388,True,0.019344137329638356,1.9344137329638356
2024-04-08,BTCUSDT,69360.38,72797.99,69043.24,71620.0,45723.87624,288,288,0.0006746076587496101,0.03205840927643685,True,0.025973210405138794,2.5973210405138794
2024-04-09,BTCUSDT,71620.0,71758.19,68210.0,69146.0,39293.90242,288,288,0.0007848876266825911,-0.035154153396539684,True,0.028015845992626943,2.801584599262694
2024-04-10,BTCUSDT,69146.0,71172.08,67518.0,70631.08,42006.02377,288,288,0.0010902899009812312,0.021250063083031963,True,0.033019538170320176,3.3019538170320177
2024-04-11,BTCUSDT,70631.08,71305.89,69567.21,70006.23,31917.25595,288,288,0.0007465969312143955,-0.008886036167684814,True,0.027323925984645683,2.7323925984645685
2024-04-12,BTCUSDT,70006.22,71227.46,65086.86,67116.52,56072.86229,288,288,0.0010147178765307812,-0.04215402471169273,True,0.03185463665670637,3.1854636656706368
2024-04-13,BTCUSDT,67116.52,67929.0,60660.57,63924.51,71395.22019,288,288,0.004129805361681945,-0.048727357462221496,True,0.06426356169464889,6.426356169464889
2024-04-14,BTCUSDT,63924.52,65840.0,62134.0,65661.84,61599.17818,288,288,0.002122794512014373,0.026815078915184996,True,0.046073794200330115,4.607379420033012
2024-04-15,BTCUSDT,65661.85,66867.07,62274.4,63419.99,52389.53069,288,288,0.0012955094213501733,-0.034738823399141375,True,0.035993185762727,3.5993185762726996
2024-04-16,BTCUSDT,63419.99,64365.0,61600.0,63793.39,53435.29331,288,288,0.0016034578757718745,0.005870468536476542,True,0.04004320011901989,4.0043200119019895
2024-04-17,BTCUSDT,63793.4,64499.0,59678.16,61277.37,50610.54509,288,288,0.0018081251596202019,-0.04023897321092681,True,0.042522054978801314,4.252205497880132
2024-04-18,BTCUSDT,61277.38,64117.09,60803.35,63470.08,43601.60918,288,288,0.0012932652606086896,0.035158006998813204,True,0.03596199745020693,3.596199745020693
2024-04-19,BTCUSDT,63470.09,65450.0,59600.01,63818.01,69774.30271,288,288,0.0026667887580186667,0.005466825160538185,True,0.05164096008033416,5.164096008033416
2024-04-20,BTCUSDT,63818.01,65419.0,63090.07,64940.59,23137.42975,288,288,0.0005334784773696632,0.017437413026821655,True,0.02309715301437957,2.309715301437957
2024-04-21,BTCUSDT,64940.58,65695.56,64237.5,64941.15,19316.42152,288,288,0.0003690420646997092,8.623229102046066e-06,True,0.019210467581496013,1.9210467581496014
2024-04-22,BTCUSDT,64941.15,67232.35,64500.0,66819.32,31397.99371,288,288,0.0006725001095451953,0.02851078511094836,True,0.02593260707189301,2.593260707189301
2024-04-23,BTCUSDT,66819.32,67183.01,65765.81,66414.0,22599.90004,288,288,0.0003379704600378262,-0.0060843826514532795,True,0.01838397291223598,1.838397291223598
2024-04-24,BTCUSDT,66414.0,67070.43,63606.06,64289.59,33595.69637,288,288,0.0006519819265386613,-0.032510156850902715,True,0.02553393676146828,2.553393676146828
2024-04-25,BTCUSDT,64289.58,65297.94,62794.0,64498.34,31341.46338,288,288,0.0006055523152317339,0.003241766255789715,True,0.024607972594907813,2.460797259490781
2024-04-26,BTCUSDT,64498.33,64820.01,63297.48,63770.01,27085.19346,288,288,0.00045906019628081404,-0.011356469895713667,True,0.021425690100456835,2.1425690100456833
2024-04-27,BTCUSDT,63770.0,63923.41,62391.24,63461.98,20933.06052,288,288,0.00045602525494439674,-0.004842030716018542,True,0.021354747831440125,2.1354747831440126
2024-04-28,BTCUSDT,63461.98,64370.0,62781.0,63118.62,16949.20005,288,288,0.00023956750007871693,-0.005425173243952329,True,0.01547796821545764,1.547796821545764
2024-04-29,BTCUSDT,63118.62,64228.35,61765.53,63866.0,28150.22947,288,288,0.0005422011388363404,0.011771325220061439,True,0.023285212879343414,2.3285212879343415
2024-04-30,BTCUSDT,63866.0,64734.0,59191.6,60672.0,54947.65535,288,288,0.0011253604021056402,-0.05130483176825369,True,0.03354639178966406,3.354639178966406
2024-05-01,BTCUSDT,60672.01,60841.63,56552.82,58364.97,81166.46823,288,288,0.0021752166977885993,-0.03876642553474475,True,0.04663921845173437,4.663921845173437
2024-05-02,BTCUSDT,58364.97,59625.0,56911.84,59060.61,47583.81961,288,288,0.0009657448777262228,0.011848323644138917,True,0.031076436052517715,3.1076436052517713
2024-05-03,BTCUSDT,59060.6,63333.0,58811.32,62882.01,43628.40143,288,288,0.0009172923799381704,0.062695908516965,True,0.030286835092795193,3.0286835092795195
2024-05-04,BTCUSDT,62882.01,64540.0,62541.03,63892.04,24368.69282,288,288,0.000571937428413838,0.01593467072506825,True,0.023915213325702074,2.3915213325702074
2024-05-05,BTCUSDT,63892.03,64646.0,62822.17,64012.0,18526.75029,288,288,0.0003759365991389245,0.001875781799760091,True,0.019389084535865134,1.9389084535865135
2024-05-06,BTCUSDT,64012.0,65500.0,62700.0,63165.19,34674.91949,288,288,0.0006461723083224232,-0.013317207511332333,True,0.025419919518409637,2.5419919518409637
2024-05-07,BTCUSDT,63165.18,64422.41,62261.0,62312.08,25598.79472,288,288,0.0006222497843905667,-0.013598050793731093,True,0.024944935044825565,2.4944935044825565
2024-05-08,BTCUSDT,62312.07,63020.22,60888.0,61193.03,26121.19004,288,288,0.0005867233913584831,-0.018122013335119053,True,0.02422237377629375,2.422237377629375
2024-05-09,BTCUSDT,61193.03,63429.03,60630.0,63074.01,30660.8061,288,288,0.0004776144732011239,0.030275504659909556,True,0.021854392537911545,2.1854392537911544
2024-05-10,BTCUSDT,63074.0,63469.13,60187.12,60799.99,36529.34025,288,288,0.0006124876813865747,-0.03671917430504535,True,0.024748488466703873,2.4748488466703873
2024-05-11,BTCUSDT,60799.99,61515.0,60487.09,60825.99,13374.56936,288,288,0.0001786405410605042,0.0004275402409243561,True,0.013365647798012043,1.3365647798012044
2024-05-12,BTCUSDT,60825.99,61888.0,60610.0,61483.99,12753.13236,288,288,0.00018534934177267067,0.010759650979381759,True,0.01361430651089767,1.361430651089767
2024-05-13,BTCUSDT,61484.0,63450.0,60749.21,62940.08,32733.41839,288,288,0.0005674434340516285,0.02340634696851524,True,0.023821071219649808,2.3821071219649808
2024-05-14,BTCUSDT,62940.09,63118.36,61142.77,61577.49,29088.72041,288,288,0.00065331210518154,-0.021886781008614006,True,0.025559970758620598,2.55599707586206
2024-05-15,BTCUSDT,61577.49,66444.16,61319.47,66206.5,43559.74719,288,288,0.0009892623235148036,0.07248226375544636,True,0.031452540811750064,3.1452540811750063
2024-05-16,BTCUSDT,66206.51,66752.01,64602.77,65235.21,31106.3671,288,288,0.0004464163423394019,-0.014779291590718729,True,0.021128566973162233,2.1128566973162233
2024-05-17,BTCUSDT,65235.21,67451.2,65106.38,67024.0,26292.23409,288,288,0.0004664296161044105,0.02705141036131442,True,0.0215969816433781,2.1596981643378097
2024-05-18,BTCUSDT,67024.0,67400.01,66600.0,66915.2,14441.257740000001,288,288,0.0001679645629994644,-0.0016246180943347511,True,0.012960114312746797,1.2960114312746798
2024-05-19,BTCUSDT,66915.2,67700.0,65857.25,66274.01,18025.30409,288,288,0.0002683517100402607,-0.009628331806161296,True,0.01638144407676749,1.638144407676749
2024-05-20,BTCUSDT,66274.0,71515.56,66060.31,71446.62,50816.7011,288,288,0.0008677850961974742,0.07515278314448047,True,0.029458192344362786,2.9458192344362786
2024-05-21,BTCUSDT,71446.62,71979.0,69162.94,70148.34,49607.4336,288,288,0.0005252207113181368,-0.018338454758228477,True,0.022917694284507264,2.2917694284507264
2024-05-22,BTCUSDT,70148.34,70666.0,68842.19,69166.62,27673.18026,288,288,0.0003995226336501542,-0.01409376638681573,True,0.019988062278524003,1.9988062278524004
2024-05-23,BTCUSDT,69166.62,70096.12,66312.16,67969.65,40513.17374,288,288,0.0008545216480034957,-0.017457094288916952,True,0.029232202243476214,2.9232202243476215
2024-05-24,BTCUSDT,67969.66,69250.0,66600.12,68549.99,28095.83664,288,288,0.00040418675953253095,0.008501978114691385,True,0.0201043965224657,2.01043965224657
2024-05-25,BTCUSDT,68549.99,69610.0,68500.0,69290.57,12130.39418,288,288,0.00011274643298262932,0.010745561771342196,True,0.01061821232518117,1.061821232518117
2024-05-26,BTCUSDT,69290.56,69562.23,68128.01,68507.67,11872.11797,288,288,0.00014182910255467607,-0.011363112097897917,True,0.01190920243150968,1.190920243150968
2024-05-27,BTCUSDT,68507.67,70687.56,68250.0,69436.43,23136.92737,288,288,0.00042621157323504604,0.013465947937329243,True,0.020644892182693667,2.0644892182693666
2024-05-28,BTCUSDT,69436.43,69591.81,67277.91,68398.39,32622.97042,288,288,0.0006812374346798468,-0.015062371400380232,True,0.026100525563287933,2.6100525563287933
2024-05-29,BTCUSDT,68398.4,68935.68,67124.65,67652.42,23159.83149,288,288,0.0003962579011224689,-0.010966160005080706,True,0.019906227696941198,1.9906227696941197
2024-05-30,BTCUSDT,67652.41,69500.0,67128.0,68352.17,28478.2184,288,288,0.0004440961378151151,0.010290184685344242,True,0.021073588631628812,2.1073588631628812
2024-05-31,BTCUSDT,68352.17,69044.1,66670.0,67540.01,26690.32184,288,288,0.00040472099855949455,-0.01195314800222925,True,0.02011767875674265,2.011767875674265
2024-06-01,BTCUSDT,67540.01,67900.0,67428.44,67766.85,8837.66133,288,288,6.056925267076189e-05,0.003352974306247704,True,0.007782625050120421,0.7782625050120421
2024-06-02,BTCUSDT,67766.84,68460.0,67257.47,67765.63,15426.32529,288,288,0.00019067049517206293,-1.8003064652338276e-05,True,0.013808348748929502,1.3808348748929502
2024-06-03,BTCUSDT,67765.62,70288.0,67612.48,68809.9,29633.374,288,288,0.0005229377792290362,0.015292495676779526,True,0.02286783284942052,2.286783284942052
2024-06-04,BTCUSDT,68809.89,71063.45,68567.32,70537.84,29619.78489,288,288,0.00042663268078110855,0.024801673478585275,True,0.020655088496085137,2.0655088496085137
2024-06-05,BTCUSDT,70537.83,71758.0,70383.66,71108.0,28703.18082,288,288,0.00037560181279903997,0.008050544645660908,True,0.0193804492414144,1.93804492414144
2024-06-06,BTCUSDT,71108.0,71700.0,70117.64,70799.06,21842.00449,288,288,0.000234137561451597,-0.0043541242850624485,True,0.015301554216862972,1.5301554216862971
2024-06-07,BTCUSDT,70799.06,71997.02,68420.0,69355.6,35598.45045,288,288,0.0007892676017284449,-0.020598830454874283,True,0.028093906843449968,2.8093906843449967
2024-06-08,BTCUSDT,69355.6,69582.2,69168.02,69310.46,9773.82967,288,288,5.057644580543073e-05,-0.0006510605636961343,True,0.007111711875872836,0.7111711875872836
2024-06-09,BTCUSDT,69310.46,69857.14,69130.24,69648.14,9890.56709,288,288,6.184788237808044e-05,0.0048601621590836095,True,0.00786434246317392,0.7864342463173919
2024-06-10,BTCUSDT,69648.15,70195.94,69172.29,69540.0,17122.66941,288,288,0.0001600448628427584,-0.0015538683361784626,True,0.012650883875949474,1.2650883875949475
2024-06-11,BTCUSDT,69540.0,69590.01,66051.0,67314.24,41436.01588,288,288,0.0006736292326690532,-0.032530322415029865,True,0.025954368277210163,2.5954368277210165
2024-06-12,BTCUSDT,67314.23,69999.0,66905.0,68263.99,37175.32356,288,288,0.0010015743303269742,0.014010590579488674,True,0.031647659160307165,3.1647659160307167
2024-06-13,BTCUSDT,68263.98,68449.3,66251.78,66773.01,29079.55571,288,288,0.0004907283728451955,-0.02208343776467327,True,0.02215238977729481,2.215238977729481
2024-06-14,BTCUSDT,66773.01,67370.24,65078.0,66043.99,28408.18797,288,288,0.0005108186143176995,-0.010977921824139222,True,0.022601296739738177,2.2601296739738177
2024-06-15,BTCUSDT,66043.99,66478.48,65857.1,66228.25,11451.80242,288,288,7.705053299769304e-05,0.002786073921310422,True,0.008777843299905339,0.8777843299905339
2024-06-16,BTCUSDT,66228.25,66998.7,66034.5,66676.87,9392.52223,288,288,0.00010857507782112962,0.006751007092295057,True,0.010419936555523245,1.0419936555523246
2024-06-17,BTCUSDT,66676.86,67298.81,65130.0,66504.33,27386.16851,288,288,0.0005783202253334549,-0.0025910578449532965,True,0.02404828944714062,2.404828944714062
2024-06-18,BTCUSDT,66504.33,66588.23,64060.0,65175.32,42350.10244,288,288,0.0009579765748958454,-0.020186188658431303,True,0.030951196663390017,3.0951196663390017
2024-06-19,BTCUSDT,65175.32,65727.54,64666.0,64974.37,20060.79576,288,288,0.00025061124845357795,-0.0030879852219776556,True,0.01583070587350981,1.583070587350981
2024-06-20,BTCUSDT,64974.37,66482.94,64559.15,64869.99,24265.29031,288,288,0.00038249632352016586,-0.0016077713731197489,True,0.01955751322433826,1.9557513224338259
2024-06-21,BTCUSDT,64869.99,65066.66,63379.35,64143.56,25993.56442,288,288,0.0004396806345721305,-0.011261416759842973,True,0.020968563006847428,2.0968563006847427
2024-06-22,BTCUSDT,64143.56,64546.81,63943.82,64262.01,7308.95542,288,288,5.156762638617938e-05,0.0018449360662194676,True,0.007181060255016621,0.7181060255016621
2024-06-23,BTCUSDT,64262.01,64521.0,63178.32,63210.01,8224.45447,288,288,0.00011875929887325723,-0.016505957689856143,True,0.010897674012065935,1.0897674012065934
2024-06-24,BTCUSDT,63210.01,63369.8,58402.0,60293.3,52161.35414,288,288,0.0010529913067378104,-0.04724168823827995,True,0.032449827530170484,3.2449827530170485
2024-06-25,BTCUSDT,60293.3,62420.0,60257.06,61806.01,31189.24361,288,288,0.0007060119203835828,0.024779622477456697,True,0.026570884825003152,2.657088482500315
2024-06-26,BTCUSDT,61806.01,62487.81,60712.0,60864.99,22485.66463,288,288,0.00038269400134385633,-0.015342476362678065,True,0.019562566328165033,1.9562566328165034
2024-06-27,BTCUSDT,60864.98,62389.22,60606.63,61706.47,18344.28631,288,288,0.0003427809941885333,0.013730655086801814,True,0.018514345632199194,1.8514345632199194
2024-06-28,BTCUSDT,61706.46,62225.31,60063.0,60427.84,24821.19255,288,288,0.0003900390770513389,-0.020938861751513646,True,0.01974940700505559,1.974940700505559
2024-06-29,BTCUSDT,60427.84,61224.0,60383.77,60986.68,11509.55904,288,288,0.0001107687868379522,0.009205553774616564,True,0.010524675141682626,1.0524675141682627
2024-06-30,BTCUSDT,60986.68,63058.76,60712.21,62772.01,17326.30136,288,288,0.00031999717726063204,0.028853793809744423,True,0.017888464921860456,1.7888464921860456
2024-07-01,BTCUSDT,62772.01,63861.76,62497.2,62899.99,24547.10538,288,288,0.00033294434899680195,0.00203673124071222,True,0.018246762699087253,1.8246762699087253
2024-07-02,BTCUSDT,62900.0,63288.83,61806.28,62135.47,18573.11875,288,288,0.00022168846582026165,-0.0122290033197397,True,0.014889206352934385,1.4889206352934385
2024-07-03,BTCUSDT,62135.46,62285.94,59400.0,60208.58,32160.11127,288,288,0.0005055902359014059,-0.03150213432812335,True,0.022485333795641237,2.248533379564124
2024-07-04,BTCUSDT,60208.57,60498.19,56771.0,57050.01,54568.77276,288,288,0.001163173713214323,-0.053886615483100433,True,0.03410533262137056,3.410533262137056
2024-07-05,BTCUSDT,57050.02,57546.0,53485.93,56628.79,81348.24756,288,288,0.0024297871881130513,-0.0074107384621977575,True,0.049292871575036604,4.92928715750366
2024-07-06,BTCUSDT,56628.79,58475.0,56018.0,58230.13,21651.31558,288,288,0.00040486017170690715,0.02788540524201533,True,0.020121137435714392,2.0121137435714394
2024-07-07,BTCUSDT,58230.13,58449.46,55724.37,55857.81,19118.93918,288,288,0.0005015763393937609,-0.04159356377998338,True,0.02239590005768379,2.2395900057683793
2024-07-08,BTCUSDT,55857.81,58236.73,54260.16,56714.62,48090.2049,288,288,0.0020318869869443094,0.015222671228315063,True,0.045076457125026025,4.507645712502603
2024-07-09,BTCUSDT,56714.61,58296.0,56289.45,58050.0,27732.207879999998,288,288,0.0008001801942908981,0.023272682322846266,True,0.028287456483234722,2.8287456483234723
2024-07-10,BTCUSDT,58050.0,59470.0,57157.79,57725.85,24951.73799,288,288,0.000640053735816329,-0.005599628022579971,True,0.02529928330637706,2.529928330637706
2024-07-11,BTCUSDT,57725.85,59650.0,57050.0,57339.89,29761.05735,288,288,0.000942266466226818,-0.006708538049520603,True,0.030696359168911513,3.0696359168911513
2024-07-12,BTCUSDT,57339.89,58526.68,56542.47,57889.1,23652.4569,288,288,0.0005757140379328999,0.009532569171710529,True,0.02399404171732849,2.399404171732849
2024-07-13,BTCUSDT,57889.09,59850.0,57756.63,59204.02,15357.74519,288,288,0.00033520438100482635,0.022460333746386955,True,0.018308587629984635,1.8308587629984636
2024-07-14,BTCUSDT,59204.01,61420.69,59194.01,60797.91,21178.33907,288,288,0.000555559944664811,0.026565968391389985,True,0.023570319146435224,2.3570319146435224
2024-07-15,BTCUSDT,60797.91,64900.0,60632.3,64724.14,38690.9782,288,288,0.0008247646629668494,0.06257882518465141,True,0.028718716248586903,2.87187162485869
2024-07-16,BTCUSDT,64724.06,65388.97,62373.24,65043.99,42530.52915,288,288,0.0010382441056606929,0.004929571655443858,True,0.0322217955064688,3.22217955064688
2024-07-17,BTCUSDT,65044.0,66128.63,63854.0,64087.99,29567.52954,288,288,0.0006943889872987506,-0.014806827344030722,True,0.02635126158837088,2.635126158837088
2024-07-18,BTCUSDT,64087.99,65133.3,63238.48,63987.92,22568.7225,288,288,0.00050703562876231,-0.0015626673332018318,True,0.022517451648939094,2.2517451648939093
2024-07-19,BTCUSDT,63987.92,67386.0,63300.67,66660.0,35634.72739,288,288,0.0006362482142938035,0.040910757335445046,True,0.02522396111426204,2.522396111426204
2024-07-20,BTCUSDT,66660.01,67598.0,66222.46,67139.96,14386.92434,288,288,0.00027964305428846537,0.007174322902084219,True,0.016722531336148407,1.6722531336148407
2024-07-21,BTCUSDT,67139.97,68366.66,65777.0,68165.34,21819.11191,288,288,0.0005314470605729912,0.015156828740989673,True,0.02305313559091238,2.305313559091238
2024-07-22,BTCUSDT,68165.35,68474.55,66559.97,67532.01,21451.04303,288,288,0.0003972309476894109,-0.009334516829783314,True,0.01993065346870019,1.993065346870019
2024-07-23,BTCUSDT,67532.0,67750.98,65441.08,65936.01,31406.15316,288,288,0.0005507085475859585,-0.023916981434216913,True,0.02346718022230107,2.346718022230107
2024-07-24,BTCUSDT,65936.0,67102.01,65111.0,65376.0,23082.56277,288,288,0.00044638507720491156,-0.00852950762345623,True,0.021127827081953116,2.1127827081953114
2024-07-25,BTCUSDT,65376.01,66175.49,63456.7,65799.95,35126.42934,288,288,0.0008174175764974238,0.00646385981735288,True,0.028590515498980142,2.8590515498980142
2024-07-26,BTCUSDT,65799.95,68200.0,65722.63,67907.99,24244.360230000002,288,288,0.00043912040526538796,0.031534622237758464,True,0.020955199957657,2.0955199957657
2024-07-27,BTCUSDT,67908.0,69399.99,66650.0,67896.5,31710.21921,288,288,0.001262928643580736,-0.00016921384598282338,True,0.03553770734840299,3.553770734840299
2024-07-28,BTCUSDT,67896.49,68318.43,67066.66,68249.88,10868.69394,288,288,0.0002727249811778072,0.005191188977427824,True,0.016514387096644163,1.6514387096644163
2024-07-29,BTCUSDT,68249.88,70079.99,66428.0,66784.69,36467.29633,288,288,0.0007321028508180353,-0.021701813164343213,True,0.02705739918798618,2.705739918798618
2024-07-30,BTCUSDT,66784.68,67000.0,65302.67,66188.0,23132.25441,288,288,0.000517233736415494,-0.008974685027824333,True,0.022742773278901014,2.2742773278901014
2024-07-31,BTCUSDT,66188.0,66849.24,64530.0,64628.0,22625.43905,288,288,0.0005346254948157445,-0.02385142421501512,True,0.02312196995966703,2.312196995966703
2024-08-01,BTCUSDT,64628.01,65659.78,62302.0,65354.02,35542.26854,288,288,0.0007974764052235405,0.011171199683347123,True,0.028239624735883807,2.823962473588381
2024-08-02,BTCUSDT,65354.02,65596.14,61230.01,61498.33,38820.42937,288,288,0.0012000433628963619,-0.06080893312569071,True,0.034641642035220584,3.4641642035220586
2024-08-03,BTCUSDT,61498.34,62198.22,59850.0,60697.99,28034.71567,288,288,0.0008246279717525927,-0.013099436128860165,True,0.02871633632190208,2.871633632190208
2024-08-04,BTCUSDT,60697.99,61117.63,57122.77,58161.0,31616.52003,288,288,0.0010063536158785324,-0.04269555681819811,True,0.03172307702412445,3.1723077024124446
2024-08-05,BTCUSDT,58161.0,58305.59,49000.0,54018.81,162065.59186,288,288,0.013148970696174265,-0.07388270778154299,True,0.11466896134601667,11.466896134601667
2024-08-06,BTCUSDT,54018.82,57040.99,53950.0,56022.01,55884.77676,288,288,0.0021872027356473352,0.03641232998749387,True,0.04676753933710149,4.676753933710149
2024-08-07,BTCUSDT,56022.0,57736.05,54558.62,55134.16,44269.37684,288,288,0.0014073727466016406,-0.015975161468007128,True,0.03751496696788684,3.7514966967886836
2024-08-08,BTCUSDT,55133.76,62745.14,54730.0,61685.99,48349.52949,288,288,0.0027941349839848235,0.11228735091416085,True,0.052859577977740456,5.285957797774046
2024-08-09,BTCUSDT,61686.0,61744.37,59535.0,60837.99,30972.48017,288,288,0.001428631602861539,-0.013842409307288004,True,0.03779724332357506,3.779724332357506
2024-08-10,BTCUSDT,60837.99,61470.58,60242.0,60923.51,9995.20621,288,288,0.0002888064052926841,0.0014047135434834097,True,0.016994305084135804,1.6994305084135803
2024-08-11,BTCUSDT,60923.51,61858.0,58286.73,58712.59,19189.84512,288,288,0.0006446340448571789,-0.0369649586682065,True,0.025389644441330385,2.5389644441330383
2024-08-12,BTCUSDT,58712.59,60711.09,57642.21,59346.64,37009.91743,288,288,0.0018342642403702714,0.010741321896940232,True,0.04282831120147363,4.282831120147363
2024-08-13,BTCUSDT,59346.64,61578.1,58392.88,60587.15,27858.95851,288,288,0.0008856845784511202,0.020687318243457983,True,0.02976045326353616,2.976045326353616
2024-08-14,BTCUSDT,60587.16,61800.0,58433.18,58683.39,28422.76326,288,288,0.0007941056964138507,-0.031926101818425444,True,0.028179881057482314,2.817988105748231
2024-08-15,BTCUSDT,58683.39,59849.38,56078.54,57541.06,37686.17622,288,288,0.0011332627110185803,-0.019657942646203373,True,0.03366396754719474,3.3663967547194735
2024-08-16,BTCUSDT,57541.05,59817.76,57098.62,58874.6,27610.84344,288,288,0.0009186693882653088,0.022910978337254136,True,0.030309559354522276,3.0309559354522277
2024-08-17,BTCUSDT,58874.59,59700.0,58785.05,59491.99,7721.72931,288,288,0.00013200092103280936,0.010431923382208852,True,0.011489165375814266,1.1489165375814265
2024-08-18,BTCUSDT,59491.99,60284.99,58408.92,58427.35,13634.85717,288,288,0.00030648330728100687,-0.018057579517004305,True,0.017506664653240116,1.7506664653240116
2024-08-19,BTCUSDT,58427.35,59617.63,57787.3,59438.5,22809.31251,288,288,0.0006146275777129344,0.01715806243594883,True,0.024791683640143006,2.4791683640143005
2024-08-20,BTCUSDT,59438.5,61400.0,58548.23,59013.8,31477.44548,288,288,0.0007082658671315728,-0.007170849698592927,True,0.026613264871705854,2.6613264871705855
2024-08-21,BTCUSDT,59013.8,61820.93,58783.47,61156.03,27983.642200000002,288,288,0.0008084006179447549,0.03565715238614675,True,0.02843238677889626,2.843238677889626
2024-08-22,BTCUSDT,61156.03,61400.0,59724.87,60375.84,21241.20588,288,288,0.00046947162783559976,-0.012839442327577425,True,0.021667293966612437,2.1667293966612435
2024-08-23,BTCUSDT,60375.83,64955.0,60342.14,64037.24,38118.07089,288,288,0.0010583604802576153,0.0588757642166274,True,0.03253245272428157,3.253245272428157
2024-08-24,BTCUSDT,64037.24,64494.5,63531.0,64157.01,15857.15616,288,288,0.00024954537990986143,0.0018685710918972657,True,0.015797005409566127,1.5797005409566127
2024-08-25,BTCUSDT,64157.02,65000.0,63773.27,64220.0,12305.47977,288,288,0.00018596846571956763,0.0009813284334163003,True,0.01363702554516811,1.363702554516811
2024-08-26,BTCUSDT,64219.99,64481.0,62800.0,62834.0,19470.05276,288,288,0.0003938778402908651,-0.021818360418124072,True,0.019846355844105615,1.9846355844105614
2024-08-27,BTCUSDT,62834.0,63212.0,58034.01,59415.0,35135.94178,288,288,0.0013905813865546471,-0.05594960850125469,True,0.03729049995045182,3.729049995045182
2024-08-28,BTCUSDT,59415.0,60234.98,57860.0,59034.9,36868.54275,288,288,0.001328604644898623,-0.0064179252947448254,True,0.03645002942246581,3.6450029422465806
2024-08-29,BTCUSDT,59034.9,61166.99,58713.09,59359.01,27020.90743,288,288,0.0007315048073958001,0.005475126375226927,True,0.027046345546040042,2.704634554604004
2024-08-30,BTCUSDT,59359.0,59944.07,57701.1,59123.99,28519.32195,288,288,0.0006403275405436814,-0.003967156608713914,True,0.025304694041692766,2.530469404169277
2024-08-31,BTCUSDT,59123.99,59462.38,58744.0,58973.99,8798.409,288,288,9.604794697704288e-05,-0.002540264967476263,True,0.009800405449625177,0.9800405449625177
2024-09-01,BTCUSDT,58974.0,59076.59,57201.0,57301.86,20705.15741,288,288,0.0005949442038179062,-0.028763415319442247,True,0.024391478098260182,2.4391478098260184
2024-09-02,BTCUSDT,57301.77,59425.69,57128.0,59132.13,22895.01461,288,288,0.0005115335052284617,0.03144134758080322,True,0.02261710647338562,2.261710647338562
2024-09-03,BTCUSDT,59132.12,59809.65,57415.0,57487.73,22828.18447,288,288,0.00040449720856486907,-0.028202897779850526,True,0.020112115964384978,2.011211596438498
2024-09-04,BTCUSDT,57487.74,58519.0,55606.0,57970.9,35560.82146,288,288,0.0015069926018650098,0.008369626775025969,True,0.03882000260001292,3.882000260001292
2024-09-05,BTCUSDT,57970.9,58327.07,55643.65,56180.0,27806.91413,288,288,0.0009685520494805491,-0.0313803388267208,True,0.031121568878842678,3.1121568878842676
2024-09-06,BTCUSDT,56180.0,57008.0,52550.0,53962.97,54447.76826,288,288,0.0014708253148484373,-0.04026275108028801,True,0.03835134045699625,3.835134045699625
2024-09-07,BTCUSDT,53962.97,54850.0,53745.54,54160.86,16694.04774,288,288,0.00025894689934304445,0.003660436759543826,True,0.016091827097724002,1.6091827097724003
2024-09-08,BTCUSDT,54160.86,55318.0,53629.01,54869.95,16274.147789999999,288,288,0.00045384142623460357,0.013007332470356365,True,0.02130355430989401,2.130355430989401
2024-09-09,BTCUSDT,54869.95,58088.0,54591.96,57042.0,32384.51737,288,288,0.0007940166376741847,0.03882199877923982,True,0.02817830083014561,2.817830083014561
2024-09-10,BTCUSDT,57042.01,58044.36,56386.4,57635.99,23626.78126,288,288,0.0005801931213239708,0.010359360363052237,True,0.024087198287139393,2.4087198287139393
2024-09-11,BTCUSDT,57635.99,57981.71,55545.19,57338.0,33026.56757,288,288,0.0009534550096856568,-0.005183618786243688,True,0.030878066806159624,3.0878066806159623
2024-09-12,BTCUSDT,57338.0,58588.0,57324.0,58132.32,31074.40631,288,288,0.0006268831177775775,0.013758211280424433,True,0.02503763402914855,2.503763402914855
2024-09-13,BTCUSDT,58132.31,60625.0,57632.62,60498.0,29825.23333,288,288,0.0004801591649744034,0.0398885151769491,True,0.021912534426085983,2.1912534426085983
2024-09-14,BTCUSDT,60497.99,60610.45,59400.0,59993.03,12137.90901,288,288,0.00015562711014994185,-0.00838191783156929,True,0.012475059524905758,1.2475059524905758
2024-09-15,BTCUSDT,59993.02,60395.8,58691.05,59132.0,13757.92361,288,288,0.00026868741136536407,-0.014456155768721439,True,0.016391687264139834,1.6391687264139834
2024-09-16,BTCUSDT,59132.0,59210.7,57493.3,58213.99,26477.5642,288,288,0.0005514923696145747,-0.015646529180742812,True,0.023483874672093077,2.348387467209308
2024-09-17,BTCUSDT,58213.99,61320.0,57610.01,60313.99,33116.25878,288,288,0.0007424884967529139,0.03543837959915936,True,0.027248642108422833,2.7248642108422834
2024-09-18,BTCUSDT,60313.99,61786.24,59174.8,61759.99,36087.02469,288,288,0.0009114153845598618,0.023691660342147085,True,0.030189656913583197,3.0189656913583196
2024-09-19,BTCUSDT,61759.98,63850.0,61555.0,62947.99,34332.52608,288,288,0.0006115308109575094,0.01905308607791336,True,0.02472914901401804,2.4729149014018037
2024-09-20,BTCUSDT,62948.0,64133.32,62350.0,63201.05,25466.37794,288,288,0.0004880128982428038,0.004012085061529407,True,0.022091013970454227,2.2091013970454227
2024-09-21,BTCUSDT,63201.05,63559.9,62758.0,63348.96,8375.34608,288,288,0.00011152001076991738,0.002337574961100642,True,0.010560303535879893,1.0560303535879894
2024-09-22,BTCUSDT,63348.97,64000.0,62357.93,63578.76,14242.19892,288,288,0.0002717189142489957,0.003620962404156802,True,0.016483898636214543,1.6483898636214542
2024-09-23,BTCUSDT,63578.76,64745.88,62538.75,63339.99,24078.05287,288,288,0.0005061467085964394,-0.0037625690717459563,True,0.022497704518382303,2.24977045183823
2024-09-24,BTCUSDT,63339.99,64688.0,62700.0,64262.7,23185.04759,288,288,0.0004546746547504911,0.014462486379391046,True,0.021323101433667925,2.1323101433667926
2024-09-25,BTCUSDT,64262.7,64817.99,62947.08,63152.01,17813.11168,288,288,0.00036695962668857965,-0.017434692343163777,True,0.019156190296835632,1.9156190296835633
2024-09-26,BTCUSDT,63152.01,65839.0,62670.0,65173.99,28373.30593,288,288,0.000526950490928039,0.03151578569135263,True,0.022955402216646933,2.295540221664693
2024-09-27,BTCUSDT,65173.99,66498.0,64819.9,65769.95,22048.80487,288,288,0.0002876353798578368,0.00910258412800121,True,0.016959816622175983,1.6959816622175983
2024-09-28,BTCUSDT,65769.95,66260.0,65422.23,65858.0,9127.23316,288,288,0.00010807379223281985,0.00133786195307716,True,0.010395854569626292,1.0395854569626293
2024-09-29,BTCUSDT,65858.0,66076.12,65432.0,65602.01,8337.74111,288,288,9.90325133217677e-05,-0.0038945733164769914,True,0.009951508092835362,0.9951508092835362
2024-09-30,BTCUSDT,65602.01,65618.8,62856.3,63327.59,30011.08752,288,288,0.0004731434881569146,-0.03528524055475386,True,0.021751861717032743,2.1751861717032743
2024-10-01,BTCUSDT,63327.6,64130.63,60164.0,60805.78,43671.48108,288,288,0.0007738510689120511,-0.04063624492665769,True,0.027818178749013225,2.7818178749013227
2024-10-02,BTCUSDT,60804.92,62390.31,60000.0,60649.28,31534.70118,288,288,0.0010352085269499283,-0.00257708631677577,True,0.03217465659412588,3.2174656594125883
2024-10-03,BTCUSDT,60649.27,61477.19,59828.11,60752.71,26221.43472,288,288,0.0006320025126937176,0.0017039263528479823,True,0.025139660154698144,2.5139660154698142
2024-10-04,BTCUSDT,60752.72,62484.85,60459.9,62086.0,21294.65994,288,288,0.00042545806704503964,0.021708830410036604,True,0.020626634893870587,2.0626634893870586
2024-10-05,BTCUSDT,62086.0,62370.56,61689.26,62058.0,7807.46141,288,288,8.5108075957898e-05,-0.00045108906551721617,True,0.009225403837117268,0.9225403837117268
2024-10-06,BTCUSDT,62058.01,62975.0,61798.97,62819.91,8906.86177,288,288,0.0001428574120888382,0.0122026298209965,True,0.0119522973561085,1.1952297356108499
2024-10-07,BTCUSDT,62819.91,64478.19,62128.0,62224.0,25966.1852,288,288,0.0006396839796214937,-0.00953128403132662,True,0.025291974608984046,2.5291974608984047
2024-10-08,BTCUSDT,62224.01,63200.0,61860.31,62160.49,19702.22371,288,288,0.00044631398746132483,-0.001021188502187043,True,0.021126144642630015,2.1126144642630016
2024-10-09,BTCUSDT,62160.5,62543.75,60301.0,60636.02,20011.15684,288,288,0.00035537395900104034,-0.024830482976428515,True,0.01885136491082384,1.8851364910823838
2024-10-10,BTCUSDT,60636.01,61321.68,58946.0,60326.39,23967.92481,288,288,0.0005072932675463161,-0.005119452832531853,True,0.022523171791431065,2.2523171791431063
2024-10-11,BTCUSDT,60326.4,63417.56,60087.64,62540.0,23641.35209,288,288,0.0004032109471282913,0.036036698927450546,True,0.02008011322498684,2.008011322498684
2024-10-12,BTCUSDT,62539.99,63480.0,62487.23,63206.22,10911.301159999999,288,288,0.00015930550948764467,0.010596362001928745,True,0.012621628638477867,1.2621628638477866
2024-10-13,BTCUSDT,63206.23,63285.72,62050.0,62870.02,11909.21995,288,288,0.00021641262867073887,-0.005333293519955798,True,0.014710969671328225,1.4710969671328225
2024-10-14,BTCUSDT,62870.02,66500.0,62457.81,66083.99,37669.95222,288,288,0.0005475376593196286,0.04985708823410699,True,0.023399522630165526,2.339952263016553
2024-10-15,BTCUSDT,66084.0,67950.0,64800.01,67074.14,43683.95423,288,288,0.0010290271611651284,0.014872066015213002,True,0.0320784532227651,3.2078453222765098
2024-10-16,BTCUSDT,67074.14,68424.0,66750.49,67620.01,29938.25544,288,288,0.0005203164063657612,0.008105370403984076,True,0.022810445115467634,2.2810445115467632
2024-10-17,BTCUSDT,67620.0,67939.4,66666.0,67421.78,25328.22861,288,288,0.00035375783683277415,-0.002935834046344645,True,0.018808451207709107,1.8808451207709107
2024-10-18,BTCUSDT,67421.78,69000.0,67192.36,68428.0,28725.635,288,288,0.0003709498933529436,0.014813986471418995,True,0.01926005953658876,1.9260059536588758
2024-10-19,BTCUSDT,68427.99,68693.26,68010.0,68378.0,8193.66737,288,288,5.5725181964906744e-05,-0.0007309621248524754,True,0.007464930137978971,0.7464930137978971
2024-10-20,BTCUSDT,68377.99,69400.0,68100.0,69031.99,12442.47378,288,288,0.00012342989547498094,0.00951888488044715,True,0.01110990078600979,1.110990078600979
2024-10-21,BTCUSDT,69032.0,69519.52,66840.67,67377.5,31374.42184,288,288,0.0004422426829456491,-0.024258886053489553,True,0.02102956687489424,2.102956687489424
2024-10-22,BTCUSDT,67377.5,67836.01,66571.42,67426.0,24598.96268,288,288,0.00042046893279713897,0.0007195659176895442,True,0.02050533912904488,2.050533912904488
2024-10-23,BTCUSDT,67426.01,67472.83,65260.0,66668.65,25530.2407,288,288,0.00038503022525538907,-0.011295872772436422,True,0.019622187066058387,1.9622187066058387
2024-10-24,BTCUSDT,66668.65,68850.0,66510.0,68198.28,22589.83877,288,288,0.0003294334101211393,0.022684517152635184,True,0.01815030055181289,1.8150300551812892
2024-10-25,BTCUSDT,68198.27,68771.49,65596.29,66698.33,34479.71125,288,288,0.0010096389438663895,-0.022239429463163592,True,0.03177481618934073,3.1774816189340727
2024-10-26,BTCUSDT,66698.32,67454.55,66439.9,67092.76,11842.9077,288,288,0.0001337973629710896,0.005896224370562901,True,0.011567081004777723,1.1567081004777724
2024-10-27,BTCUSDT,67092.76,68332.05,66913.73,68021.7,8653.19592,288,288,0.00011398584034284231,0.013750632418520349,True,0.010676415144740407,1.0676415144740408
2024-10-28,BTCUSDT,68021.69,70270.0,67618.0,69962.21,29046.75459,288,288,0.0004163423243609465,0.028128467215208536,True,0.02040446824499346,2.0404468244993463
2024-10-29,BTCUSDT,69962.21,73620.12,69760.0,72736.42,50128.60594,288,288,0.0006326084017839589,0.03888698282937809,True,0.025151707730966477,2.5151707730966475
2024-10-30,BTCUSDT,72736.41,72961.0,71436.0,72344.74,26885.99056,288,288,0.0005470359955069059,-0.0053994736683454555,True,0.023388800642762893,2.3388800642762893
2024-10-31,BTCUSDT,72344.75,72700.0,69685.76,70292.01,29352.10297,288,288,0.0004659053467975422,-0.028784611695912097,True,0.021584840671117825,2.1584840671117824
2024-11-01,BTCUSDT,70292.01,71632.95,68820.14,69496.01,38301.86755,288,288,0.00091395324588217,-0.011388795745508145,True,0.030231659661390905,3.0231659661390906
2024-11-02,BTCUSDT,69496.0,69914.37,69000.14,69374.74,10521.67243,288,288,0.00015074825997526088,-0.0017465165389541442,True,0.012277958298319019,1.2277958298319018
2024-11-03,BTCUSDT,69374.74,69391.0,67478.73,68775.99,24995.70243,288,288,0.0004167841162573134,-0.008668122839254016,True,0.020415291236162012,2.0415291236162014
2024-11-04,BTCUSDT,68775.99,69500.0,66835.0,67850.01,29800.39187,288,288,0.0005500455384043946,-0.013555167807771518,True,0.02345304966106529,2.345304966106529
2024-11-05,BTCUSDT,67850.01,70577.91,67476.63,69372.01,33355.06888,288,288,0.0006619964412220197,0.022183938373905594,True,0.025729291502527226,2.5729291502527225
2024-11-06,BTCUSDT,69372.01,76400.0,69298.0,75571.99,104126.994787,288,288,0.0017369493653614835,0.085602239848216,True,0.041676724503750096,4.16767245037501
2024-11-07,BTCUSDT,75571.99,76849.99,74416.0,75857.89,44869.422345,288,288,0.0005503294076903266,0.0037760095920664786,True,0.02345910074342848,2.345910074342848
2024-11-08,BTCUSDT,75857.89,77199.99,75555.0,76509.78,36521.099583,288,288,0.000377951054286097,0.008556854319520349,True,0.019440963306536458,1.9440963306536458
2024-11-09,BTCUSDT,76509.78,76900.0,75714.66,76677.46,16942.07915,288,288,0.0001304761088041104,0.002189217156331869,True,0.011422613921695437,1.1422613921695437
2024-11-10,BTCUSDT,76677.46,81500.0,76492.0,80370.01,61830.100435,288,288,0.0009312046137378919,0.047033303694315985,True,0.030515645392779945,3.0515645392779946
2024-11-11,BTCUSDT,80370.01,89530.54,80216.01,88647.99,82323.665776,288,288,0.0013489249668530057,0.09803226217915803,True,0.03672771388002533,3.672771388002533
2024-11-12,BTCUSDT,88648.0,89940.0,85072.0,87952.01,97299.887911,288,288,0.0027711499391476235,-0.007882034011634292,True,0.05264171291996133,5.264171291996133
2024-11-13,BTCUSDT,87952.0,93265.64,86127.99,90375.2,86763.854127,288,288,0.0025572915476028617,0.02717856866118444,True,0.05056967023427048,5.056967023427048
2024-11-14,BTCUSDT,90375.21,91790.0,86668.21,87325.59,56729.51086,288,288,0.001841319422551996,-0.03432634643790818,True,0.04291059802137458,4.2910598021374575
2024-11-15,BTCUSDT,87325.59,91850.0,87073.38,91032.07,47927.95068,288,288,0.0012601001081186934,0.04156831497482343,True,0.035497888783964225,3.5497888783964227
2024-11-16,BTCUSDT,91032.08,91779.66,90056.17,90586.92,22717.87689,288,288,0.00034986658033789124,-0.004902030249247216,True,0.018704720803526878,1.8704720803526877
2024-11-17,BTCUSDT,90587.98,91449.99,88722.0,89855.99,23867.556090000002,288,288,0.000444414565077702,-0.008101554091418772,True,0.021081142404473768,2.1081142404473767
2024-11-18,BTCUSDT,89855.98,92594.0,89376.9,90464.08,46545.03448,288,288,0.0010987924625598868,0.006744588166356267,True,0.033148038592952775,3.3148038592952775
2024-11-19,BTCUSDT,90464.07,93905.51,90357.0,92310.79,43660.04682,288,288,0.0008075197295013349,0.020208170244353296,True,0.028416891622788987,2.8416891622788985
2024-11-20,BTCUSDT,92310.8,94831.97,91500.0,94286.56,42203.198712,288,288,0.0006440057332049364,0.021177619537080777,True,0.025377268040609424,2.5377268040609424
2024-11-21,BTCUSDT,94286.56,98988.0,94040.0,98317.12,69228.360477,288,288,0.0009802363372094932,0.04185951709945056,True,0.03130872621505853,3.1308726215058527
2024-11-22,BTCUSDT,98317.12,99588.01,97122.11,98892.0,46189.309243,288,288,0.0004810370149819314,0.005830172847893699,True,0.021932556052178035,2.1932556052178036
2024-11-23,BTCUSDT,98892.0,98908.85,97136.0,97672.4,24757.84367,288,288,0.0002133679241969798,-0.012409323871576557,True,0.014607118956076855,1.4607118956076854
2024-11-24,BTCUSDT,97672.4,98564.0,95734.77,97900.04,31200.97838,288,288,0.00036833801335379524,0.0023279364188937873,True,0.01919213415318357,1.9192134153183569
2024-11-25,BTCUSDT,97900.05,98871.8,92600.19,93010.01,50847.45096,288,288,0.0010666093184490428,-0.05123983634687404,True,0.032658985263615326,3.2658985263615326
2024-11-26,BTCUSDT,93010.01,94973.37,90791.1,91965.16,57858.73138,288,288,0.0012266253716231256,-0.011297312096131816,True,0.035023211897584804,3.5023211897584803
2024-11-27,BTCUSDT,91965.16,97208.21,91792.14,95863.11,41153.42734,288,288,0.0006006076625084457,0.04151142667791252,True,0.02450729814786701,2.450729814786701
2024-11-28,BTCUSDT,95863.11,96564.0,94640.0,95643.98,28814.54357,288,288,0.0004198873088672627,-0.002288480239916704,True,0.02049115196535477,2.0491151965354772
2024-11-29,BTCUSDT,95643.99,98619.99,95364.99,97460.0,27701.78231,288,288,0.0004133421199807219,0.018809281303804184,True,0.020330817002292896,2.03308170022929
2024-11-30,BTCUSDT,97460.0,97463.95,96092.01,96407.99,14503.833059999999,288,288,0.00013258376474162604,-0.010852955416105868,True,0.011514502366217398,1.1514502366217398
2024-12-01,BTCUSDT,96407.99,97836.0,95693.88,97185.18,16938.60452,288,288,0.00019919250006486433,0.00802914870673629,True,0.014113557314329521,1.4113557314329521
2024-12-02,BTCUSDT,97185.17,98130.0,94395.0,95840.62,37958.66981,288,288,0.0007261366718456445,-0.01393162724458392,True,0.026946923235234937,2.6946923235234936
2024-12-03,BTCUSDT,95840.61,96305.52,93578.17,95849.69,35827.32283,288,288,0.0005654668217581917,9.463180488249157e-05,True,0.023779546289998715,2.3779546289998716
2024-12-04,BTCUSDT,95849.69,99000.0,94587.83,98587.32,43850.53728,288,288,0.0006416104751799901,0.028161417666880406,True,0.025330031093150875,2.5330031093150875
2024-12-05,BTCUSDT,98587.32,104088.0,90500.0,96945.63,109921.729662,288,288,0.004002965119355938,-0.016792347041221803,True,0.06326899018757877,6.326899018757877
2024-12-06,BTCUSDT,96945.63,101898.99,95981.72,99740.84,45049.5331,288,288,0.0008794494950331533,0.028424916087497573,True,0.029655513737468,2.9655513737468002
2024-12-07,BTCUSDT,99740.84,100439.18,98844.0,99831.99,14931.9459,288,288,0.0002527684709327026,0.0009134510578201779,True,0.01589869400085122,1.589869400085122
2024-12-08,BTCUSDT,99831.99,101351.0,98657.7,101109.59,14612.99688,288,288,0.00028850883511823486,0.012716305068205713,True,0.01698554783097192,1.698554783097192
2024-12-09,BTCUSDT,101109.6,101215.93,94150.05,97276.47,53949.11595,288,288,0.0015797133110644168,-0.03864784755258145,True,0.03974560744364611,3.9745607443646107
2024-12-10,BTCUSDT,97276.48,98270.0,94256.54,96593.0,51708.68933,288,288,0.0012745386045271703,-0.007050855728159387,True,0.035700680729184565,3.5700680729184566
2024-12-11,BTCUSDT,96593.0,101888.0,95658.24,101125.0,37753.78291,288,288,0.0006247577533672341,0.04585110055392467,True,0.02499515459778623,2.499515459778623
2024-12-12,BTCUSDT,101125.0,102540.0,99311.64,100004.29,29232.08745,288,288,0.0006449938261470317,-0.011144290310742494,True,0.025396728650498114,2.5396728650498113
2024-12-13,BTCUSDT,100004.29,101895.26,99205.0,101424.25,21904.03923,288,288,0.00041002550510394864,0.014099129370686381,True,0.020249086525173144,2.0249086525173143
2024-12-14,BTCUSDT,101424.24,102650.0,100609.41,101420.0,14191.70326,288,288,0.0002414367220079029,-4.190407172649903e-05,True,0.015538234198515058,1.5538234198515057
2024-12-15,BTCUSDT,101420.0,105250.0,101237.14,104463.99,22228.921775,288,288,0.00035163274163186936,0.02957210835064174,True,0.018751873016631414,1.8751873016631413
2024-12-16,BTCUSDT,104463.99,107793.07,103333.0,106058.66,41302.40274,288,288,0.000772865905191707,0.015149918553742788,True,0.027800465916809868,2.780046591680987
2024-12-17,BTCUSDT,106058.65,108353.0,105321.49,106133.74,29064.936466,288,288,0.0005751684105988744,0.0007076596818115506,True,0.02398266896320913,2.398266896320913
2024-12-18,BTCUSDT,106133.74,106524.98,100000.0,100204.01,50307.99755,288,288,0.001290149107134518,-0.05749178914300357,True,0.035918645675115844,3.5918645675115846
2024-12-19,BTCUSDT,100204.01,102800.11,95700.0,97461.86,55147.398,288,288,0.0020126807855099095,-0.027747085824100307,True,0.04486291102358283,4.486291102358283
2024-12-20,BTCUSDT,97461.86,98233.0,92232.54,97805.44,62884.1357,288,288,0.001973990387727748,0.0035190772297441055,True,0.04442961160901306,4.442961160901306
2024-12-21,BTCUSDT,97805.44,99540.61,96398.39,97291.99,23483.54143,288,288,0.0005697137774964928,-0.0052635361257111785,True,0.02386867774922802,2.386867774922802
2024-12-22,BTCUSDT,97292.0,97448.08,94250.35,95186.27,19353.83036,288,288,0.0006442582521835974,-0.02188095438284879,True,0.025382242851718157,2.5382242851718155
2024-12-23,BTCUSDT,95186.28,96538.92,92520.0,94881.47,32810.76703,288,288,0.0010697573127453146,-0.0032072803231182377,True,0.03270714467429578,3.270714467429578
2024-12-24,BTCUSDT,94881.47,99487.99,93569.02,98663.58,23674.22488,288,288,0.000630226535401918,0.03908745299878635,True,0.025104313083649948,2.510431308364995
2024-12-25,BTCUSDT,98663.58,99569.15,97632.02,99429.6,14474.1651,288,288,0.0004460403957649272,0.0077339746703674935,True,0.02111966845774164,2.1119668457741643
2024-12-26,BTCUSDT,99429.61,99963.7,95199.14,95791.6,21192.36727,288,288,0.000683596446856128,-0.03727485759295413,True,0.026145677402892586,2.6145677402892584
2024-12-27,BTCUSDT,95791.6,97544.58,93500.01,94299.03,26501.26429,288,288,0.0008202412437930907,-0.0157040951939764,True,0.028639854116127943,2.8639854116127945
2024-12-28,BTCUSDT,94299.03,95733.99,94135.66,95300.0,8385.8929,288,288,0.00017927860322088497,0.010558907393903347,True,0.013389496003243923,1.3389496003243924
2024-12-29,BTCUSDT,95300.0,95340.0,93009.52,93738.2,13576.00578,288,288,0.00024378304131456534,-0.016524020398177578,True,0.015613553129078767,1.5613553129078768
2024-12-30,BTCUSDT,93738.19,95024.5,91530.45,92792.05,27619.4225,288,288,0.0006432287855664518,-0.010144822242994006,True,0.025361955475996952,2.536195547599695
2024-12-31,BTCUSDT,92792.05,96250.0,92033.73,93576.0,19612.03389,288,288,0.000691340988886383,0.008412972329419068,True,0.026293363970522732,2.629336397052273
2025-01-01,BTCUSDT,93576.0,95151.15,92888.0,94591.79,10373.32613,288,288,0.00026503400503323634,0.010796745473919253,True,0.01627986501888871,1.627986501888871
2025-01-02,BTCUSDT,94591.78,97839.5,94392.0,96984.79,21970.48948,288,288,0.0006327742261676407,0.024983476262296047,True,0.025155003998561413,2.5155003998561414
2025-01-03,BTCUSDT,96984.79,98976.91,96100.01,98174.18,15253.82936,288,288,0.0003042642778812738,0.012189085912690072,True,0.01744317281578308,1.744317281578308
2025-01-04,BTCUSDT,98174.17,98778.43,97514.79,98220.5,8990.05651,288,288,0.00010136926818492198,0.0004717032137423571,True,0.010068230638246325,1.0068230638246325
2025-01-05,BTCUSDT,98220.51,98836.85,97276.79,98363.61,8095.63723,288,288,0.00015291327305955464,0.0014559673747882413,True,0.01236581065112816,1.236581065112816
2025-01-06,BTCUSDT,98363.61,102480.0,97920.0,102235.6,25263.43375,288,288,0.0006027739039855506,0.038609035123570896,True,0.024551454213254876,2.4551454213254877
2025-01-07,BTCUSDT,102235.6,102724.38,96181.81,96954.61,32059.87537,288,288,0.0005067639482245403,-0.053037022867576555,True,0.022511418174440728,2.251141817444073
2025-01-08,BTCUSDT,96954.6,97268.65,92500.9,95060.61,33704.67894,288,288,0.0010074382153996493,-0.01972824267676886,True,0.031740167223876584,3.1740167223876585
2025-01-09,BTCUSDT,95060.61,95382.32,91203.67,92552.49,34544.83685,288,288,0.0009426369984483564,-0.02673874513146146,True,0.030702394018192726,3.0702394018192725
2025-01-10,BTCUSDT,92552.49,95836.0,92206.02,94726.11,31482.86424,288,288,0.001219686629373937,0.023213731933837682,True,0.03492401221758372,3.4924012217583718
2025-01-11,BTCUSDT,94726.1,95050.94,93831.73,94599.99,7047.9043,288,288,0.00012398376381255737,-0.0013323046178589362,True,0.011134799675457004,1.1134799675457003
2025-01-12,BTCUSDT,94599.99,95450.1,93711.19,94545.06,8606.86622,288,288,0.00014321085751304777,-0.0005808240981648859,True,0.011967073891016457,1.1967073891016458
2025-01-13,BTCUSDT,94545.07,95940.0,89256.69,94536.1,42619.56423,288,288,0.0014254231461481503,-9.477411717461327e-05,True,0.037754776467993426,3.7754776467993425
2025-01-14,BTCUSDT,94536.11,97371.0,94346.22,96560.86,27846.61753,288,288,0.0006734896007339128,0.02119171099482615,True,0.025951678187237003,2.5951678187237004
2025-01-15,BTCUSDT,96560.85,100681.94,96500.0,100497.35,30509.99179,288,288,0.0006675463655902575,0.039957875863211555,True,0.02583691865510006,2.5836918655100063
2025-01-16,BTCUSDT,100497.35,100866.66,97335.13,99987.3,27832.85317,288,288,0.0006167742990968897,-0.005088181069372661,True,0.02483494109308274,2.483494109308274
2025-01-17,BTCUSDT,99987.3,105865.22,99950.77,104077.48,39171.85292,288,288,0.0005472874641265151,0.04009244384371919,True,0.023394175859100384,2.3394175859100383
2025-01-18,BTCUSDT,104077.47,104988.88,102277.55,104556.23,24307.82998,288,288,0.0005899446048550521,0.0045893910462140725,True,0.02428877528520226,2.4288775285202258
2025-01-19,BTCUSDT,104556.23,106422.43,99651.6,101331.57,43397.282979999996,288,288,0.0021397199181139187,-0.03132700154192195,True,0.04625710667685473,4.625710667685473
2025-01-20,BTCUSDT,101331.57,109588.0,99550.0,102260.01,89529.231732,288,288,0.005456491643547241,0.00912067617087783,True,0.07386806917435462,7.386806917435463
2025-01-21,BTCUSDT,102260.0,107240.81,100119.04,106143.82,45941.02002,288,288,0.0017696160922957734,0.03727627951194094,True,0.04206680511158143,4.206680511158143
2025-01-22,BTCUSDT,106143.82,106394.46,103339.12,103706.66,22248.69254,288,288,0.0005048771541583924,-0.023228630058236763,True,0.022469471603898308,2.2469471603898308
2025-01-23,BTCUSDT,103706.66,106850.0,101262.28,103910.34,53953.12031,288,288,0.002504135436594836,0.001962075026062101,True,0.050041337278242636,5.0041337278242635
2025-01-24,BTCUSDT,103910.35,107120.0,102750.0,104870.5,23609.24017,288,288,0.0006393660273410672,0.009197843721145996,True,0.025285688191960826,2.5285688191960825
2025-01-25,BTCUSDT,104870.51,105286.52,104106.09,104746.85,9068.32377,288,288,0.00015385749927916584,-0.0011797688916691494,True,0.012403930799515362,1.2403930799515361
2025-01-26,BTCUSDT,104746.86,105500.0,102520.44,102620.0,9812.51238,288,288,0.00017993652057693985,-0.020513641237223785,True,0.01341404191796566,1.341404191796566
2025-01-27,BTCUSDT,102620.01,103260.0,97777.77,102082.83,50758.1341,288,288,0.0014365314814401768,-0.005248302947390569,True,0.03790160262363818,3.7901602623638184
2025-01-28,BTCUSDT,102082.83,103800.0,100272.68,101335.52,22022.05765,288,288,0.0006725955348358988,-0.00734755111376959,True,0.025934446877384887,2.5934446877384887
2025-01-29,BTCUSDT,101335.52,104782.68,101328.01,103733.24,23155.35802,288,288,0.0006427104163106197,0.023385612440132448,True,0.025351733990214943,2.5351733990214944
2025-01-30,BTCUSDT,103733.25,106457.44,103278.54,104722.94,19374.07472,288,288,0.00038387059095608053,0.009495592181072057,True,0.019592615725218532,1.9592615725218532
2025-01-31,BTCUSDT,104722.94,106012.0,101560.0,102429.56,21983.18193,288,288,0.0004798257187871201,-0.02214285325116337,True,0.0219049245327876,2.19049245327876
2025-02-01,BTCUSDT,102429.56,102783.71,100279.51,100635.65,12290.95747,288,288,0.00022706684106806236,-0.017668774175154632,True,0.015068737208806263,1.5068737208806262
2025-02-02,BTCUSDT,100635.66,101456.6,96150.0,97700.59,34619.49939,288,288,0.0008798947617802881,-0.02959897072246507,True,0.0296630201055167,2.96630201055167
2025-02-03,BTCUSDT,97700.59,102500.01,91231.0,101328.52,75164.7385,288,288,0.002616586979095299,0.03646031368487266,True,0.051152585263066604,5.11525852630666
2025-02-04,BTCUSDT,101328.51,101732.31,96150.0,97763.13,40267.98697,288,288,0.001388947249138661,-0.03582039951426296,True,0.03726858260168558,3.726858260168558
2025-02-05,BTCUSDT,97763.14,99149.0,96155.0,96612.43,26233.30444,288,288,0.0007352755648710208,-0.011840104206887782,True,0.027115965128887094,2.7115965128887094
2025-02-06,BTCUSDT,96612.44,99120.0,95676.64,96554.35,23515.20405,288,288,0.000581235441511476,-0.0006013456532244629,True,0.024108824971604815,2.4108824971604816
2025-02-07,BTCUSDT,96554.35,100137.99,95620.34,96506.8,31794.22065,288,288,0.0008317234700517087,-0.0004925900520280053,True,0.028839616329828465,2.8839616329828464
2025-02-08,BTCUSDT,96506.8,96880.0,95688.0,96444.74,10147.24294,288,288,0.0001494261788144953,-0.0006432703479828492,True,0.012224000115121699,1.2224000115121698
2025-02-09,BTCUSDT,96444.75,97323.09,94713.0,96462.75,14120.91613,288,288,0.00030120077314989323,0.00018672162550441057,True,0.017355136794329602,1.7355136794329602
2025-02-10,BTCUSDT,96462.75,98345.0,95256.0,97430.82,20572.87537,288,288,0.000427130651966474,0.009985664239645487,True,0.02066713942388917,2.066713942388917
2025-02-11,BTCUSDT,97430.82,98478.42,94876.88,95778.2,18647.76379,288,288,0.00030499454359215,-0.017107486030287732,True,0.01746409297937199,1.746409297937199
2025-02-12,BTCUSDT,95778.21,98119.99,94088.23,97869.99,29151.166250000002,288,288,0.0009481009916620728,0.021604863590941603,True,0.03079124862135462,3.079124862135462
2025-02-13,BTCUSDT,97870.0,98083.91,95217.36,96608.14,19921.77616,288,288,0.0003931212416943233,-0.012976962582638554,True,0.01982728528302156,1.982728528302156
2025-02-14,BTCUSDT,96608.13,98826.0,96252.82,97500.48,18173.02646,288,288,0.0004980894871635803,0.00919429838987879,True,0.022317918522200504,2.2317918522200504
2025-02-15,BTCUSDT,97500.47,97972.26,97223.58,97569.66,7349.37683,288,288,9.069045020764056e-05,0.0007092833675126223,True,0.009523153375203014,0.9523153375203014
2025-02-16,BTCUSDT,97569.67,97704.47,96046.18,96118.12,8191.4249,288,288,8.677336602537325e-05,-0.014988732643857418,True,0.009315222274609085,0.9315222274609085
2025-02-17,BTCUSDT,96118.12,97046.59,95205.0,95780.0,16492.0451,288,288,0.00024175390263237538,-0.003523956877800493,True,0.015548437305156277,1.5548437305156277
2025-02-18,BTCUSDT,95780.01,96753.91,93388.09,95671.74,23368.19471,288,288,0.00043800752938204213,-0.0011309378701782704,True,0.02092862941957839,2.092862941957839
2025-02-19,BTCUSDT,95671.74,96899.99,95029.99,96644.37,16438.50954,288,288,0.000311887812209419,0.010114995490715636,True,0.01766034575565889,1.766034575565889
2025-02-20,BTCUSDT,96644.37,98711.36,96415.09,98305.0,17057.39177,288,288,0.00022760404283232385,0.01703693802445355,True,0.015086551721063494,1.5086551721063495
2025-02-21,BTCUSDT,98305.01,99475.0,94871.95,96181.98,32249.2814,288,288,0.0005983799403115269,-0.021832868521335907,True,0.02446180574511062,2.446180574511062
2025-02-22,BTCUSDT,96181.99,96980.0,95770.49,96551.01,11268.17708,288,288,9.014980557530267e-05,0.0038294476827766986,True,0.009494725144800278,0.9494725144800278
2025-02-23,BTCUSDT,96551.01,96650.0,95227.94,96258.0,10884.84913,288,288,8.904023204781665e-05,-0.003039383123901488,True,0.009436113185407255,0.9436113185407256
2025-02-24,BTCUSDT,96258.0,96500.0,91349.26,91552.88,31550.10299,288,288,0.0006318932431722995,-0.05011535775172211,True,0.02513748681098211,2.513748681098211
2025-02-25,BTCUSDT,91552.88,92540.69,86050.99,88680.4,78333.11111,288,288,0.0019495203116246555,-0.03187783350742497,True,0.04415337259626557,4.415337259626557
2025-02-26,BTCUSDT,88680.39,89414.15,82256.01,84250.09,56893.54409,288,288,0.00228015114684951,-0.05124925785669069,True,0.04775092823023978,4.775092823023978
2025-02-27,BTCUSDT,84250.09,87078.46,82716.49,84708.58,42505.45439,288,288,0.0010297328332046602,0.0054272577477827225,True,0.03208945049708175,3.208945049708175
2025-02-28,BTCUSDT,84708.57,85120.0,78258.52,84349.94,83648.03969,288,288,0.003743907819796184,-0.004242797559088744,True,0.061187480907422424,6.118748090742242
2025-03-01,BTCUSDT,84349.95,86558.0,83824.78,86064.53,25785.05464,288,288,0.0005634382829002979,0.020123266049919722,True,0.02373685494964103,2.373685494964103
2025-03-02,BTCUSDT,86064.54,95000.0,85050.6,94270.0,54889.09045,288,288,0.0024134811879353048,0.09106564168828764,True,0.049127193975794146,4.912719397579415
2025-03-03,BTCUSDT,94269.99,94416.46,85117.11,86220.61,59171.10218,288,288,0.0024740307398006148,-0.08925376118948533,True,0.04973962946987658,4.973962946987658
2025-03-04,BTCUSDT,86221.16,88967.52,81500.0,87281.98,55609.10706,288,288,0.0029324843291353916,0.012234782658460982,True,0.05415241757424494,5.415241757424494
2025-03-05,BTCUSDT,87281.98,91000.0,86334.53,90606.01,38264.01163,288,288,0.0014662054040381095,0.037376519512634036,True,0.03829106167290363,3.829106167290363
2025-03-06,BTCUSDT,90606.0,92810.64,87836.0,89931.89,34342.44902,288,288,0.001641464201736767,-0.007467940338037717,True,0.04051498737179573,4.051498737179573
2025-03-07,BTCUSDT,89931.88,91283.02,84667.03,86801.75,57980.35713,288,288,0.0035182034045771068,-0.03542582329824141,True,0.059314445159481234,5.931444515948123
2025-03-08,BTCUSDT,86801.74,86897.25,85218.47,86222.45,12989.23054,288,288,0.00040194226840744505,-0.006696198157303926,True,0.020048497909006677,2.0048497909006677
2025-03-09,BTCUSDT,86222.46,86500.0,80000.0,80734.37,26115.39345,288,288,0.0008122785308816357,-0.06576620160006497,True,0.028500500537387684,2.8500500537387685
2025-03-10,BTCUSDT,80734.48,84123.46,77459.91,78595.86,47633.38405,288,288,0.002651515186094887,-0.026845356703792525,True,0.05149286539021583,5.149286539021583
2025-03-11,BTCUSDT,78595.86,83617.4,76606.0,82932.99,48770.06853,288,288,0.002041684033225195,0.05371390602473272,True,0.045184997877893,4.5184997877893
2025-03-12,BTCUSDT,82932.99,84539.85,80607.65,83680.12,31933.986,288,288,0.000988361094008335,0.008968502033038468,True,0.03143821073166116,3.1438210731661163
2025-03-13,BTCUSDT,83680.12,84336.33,79939.9,81115.78,27546.274120000002,288,288,0.0007121684169987264,-0.03112391755655614,True,0.026686483788590926,2.6686483788590927
2025-03-14,BTCUSDT,81115.78,85309.71,80818.84,83983.2,26858.52755,288,288,0.0005858433004570587,0.034739262047201715,True,0.02420420005819359,2.4204200058193592
2025-03-15,BTCUSDT,83983.19,84676.28,83618.0,84338.44,11324.7332,288,288,0.0001375052632448148,0.004220972745166194,True,0.01172626382292394,1.172626382292394
2025-03-16,BTCUSDT,84338.44,85117.04,81981.12,82574.53,17596.12531,288,288,0.0006559780078806566,-0.021136472120496737,True,0.02561206762213189,2.561206762213189
2025-03-17,BTCUSDT,82574.52,84756.83,82456.0,84010.03,17214.74358,288,288,0.0004669345627777424,0.017234917011718885,True,0.021608668695172834,2.1608668695172835
2025-03-18,BTCUSDT,84010.02,84021.74,81134.66,82715.03,17610.89883,288,288,0.0004930810114791113,-0.015534869726955381,True,0.02220542752299787,2.220542752299787
2025-03-19,BTCUSDT,82715.03,87000.0,82547.16,86845.94,28151.05374,288,288,0.0005692512952600933,0.04873441757894521,True,0.023858987724966314,2.3858987724966316
2025-03-20,BTCUSDT,86845.93,87453.67,83655.23,84223.39,22090.30463,288,288,0.0006152499004416386,-0.030663070683641453,True,0.024804231502742403,2.48042315027424
2025-03-21,BTCUSDT,84223.38,84850.33,83175.25,84088.79,11956.97443,288,288,0.00034532519240719803,-0.0015994092488556466,True,0.018582927444490496,1.8582927444490496
2025-03-22,BTCUSDT,84088.79,84539.17,83625.1,83840.59,5420.22114,288,288,5.4818661259824935e-05,-0.0029560066348178213,True,0.007403962537710799,0.7403962537710799
2025-03-23,BTCUSDT,83840.59,86129.64,83809.75,86082.5,8461.97813,288,288,0.0001545983127546439,0.026388880980959165,True,0.012433756984702728,1.2433756984702728
2025-03-24,BTCUSDT,86082.5,88765.43,85519.09,87498.16,30115.62111,288,288,0.00043724917405635295,0.016311625828363856,True,0.02091050391684411,2.091050391684411
2025-03-25,BTCUSDT,87498.16,88539.63,86310.0,87392.87,22643.25248,288,288,0.00037428103574246543,-0.001204064184658541,True,0.019346344247491966,1.9346344247491967
2025-03-26,BTCUSDT,87392.88,88275.0,85860.0,86909.17,18408.78485,288,288,0.00036178833401623794,-0.005550150091920941,True,0.019020734318533496,1.9020734318533496
2025-03-27,BTCUSDT,86909.17,87756.39,85800.0,87232.01,17098.03897,288,288,0.000286667273505569,0.0037078004164339145,True,0.01693125138628474,1.6931251386284742
2025-03-28,BTCUSDT,87232.01,87515.67,83585.0,84424.38,27182.73169,288,288,0.0003938119798729211,-0.03271512826249291,True,0.019844696517531357,1.9844696517531357
2025-03-29,BTCUSDT,84424.38,84624.73,81644.81,82648.54,11696.39864,288,288,0.0003346241271961209,-0.021259063189174424,True,0.018292734273369873,1.8292734273369873
2025-03-30,BTCUSDT,82648.53,83534.64,81565.0,82389.99,9864.49508,288,288,0.00028419170249107935,-0.0031332103056839165,True,0.01685798631186653,1.685798631186653
2025-03-31,BTCUSDT,82390.0,83943.08,81278.52,82550.01,20569.13885,288,288,0.0007070583041439401,0.001940342551295122,True,0.02659056795451989,2.659056795451989
2025-04-01,BTCUSDT,82550.0,85579.46,82432.74,85158.34,20190.39697,288,288,0.0004285027286573643,0.031108055610873347,True,0.020700307453208618,2.070030745320862
2025-04-02,BTCUSDT,85158.35,88500.0,82320.0,82516.29,39931.457,288,288,0.0013775535711950545,-0.03151661872119828,True,0.03711540881083023,3.7115408810830233
2025-04-03,BTCUSDT,82516.28,83998.02,81211.24,83213.09,27337.84135,288,288,0.000713870571116479,0.008408938788085659,True,0.026718356444895314,2.6718356444895313
2025-04-04,BTCUSDT,83213.09,84720.0,81659.0,83889.87,32915.53976,288,288,0.001313914868207337,0.008100200026060088,True,0.03624796364221495,3.624796364221495
2025-04-05,BTCUSDT,83889.87,84266.0,82379.95,83537.99,9360.40468,288,288,0.00017169073358012615,-0.0042033687594597285,True,0.01310308107202753,1.3103081072027531
2025-04-06,BTCUSDT,83537.99,83817.63,77153.83,78430.0,27942.71436,288,288,0.0007554580178438684,-0.06309499122461919,True,0.027485596552446673,2.748559655244667
2025-04-07,BTCUSDT,78430.0,81243.58,74508.0,79163.24,78387.53089,288,288,0.003656724493946317,0.009305542434697273,True,0.06047085656699694,6.047085656699694
2025-04-08,BTCUSDT,79163.24,80867.99,76239.9,76322.42,35317.32063,288,288,0.0009760850327325336,-0.03654531442655986,True,0.031242359589706628,3.124235958970663
2025-04-09,BTCUSDT,76322.42,83588.0,74620.0,82615.22,75488.28772,288,288,0.002693871192992268,0.07922718982136516,True,0.05190251624914025,5.190251624914025
2025-04-10,BTCUSDT,82615.22,82753.21,78464.36,79607.3,33284.80718,288,288,0.000884034047175354,-0.037088127865998015,True,0.02973271005433837,2.973271005433837
2025-04-11,BTCUSDT,79607.3,84300.0,78969.58,83423.84,34435.43797,288,288,0.0008832833615115288,0.046828322647862394,True,0.029720083470803522,2.972008347080352
2025-04-12,BTCUSDT,83423.83,85905.0,82792.95,85276.9,18470.74437,288,288,0.0004106896145606451,0.021969489076608475,True,0.020265478394566588,2.0265478394566587
2025-04-13,BTCUSDT,85276.91,86100.0,83034.23,83760.0,24680.04181,288,288,0.0006842070526399366,-0.01794804235026765,True,0.02615735178950531,2.615735178950531
2025-04-14,BTCUSDT,83760.0,85799.99,83678.0,84591.58,28659.09348,288,288,0.0007716513142872454,0.009879167909976448,True,0.027778612533516597,2.77786125335166
2025-04-15,BTCUSDT,84591.58,86496.42,83600.0,83643.99,20910.99528,288,288,0.0004200553172910008,-0.011265156602012502,True,0.02049525109119185,2.0495251091191853
2025-04-16,BTCUSDT,83643.99,85500.0,83111.64,84030.38,20867.24519,288,288,0.0006032530565092384,0.004608822254113362,True,0.024561210403993495,2.4561210403993496
2025-04-17,BTCUSDT,84030.38,85470.01,83736.26,84947.91,13728.84772,288,288,0.00025686588255993296,0.010859844983459082,True,0.01602703598797772,1.6027035987977718
2025-04-18,BTCUSDT,84947.92,85132.08,84303.96,84474.69,6529.96315,288,288,6.297430038255711e-05,-0.0055862822389641945,True,0.007935634844330798,0.7935634844330799
2025-04-19,BTCUSDT,84474.7,85677.99,84364.45,85077.01,9666.58153,288,288,0.00010395934773711125,0.0071048834511915245,True,0.010196045691203588,1.0196045691203588
2025-04-20,BTCUSDT,85077.0,85320.76,83949.52,85179.24,8091.67725,288,288,0.00012154934576479272,0.001200895852997182,True,0.011024941984645212,1.1024941984645213
2025-04-21,BTCUSDT,85179.24,88465.99,85144.76,87516.23,31773.37262,288,288,0.0005776885160162567,0.02706651970446851,True,0.02403515167450076,2.4035151674500757
2025-04-22,BTCUSDT,87516.22,93888.0,87076.03,93442.99,43872.74705,288,288,0.0009312615733492622,0.06552725583428474,True,0.030516578663887965,3.0516578663887963
2025-04-23,BTCUSDT,93442.99,94696.05,91935.41,93691.08,27404.16808,288,288,0.0006133097369550285,0.0026514695623881842,True,0.024765091095229765,2.4765091095229765
2025-04-24,BTCUSDT,93691.07,94005.0,91660.01,93980.47,19497.06071,288,288,0.00033043658391809685,0.003084007452040074,True,0.018177914729640934,1.8177914729640934
2025-04-25,BTCUSDT,93980.47,95758.04,92855.96,94638.68,27500.66648,288,288,0.0004113463051886694,0.006979277255771228,True,0.020281674121942435,2.0281674121942435
2025-04-26,BTCUSDT,94638.68,95199.0,93870.69,94628.0,9415.06875,288,288,0.00013660712772297146,-0.00011285663182957227,True,0.011687905189680974,1.1687905189680974
2025-04-27,BTCUSDT,94628.0,95369.0,93602.58,93749.3,11162.841,288,288,0.00018802271156550206,-0.009329217194183476,True,0.013712137381367723,1.3712137381367724
2025-04-28,BTCUSDT,93749.29,95630.0,92800.01,95011.18,22157.53351,288,288,0.0003636041498366164,0.013370370730845089,True,0.019068407113249298,1.9068407113249297
2025-04-29,BTCUSDT,95011.18,95461.53,93742.54,94256.82,16955.3402,288,288,0.0003082119127026823,-0.00797138443391025,True,0.01755596516010106,1.7555965160101061
2025-04-30,BTCUSDT,94256.82,95228.45,92910.0,94172.0,17661.2751,288,288,0.00032845987100057854,-0.000900286970209457,True,0.018123461893373972,1.8123461893373973
2025-05-01,BTCUSDT,94172.0,97424.02,94130.43,96489.91,21380.45343,288,288,0.0003056860330706873,0.024315545810009314,True,0.017483879234045496,1.7483879234045496
2025-05-02,BTCUSDT,96489.9,97895.68,96350.0,96887.14,14905.74811,288,288,0.0002507349422181955,0.004108352658418282,True,0.01583461215875512,1.5834612158755121
2025-05-03,BTCUSDT,96887.13,96935.67,95753.01,95856.42,9723.34838,288,288,7.749097428718968e-05,-0.010695349046802546,True,0.00880289578986311,0.880289578986311
2025-05-04,BTCUSDT,95856.42,96304.48,94151.38,94277.62,11036.38342,288,288,0.00018499574759171767,-0.01660761310921134,True,0.013601314186199717,1.3601314186199718
2025-05-05,BTCUSDT,94277.61,95199.0,93514.1,94733.68,17251.18189,288,288,0.0002841542076192548,0.004825752587869073,True,0.01685687419479824,1.6856874194798241
2025-05-06,BTCUSDT,94733.68,96920.65,93377.0,96834.02,16122.64513,288,288,0.0003310118021056962,0.021928792437757343,True,0.018193729746967667,1.8193729746967666
2025-05-07,BTCUSDT,96834.02,97732.0,95784.61,97030.5,16644.83854,288,288,0.00037339500780318523,0.0020269832486380208,True,0.01932343157421024,1.9323431574210241
2025-05-08,BTCUSDT,97030.5,104145.76,96876.29,103261.6,34962.02847,288,288,0.0005672629697291892,0.06224021212940245,True,0.023817283004767553,2.3817283004767553
2025-05-09,BTCUSDT,103261.61,104361.3,102315.14,102971.99,27617.39907,288,288,0.0004301790940769389,-0.002808564699583374,True,0.020740759245431176,2.0740759245431177
2025-05-10,BTCUSDT,102971.99,104984.57,102818.76,104809.53,15324.78611,288,288,0.00020247107833138992,0.017687693367897415,True,0.014229233230620331,1.422923323062033
2025-05-11,BTCUSDT,104809.53,104972.0,103345.06,104118.0,17987.12197,288,288,0.00037298100917798117,-0.006619831530677504,True,0.019312716255824328,1.9312716255824327
2025-05-12,BTCUSDT,104118.0,105819.45,100718.37,102791.32,31272.77792,288,288,0.0007688259580246498,-0.012823957677926,True,0.027727711013075886,2.7727711013075886
2025-05-13,BTCUSDT,102791.32,104976.25,101429.7,104103.72,21253.42409,288,288,0.0003746068810826568,0.012686796194268837,True,0.019354763782662314,1.9354763782662314
2025-05-14,BTCUSDT,104103.72,104356.95,102602.05,103507.82,16452.9081,288,288,0.0002448575210063618,-0.005740544445962962,True,0.015647923856101864,1.5647923856101864
2025-05-15,BTCUSDT,103507.83,104192.7,101383.07,103763.71,17998.98604,288,288,0.0004463666958713295,0.0024691295519920914,True,0.021127392074539855,2.1127392074539855
2025-05-16,BTCUSDT,103763.71,104550.33,103100.49,103463.9,15683.88024,288,288,0.0002629942739367344,-0.002893535366075647,True,0.016217098197172465,1.6217098197172466
2025-05-17,BTCUSDT,103463.9,103709.86,102612.5,103126.65,11250.89622,288,288,0.00013838667548379805,-0.0032649150658740056,True,0.011763786613323026,1.1763786613323026
2025-05-18,BTCUSDT,103126.65,106660.0,103105.09,106454.26,21599.98726,288,288,0.0003666933870385641,0.031757564800075036,True,0.01914923985537191,1.9149239855371911
2025-05-19,BTCUSDT,106454.27,107108.62,102000.0,105573.74,30260.03524,288,288,0.0005695139471361532,-0.008305743221750908,True,0.023864491344592977,2.3864491344592977
2025-05-20,BTCUSDT,105573.73,107320.0,104184.72,106849.99,23705.48275,288,288,0.0006045117591882533,0.012016222070838054,True,0.024586820843457036,2.4586820843457033
2025-05-21,BTCUSDT,106850.0,110797.38,106100.01,109643.99,45531.040345,288,288,0.0010030182616325818,0.025812774424211066,True,0.031670463552537116,3.167046355253712
2025-05-22,BTCUSDT,109643.99,111980.0,109177.37,111696.21,31630.77313,288,288,0.0005037678971575362,0.01854411272919509,True,0.022444774384197678,2.244477438419768
2025-05-23,BTCUSDT,111696.22,111800.0,106800.0,107318.3,31737.72309,288,288,0.0005876199432932896,-0.0399835903745326,True,0.024240873402030908,2.4240873402030907
2025-05-24,BTCUSDT,107318.3,109506.03,106875.41,107761.91,16782.53129,288,288,0.0002819565579684995,0.004125071563271159,True,0.01679156210626336,1.6791562106263358
2025-05-25,BTCUSDT,107761.9,109299.99,106600.64,109004.19,17710.04695,288,288,0.0002781488964779024,0.01146206533914859,True,0.016677796511467047,1.6677796511467047
2025-05-26,BTCUSDT,109004.2,110422.22,108670.58,109434.79,14649.11593,288,288,0.000251929380178955,0.003942524889583475,True,0.015872283395244522,1.5872283395244522
2025-05-27,BTCUSDT,109434.78,110718.0,107516.57,108938.17,21276.65635,288,288,0.0003568106995763792,-0.00454837317001297,True,0.01888943354302556,1.888943354302556
2025-05-28,BTCUSDT,108938.17,109284.7,106769.43,107781.78,15633.78829,288,288,0.0002401902487689049,-0.010671846084498149,True,0.015498072421075626,1.5498072421075626
2025-05-29,BTCUSDT,107781.78,108891.91,105322.86,105589.75,19834.70116,288,288,0.0004244476522239434,-0.020547325325209705,True,0.020602127371316375,2.0602127371316374
2025-05-30,BTCUSDT,105589.75,106313.12,103621.0,103985.48,23706.49799,288,288,0.0004419719416368932,-0.015310028157546646,True,0.02102312873092141,2.1023128730921408
2025-05-31,BTCUSDT,103985.47,104900.0,103068.55,104591.88,11289.35922,288,288,0.00022020989054951794,0.005814645544810661,True,0.014839470696406861,1.4839470696406862
2025-06-01,BTCUSDT,104591.88,105866.91,103752.49,105642.93,9709.70006,288,288,0.00015984448882285066,0.009998903196040413,True,0.012642962027264443,1.2642962027264444
2025-06-02,BTCUSDT,105642.93,105935.63,103659.88,105857.99,13453.98813,288,288,0.00027896876409590963,0.002033656157331952,True,0.016702358039986737,1.6702358039986738
2025-06-03,BTCUSDT,105858.0,106794.67,104872.5,105376.89,13259.52634,288,288,0.00024154185052698243,-0.004555126803575758,True,0.015541616728223047,1.5541616728223047
2025-06-04,BTCUSDT,105376.9,106000.0,104179.0,104696.86,14034.89482,288,288,0.00016540726871258244,-0.006474225126366028,True,0.012861075721438795,1.2861075721438795
2025-06-05,BTCUSDT,104696.86,105909.71,100372.26,101508.68,22321.50154,288,288,0.0005423655943613198,-0.030924814911035728,True,0.023288743941254533,2.3288743941254535
2025-06-06,BTCUSDT,101508.69,105333.0,101095.8,104288.44,15839.07385,288,288,0.00023780450392556647,0.027016209665028917,True,0.015420911254707565,1.5420911254707566
2025-06-07,BTCUSDT,104288.43,105900.0,103871.09,105552.15,8344.93206,288,288,0.00011717785943813319,0.012044621848144216,True,0.010824872259668156,1.0824872259668157
2025-06-08,BTCUSDT,105552.15,106488.14,104964.14,105734.0,8048.06305,288,288,8.415903228219286e-05,0.0017213626629411058,True,0.009173823209665252,0.9173823209665252
2025-06-09,BTCUSDT,105734.01,110530.17,105318.37,110263.02,19975.37451,288,288,0.00034603641669092675,0.041942096349409964,True,0.018602054098699066,1.8602054098699066
2025-06-10,BTCUSDT,110263.02,110400.0,108331.03,110274.39,17071.82839,288,288,0.0002967180718679979,0.0001031117578652376,True,0.01722550643284539,1.722550643284539
2025-06-11,BTCUSDT,110274.39,110392.01,108064.0,108645.12,13115.91638,288,288,0.0002773015990314956,-0.014884923520729497,True,0.01665237517687779,1.6652375176877792
2025-06-12,BTCUSDT,108645.13,108813.55,105671.72,105671.73,17778.67218,288,288,0.00036111849657213823,-0.027749388787278263,True,0.01900311807499333,1.900311807499333
2025-06-13,BTCUSDT,105671.74,106179.53,102664.31,106066.59,26180.81734,288,288,0.0006546329114940722,0.0037297023772622433,True,0.02558579511162536,2.558579511162536
2025-06-14,BTCUSDT,106066.59,106252.0,104300.0,105414.64,8798.93969,288,288,0.00011687406385803365,-0.006165578527108535,True,0.010810830858820872,1.0810830858820872
2025-06-15,BTCUSDT,105414.63,106128.57,104494.53,105594.01,7164.20047,288,288,0.0001295004100128256,0.0017001202861066475,True,0.011379824691656088,1.1379824691656089
2025-06-16,BTCUSDT,105594.02,108952.38,104980.37,106794.53,14922.6654,288,288,0.00030032965811854485,0.011305061807507994,True,0.017330021872996725,1.7330021872996724
2025-06-17,BTCUSDT,106794.53,107771.34,103371.02,104551.17,17866.33025,288,288,0.0004109443251871956,-0.021230091356166592,True,0.02027176176821333,2.027176176821333
2025-06-18,BTCUSDT,104551.17,105550.27,103500.0,104886.78,13968.641669999999,288,288,0.00038367212714541366,0.0032048660451359824,True,0.019587550309965094,1.9587550309965094
2025-06-19,BTCUSDT,104886.79,105226.17,103929.27,104658.59,7678.60737,288,288,0.00017817260053676508,-0.002177954017320649,True,0.013348130975412442,1.3348130975412442
2025-06-20,BTCUSDT,104658.59,106524.65,102345.0,103297.99,16419.06283,288,288,0.0003708961049828525,-0.013085610610985739,True,0.019258663115150346,1.9258663115150347
2025-06-21,BTCUSDT,103297.98,103982.64,100837.9,102120.01,11154.21332,288,288,0.0003468498940458057,-0.011469227749353847,True,0.018623906519465935,1.8623906519465934
2025-06-22,BTCUSDT,102120.02,103399.62,98200.0,100963.87,28746.41072,288,288,0.000904191428213658,-0.011385960226360632,True,0.030069775992076463,3.006977599207646
2025-06-23,BTCUSDT,100963.87,106074.2,99613.33,105333.93,27666.50609,288,288,0.000725676531688247,0.04237285938879218,True,0.026938383984349303,2.6938383984349303
2025-06-24,BTCUSDT,105333.94,106290.0,104622.02,106083.0,14651.69335,288,288,0.0002889019444309327,0.007086217120929054,True,0.016997115768004074,1.6997115768004074
2025-06-25,BTCUSDT,106083.0,108135.3,105808.03,107340.58,16701.15551,288,288,0.00028140355149125344,0.011784963544525823,True,0.016775087227530395,1.6775087227530394
2025-06-26,BTCUSDT,107340.59,108272.45,106562.5,106947.06,10573.272789999999,288,288,0.00023044240024791188,-0.0036728244556721965,True,0.015180329385356297,1.5180329385356297
2025-06-27,BTCUSDT,106947.06,107735.34,106356.76,107047.59,12232.44042,288,288,0.00019511702081060958,0.0009395562683038643,True,0.013968429432495608,1.3968429432495608
2025-06-28,BTCUSDT,107047.58,107577.75,106811.51,107296.79,3282.17352,288,288,2.456192993689674e-05,0.0023252311283280713,True,0.004955999388306736,0.49559993883067355
2025-06-29,BTCUSDT,107296.79,108528.5,107172.52,108356.93,6831.7364,288,288,8.993148104434329e-05,0.009831952261780564,True,0.009483221026863357,0.9483221026863357
2025-06-30,BTCUSDT,108356.93,108789.99,106733.33,107146.5,9754.12491,288,288,0.00018042666374774491,-0.011233628430859597,True,0.013432299272564802,1.3432299272564803
2025-07-01,BTCUSDT,107146.51,107540.0,105250.85,105681.14,10505.62437,288,288,0.00017643306557363933,-0.013770609458807308,True,0.01328281090634205,1.328281090634205
2025-07-02,BTCUSDT,105681.13,109730.0,105100.19,108849.6,17691.89592,288,288,0.00024649470430243976,0.029540665453746756,True,0.015700149817834217,1.5700149817834217
2025-07-03,BTCUSDT,108849.59,110529.18,108530.4,109584.78,13047.08225,288,288,0.0002511295029917555,0.006731383365641037,True,0.015847066068889706,1.5847066068889706
2025-07-04,BTCUSDT,109584.77,109767.59,107245.0,107984.24,11793.86615,288,288,0.000136681197995755,-0.014713205707567453,True,0.01169107343214279,1.1691073432142791
2025-07-05,BTCUSDT,107984.25,108420.56,107756.31,108198.12,3736.9757,288,288,4.5997139724417996e-05,0.0019787004803071616,True,0.00678211911753384,0.678211911753384
2025-07-06,BTCUSDT,108198.12,109700.0,107800.01,109203.84,6447.607,288,288,8.553155879211773e-05,0.009252236497324644,True,0.00924832735104666,0.9248327351046659
2025-07-07,BTCUSDT,109203.85,109700.0,107513.2,108262.94,9405.37601,288,288,0.0001644217117391143,-0.008653329682975379,True,0.012822702981006552,1.2822702981006553
2025-07-08,BTCUSDT,108262.94,109216.56,107429.57,108922.98,9216.0208,288,288,0.00013604517543330512,0.006078129116498347,True,0.011663840509596533,1.1663840509596533
2025-07-09,BTCUSDT,108922.99,111999.79,108324.53,111233.99,17282.2865,288,288,0.00025030224194058355,0.020994973616710825,True,0.01582094314320684,1.5820943143206838
2025-07-10,BTCUSDT,111234.0,116868.0,110500.0,116010.0,24883.450665,288,288,0.0007397905327726489,0.04204039370937795,True,0.02719909066076748,2.719909066076748
2025-07-11,BTCUSDT,116010.01,118869.98,115222.22,117527.66,25873.521148,288,288,0.0003828277570148429,0.012997315848982045,True,0.019565984693207823,1.9565984693207823
2025-07-12,BTCUSDT,117527.66,118200.0,116900.05,117420.0,8446.60437,288,288,8.641620011347993e-05,-0.0009164595002599106,True,0.009296031417410332,0.9296031417410332
2025-07-13,BTCUSDT,117420.0,119488.0,117224.79,119086.64,9550.792947,288,288,0.00015484343775798635,0.01409404479001135,True,0.012443610318472142,1.2443610318472142
2025-07-14,BTCUSDT,119086.65,123218.0,118905.18,119841.18,27269.348877,288,288,0.0005640094987102263,0.0063160707563312294,True,0.023748884157160442,2.374888415716044
2025-07-15,BTCUSDT,119841.17,119940.83,115736.92,117758.09,32018.46083,288,288,0.0007070476496201287,-0.017534930762701066,True,0.026590367609721544,2.6590367609721546
2025-07-16,BTCUSDT,117758.08,120063.84,117017.29,118630.43,17039.90851,288,288,0.0003704025186806677,0.007380594962264224,True,0.01924584419246575,1.924584419246575
2025-07-17,BTCUSDT,118630.44,120998.71,117453.57,119177.56,15728.57651,288,288,0.00043085884966221244,0.004601451493545787,True,0.02075713972738567,2.075713972738567
2025-07-18,BTCUSDT,119177.56,120820.71,116812.76,117924.84,19924.66266,288,288,0.0003638620534577341,-0.010567009500656963,True,0.01907516850404562,1.907516850404562
2025-07-19,BTCUSDT,117924.84,118499.9,117277.34,117840.0,6635.80306,288,288,0.00010186663859064547,-0.0007197002204565692,True,0.010092900405267332,1.009290040526733
2025-07-20,BTCUSDT,117840.01,118856.8,116467.02,117265.12,12962.92889,288,288,0.0001585429983447632,-0.004890417918115995,True,0.01259138587863795,1.259138587863795
2025-07-21,BTCUSDT,117265.11,119676.73,116515.0,117380.36,17107.33128,288,288,0.00031554151170606296,0.0009822478512307117,True,0.01776348816269099,1.776348816269099
2025-07-22,BTCUSDT,117380.36,120247.8,116128.0,119954.42,20959.12973,288,288,0.00043531677597054546,0.021692235206271383,True,0.020864246355201652,2.0864246355201654
2025-07-23,BTCUSDT,119954.43,120090.0,117301.0,118755.99,14558.75083,288,288,0.00032016006920097297,-0.010040953545905553,True,0.01789301733081855,1.789301733081855
2025-07-24,BTCUSDT,118756.0,119450.0,117103.1,118340.99,15806.89043,288,288,0.00026164878812145174,-0.0035006808084227137,True,0.016175561446869526,1.6175561446869526
2025-07-25,BTCUSDT,118340.98,118451.57,114723.16,117614.31,38406.34873,288,288,0.0004985681804199364,-0.0061594912042921895,True,0.02232864036209855,2.232864036209855
2025-07-26,BTCUSDT,117614.31,118297.35,117138.38,117919.99,6991.67206,288,288,6.904591609059043e-05,0.002595631902627277,True,0.008309387227141989,0.8309387227141989
2025-07-27,BTCUSDT,117919.99,119766.65,117825.5,119415.55,9328.30919,288,288,0.00012582956118000532,0.012603083346821892,True,0.011217377642747226,1.1217377642747226
2025-07-28,BTCUSDT,119415.56,119800.0,117427.5,118062.32,13961.74754,288,288,0.00024740497080923764,-0.011396806340220424,True,0.015729112206645284,1.5729112206645284
2025-07-29,BTCUSDT,118062.32,119273.36,116950.75,117950.76,15137.93445,288,288,0.000256836607788284,-0.0009453714032182049,True,0.0160261226685772,1.60261226685772
2025-07-30,BTCUSDT,117950.75,118792.0,115796.23,117840.3,15586.73631,288,288,0.00022758376171811757,-0.0009369312651679757,True,0.015085879547381968,1.5085879547381968
2025-07-31,BTCUSDT,117840.29,118922.45,115500.0,115764.08,17010.0073,288,288,0.0001994155742309401,-0.01777599093867924,True,0.014121457935742333,1.4121457935742332
2025-08-01,BTCUSDT,115764.07,116052.0,112722.58,113297.93,24487.10206,288,288,0.0005347464647496664,-0.021533429249676647,True,0.023124585720606248,2.312458572060625
2025-08-02,BTCUSDT,113297.92,114063.49,112003.0,112546.35,11507.33428,288,288,0.00019040611417931117,-0.0066557609918473605,True,0.013798772198254133,1.3798772198254132
2025-08-03,BTCUSDT,112546.35,114799.97,111920.0,114208.8,7397.76046,288,288,0.0001223218763095975,0.014663215250676594,True,0.011059922075204577,1.1059922075204576
2025-08-04,BTCUSDT,114208.81,115720.0,114107.6,115055.03,9667.67916,288,288,0.0001755772305835101,0.007382183600907984,True,0.013250555859416242,1.3250555859416242
2025-08-05,BTCUSDT,115055.03,115127.81,112650.0,114129.75,12042.79078,288,288,0.00024185064662629222,-0.00807457656879022,True,0.015551548045975751,1.5551548045975752
2025-08-06,BTCUSDT,114129.75,115716.0,113355.13,114992.27,9761.15318,288,288,0.0002006654023056464,0.007528949634182395,True,0.014165641612918434,1.4165641612918434
2025-08-07,BTCUSDT,114992.27,117621.0,114259.0,117472.01,13468.56263,288,288,0.00019712683983156426,0.021335183728331927,True,0.014040186602448141,1.4040186602448141
2025-08-08,BTCUSDT,117472.02,117630.0,115878.71,116674.74,10045.31278,288,288,0.0001751158603340571,-0.006810029019948945,True,0.013233134939766054,1.3233134939766054
2025-08-09,BTCUSDT,116674.74,117944.05,116299.13,116462.25,9514.13144,288,288,8.907975453986702e-05,-0.0018228772606168767,True,0.009438207167670512,0.9438207167670511
2025-08-10,BTCUSDT,116462.25,119311.11,116460.63,119294.01,14322.77073,288,288,0.0002160617070065748,0.02402393212706478,True,0.014699037621782414,1.4699037621782414
2025-08-11,BTCUSDT,119294.27,122335.16,118050.11,118686.0,26494.33429,288,288,0.0004056160893159802,-0.005109768025592587,True,0.020139912842809925,2.0139912842809924
2025-08-12,BTCUSDT,118686.0,120324.43,118207.47,120134.08,16720.10893,288,288,0.00024928086506638343,0.012127102101080789,True,0.015788630880047307,1.5788630880047307
2025-08-13,BTCUSDT,120134.09,123667.79,118920.92,123306.43,23210.07102,288,288,0.00042697345073936617,0.026064105677023032,True,0.020663335905399354,2.0663335905399354
2025-08-14,BTCUSDT,123306.44,124474.0,117180.0,118295.09,27980.947586,288,288,0.000952752397617835,-0.04149029256629375,True,0.03086668750640138,3.086668750640138
2025-08-15,BTCUSDT,118295.09,119216.82,116803.99,117342.05,13623.33874,288,288,0.0002248150544752912,-0.008089091530437471,True,0.014993833881809256,1.4993833881809255
2025-08-16,BTCUSDT,117342.04,117898.99,117143.98,117380.66,6393.68117,288,288,5.5570753902982216e-05,0.00032898393468809486,True,0.007454579391419895,0.7454579391419895
2025-08-17,BTCUSDT,117380.66,118575.0,117172.21,117405.01,5898.64192,288,288,7.078534732682304e-05,0.00020742322210140715,True,0.00841340283873434,0.841340283873434
2025-08-18,BTCUSDT,117405.01,117543.75,114640.14,116227.05,17745.93954,288,288,0.00028683970318995114,-0.010083975477295034,True,0.01693634267455495,1.693634267455495
2025-08-19,BTCUSDT,116227.05,116725.69,112732.58,112872.94,18065.47424,288,288,0.00029106544215886797,-0.02928284432910441,True,0.017060640145049304,1.7060640145049304
2025-08-20,BTCUSDT,112872.95,114615.38,112380.0,114271.24,15636.34194,288,288,0.0003067253425745844,0.012312159298068621,True,0.017513575950518626,1.7513575950518625
2025-08-21,BTCUSDT,114271.23,114821.76,112015.67,112500.0,10839.69235,288,288,0.0002819668434535496,-0.015621698947350417,True,0.01679186837292234,1.679186837292234
2025-08-22,BTCUSDT,112500.0,117429.05,111684.79,116935.99,23128.09037,288,288,0.000616706798519432,0.03867346942564931,True,0.02483358207185246,2.4833582071852462
2025-08-23,BTCUSDT,116936.0,117030.0,114560.0,115438.05,11329.36197,288,288,0.00010583546132691903,-0.01289266863907022,True,0.01028763633333328,1.028763633333328
2025-08-24,BTCUSDT,115438.06,115666.68,110680.0,113493.59,21175.98462,288,288,0.00044333244515053856,-0.01698766287533846,True,0.021055461171642347,2.1055461171642347
2025-08-25,BTCUSDT,113493.59,113667.28,109274.1,110111.98,25182.79379,288,288,0.0006554891503806384,-0.030248511573909093,True,0.025602522344109736,2.5602522344109735
2025-08-26,BTCUSDT,110111.98,112371.0,108666.66,111763.22,18452.43877,288,288,0.0004943493540815508,0.014884678291290051,True,0.022233968473521562,2.223396847352156
2025-08-27,BTCUSDT,111763.22,112625.0,110345.42,111262.01,13392.60875,288,288,0.0003098108763366506,-0.004494655997298283,True,0.01760144529113023,1.760144529113023
2025-08-28,BTCUSDT,111262.01,113485.9,110862.42,112566.9,11104.27744,288,288,0.00022509506696926653,0.011659841291182598,True,0.015003168564315557,1.5003168564315557
2025-08-29,BTCUSDT,112566.9,112638.64,107463.9,108377.4,22580.31045,288,288,0.0003343495931550669,-0.03792813138276356,True,0.018285228824246824,1.8285228824246824
2025-08-30,BTCUSDT,108377.4,108926.15,107350.1,108816.33,10708.39159,288,288,0.0001089915385104194,0.004041834886720446,True,0.010439901269189254,1.0439901269189253
2025-08-31,BTCUSDT,108816.33,109480.02,108076.93,108246.35,9489.51596,288,288,0.00010331012348968922,-0.005251767001620157,True,0.01016415876940582,1.016415876940582
2025-09-01,BTCUSDT,108246.36,109912.4,107255.0,109237.42,16053.60219,288,288,0.0003531960326797381,0.009114030534834972,True,0.018793510387358135,1.8793510387358134
2025-09-02,BTCUSDT,109237.43,111771.52,108393.39,111240.01,18510.28756,288,288,0.00038224104283996195,0.018166440657324066,True,0.01955098572553215,1.955098572553215
2025-09-03,BTCUSDT,111240.01,112575.27,110528.71,111705.71,11773.72084,288,288,0.0002799291934154082,0.004177704576072562,True,0.01673108464551561,1.673108464551561
2025-09-04,BTCUSDT,111705.72,112180.0,109329.12,110730.87,12203.13536,288,288,0.00025043688125796725,-0.008765161209067951,True,0.01582519766884342,1.582519766884342
2025-09-05,BTCUSDT,110730.87,113384.62,110206.96,110659.99,21587.40888,288,288,0.0003193392001236173,-0.0006403155254173439,True,0.017870064357008268,1.7870064357008268
2025-09-06,BTCUSDT,110660.0,111307.7,109977.0,110187.97,5000.29897,288,288,5.710850070569353e-05,-0.004274621497469175,True,0.007557016653792258,0.7557016653792258
2025-09-07,BTCUSDT,110187.98,111600.0,110180.0,111137.34,5681.29944,288,288,7.24568809488334e-05,0.00857900818253806,True,0.00851216076850252,0.851216076850252
2025-09-08,BTCUSDT,111137.35,112924.37,110621.78,112065.23,11582.40211,288,288,0.0001709831991905137,0.008314378685943213,True,0.013076054419836043,1.3076054419836043
2025-09-09,BTCUSDT,112065.23,113293.29,110766.66,111546.39,15379.28248,288,288,0.000224169694724897,-0.004640554288637168,True,0.014972297576687988,1.4972297576687987
2025-09-10,BTCUSDT,111546.38,114313.13,110917.45,113960.0,17517.41823,288,288,0.0002713387271452317,0.02140695144426315,True,0.016472362524702754,1.6472362524702755
2025-09-11,BTCUSDT,113960.0,115488.09,113430.0,115482.69,13676.73119,288,288,0.00020353902519960605,0.013273138970620007,True,0.014266710384654413,1.4266710384654413
2025-09-12,BTCUSDT,115482.69,116665.63,114740.99,116029.42,15324.10719,288,288,0.00018266344793745374,0.004723131039401067,True,0.013515304211798333,1.3515304211798334
2025-09-13,BTCUSDT,116029.41,116298.78,115127.27,115918.29,8269.40394,288,288,5.375744099662843e-05,-0.0009582332889032866,True,0.0073319466035036305,0.7331946603503631
2025-09-14,BTCUSDT,115918.29,116165.19,115135.0,115268.01,6707.60197,288,288,7.135192026349884e-05,-0.00562560770231671,True,0.008447006585974633,0.8447006585974633
2025-09-15,BTCUSDT,115268.01,116757.99,114384.0,115349.71,13212.51149,288,288,0.00021690018046846373,0.0007085318805319337,True,0.014727531377269705,1.4727531377269705
2025-09-16,BTCUSDT,115349.71,116964.27,114737.11,116788.96,10926.9094,288,288,0.00015233025312546425,0.012400074849790395,True,0.012342214271574782,1.2342214271574783
2025-09-17,BTCUSDT,116788.96,117286.73,114720.81,116447.59,16754.2454,288,288,0.0003032284591844593,-0.0029272448401415243,True,0.017413456267624163,1.7413456267624163
2025-09-18,BTCUSDT,116447.6,117900.0,116092.76,117073.53,11657.23365,288,288,0.00015666777206884043,0.005360898398271384,True,0.012516699727517651,1.251669972751765
2025-09-19,BTCUSDT,117073.53,117459.99,115100.0,115632.38,8992.09065,288,288,9.451558960231447e-05,-0.012386178114208427,True,0.009721912857165223,0.9721912857165224
2025-09-20,BTCUSDT,115632.39,116121.81,115408.47,115685.63,4674.92752,288,288,2.4797878968978334e-05,0.00046040514476605114,True,0.00497974687800277,0.497974687800277
2025-09-21,BTCUSDT,115685.63,115819.06,115188.0,115232.29,4511.52219,288,288,3.9727191993429063e-05,-0.003926421842190197,True,0.0063029510543418515,0.6302951054341852
2025-09-22,BTCUSDT,115232.29,115379.25,111800.0,112650.99,20781.71356,288,288,0.0003740410842736241,-0.02265554900340866,True,0.01934014178525132,1.9340141785251321
2025-09-23,BTCUSDT,112650.99,113290.5,111458.73,111998.8,12301.3203,288,288,0.00016817237916172363,-0.005806298169946669,True,0.01296812936246873,1.296812936246873
2025-09-24,BTCUSDT,111998.8,113940.0,111042.66,113307.0,12369.25967,288,288,0.000164094883499944,0.011612792050812368,True,0.012809952517474216,1.2809952517474215
2025-09-25,BTCUSDT,113307.01,113510.23,108631.51,108994.49,21231.14957,288,288,0.00041142340469033887,-0.03880361851008254,True,0.02028357475126953,2.028357475126953
2025-09-26,BTCUSDT,108994.49,110300.0,108620.07,109643.46,14243.01591,288,288,0.0002768402888628423,0.005936498269547965,True,0.01663851822918262,1.663851822918262
2025-09-27,BTCUSDT,109643.46,109743.91,109064.4,109635.85,5501.78643,288,288,3.3970332473840215e-05,-6.94091932621271e-05,True,0.005828407370271935,0.5828407370271935
2025-09-28,BTCUSDT,109635.85,112350.0,109189.99,112163.95,7542.3316,288,288,9.579222479726299e-05,0.022797220643521292,True,0.009787350243925217,0.9787350243925217
2025-09-29,BTCUSDT,112163.96,114400.0,111560.65,114311.96,15541.12005,288,288,0.0001952833289000927,0.018969562034569034,True,0.013974381163403719,1.397438116340372
2025-09-30,BTCUSDT,114311.97,114792.0,112656.27,114048.93,15044.15633,288,288,0.00018363660958427533,-0.002303635410767073,True,0.013551258597793613,1.3551258597793614
2025-10-01,BTCUSDT,114048.94,118649.1,113966.67,118594.99,20036.39516,288,288,0.0002658811740576429,0.03908667600199864,True,0.01630586318039137,1.630586318039137
2025-10-02,BTCUSDT,118594.99,121022.07,118279.31,120529.35,19670.83503,288,288,0.0002646695366809016,0.016179048899136763,True,0.016268667329591,1.6268667329591
2025-10-03,BTCUSDT,120529.35,123894.99,119248.3,122232.0,23936.328,288,288,0.0004023771534121162,0.014027586512955444,True,0.020059340802033258,2.0059340802033256
2025-10-04,BTCUSDT,122232.21,122800.0,121510.0,122391.0,8208.16678,288,288,7.934084586155831e-05,0.0012999597126284064,True,0.008907347857895655,0.8907347857895656
2025-10-05,BTCUSDT,122390.99,125708.42,122136.0,123482.31,22043.097553,288,288,0.0004552881199810153,0.008877068978928938,True,0.021337481575411266,2.1337481575411266
2025-10-06,BTCUSDT,123482.32,126199.63,123084.0,124658.54,19494.628793,288,288,0.00033105136484329735,0.00948041251390354,True,0.018194816977460844,1.8194816977460844
2025-10-07,BTCUSDT,124658.54,125126.0,120574.94,121332.95,21633.99385,288,288,0.0003926475691522294,-0.027039899832890645,True,0.019815336715590513,1.9815336715590512
2025-10-08,BTCUSDT,121332.96,124197.25,121066.14,123306.0,17012.618,288,288,0.0003391687458609905,0.016130651163857535,True,0.018416534577954412,1.841653457795441
2025-10-09,BTCUSDT,123306.01,123762.94,119651.47,121662.4,21559.36007,288,288,0.00033177821229029463,-0.013419074980521322,True,0.01821478005056044,1.8214780050560442
2025-10-10,BTCUSDT,121662.41,122550.0,102000.0,112774.5,64171.93927,288,288,0.010177196932356945,-0.07585974612842407,True,0.10088209421080108,10.088209421080109
2025-10-11,BTCUSDT,112774.49,113322.39,109561.59,110644.4,35448.51652,288,288,0.0008122346955342659,-0.019068794493196272,True,0.028499731499336375,2.8499731499336374
2025-10-12,BTCUSDT,110644.4,115770.0,109565.06,114958.8,32255.30272,288,288,0.0008057076443291553,0.03825234811823149,True,0.028384989771517537,2.8384989771517537
2025-10-13,BTCUSDT,114958.81,115963.81,113616.5,115166.0,22557.24033,288,288,0.0005011437966111635,0.0018007625079192312,True,0.02238624123454323,2.238624123454323
2025-10-14,BTCUSDT,115166.0,115409.96,109866.0,113028.14,31870.32974,288,288,0.0006464461820389298,-0.018737751551800408,True,0.025425305937961294,2.5425305937961293
2025-10-15,BTCUSDT,113028.13,113612.35,110164.0,110763.28,22986.48811,288,288,0.0005051928677941716,-0.020241502815850746,True,0.022476495896695543,2.2476495896695545
2025-10-16,BTCUSDT,110763.28,111982.45,107427.0,108194.28,29857.17252,288,288,0.001002965715843624,-0.023466811492918162,True,0.03166963397078697,3.1669633970786966
2025-10-17,BTCUSDT,108194.27,109240.0,103528.23,106431.68,37920.66838,288,288,0.0008658708763451212,-0.016425222998890026,True,0.029425683957133793,2.9425683957133795
2025-10-18,BTCUSDT,106431.68,107499.0,106322.2,107185.01,11123.18766,288,288,0.00017639293335555944,0.007053129818340156,True,0.013281300137997012,1.3281300137997012
2025-10-19,BTCUSDT,107185.0,109450.07,106103.36,108642.78,15480.66423,288,288,0.00035379330899840936,0.013508845814878951,True,0.018809394168829822,1.8809394168829823
2025-10-20,BTCUSDT,108642.77,111705.56,107402.52,110532.09,19193.4416,288,288,0.00045865185672641504,0.017240633452996763,True,0.02141615877617681,2.141615877617681
2025-10-21,BTCUSDT,110532.09,114000.0,107473.72,108297.67,37228.01659,288,288,0.0010993202891090286,-0.020422246574193136,True,0.03315599929287351,3.315599929287351
2025-10-22,BTCUSDT,108297.66,109163.88,106666.69,107567.44,28610.78451,288,288,0.0006578716928224877,-0.006765639759505191,True,0.025649009587554988,2.5649009587554987
2025-10-23,BTCUSDT,107567.45,111293.61,107500.0,110078.18,17573.09294,288,288,0.0005514419003189022,0.023072840914214444,True,0.02348280009536559,2.348280009536559
2025-10-24,BTCUSDT,110078.19,112104.98,109700.01,111004.89,15005.16913,288,288,0.00032993690513305625,0.008383413777914125,True,0.018164165412510872,1.8164165412510873
2025-10-25,BTCUSDT,111004.9,111943.19,110672.86,111646.27,6407.96864,288,288,7.979931754849434e-05,0.0057613153607317495,True,0.00893304637559295,0.8933046375592949
2025-10-26,BTCUSDT,111646.27,115466.8,111260.45,114559.4,13454.47737,288,288,0.0002955200763525242,0.025757896011682095,True,0.017190697378306797,1.7190697378306796
2025-10-27,BTCUSDT,114559.41,116400.0,113830.01,114107.65,21450.23241,288,288,0.0002488603938279508,-0.003951164697453914,True,0.01577530962700735,1.577530962700735
2025-10-28,BTCUSDT,114107.65,116086.0,112211.0,112898.45,15523.42257,288,288,0.0003811793125366279,-0.010653558973310863,True,0.01952381398540326,1.952381398540326
2025-10-29,BTCUSDT,112898.44,113643.73,109200.0,110021.29,21079.71376,288,288,0.0008640076467543391,-0.025814849578231876,True,0.029394006987043107,2.939400698704311
2025-10-30,BTCUSDT,110021.3,111592.0,106304.34,108322.88,25988.82838,288,288,0.0008735577856263842,-0.01555749582120303,True,0.029556010989752732,2.955601098975273
2025-10-31,BTCUSDT,108322.87,111190.0,108275.28,109608.01,21518.20439,288,288,0.0006767228482606744,0.011794059086766243,True,0.026013897214002258,2.601389721400226
2025-11-01,BTCUSDT,109608.01,110564.49,109394.81,110098.1,7378.50431,288,288,0.00011364304613064415,0.0044613307556564405,True,0.010660349249937553,1.0660349249937553
2025-11-02,BTCUSDT,110098.1,111250.01,109471.34,110540.68,12107.00087,288,288,0.00018350617308739568,0.004011811464844146,True,0.013546445035041321,1.3546445035041321
2025-11-03,BTCUSDT,110540.69,110750.0,105306.56,106583.04,28681.18779,288,288,0.0006951711558376185,-0.03645919836858088,True,0.026366098608584822,2.6366098608584823
2025-11-04,BTCUSDT,106583.05,107299.0,98944.36,101497.22,50534.87376,288,288,0.0014412498922190262,-0.048892990692746205,True,0.03796379712593336,3.7963797125933363
2025-11-05,BTCUSDT,101497.23,104534.74,98966.8,103885.16,33778.77571,288,288,0.0008021269361279575,0.02325464931597851,True,0.02832184556359203,2.832184556359203
2025-11-06,BTCUSDT,103885.16,104200.0,100300.95,101346.04,25814.62139,288,288,0.0007777574109403342,-0.024745258646477475,True,0.027888302403343487,2.788830240334349
2025-11-07,BTCUSDT,101346.04,104096.36,99260.86,103339.08,32059.50942,288,288,0.0008814650529055381,0.019474820554276618,True,0.02968947714099287,2.968947714099287
2025-11-08,BTCUSDT,103339.09,103406.22,101454.0,102312.94,12390.77985,288,288,0.0002729399629141336,-0.009979464496075409,True,0.0165208947370938,1.65208947370938
2025-11-09,BTCUSDT,102312.95,105495.62,101400.0,104722.96,16338.97096,288,288,0.0003758899261132665,0.023282231382076576,True,0.019387880908270157,1.9387880908270156
2025-11-10,BTCUSDT,104722.95,106670.11,104265.02,106011.13,22682.25673,288,288,0.00045886668509357225,0.012225701545984926,True,0.021421173756206082,2.142117375620608
2025-11-11,BTCUSDT,106011.13,107500.0,102476.09,103058.99,24196.50718,288,288,0.0005860420155159178,-0.028242545864333526,True,0.02420830468074784,2.420830468074784
2025-11-12,BTCUSDT,103059.0,105333.33,100813.59,101654.37,20457.63906,288,288,0.0005180157043355113,-0.013723012931128964,True,0.022759958355311447,2.2759958355311447
2025-11-13,BTCUSDT,101654.37,104085.01,98000.4,99692.02,36198.50771,288,288,0.0009121219148816569,-0.019492896160437614,True,0.030201356176199387,3.0201356176199385
2025-11-14,BTCUSDT,99692.03,99866.02,94012.45,94594.0,47288.14481,288,288,0.0016894925251368458,-0.052491584544810774,True,0.04110343690175854,4.1103436901758545
2025-11-15,BTCUSDT,94594.0,96846.68,94558.49,95596.24,15110.89391,288,288,0.00046329295656808984,0.010539439640717376,True,0.021524241138030625,2.1524241138030624
2025-11-16,BTCUSDT,95596.23,96635.11,93005.55,94261.44,23889.4051,288,288,0.0007654146882387471,-0.01406129046736434,True,0.027666128898686696,2.7666128898686697
2025-11-17,BTCUSDT,94261.45,96043.0,91220.0,92215.14,39218.59806,288,288,0.0009185682701796052,-0.02194787294779228,True,0.030307891219608224,3.0307891219608223
2025-11-18,BTCUSDT,92215.14,93836.01,89253.78,92960.83,39835.14769,288,288,0.0011654507038766084,0.008053896310369367,True,0.03413869804015098,3.413869804015098
2025-11-19,BTCUSDT,92960.83,92980.22,88608.0,91554.96,32286.6376,288,288,0.0009316076483509501,-0.015238773937442572,True,0.03052224841572046,3.052224841572046
2025-11-20,BTCUSDT,91554.96,93160.0,86100.0,86637.23,39733.19073,288,288,0.0010680614143840157,-0.055209816891895115,True,0.03268120888804476,3.268120888804476
2025-11-21,BTCUSDT,86637.22,87498.94,80600.0,85129.43,72256.12679,288,288,0.003068903402393622,-0.01755682657424134,True,0.055397684088720006,5.539768408872001
2025-11-22,BTCUSDT,85129.42,85620.0,83500.0,84739.74,14193.93263,288,288,0.0005279225961393426,-0.004588127246522065,True,0.022976566239091136,2.2976566239091136
2025-11-23,BTCUSDT,84739.75,88127.64,84667.57,86830.0,19734.46418,288,288,0.0005066034046935502,0.02436750708748731,True,0.022507852067524127,2.2507852067524126
2025-11-24,BTCUSDT,86830.0,89228.0,85272.0,88300.01,24663.12795,288,288,0.0009460216940497963,0.01678803678763761,True,0.030757465663636793,3.075746566363679
2025-11-25,BTCUSDT,88300.01,88519.99,86116.0,87369.96,19567.0411,288,288,0.0007255005494917636,-0.010588704373344224,True,0.026935117402598484,2.6935117402598485
2025-11-26,BTCUSDT,87369.97,90656.08,86306.77,90484.02,21675.82239,288,288,0.0006406215808375872,0.03502174404227099,True,0.025310503369897392,2.5310503369897392
2025-11-27,BTCUSDT,90484.01,91950.0,90089.91,91333.95,16833.50932,288,288,0.0003788576365778768,0.009349308992865128,True,0.019464265631610068,1.9464265631610067
2025-11-28,BTCUSDT,91333.94,93092.0,90180.63,90890.7,18830.86012,288,288,0.000457850049810129,-0.004864883803623971,True,0.021397430916120022,2.139743091612002
2025-11-29,BTCUSDT,90890.71,91165.65,90155.47,90802.44,7429.88291,288,288,0.0001465828879278197,-0.000971528225469149,True,0.01210714202146071,1.2107142021460708
2025-11-30,BTCUSDT,90802.44,92000.01,90336.9,90360.0,9687.74175,288,288,0.00019112741858913138,-0.004884465893089152,True,0.013824884035286929,1.3824884035286928
2025-12-01,BTCUSDT,90360.01,90417.0,83822.76,86286.01,34509.01227,288,288,0.0012423718229865558,-0.04613421557385619,True,0.035247295257743616,3.5247295257743616
2025-12-02,BTCUSDT,86286.01,92307.65,86184.39,91277.88,28210.227319999998,288,288,0.0007719541929020655,0.05624100401714555,True,0.027784063649906675,2.7784063649906674
2025-12-03,BTCUSDT,91277.88,94150.0,90990.23,93429.95,25712.525849999998,288,288,0.001114338702187236,0.02330347760161494,True,0.03338171209191099,3.3381712091910987
2025-12-04,BTCUSDT,93429.95,94080.0,90889.0,92078.06,19803.94059,288,288,0.0006905638595353752,-0.014575262088998127,True,0.026278581764154915,2.6278581764154914
2025-12-05,BTCUSDT,92078.06,92692.36,88056.0,89330.04,19792.97218,288,288,0.0006231007040730233,-0.030298870064161994,True,0.024961985178928045,2.4961985178928043
2025-12-06,BTCUSDT,89330.04,90289.97,88908.01,89236.79,8409.50016,288,288,0.00015550503165211825,-0.0010444269910212397,True,0.012470165662577151,1.247016566257715
2025-12-07,BTCUSDT,89236.8,91760.0,87719.28,90395.31,13021.11185,288,288,0.000603024509487363,0.012898987020788568,True,0.02455655736228845,2.4556557362288447
2025-12-08,BTCUSDT,90395.32,92287.15,89612.0,90634.34,15793.63887,288,288,0.0005774461488537116,0.0026407844119590023,True,0.024030109214352554,2.4030109214352553
2025-12-09,BTCUSDT,90634.35,94588.99,89500.0,92678.8,21240.43014,288,288,0.0007053233866799652,0.022306581769778747,True,0.02655792512000825,2.655792512000825
2025-12-10,BTCUSDT,92678.81,94476.0,91563.15,92015.37,18998.68083,288,288,0.0008596674900654953,-0.007184123390462216,True,0.02932008680180697,2.932008680180697
2025-12-11,BTCUSDT,92015.38,93555.0,89260.63,92513.38,19972.58758,288,288,0.0006440389922727244,0.005397654393829256,True,0.025377923324667925,2.5377923324667924
2025-12-12,BTCUSDT,92513.38,92754.0,89480.0,90268.42,16679.19169,288,288,0.0005204344306126442,-0.024565606595955275,True,0.022813032034621004,2.2813032034621004
2025-12-13,BTCUSDT,90268.43,90634.55,89766.39,90240.01,5895.70788,288,288,6.37774574411966e-05,-0.0003147775451208698,True,0.007986078977896261,0.7986078977896262
2025-12-14,BTCUSDT,90240.0,90472.4,87577.36,88172.17,9416.94004,288,288,0.0002510295616476469,-0.023181518223392178,True,0.015843912447613653,1.5843912447613653
2025-12-15,BTCUSDT,88172.16,90052.64,85146.64,86432.08,19778.6919,288,288,0.0007280144235164544,-0.01993247714905936,True,0.026981742410683088,2.6981742410683087
2025-12-16,BTCUSDT,86432.08,88175.98,85266.0,87863.42,18456.05017,288,288,0.0004479612092655836,0.016424660160555927,True,0.02116509412371189,2.116509412371189
2025-12-17,BTCUSDT,87863.43,90365.85,85314.0,86243.22,19834.11729,288,288,0.0012607246307747117,-0.018612119227457664,True,0.035506684311192895,3.5506684311192895
2025-12-18,BTCUSDT,86243.23,89477.61,84450.01,85516.41,25405.41763,288,288,0.0011824883362509169,-0.008463156774886665,True,0.0343873281348074,3.4387328134807404
2025-12-19,BTCUSDT,85516.41,89399.97,85110.24,88136.94,21256.65004,288,288,0.0008940303605368802,0.030183453965176993,True,0.029900340475266834,2.9900340475266836
2025-12-20,BTCUSDT,88136.95,88573.07,87795.76,88360.9,5123.13194,288,288,6.723358363186926e-05,0.002537822788109807,True,0.00819960874870681,0.819960874870681
2025-12-21,BTCUSDT,88360.91,89081.77,87600.04,88658.86,7132.87258,288,288,0.0001789853170835361,0.0033664070202210766,True,0.01337853942265508,1.337853942265508
2025-12-22,BTCUSDT,88658.87,90588.23,87900.0,88620.79,14673.2197,288,288,0.0005357288802493903,-0.00042949092673831167,True,0.023145817770158613,2.3145817770158614
2025-12-23,BTCUSDT,88620.79,88940.0,86601.9,87486.0,13910.32904,288,288,0.0004715634790062475,-0.012887699635667946,True,0.02171551240487425,2.171551240487425
2025-12-24,BTCUSDT,87486.0,88049.89,86420.0,87669.45,9140.8432,288,288,0.00026750558055401374,0.002094711492890369,True,0.016355597835420562,1.6355597835420561
2025-12-25,BTCUSDT,87669.44,88592.74,86934.72,87225.27,7096.58235,288,288,0.0001764509134175814,-0.005079409544225723,True,0.01328348272922359,1.328348272922359
2025-12-26,BTCUSDT,87225.27,89567.75,86655.08,87369.56,18344.61505,288,288,0.00039483044764322705,0.0016528557328915109,True,0.019870340904051622,1.9870340904051622
2025-12-27,BTCUSDT,87369.56,87984.0,87253.05,87877.01,4469.55156,288,288,3.966306285008882e-05,0.00579128502519609,True,0.0062978617680994565,0.6297861768099456
2025-12-28,BTCUSDT,87877.0,88088.75,87435.0,87952.71,4446.29285,288,288,5.460908401711832e-05,0.0008610604018147187,True,0.007389795938800903,0.7389795938800903
2025-12-29,BTCUSDT,87952.71,90406.08,86806.5,87237.13,19894.98575,288,288,0.0004350291410774976,-0.008169240631806884,True,0.020857352206775853,2.085735220677585
2025-12-30,BTCUSDT,87237.13,89400.0,86845.66,88485.49,13105.91001,288,288,0.00031287892370770315,0.01420854073060447,True,0.01768838386364631,1.7688383863646309
2025-12-31,BTCUSDT,88485.5,89200.0,87250.0,87648.22,11558.62047,288,288,0.0001805041376130478,-0.009507280651888727,True,0.013435182827674799,1.3435182827674799
