date,symbol,open,high,low,close,volume,number_of_bars,number_of_valid_returns,realized_variance,daily_log_return,complete,realized_volatility,realized_volatility_percent
2020-01-01,ETHUSDT,129.16,133.05,128.68,130.77,144770.52197,288,287,,,False,,
2020-01-02,ETHUSDT,130.72,130.78,126.38,127.19,213757.05806,288,288,0.0005080764402614101,-0.027758023455018366,True,0.022540551019471777,2.254055101947178
2020-01-03,ETHUSDT,127.19,135.14,125.88,134.35,413055.18895,288,288,0.0014804398345689294,0.05476630359810815,True,0.038476484176298245,3.8476484176298245
2020-01-04,ETHUSDT,134.37,135.85,132.5,134.2,184276.17102,288,288,0.000687733434538356,-0.0011171105239189284,True,0.026224672248444898,2.6224672248444896
2020-01-05,ETHUSDT,134.2,138.19,134.19,135.37,254120.45343,288,288,0.0006324483395156316,0.008680545660113536,True,0.025148525593275475,2.5148525593275477
2020-01-06,ETHUSDT,135.37,144.41,134.86,144.15,408020.27375,288,288,0.001096696572269745,0.06284265388671689,True,0.033116409410890925,3.3116409410890926
2020-01-07,ETHUSDT,144.14,145.31,138.76,142.8,447762.17281,288,288,0.0008416227459364797,-0.009409374178927028,True,0.02901073501199995,2.901073501199995
2020-01-08,ETHUSDT,142.8,147.77,137.03,140.72,570465.57764,288,288,0.0016166847517415529,-0.0146729494761807,True,0.04020801850056221,4.020801850056221
2020-01-09,ETHUSDT,140.76,141.5,135.3,137.74,366076.06569,288,288,0.0009244871777549433,-0.021404250312752962,True,0.030405380736885097,3.0405380736885097
2020-01-10,ETHUSDT,137.73,145.17,135.32,144.84,409403.59507,288,288,0.001446733311598482,0.050261834780888574,True,0.038035947623248224,3.8035947623248223
2020-01-11,ETHUSDT,144.83,148.05,142.09,142.38,368350.57939,288,288,0.0017902897771436054,-0.017130145221713532,True,0.0423118160463907,4.23118160463907
2020-01-12,ETHUSDT,142.4,146.6,141.76,146.54,229541.86137,288,288,0.0007740160342695165,0.02879888905609067,True,0.027821143654952727,2.7821143654952727
2020-01-13,ETHUSDT,146.56,147.0,142.27,143.58,207996.61865,288,288,0.0004748411690977324,-0.020406057583480346,True,0.021790850582245117,2.1790850582245116
2020-01-14,ETHUSDT,143.58,171.7,143.51,165.64,1108476.31186,288,288,0.006305646289770175,0.14292438752902958,True,0.07940809964839969,7.9408099648399695
2020-01-15,ETHUSDT,165.6,171.98,159.2,166.4,721687.80381,288,288,0.0035376042814619932,0.004577769709742294,True,0.05947776291574855,5.947776291574855
2020-01-16,ETHUSDT,166.4,167.4,157.8,164.21,456170.86719,288,288,0.002502067672592805,-0.0132484318833621,True,0.050020672452425155,5.0020672452425154
2020-01-17,ETHUSDT,164.24,174.81,162.14,169.85,767180.67853,288,288,0.0028783818323172574,0.033769598102847194,True,0.05365055295444081,5.365055295444081
2020-01-18,ETHUSDT,169.92,179.5,164.92,174.14,688783.17982,288,288,0.0027724704221317904,0.024943878793876616,True,0.052654253599607605,5.26542535996076
2020-01-19,ETHUSDT,174.1,178.05,161.66,166.79,624681.28604,288,288,0.003335314285353406,-0.043124037311389016,True,0.0577521799186265,5.77521799186265
2020-01-20,ETHUSDT,166.79,169.33,161.24,166.87,358092.8841,288,288,0.0009479963848792416,0.0004795300697305807,True,0.030789549929793415,3.0789549929793414
2020-01-21,ETHUSDT,166.86,170.32,164.8,169.49,308007.6353,288,288,0.0009244006739617735,0.015578861871150852,True,0.030403958195632578,3.040395819563258
2020-01-22,ETHUSDT,169.48,171.47,166.03,168.07,272240.90286,288,288,0.00048801329149812916,-0.008413368741486776,True,0.022091022871250872,2.2091022871250874
2020-01-23,ETHUSDT,168.07,168.2,159.21,162.81,373414.34985,288,288,0.0010267119826778506,-0.03179668254505236,True,0.03204234670990642,3.2042346709906417
2020-01-24,ETHUSDT,162.85,164.45,155.55,162.54,430013.19902,288,288,0.0013462370446668194,-0.0016597514183649307,True,0.036691103072363736,3.6691103072363735
2020-01-25,ETHUSDT,162.51,162.79,157.61,160.35,219921.65197,288,288,0.00091320753419977,-0.013565199185894581,True,0.030219323854113116,3.021932385411312
2020-01-26,ETHUSDT,160.36,168.08,159.41,167.86,251582.55758,288,288,0.0007231347057089543,0.045771372515518216,True,0.026891164082444522,2.6891164082444523
2020-01-27,ETHUSDT,167.91,172.56,165.22,170.08,365894.81917,288,288,0.0008938546851762577,0.013138615938957163,True,0.029897402649331557,2.9897402649331557
2020-01-28,ETHUSDT,170.04,176.2,170.03,175.64,473433.89609,288,288,0.0010076522064865925,0.03216753109987803,True,0.03174353802723623,3.1743538027236227
2020-01-29,ETHUSDT,175.58,178.45,173.33,173.72,317382.90161,288,288,0.0008729052657112724,-0.010991638026895127,True,0.029544970226948485,2.9544970226948486
2020-01-30,ETHUSDT,173.68,187.0,170.93,184.69,477721.6609,288,288,0.0014075765720647207,0.06123393622119759,True,0.03751768345813372,3.751768345813372
2020-01-31,ETHUSDT,184.71,185.82,175.22,179.99,385596.53365,288,288,0.0011648086437973252,-0.02577745009643142,True,0.03412929304567156,3.412929304567156
2020-02-01,ETHUSDT,179.94,184.28,179.23,183.6,259370.12902,288,288,0.0008451647262065256,0.019858184395002927,True,0.02907171694631271,2.907171694631271
2020-02-02,ETHUSDT,183.63,193.43,179.1,188.44,552621.13619,288,288,0.0011166941387870835,0.02602017564545117,True,0.03341697381252652,3.341697381252652
2020-02-03,ETHUSDT,188.48,195.19,186.62,189.69,417175.95781,288,288,0.0013278565291294352,0.006611506906790687,True,0.03643976576666534,3.643976576666534
2020-02-04,ETHUSDT,189.74,191.6,184.69,188.91,366389.69686,288,288,0.0008584280517611143,-0.004120449569869322,True,0.02929894284374633,2.929894284374633
2020-02-05,ETHUSDT,188.91,207.61,188.19,203.78,550942.11417,288,288,0.001335666408928155,0.07577026937737888,True,0.036546770157267726,3.6546770157267727
2020-02-06,ETHUSDT,203.78,216.33,201.02,213.19,608240.2233,288,288,0.0027292645512105415,0.04514280633031125,True,0.052242363568377546,5.224236356837754
2020-02-07,ETHUSDT,213.16,225.0,213.14,223.33,629361.15466,288,288,0.0015113768506666099,0.04646671135593317,True,0.03887643052887713,3.8876430528877135
2020-02-08,ETHUSDT,223.36,227.75,213.22,223.05,548551.87465,288,288,0.0014832223629823807,-0.0012545366581100462,True,0.038512626020337545,3.8512626020337546
2020-02-09,ETHUSDT,223.01,230.65,222.86,228.49,350336.24399,276,275,,,False,,
2020-02-10,ETHUSDT,228.53,229.4,216.37,222.89,510415.49949,288,288,0.001313207998349886,-0.024814069482351236,True,0.03623821185364816,3.623821185364816
2020-02-11,ETHUSDT,222.89,239.15,218.17,236.69,595576.90276,288,288,0.0014084295019302713,0.060072891838618435,True,0.03752904877465283,3.752904877465283
2020-02-12,ETHUSDT,236.69,275.34,236.69,265.74,1038073.74782,288,288,0.004052072484902844,0.11576711910644133,True,0.06365589120342943,6.3655891203429436
2020-02-13,ETHUSDT,265.74,277.69,256.08,268.32,1089679.1537,288,288,0.005899344087854607,0.009661910911737336,True,0.07680718773561891,7.680718773561892
2020-02-14,ETHUSDT,268.34,287.15,260.28,285.15,734944.32266,288,288,0.0017573204293622829,0.0608350595276504,True,0.041920405882604275,4.1920405882604275
2020-02-15,ETHUSDT,285.11,288.41,261.86,264.88,860813.14274,288,288,0.003976502122089056,-0.07373846436355752,True,0.06305951254243135,6.305951254243134
2020-02-16,ETHUSDT,264.91,274.0,237.41,258.85,1110118.46395,288,288,0.005728928100309246,-0.023028149891079742,True,0.0756896829185408,7.5689682918540795
2020-02-17,ETHUSDT,258.89,268.77,242.0,267.85,1110371.39094,288,288,0.005905686863187411,0.03417837897905944,True,0.07684846688898492,7.684846688898491
2020-02-18,ETHUSDT,267.9,285.88,258.0,282.61,1115523.43992,288,288,0.003397531897399212,0.053640733001573425,True,0.05828835130108941,5.828835130108941
2020-02-19,ETHUSDT,282.64,285.0,251.56,258.45,705973.72988,218,217,,,False,,
2020-02-20,ETHUSDT,258.44,264.33,245.34,256.96,972969.71691,288,288,0.004358778041885741,-0.005781820883651083,True,0.0660210424174425,6.60210424174425
2020-02-21,ETHUSDT,256.97,268.24,253.61,265.27,525827.8734,288,288,0.0017687044567092744,0.031827744458720365,True,0.04205596814614157,4.205596814614157
2020-02-22,ETHUSDT,265.32,266.81,256.0,261.57,313062.52133,288,288,0.0009776356445879192,-0.01404624110928201,True,0.031267165598882145,3.1267165598882145
2020-02-23,ETHUSDT,261.55,275.68,261.02,274.48,444740.82883,288,288,0.000929239656454018,0.04817646444236157,True,0.03048343249133893,3.048343249133893
2020-02-24,ETHUSDT,274.5,277.2,257.09,265.52,696591.72983,288,288,0.001955148793433683,-0.03318823113847439,True,0.044217064504936135,4.421706450493613
2020-02-25,ETHUSDT,265.47,266.22,244.44,246.67,774791.01027,288,288,0.002704694876214038,-0.07363875645940676,True,0.05200668107285869,5.200668107285869
2020-02-26,ETHUSDT,246.67,250.32,215.66,223.93,1395879.41507,288,288,0.004999053146448753,-0.09671790793557322,True,0.07070398253598416,7.070398253598416
2020-02-27,ETHUSDT,223.98,238.3,210.0,227.79,1273793.11658,288,288,0.005436101504361781,0.01709064887651224,True,0.07372992272043814,7.372992272043814
2020-02-28,ETHUSDT,227.73,234.67,214.01,226.76,1054994.92397,288,288,0.004658394872563541,-0.0045319624371493745,True,0.06825243492040076,6.825243492040076
2020-02-29,ETHUSDT,226.76,233.0,217.0,217.21,546866.6851,288,288,0.0021599090821466955,-0.04302756194049999,True,0.04647482202383023,4.6474822023830225
2020-03-01,ETHUSDT,217.29,227.89,212.36,217.81,715016.01941,288,288,0.002621408467378932,0.0027584956115343827,True,0.05119969206332136,5.119969206332136
2020-03-02,ETHUSDT,217.81,234.4,216.07,231.97,810051.4833,288,288,0.0017819269993995567,0.06298492983304224,True,0.04221287717509382,4.221287717509382
2020-03-03,ETHUSDT,232.1,232.46,219.57,223.91,741498.54825,288,288,0.0019041949981404925,-0.035363867556930086,True,0.04363708283261488,4.363708283261488
2020-03-04,ETHUSDT,223.84,228.85,220.23,224.26,443780.33772,263,262,,,False,,
2020-03-05,ETHUSDT,224.26,234.09,224.23,228.38,601479.87587,288,288,0.0008947005317199115,0.01820481524076816,True,0.029911545124247787,2.9911545124247785
2020-03-06,ETHUSDT,228.38,245.16,227.33,244.88,628147.3257,288,288,0.0009909807058829532,0.06975738636365512,True,0.031479846026989285,3.1479846026989287
2020-03-07,ETHUSDT,244.93,251.93,236.0,237.23,633748.89662,288,288,0.001423957314567241,-0.03173815996288352,True,0.03773535894313503,3.773535894313503
2020-03-08,ETHUSDT,237.23,237.23,195.5,199.43,1278973.5374099999,288,288,0.006459885980291398,-0.1735668371091432,True,0.08037341588044768,8.037341588044768
2020-03-09,ETHUSDT,199.43,208.62,190.0,202.81,1661331.83553,288,288,0.007972292008847812,0.016806282600912253,True,0.0892876923704931,8.928769237049309
2020-03-10,ETHUSDT,202.79,206.2,195.54,200.7,1020260.107,288,288,0.002587416021699164,-0.010458324363748519,True,0.050866649405078415,5.086664940507841
2020-03-11,ETHUSDT,200.74,203.18,181.73,194.61,1079824.90167,288,288,0.0036805066349192717,-0.030813699909217628,True,0.0606671792233599,6.06671792233599
2020-03-12,ETHUSDT,194.61,195.55,101.2,107.82,3814533.14046,288,288,0.05122699782668952,-0.5905343858695524,True,0.22633381944970027,22.633381944970026
2020-03-13,ETHUSDT,107.67,139.68,86.0,134.06,4663239.92861,288,288,0.116903319031793,0.2178242909062896,True,0.34191127362488793,34.19112736248879
2020-03-14,ETHUSDT,134.06,134.68,120.0,122.54,1237674.88642,288,288,0.006626975915265448,-0.08984995363230185,True,0.0814062400265818,8.14062400265818
2020-03-15,ETHUSDT,122.54,133.5,120.16,123.78,1312950.90137,288,288,0.006506237400002806,0.010068289013707255,True,0.08066125092014632,8.066125092014632
2020-03-16,ETHUSDT,123.82,124.33,101.1,111.02,2442064.14448,288,288,0.018762861960295887,-0.10879543104919907,True,0.13697759656343766,13.697759656343766
2020-03-17,ETHUSDT,111.02,120.8,109.38,115.67,1295108.4848,288,288,0.006405751084235737,0.041030944045293546,True,0.0800359362051556,8.003593620515561
2020-03-18,ETHUSDT,115.67,118.5,109.86,118.11,1201850.31275,288,288,0.004669767209332797,0.020875084316445244,True,0.06833569498682805,6.833569498682805
2020-03-19,ETHUSDT,118.11,143.13,115.46,136.3,1801071.18816,288,288,0.007289414015684289,0.14324194507873186,True,0.08537806519056454,8.537806519056454
2020-03-20,ETHUSDT,136.3,152.55,116.74,133.48,2504057.63799,288,288,0.019227535939157523,-0.02090668481931461,True,0.13866339076756173,13.866339076756173
2020-03-21,ETHUSDT,133.49,137.49,125.69,132.66,1231842.11121,288,288,0.007468983617461266,-0.006162189785761406,True,0.08642328168648346,8.642328168648346
2020-03-22,ETHUSDT,132.63,137.13,121.1,122.32,1055699.86532,288,288,0.004638089577296777,-0.0811489024766028,True,0.06810352103450142,6.810352103450142
2020-03-23,ETHUSDT,122.31,137.5,119.5,135.92,1436796.12449,288,288,0.005910974661418478,0.10542591574286969,True,0.07688286324935147,7.688286324935147
2020-03-24,ETHUSDT,135.89,143.36,132.2,138.42,1244377.16334,288,288,0.005081246376389239,0.018226064050041308,True,0.07128286172979617,7.128286172979617
2020-03-25,ETHUSDT,138.42,142.33,132.54,136.1,1034248.74369,288,288,0.003639064419893112,-0.01690263175629768,True,0.06032465847307477,6.032465847307477
2020-03-26,ETHUSDT,136.11,139.74,133.26,138.4,751060.63102,288,288,0.0018050127120006205,0.016758133526149903,True,0.04248544117695638,4.248544117695638
2020-03-27,ETHUSDT,138.4,141.27,129.68,131.33,706948.54559,288,288,0.002251985577356258,-0.05243480358649986,True,0.04745509011008469,4.745509011008469
2020-03-28,ETHUSDT,131.33,132.97,124.88,130.98,896032.10594,288,288,0.0030362761869275803,-0.0026685998071616017,True,0.05510241543641785,5.510241543641785
2020-03-29,ETHUSDT,130.94,131.84,123.81,124.5,543997.0,288,288,0.0011989763277634785,-0.0507389238851445,True,0.03462623756291576,3.462623756291576
2020-03-30,ETHUSDT,124.47,135.42,124.06,132.06,764831.92747,288,288,0.0018459251483380391,0.05895064886166275,True,0.0429642310339431,4.29642310339431
2020-03-31,ETHUSDT,132.09,135.0,130.38,132.72,547669.27789,288,288,0.0009298831250286008,0.004985281115764297,True,0.03049398506310057,3.049398506310057
2020-04-01,ETHUSDT,132.72,136.99,128.62,135.69,680922.24747,288,288,0.0012338675521912817,0.022131226275671087,True,0.03512645089090672,3.512645089090672
2020-04-02,ETHUSDT,135.65,149.76,135.01,141.28,1138977.66114,288,288,0.004707047763025274,0.04037086469778924,True,0.06860792784383794,6.860792784383794
2020-04-03,ETHUSDT,141.27,146.72,137.26,141.31,797546.11446,288,288,0.0019053305831840442,0.00021232173900564074,True,0.04365009259078432,4.365009259078432
2020-04-04,ETHUSDT,141.3,146.28,138.88,144.1,573508.14086,288,288,0.001892374942998298,0.019551444410821663,True,0.04350143610271157,4.350143610271157
2020-04-05,ETHUSDT,144.1,145.58,140.68,142.68,414987.45246,288,288,0.0008066742113133729,-0.009903142514785874,True,0.02840201069138192,2.840201069138192
2020-04-06,ETHUSDT,142.69,172.0,142.6,171.32,1636338.7311,288,288,0.0037375411024150773,0.18292879225647773,True,0.06113543246281224,6.113543246281225
2020-04-07,ETHUSDT,171.32,176.22,162.22,164.63,1717962.82538,288,288,0.003487455578198156,-0.03983262108724101,True,0.05905468294892587,5.905468294892588
2020-04-08,ETHUSDT,164.62,174.48,163.59,173.11,1023575.92076,288,288,0.0025983725536909384,0.05022669892870801,True,0.05097423421387454,5.097423421387455
2020-04-09,ETHUSDT,173.15,173.38,165.19,169.52,719837.24423,288,288,0.0012866504787370817,-0.020956316628594922,True,0.035869910492459856,3.5869910492459853
2020-04-10,ETHUSDT,169.56,170.1,152.11,157.81,1314841.362,288,288,0.0031610299276627124,-0.07157913620000264,True,0.05622303733935683,5.622303733935683
2020-04-11,ETHUSDT,157.81,161.37,153.91,158.33,621599.61289,288,288,0.0012939919101105713,0.0032896847533029085,True,0.03597209905066107,3.5972099050661073
2020-04-12,ETHUSDT,158.33,164.78,155.0,158.59,809100.24594,288,288,0.0012089282090559782,0.001640792997168193,True,0.03476964493715715,3.476964493715715
2020-04-13,ETHUSDT,158.56,158.97,150.0,156.29,1042091.03622,288,288,0.0027402585407398693,-0.01460899965640805,True,0.05234747883842993,5.234747883842993
2020-04-14,ETHUSDT,156.28,161.85,155.23,158.45,698030.65089,288,288,0.0013000780324160263,0.013725830282827572,True,0.03605659485331395,3.6056594853313952
2020-04-15,ETHUSDT,158.46,161.29,152.0,152.73,729119.66505,288,288,0.0012054553884681062,-0.036767429554576396,True,0.03471966861115046,3.471966861115046
2020-04-16,ETHUSDT,152.74,174.79,148.33,172.29,1647207.5999099999,288,288,0.00554622328417127,0.12050744696196088,True,0.07447297015811354,7.447297015811354
2020-04-17,ETHUSDT,172.31,174.96,168.31,170.69,723537.75591,288,288,0.0014922935024786815,-0.009330057768074834,True,0.03863021489040258,3.863021489040258
2020-04-18,ETHUSDT,170.61,189.54,170.48,187.4,1127296.36979,288,288,0.0022500136051835187,0.09339632402808032,True,0.04743430831353524,4.743430831353524
2020-04-19,ETHUSDT,187.4,188.35,175.75,180.03,995759.5775,288,288,0.002155780218993881,-0.040121866134790796,True,0.04643038034513481,4.643038034513481
2020-04-20,ETHUSDT,180.02,186.46,166.7,170.2,1547821.52737,288,288,0.003102327987506412,-0.05614928753025751,True,0.05569854564983193,5.569854564983193
2020-04-21,ETHUSDT,170.21,174.7,168.0,170.74,906381.65398,288,288,0.0016530791453010954,0.003167715442885472,True,0.04065807601573266,4.065807601573266
2020-04-22,ETHUSDT,170.73,184.0,169.78,182.7,988698.39076,288,288,0.0011585056347559694,0.06770353180180082,True,0.03403682762473567,3.4036827624735673
2020-04-23,ETHUSDT,182.7,193.63,178.16,185.51,1457867.08713,288,288,0.002129631224918567,0.015263325566322738,True,0.04614792763406139,4.61479276340614
2020-04-24,ETHUSDT,185.57,189.8,184.72,187.59,780904.21257,288,288,0.0009685374085812119,0.011149941297034387,True,0.031121333656853652,3.112133365685365
2020-04-25,ETHUSDT,187.6,198.36,185.76,194.21,866478.04928,258,257,,,False,,
2020-04-26,ETHUSDT,194.21,200.0,192.3,197.38,758525.81533,288,288,0.0007666407988030472,0.01619075690650063,True,0.02768827908706222,2.768827908706222
2020-04-27,ETHUSDT,197.39,199.05,189.29,196.34,896627.37271,288,288,0.0008825544967361325,-0.005282954479487897,True,0.029707818781191803,2.97078187811918
2020-04-28,ETHUSDT,196.33,198.5,192.36,196.24,636829.89397,288,288,0.0007345976219047702,-0.0005094503141416813,True,0.027103461437697773,2.7103461437697773
2020-04-29,ETHUSDT,196.24,218.77,196.22,215.36,1620422.72431,288,288,0.0019251481849594922,0.09297264650612787,True,0.043876510628803336,4.387651062880334
2020-04-30,ETHUSDT,215.4,227.3,202.0,206.08,1749691.00151,288,288,0.005119024190874911,-0.0440466035403745,True,0.07154735628152106,7.154735628152106
2020-05-01,ETHUSDT,206.07,217.14,205.91,212.02,794913.95828,288,288,0.0014547397444219542,0.028416166928962937,True,0.038141050646540324,3.8141050646540324
2020-05-02,ETHUSDT,212.01,215.37,210.36,213.9,443494.67248,288,288,0.0005890751645776885,0.008828006243408223,True,0.024270870700856376,2.4270870700856375
2020-05-03,ETHUSDT,213.89,219.3,203.92,209.86,748383.91311,288,288,0.001288574382504739,-0.01906797435859547,True,0.03589671826928945,3.5896718269289454
2020-05-04,ETHUSDT,209.86,210.65,194.88,206.48,1114249.32658,288,288,0.0026743001982344064,-0.01623708631940585,True,0.05171363648240575,5.1713636482405745
2020-05-05,ETHUSDT,206.47,211.68,201.0,205.29,640644.66268,288,288,0.001524261312637185,-0.005779941777843242,True,0.03904178931141841,3.9041789311418413
2020-05-06,ETHUSDT,205.3,210.77,197.71,198.97,862700.67849,288,288,0.001293200814921524,-0.03126955404136035,True,0.03596110141418814,3.596110141418814
2020-05-07,ETHUSDT,198.92,215.1,196.43,212.0,1305778.73764,288,288,0.0022005080251617584,0.06343221508085503,True,0.046909572852049705,4.690957285204971
2020-05-08,ETHUSDT,212.01,216.61,206.9,211.31,917908.1944,288,288,0.0012449069399488406,-0.0032600250931772144,True,0.03528323879618821,3.5283238796188208
2020-05-09,ETHUSDT,211.32,214.6,208.4,210.07,587871.98073,288,288,0.0008234247857122268,-0.00588544107124696,True,0.028695379170037585,2.8695379170037585
2020-05-10,ETHUSDT,210.09,210.18,179.59,187.54,1473226.05475,288,288,0.012322602386232034,-0.11344865251610918,True,0.11100721772133573,11.100721772133573
2020-05-11,ETHUSDT,187.62,193.5,176.0,185.73,1093299.81927,288,288,0.003591538765785411,-0.009698149792229846,True,0.059929448235282554,5.992944823528255
2020-05-12,ETHUSDT,185.8,192.24,185.48,189.76,669755.79567,288,288,0.001132155811931675,0.02146610961010968,True,0.033647523117336216,3.3647523117336218
2020-05-13,ETHUSDT,189.77,201.0,188.35,199.58,806143.0070399999,288,288,0.0009841043348342278,0.050455042646806475,True,0.03137043727515171,3.137043727515171
2020-05-14,ETHUSDT,199.61,206.02,195.67,203.29,1114700.24937,288,288,0.0018003723410436351,0.018418372576807774,True,0.042430794725572075,4.243079472557207
2020-05-15,ETHUSDT,203.29,204.08,191.66,194.86,904749.6357,288,288,0.0012861424524189355,-0.04235217903577806,True,0.035862828282484015,3.5862828282484016
2020-05-16,ETHUSDT,194.87,203.5,193.21,200.45,669900.03754,288,288,0.0009039215724102154,0.02828348709132098,True,0.030065288497039495,3.0065288497039497
2020-05-17,ETHUSDT,200.44,209.85,199.68,207.0,708711.89315,288,288,0.0007321598884766846,0.03215395417685236,True,0.02705845317967538,2.7058453179675377
2020-05-18,ETHUSDT,207.02,217.07,207.0,214.91,1064139.2485,288,288,0.0012296105273003955,0.037500542571745156,True,0.03506580281842119,3.506580281842119
2020-05-19,ETHUSDT,214.92,215.95,209.45,214.58,643702.98849,288,288,0.0008050093245975659,-0.001536706628514047,True,0.02837268624218662,2.837268624218662
2020-05-20,ETHUSDT,214.6,215.75,204.27,209.98,679532.61037,288,288,0.0006467181385819758,-0.021670341121805506,True,0.0254306535225105,2.54306535225105
2020-05-21,ETHUSDT,209.99,211.64,191.71,198.74,1003923.4342,288,288,0.0015304251491328267,-0.05501485028357812,True,0.03912064862873348,3.9120648628733483
2020-05-22,ETHUSDT,198.72,209.19,196.24,207.36,787672.36081,288,288,0.0010834726386373546,0.04245897536069155,True,0.032916145561674666,3.291614556167467
2020-05-23,ETHUSDT,207.36,211.2,204.55,206.6,478559.92006,288,288,0.0007453066556034498,-0.003671856478373833,True,0.02730030504597796,2.730030504597796
2020-05-24,ETHUSDT,206.6,210.55,199.5,199.9,673535.05784,288,288,0.0011006414534790005,-0.03296731517918379,True,0.03317591676923187,3.317591676923187
2020-05-25,ETHUSDT,199.9,205.67,198.01,204.15,469931.62492,288,288,0.0007611760094566727,0.021037776259229837,True,0.027589418432737444,2.7589418432737443
2020-05-26,ETHUSDT,204.22,205.0,196.9,200.89,477176.7353,288,288,0.0006114914292685131,-0.01609752319152708,True,0.024728352740700565,2.4728352740700563
2020-05-27,ETHUSDT,200.92,208.44,200.76,208.29,494816.72727,288,288,0.0004794100531004191,0.036173844859234985,True,0.021895434526412558,2.1895434526412556
2020-05-28,ETHUSDT,208.29,220.5,204.67,220.21,643945.97769,288,288,0.0006007556517265253,0.05565029708480847,True,0.024510317250629892,2.451031725062989
2020-05-29,ETHUSDT,220.24,224.79,217.57,220.67,603058.0759,288,288,0.001026869093638921,0.002086736376887941,True,0.03204479823058527,3.204479823058527
2020-05-30,ETHUSDT,220.63,247.0,218.8,243.66,1019550.75146,288,288,0.0021598514993429662,0.09910543803127195,True,0.0464742025143301,4.64742025143301
2020-05-31,ETHUSDT,243.71,245.39,229.58,231.57,821608.68884,288,288,0.0016532043324905751,-0.050891607296389946,True,0.04065961549855797,4.065961549855797
2020-06-01,ETHUSDT,231.56,250.68,230.66,248.23,823816.69936,288,288,0.0014548539491508593,0.06947353210232732,True,0.03814254775379929,3.814254775379929
2020-06-02,ETHUSDT,248.23,253.8,225.0,237.71,955520.91863,288,288,0.0068134115231476555,-0.043304292415034154,True,0.08254339175941133,8.254339175941134
2020-06-03,ETHUSDT,237.71,245.0,232.71,244.52,502928.13371,288,288,0.0007881388665808517,0.028245661843359273,True,0.028073811044830584,2.8073811044830586
2020-06-04,ETHUSDT,244.54,246.6,236.0,243.21,669369.3392,288,288,0.0011116549660726666,-0.005371837492798386,True,0.03334149015974941,3.334149015974941
2020-06-05,ETHUSDT,243.22,247.87,239.14,240.03,502547.41103,288,288,0.0009186513083589554,-0.013161352137582665,True,0.03030926109886144,3.030926109886144
2020-06-06,ETHUSDT,240.04,244.7,237.83,241.94,389423.07798,288,288,0.0005212783551235947,0.00792584600155972,True,0.022831521086506584,2.2831521086506585
2020-06-07,ETHUSDT,241.94,245.37,234.6,244.56,571102.55515,288,288,0.0006891319899376791,0.01077091605087679,True,0.02625132358449149,2.625132358449149
2020-06-08,ETHUSDT,244.57,247.7,240.59,246.4,383116.54719,288,288,0.0004085643637046707,0.007495554076786025,True,0.020212975132440813,2.021297513244081
2020-06-09,ETHUSDT,246.37,249.82,238.0,243.8,420327.17133,288,288,0.0013544838065760187,-0.010608014612193621,True,0.03680331244026845,3.680331244026845
2020-06-10,ETHUSDT,243.79,250.28,242.0,247.78,431285.61715,288,288,0.0007044995502471242,0.01619303864042193,True,0.02654241040763111,2.654241040763111
2020-06-11,ETHUSDT,247.78,250.09,226.2,230.51,816456.8916099999,288,288,0.0021075305952273447,-0.07224701024400784,True,0.045907848950123384,4.590784895012338
2020-06-12,ETHUSDT,230.46,239.38,228.19,237.55,446515.34124,288,288,0.0006799275396386028,0.030083882189345486,True,0.026075420219789418,2.607542021978942
2020-06-13,ETHUSDT,237.55,238.73,234.66,238.11,253797.7809,288,288,0.0003071095462680809,0.002354624137963939,True,0.01752454125699389,1.7524541256993889
2020-06-14,ETHUSDT,238.13,238.59,229.83,231.77,304943.21188,288,288,0.0005051083176566272,-0.026987251156425855,True,0.022474614961254115,2.2474614961254114
2020-06-15,ETHUSDT,231.74,233.55,218.27,230.86,875026.92057,288,288,0.0013503622089279647,-0.003934034427700871,True,0.036747274850360875,3.6747274850360876
2020-06-16,ETHUSDT,230.86,236.0,228.7,235.3,499194.66758,288,288,0.0005799429690225832,0.019049829546551142,True,0.024082005087255155,2.4082005087255154
2020-06-17,ETHUSDT,235.31,237.3,227.65,233.82,478187.2917,288,288,0.0004750559881993073,-0.0063097071546442144,True,0.021795779137239103,2.1795779137239104
2020-06-18,ETHUSDT,233.82,234.65,227.93,231.27,334347.79917,288,288,0.00038317866806662895,-0.010965729439392568,True,0.01957495001440946,1.957495001440946
2020-06-19,ETHUSDT,231.26,231.95,226.74,229.0,397284.59808,288,288,0.00048373481514633936,-0.009863855585040535,True,0.021993972245739044,2.1993972245739046
2020-06-20,ETHUSDT,229.0,230.85,225.62,228.89,303704.98826,288,288,0.00020323366186594314,-0.0004804647496828731,True,0.014256004414489466,1.4256004414489467
2020-06-21,ETHUSDT,228.88,231.49,227.11,228.04,256305.23734,288,288,0.00016884485602603505,-0.0037204866411764594,True,0.012994031553987971,1.2994031553987972
2020-06-22,ETHUSDT,228.03,246.89,227.51,243.13,749030.11114,288,288,0.0006339044923991033,0.06407522755055994,True,0.02517746000690108,2.517746000690108
2020-06-23,ETHUSDT,243.11,244.87,240.75,243.14,442296.31477,288,288,0.00033755388006529867,4.1129413705931483e-05,True,0.01837263944198815,1.837263944198815
2020-06-24,ETHUSDT,243.15,249.24,231.07,234.58,921634.0534,288,288,0.0011001052630408995,-0.035840728034288345,True,0.033167834765641536,3.3167834765641535
2020-06-25,ETHUSDT,234.57,235.39,227.56,232.5,613748.59348,288,288,0.0007321292029009842,-0.008906456065947702,True,0.027057886149900626,2.7057886149900625
2020-06-26,ETHUSDT,232.49,233.61,227.75,229.64,628340.07007,288,288,0.0005697617514367102,-0.012377359727975518,True,0.023869682684038978,2.3869682684038978
2020-06-27,ETHUSDT,229.66,231.42,216.0,220.94,645950.61438,288,288,0.0008843764337632688,-0.038621693855306394,True,0.02973846723964214,2.973846723964214
2020-06-28,ETHUSDT,220.94,227.96,218.32,224.93,444766.56881,246,245,,,False,,
2020-06-29,ETHUSDT,224.89,229.96,221.26,227.93,597915.52242,288,288,0.0005813561882440828,0.013249321582838397,True,0.024111329043503237,2.411132904350324
2020-06-30,ETHUSDT,227.98,228.7,222.91,225.6,415036.02977,288,288,0.0004141228287504191,-0.010275044647142212,True,0.020350008077404273,2.035000807740427
2020-07-01,ETHUSDT,225.59,232.71,224.16,230.99,517351.58865,288,288,0.00043817236374526586,0.02361089991755862,True,0.020932567060570135,2.0932567060570135
2020-07-02,ETHUSDT,230.99,232.01,222.87,226.46,592485.91115,288,288,0.0007218634258387267,-0.019806090655567883,True,0.0268675161829062,2.68675161829062
2020-07-03,ETHUSDT,226.46,228.13,223.97,224.87,314578.5004,288,288,0.0003082483464409619,-0.007045871437152645,True,0.017557002774988728,1.7557002774988728
2020-07-04,ETHUSDT,224.86,230.71,224.43,229.17,307726.46593,288,288,0.00023331761801067432,0.01894162877263653,True,0.015274737903174454,1.5274737903174453
2020-07-05,ETHUSDT,229.24,229.85,223.05,227.56,355747.12006,288,288,0.0003811839373070708,-0.007050146338931452,True,0.019523932424259996,1.9523932424259995
2020-07-06,ETHUSDT,227.54,242.0,226.93,241.6,864817.507,288,288,0.0005614239928430312,0.05986952617821331,True,0.023694387370072078,2.369438737007208
2020-07-07,ETHUSDT,241.6,243.77,234.4,239.39,600424.97209,288,288,0.0005991685225218065,-0.009189444903627815,True,0.024477919080710404,2.4477919080710406
2020-07-08,ETHUSDT,239.39,248.88,237.78,246.95,958185.83708,288,288,0.0007719106482269614,0.031091865829601526,True,0.02778328001203172,2.778328001203172
2020-07-09,ETHUSDT,246.94,247.9,237.88,241.98,647641.58291,288,288,0.000599052342575119,-0.020330808873301166,True,0.0244755458075018,2.4475545807501797
2020-07-10,ETHUSDT,241.97,242.16,235.72,241.26,455025.12385,288,288,0.00043693336263807953,-0.0029798879760946245,True,0.020902951050942056,2.0902951050942056
2020-07-11,ETHUSDT,241.27,241.67,237.54,239.19,294476.00626,288,288,0.0002016492528625935,-0.008616974954723924,True,0.014200325801283347,1.4200325801283347
2020-07-12,ETHUSDT,239.19,244.0,236.52,242.79,469315.1172,288,288,0.0005909885884381107,0.014938656993205957,True,0.024310256856687276,2.4310256856687276
2020-07-13,ETHUSDT,242.76,245.33,237.33,239.5,604093.04245,288,288,0.00040817706405442395,-0.013643455324750347,True,0.02020339238975534,2.020339238975534
2020-07-14,ETHUSDT,239.5,242.09,237.0,240.44,426320.89188,288,288,0.00032487960640372046,0.0039171613199921376,True,0.01802441695045142,1.802441695045142
2020-07-15,ETHUSDT,240.45,241.45,236.83,238.61,368350.66518,288,288,0.00017822740138684793,-0.007640158237027279,True,0.013350183571279008,1.3350183571279008
2020-07-16,ETHUSDT,238.59,239.39,230.02,233.57,587161.73894,288,288,0.0005489951074712424,-0.02134860188454831,True,0.02343064462346784,2.343064462346784
2020-07-17,ETHUSDT,233.58,234.84,231.65,232.67,325600.21444,288,288,0.00019600281264582192,-0.0038606774101846986,True,0.014000100451276124,1.4000100451276123
2020-07-18,ETHUSDT,232.66,236.8,232.32,235.67,341356.6182,288,288,0.00013890238727429878,0.012811380760801839,True,0.01178568569385332,1.1785685693853318
2020-07-19,ETHUSDT,235.67,239.92,233.28,239.11,348803.52073,288,288,0.0001886471006825437,0.01449117569450651,True,0.013734886263910003,1.3734886263910002
2020-07-20,ETHUSDT,239.12,239.72,234.05,236.01,396657.91938,288,288,0.00022368363556762549,-0.013049520085249806,True,0.014956056818815094,1.4956056818815093
2020-07-21,ETHUSDT,236.0,246.66,235.57,245.59,637462.08074,288,288,0.00035336084564918495,0.03978930182240458,True,0.01879789471321682,1.879789471321682
2020-07-22,ETHUSDT,245.53,269.61,241.51,263.74,718417.68296,288,288,0.002641951618518201,0.07130029054788758,True,0.05139991846801122,5.139991846801122
2020-07-23,ETHUSDT,263.75,279.98,259.7,275.3,1068774.57879,288,288,0.001226652779874002,0.042897642769009876,True,0.03502360318233979,3.502360318233979
2020-07-24,ETHUSDT,275.31,287.34,266.0,279.15,926033.06692,288,288,0.0012519663345020194,0.01388785960780763,True,0.03538313630109716,3.5383136301097156
2020-07-25,ETHUSDT,279.15,308.94,279.09,305.26,1058927.30554,288,288,0.002025082089422728,0.08941460073060692,True,0.04500091209545344,4.500091209545344
2020-07-26,ETHUSDT,305.31,318.75,299.0,311.0,1270368.753,288,288,0.00261025520338144,0.018629039692258473,True,0.0510906567131549,5.1090656713154905
2020-07-27,ETHUSDT,311.02,333.31,310.78,321.93,1636122.34727,288,288,0.004748224536384063,0.03454121842791195,True,0.06890736198973273,6.890736198973273
2020-07-28,ETHUSDT,321.95,326.8,305.86,316.77,1093231.55578,288,288,0.0023752590702195535,-0.016158172120613882,True,0.04873662965593285,4.873662965593286
2020-07-29,ETHUSDT,316.77,325.0,312.38,317.71,792802.32148,288,288,0.0012839037605033388,0.0029630585290145923,True,0.035831602817950226,3.5831602817950223
2020-07-30,ETHUSDT,317.76,342.0,314.05,334.87,1008827.56698,288,288,0.001358048181192665,0.05260337979337614,True,0.03685170526844945,3.685170526844945
2020-07-31,ETHUSDT,334.82,349.45,328.4,346.33,948088.44982,288,288,0.001589359113235194,0.03364968093680303,True,0.03986676702762834,3.9866767027628343
2020-08-01,ETHUSDT,346.32,392.67,343.07,387.0,1440843.34203,288,288,0.002696570490608996,0.11103261528405867,True,0.05192851327169878,5.192851327169878
2020-08-02,ETHUSDT,387.01,415.85,325.0,372.42,2324909.09616,288,288,0.013112166171923822,-0.038402443376163845,True,0.11450836725726125,11.450836725726125
2020-08-03,ETHUSDT,372.45,398.0,366.5,385.94,1191565.09389,288,288,0.002777480177151809,0.035659667314592504,True,0.05270180430641639,5.270180430641639
2020-08-04,ETHUSDT,385.91,402.98,380.77,389.61,1180792.42379,288,288,0.0018760161007837625,0.009464321821898509,True,0.043313001521295684,4.331300152129568
2020-08-05,ETHUSDT,389.59,407.0,384.11,400.72,1124119.0672,288,288,0.0015399289799082354,0.028116690259251908,True,0.039241928850506765,3.9241928850506764
2020-08-06,ETHUSDT,400.72,403.66,390.51,394.77,821379.08397,288,288,0.0007270169149900755,-0.014959612219201479,True,0.026963251194729383,2.696325119472938
2020-08-07,ETHUSDT,394.77,398.26,362.85,379.34,1041207.35946,288,288,0.002156183892633344,-0.039870416273982766,True,0.04643472722686485,4.643472722686485
2020-08-08,ETHUSDT,379.34,397.05,375.79,397.03,623029.78053,288,288,0.0010953102830914196,0.045578944026621916,True,0.03309547224457478,3.3095472244574777
2020-08-09,ETHUSDT,397.05,400.0,383.36,390.14,594900.58133,288,288,0.0013474428085248678,-0.017506195516011236,True,0.0367075306786614,3.67075306786614
2020-08-10,ETHUSDT,390.14,399.18,385.13,395.44,826969.90633,288,288,0.0013680570703617253,0.013493419931917341,True,0.03698725551269958,3.698725551269958
2020-08-11,ETHUSDT,395.43,398.21,367.0,379.0,992412.6023,288,288,0.0019441822629868869,-0.042462863916277606,True,0.04409288222589772,4.409288222589772
2020-08-12,ETHUSDT,378.99,389.23,365.85,387.18,751848.7983,288,288,0.0012205668754637167,0.021353496093377278,True,0.034936612249382694,3.4936612249382692
2020-08-13,ETHUSDT,387.18,431.49,376.59,424.54,1511330.7732,288,288,0.003788444262409591,0.09211652864049474,True,0.06155033925503247,6.155033925503247
2020-08-14,ETHUSDT,424.54,444.71,417.05,438.11,1109670.94324,288,288,0.00184846974453133,0.03146379058190099,True,0.04299383379661937,4.299383379661937
2020-08-15,ETHUSDT,438.12,442.94,427.02,432.32,681698.5971,288,288,0.00118184064459223,-0.013303965626362279,True,0.034377909252777866,3.4377909252777865
2020-08-16,ETHUSDT,432.3,436.99,412.47,433.62,716666.25258,288,288,0.001452866551785859,0.003002519751111148,True,0.038116486613876926,3.8116486613876925
2020-08-17,ETHUSDT,433.61,446.0,420.37,430.89,868870.64996,288,288,0.0018625916158050233,-0.0063157374111043945,True,0.04315775267324543,4.315775267324543
2020-08-18,ETHUSDT,430.89,433.81,415.0,421.95,743254.57018,288,288,0.0015034577468344512,-0.02096601350786637,True,0.0387744470861217,3.8774447086121695
2020-08-19,ETHUSDT,421.92,426.75,393.25,407.46,978339.69221,288,288,0.0027869087189810594,-0.03494405525022104,True,0.052791180314339055,5.279118031433906
2020-08-20,ETHUSDT,407.46,418.98,402.07,415.94,663555.73445,288,288,0.0011845618262300627,0.020598250736019424,True,0.03441746397150817,3.441746397150817
2020-08-21,ETHUSDT,415.94,418.68,385.1,387.97,860998.7256,288,288,0.0019959768908428,-0.06961300204344363,True,0.04467635717964033,4.467635717964033
2020-08-22,ETHUSDT,387.93,397.04,379.92,395.24,643235.76543,288,288,0.0011217134226731023,0.018565158280430906,True,0.03349199042566898,3.349199042566898
2020-08-23,ETHUSDT,395.23,396.95,383.15,390.71,445317.81989,288,288,0.0008126932487365999,-0.011527578507542678,True,0.028507775233023707,2.8507775233023707
2020-08-24,ETHUSDT,390.72,410.42,387.44,407.68,717403.81877,288,288,0.0009758524892581529,0.04251695612452391,True,0.031238637762523398,3.12386377625234
2020-08-25,ETHUSDT,407.68,409.06,370.0,382.93,970445.38395,288,288,0.002226090284703624,-0.06263034809115518,True,0.047181461239597315,4.718146123959731
2020-08-26,ETHUSDT,382.91,392.91,377.37,385.81,738690.7794,288,288,0.0011540339831083897,0.007492815449008676,True,0.03397107568371054,3.3971075683710543
2020-08-27,ETHUSDT,385.81,397.1,371.48,383.27,877763.73658,288,288,0.001521966250441676,-0.006605318653611428,True,0.039012385859386704,3.9012385859386702
2020-08-28,ETHUSDT,383.31,398.0,379.75,395.11,732601.46905,288,288,0.0008245428425173352,0.030424505497154735,True,0.02871485403963139,2.871485403963139
2020-08-29,ETHUSDT,395.1,405.69,391.88,398.65,659802.63344,288,288,0.0006212515772518544,0.008919631803364466,True,0.02492491880130915,2.492491880130915
2020-08-30,ETHUSDT,398.65,429.89,398.3,428.94,894979.71788,288,288,0.0007746495901386249,0.0732332100583102,True,0.02783252755569686,2.783252755569686
2020-08-31,ETHUSDT,428.94,439.0,418.04,433.79,1040748.68881,288,288,0.0010120772307590394,0.011243497022513382,True,0.03181316128207066,3.1813161282070657
2020-09-01,ETHUSDT,433.8,488.84,429.03,475.4,1751354.57719,288,288,0.0026905006437335857,0.09159600889676435,True,0.051870036087644913,5.187003608764491
2020-09-02,ETHUSDT,475.4,481.39,420.0,439.5,1880642.46853,288,288,0.0055582595969420195,-0.07851883780086225,True,0.07455373630437323,7.4553736304373235
2020-09-03,ETHUSDT,439.5,450.7,372.0,381.4,2408569.34151,288,288,0.00633644682441388,-0.14178902395891266,True,0.07960180164050233,7.960180164050233
2020-09-04,ETHUSDT,381.35,400.21,357.0,385.26,1806488.22474,288,288,0.006532581150900907,0.01006973786769359,True,0.08082438463051177,8.082438463051176
2020-09-05,ETHUSDT,385.3,395.0,308.42,335.01,2777166.51389,288,288,0.015813289672764328,-0.13975804890820195,True,0.12575090326818464,12.575090326818463
2020-09-06,ETHUSDT,335.04,360.0,316.1,352.8,2017811.14721,288,288,0.007993083227673043,0.05174094200682689,True,0.08940404480599881,8.94040448059988
2020-09-07,ETHUSDT,352.85,358.51,323.0,353.59,1740618.42462,288,288,0.004723427379476529,0.0022367256879641537,True,0.06872719534126595,6.872719534126595
2020-09-08,ETHUSDT,353.59,356.58,325.38,337.39,1400246.82962,288,288,0.00465754815935653,-0.04689851855934065,True,0.06824623183265527,6.824623183265527
2020-09-09,ETHUSDT,337.41,359.0,330.51,350.85,879760.56255,288,288,0.0021434468701465965,0.03911925043703624,True,0.04629737433318003,4.629737433318002
2020-09-10,ETHUSDT,350.85,377.25,349.91,367.93,1134287.61137,288,288,0.0029126322065540244,0.04753392098570689,True,0.05396880771847776,5.396880771847775
2020-09-11,ETHUSDT,367.93,375.27,355.49,373.63,844017.59966,288,288,0.001687950552504048,0.015373300232695113,True,0.04108467539733091,4.108467539733091
2020-09-12,ETHUSDT,373.62,388.57,364.73,387.78,766542.31635,288,288,0.001144089601892839,0.03717216558616009,True,0.033824393592388896,3.3824393592388895
2020-09-13,ETHUSDT,387.78,390.43,350.0,366.42,989195.69047,288,288,0.0017129236748498356,-0.05665795203976132,True,0.0413874821032862,4.13874821032862
2020-09-14,ETHUSDT,366.43,384.64,355.73,377.12,1042059.62265,288,288,0.0022482369248403504,0.028783222724721877,True,0.0474155768164888,4.74155768164888
2020-09-15,ETHUSDT,377.12,382.47,362.34,364.06,883856.33005,288,288,0.0015032787265571149,-0.0352447499700683,True,0.038772138534740576,3.8772138534740574
2020-09-16,ETHUSDT,364.05,373.45,355.0,365.11,841709.98939,288,288,0.0012449278417778406,0.0028799888249764244,True,0.035283534995488204,3.5283534995488206
2020-09-17,ETHUSDT,365.04,394.14,363.3,389.36,1256300.411,288,288,0.0018132942759156478,0.06430568748246979,True,0.04258279319062628,4.258279319062628
2020-09-18,ETHUSDT,389.35,392.58,375.33,384.39,804194.47219,288,288,0.0009609595099410597,-0.01284670333560343,True,0.03099934692765413,3.0999346927654132
2020-09-19,ETHUSDT,384.4,388.72,377.0,385.25,570908.33553,288,288,0.0005870269447856479,0.0022348120106316575,True,0.024228638937952084,2.4228638937952085
2020-09-20,ETHUSDT,385.25,385.45,365.0,371.04,693164.40144,288,288,0.0009161246523816079,-0.03758260069300342,True,0.030267551146097166,3.0267551146097165
2020-09-21,ETHUSDT,371.04,376.8,331.0,340.36,1283946.03098,288,288,0.002284837273290926,-0.08630599252586559,True,0.047799971477930046,4.779997147793004
2020-09-22,ETHUSDT,340.31,346.91,335.34,344.21,842731.12878,288,288,0.0015121885003530904,0.011248055250289836,True,0.03888686796790261,3.888686796790261
2020-09-23,ETHUSDT,344.18,344.65,313.29,320.72,940904.49756,288,288,0.0018264441444884659,-0.07068346789739546,True,0.04273691781690001,4.273691781690001
2020-09-24,ETHUSDT,320.72,353.1,316.67,348.97,1071705.09721,288,288,0.001759219910694058,0.08441749028802745,True,0.04194305557173986,4.194305557173986
2020-09-25,ETHUSDT,348.97,358.0,337.58,351.92,860643.7792400001,288,288,0.0013207524819348155,0.00841791841818564,True,0.036342158465545435,3.6342158465545435
2020-09-26,ETHUSDT,351.93,356.4,345.88,353.92,530879.20755,288,288,0.0007923815034116372,0.005667021853452144,True,0.028149271809615916,2.8149271809615914
2020-09-27,ETHUSDT,353.95,362.14,347.24,357.49,569568.55041,288,288,0.0008140400488800562,0.010036490820948846,True,0.028531387083001347,2.8531387083001345
2020-09-28,ETHUSDT,357.58,368.2,351.7,353.96,757758.4304,288,288,0.0009272751971905675,-0.009923477315719109,True,0.030451193690733496,3.04511936907335
2020-09-29,ETHUSDT,353.91,360.63,350.45,359.79,585143.16892,288,288,0.0005991311542914202,0.016336615512589435,True,0.024477155763924455,2.4477155763924454
2020-09-30,ETHUSDT,359.78,361.5,351.56,359.83,498943.23226,288,288,0.00043052490262335117,0.00011116978416879624,True,0.020749094019338558,2.074909401933856
2020-10-01,ETHUSDT,359.83,370.45,345.51,352.85,758349.31959,288,288,0.0012576530499919195,-0.019588660249065533,True,0.0354634043767927,3.54634043767927
2020-10-02,ETHUSDT,352.83,354.55,334.24,345.6,733571.84211,288,288,0.0011781441253973946,-0.02076100051693883,True,0.034324104145591255,3.4324104145591257
2020-10-03,ETHUSDT,345.6,351.0,343.7,345.95,303595.71901,288,288,0.0003703752071403757,0.001012219014919755,True,0.019245134635548167,1.9245134635548167
2020-10-04,ETHUSDT,345.94,354.45,343.81,352.37,343932.91712,288,288,0.00032428660917267147,0.018387503959909735,True,0.01800795960603731,1.8007959606037311
2020-10-05,ETHUSDT,352.34,356.1,348.54,353.62,376740.30692,288,288,0.0002854738446799887,0.003541130345213064,True,0.016895971255893778,1.6895971255893778
2020-10-06,ETHUSDT,353.63,355.1,336.8,340.75,640063.26951,288,288,0.0009593942814953672,-0.03707381967330222,True,0.03097409048697584,3.097409048697584
2020-10-07,ETHUSDT,340.8,342.85,332.18,341.58,541928.86376,288,288,0.0006128491992052795,0.0024328416144036385,True,0.02475579122559567,2.475579122559567
2020-10-08,ETHUSDT,341.58,353.32,334.21,350.95,631794.8756,288,288,0.0005253795750146283,0.0270618509853835,True,0.022921159984054654,2.2921159984054653
2020-10-09,ETHUSDT,350.94,368.33,347.32,365.02,650478.19338,288,288,0.000608539241637121,0.03930838342544286,True,0.024668588156542746,2.4668588156542746
2020-10-10,ETHUSDT,365.01,378.4,364.71,370.52,591005.32129,288,288,0.0007514566837186293,0.014955277783952257,True,0.027412710258539363,2.741271025853936
2020-10-11,ETHUSDT,370.51,377.6,368.87,374.16,373318.23779,288,288,0.00045861918220802027,0.009776089031803051,True,0.021415395915276008,2.141539591527601
2020-10-12,ETHUSDT,374.17,394.8,365.58,386.51,844422.65444,288,288,0.0012230811211154994,0.032474227496357026,True,0.03497257670111682,3.4972576701116824
2020-10-13,ETHUSDT,386.51,387.75,374.51,381.04,645141.91394,288,288,0.0008306681995725035,-0.014253384421381757,True,0.028821315021568733,2.882131502156873
2020-10-14,ETHUSDT,381.05,387.41,373.13,378.69,569557.82936,288,288,0.0006516358840369561,-0.0061864280597261675,True,0.02552715973305601,2.552715973305601
2020-10-15,ETHUSDT,378.69,381.79,369.85,377.64,634038.09453,288,288,0.0006267225272956478,-0.002776567568564865,True,0.02503442684176428,2.5034426841764277
2020-10-16,ETHUSDT,377.63,379.83,361.18,365.5,654029.36404,288,288,0.0010945888215543092,-0.03267508167448275,True,0.03308457074762055,3.308457074762055
2020-10-17,ETHUSDT,365.5,370.46,363.36,368.32,285578.24537,288,288,0.0002911452264955671,0.007685846343684503,True,0.017062978242252058,1.7062978242252058
2020-10-18,ETHUSDT,368.31,378.64,367.1,378.11,323468.47095,288,288,0.0002266241617175744,0.02623303304324883,True,0.015054041374912399,1.50540413749124
2020-10-19,ETHUSDT,378.12,384.32,372.5,379.3,577252.9026500001,288,288,0.0003292388220995609,0.0031422901180880804,True,0.018144939297213447,1.8144939297213447
2020-10-20,ETHUSDT,379.3,380.73,365.27,368.52,617309.81677,288,288,0.0006579818438498627,-0.02883246445412317,True,0.02565115677410792,2.565115677410792
2020-10-21,ETHUSDT,368.53,401.49,367.74,390.38,1221663.63784,288,288,0.0012555430654451025,0.05762563947773228,True,0.035433643129730574,3.5433643129730577
2020-10-22,ETHUSDT,390.31,420.73,390.21,413.98,1095897.20667,288,288,0.0014687411931824817,0.05869703976118145,True,0.038324159393031465,3.8324159393031465
2020-10-23,ETHUSDT,413.94,419.33,401.3,409.11,727832.3224,288,288,0.0007949748978247212,-0.011833594941790596,True,0.02819529921502379,2.819529921502379
2020-10-24,ETHUSDT,409.19,416.66,407.0,412.14,419236.87106,288,288,0.00044360909165711454,0.007379028915992459,True,0.021062029618655335,2.1062029618655336
2020-10-25,ETHUSDT,412.14,417.4,402.5,405.86,415586.9761,288,288,0.0005003231341545697,-0.015354824905023372,True,0.022367904107326857,2.2367904107326857
2020-10-26,ETHUSDT,405.85,411.11,382.3,392.52,895142.67266,288,288,0.0011581849753790755,-0.0334207812105287,True,0.03403211682189451,3.4032116821894514
2020-10-27,ETHUSDT,392.52,410.25,389.9,403.45,754244.37552,288,288,0.0007201633523233745,0.027465072956221716,True,0.02683585944819682,2.683585944819682
2020-10-28,ETHUSDT,403.41,409.2,380.52,388.23,855275.46882,288,288,0.0014281708461989708,-0.03845461679282771,True,0.037791147722700494,3.7791147722700495
2020-10-29,ETHUSDT,388.22,393.72,380.52,387.13,573096.01416,288,288,0.0007938516530651835,-0.0028373935668340846,True,0.028175373166387404,2.8175373166387403
2020-10-30,ETHUSDT,387.12,391.97,373.29,382.49,771750.74746,288,288,0.0011417870429791706,-0.012058044800869616,True,0.03379033949191944,3.379033949191944
2020-10-31,ETHUSDT,382.59,394.88,379.9,386.46,467453.8105,288,288,0.000765903103810393,0.010325860652868515,True,0.02767495445001478,2.767495445001478
2020-11-01,ETHUSDT,386.44,398.29,384.61,396.67,438952.95565,288,288,0.0005417747391744276,0.026076330976647764,True,0.02327605506039259,2.327605506039259
2020-11-02,ETHUSDT,396.68,404.5,377.92,383.02,779968.57957,288,288,0.001110856419406016,-0.035017493625087805,True,0.03332951273880277,3.3329512738802767
2020-11-03,ETHUSDT,383.01,390.0,370.23,387.88,752954.37114,288,288,0.0008241089225089783,0.012608806297932313,True,0.028707297373820797,2.8707297373820797
2020-11-04,ETHUSDT,387.88,408.39,376.47,402.49,1157064.35076,288,288,0.0015608853560818527,0.03697423839314049,True,0.03950804166346204,3.950804166346204
2020-11-05,ETHUSDT,402.5,420.4,396.14,416.69,1475139.77342,288,288,0.0021790974652053977,0.03467228823081007,True,0.04668080403340754,4.668080403340754
2020-11-06,ETHUSDT,416.73,458.27,414.76,455.91,1682440.96026,288,288,0.002638724750674452,0.08995288155332822,True,0.051368519062500256,5.136851906250025
2020-11-07,ETHUSDT,455.91,468.28,424.14,435.21,1653416.5961,288,288,0.003055758929699551,-0.046466748394701746,True,0.05527891939699573,5.527891939699573
2020-11-08,ETHUSDT,435.2,460.1,431.99,454.3,840908.46841,288,288,0.0013151981081443564,0.04292909954643705,True,0.036265660177974925,3.6265660177974923
2020-11-09,ETHUSDT,454.29,459.1,433.09,444.32,1099213.24641,288,288,0.0016204455176643201,-0.022212749206868134,True,0.04025475770221851,4.025475770221851
2020-11-10,ETHUSDT,444.32,455.0,438.7,450.34,866872.41108,288,288,0.001078534518692846,0.013457829473024001,True,0.032841049293420056,3.2841049293420057
2020-11-11,ETHUSDT,450.34,476.25,449.28,463.09,1205782.84262,288,288,0.0013987204452153487,0.027918566613754355,True,0.03739947118898005,3.739947118898005
2020-11-12,ETHUSDT,463.09,470.0,451.2,462.39,990776.6291199999,288,288,0.00122090780419433,-0.001512728818532177,True,0.0349414911558498,3.4941491155849804
2020-11-13,ETHUSDT,462.48,478.01,457.12,476.43,976665.09752,288,288,0.0008060418232288476,0.0299121169639259,True,0.028390875703803987,2.8390875703803986
2020-11-14,ETHUSDT,476.42,477.47,452.0,460.89,735252.7854,288,288,0.0006768154207964891,-0.03316140497998665,True,0.026015676443184966,2.6015676443184965
2020-11-15,ETHUSDT,460.9,462.89,440.19,448.08,665217.56671,288,288,0.0008073071104705709,-0.02818761490910152,True,0.028413150308801923,2.8413150308801924
2020-11-16,ETHUSDT,448.07,466.0,445.45,460.55,812060.44638,288,288,0.0007924241929151896,0.027449639532668997,True,0.028150030069525496,2.8150030069525496
2020-11-17,ETHUSDT,460.51,484.88,459.8,482.15,1151573.37456,288,288,0.0009968889278420938,0.04583384152214835,True,0.03157354791343687,3.157354791343687
2020-11-18,ETHUSDT,482.11,495.31,456.6,478.41,1477696.29116,288,288,0.002780180425821941,-0.007787163528402715,True,0.05272741626347664,5.272741626347664
2020-11-19,ETHUSDT,478.43,480.75,464.86,471.25,817418.52685,288,288,0.0006934314089749674,-0.015079366665770538,True,0.026333085823256025,2.6333085823256024
2020-11-20,ETHUSDT,471.26,514.4,470.65,510.12,1516361.90736,288,288,0.001695086609198373,0.07925725339647953,True,0.04117142952580555,4.117142952580554
2020-11-21,ETHUSDT,510.12,553.32,502.82,552.35,1548851.29067,288,288,0.0020777720930406753,0.07953591115958566,True,0.04558258541417627,4.5582585414176275
2020-11-22,ETHUSDT,552.42,580.88,511.28,560.03,1850317.93581,288,288,0.0036287809876255767,0.013808450404584886,True,0.060239364103761725,6.023936410376172
2020-11-23,ETHUSDT,560.03,610.85,550.12,608.58,2076008.84846,288,288,0.004767166773926887,0.08313802089309034,True,0.06904467230660803,6.904467230660803
2020-11-24,ETHUSDT,608.58,623.0,585.0,604.97,1606450.49193,288,288,0.003975465489044451,-0.005949504591439203,True,0.06305129252477265,6.305129252477265
2020-11-25,ETHUSDT,604.98,606.0,553.83,569.5,1219440.02727,288,288,0.002509809715006846,-0.06042008713727905,True,0.050098001107896965,5.009800110789697
2020-11-26,ETHUSDT,569.38,577.14,481.0,519.83,2683460.74171,288,288,0.01092703854076531,-0.09125694783968596,True,0.10453247600992387,10.453247600992386
2020-11-27,ETHUSDT,519.83,530.62,493.72,518.68,1088064.28114,288,288,0.0029097716388668316,-0.0022147123668706933,True,0.05394229916185286,5.394229916185286
2020-11-28,ETHUSDT,518.59,547.94,506.59,537.52,900508.61431,288,288,0.0014692526574200744,0.03567884593120959,True,0.03833083168182076,3.833083168182076
2020-11-29,ETHUSDT,537.5,576.9,530.32,576.3,855276.46664,288,288,0.0014950915822511282,0.06966238983072556,True,0.0386664141374802,3.86664141374802
2020-11-30,ETHUSDT,576.32,616.85,570.07,616.66,1501989.45408,276,275,,,False,,
2020-12-01,ETHUSDT,616.65,635.7,560.0,585.26,2163875.81376,288,288,0.007057311258357321,-0.05226162559489045,True,0.08400780474668601,8.4007804746686
2020-12-02,ETHUSDT,585.26,604.93,575.0,596.89,1069538.65619,288,288,0.0023626650638855443,0.01967664886914862,True,0.04860725320243414,4.860725320243414
2020-12-03,ETHUSDT,596.88,623.44,585.82,615.85,935687.91723,288,288,0.0015923487238388872,0.03127058557822188,True,0.039904244433880555,3.9904244433880556
2020-12-04,ETHUSDT,615.84,620.0,565.82,567.24,1052452.78666,288,288,0.0019286770782967956,-0.08222093279434742,True,0.04391670614124875,4.391670614124875
2020-12-05,ETHUSDT,567.24,597.11,560.88,596.8,701567.95564,288,288,0.001008926016568615,0.05079955429640582,True,0.031763595775173424,3.1763595775173425
2020-12-06,ETHUSDT,596.82,607.5,583.0,601.54,602496.96339,288,288,0.000964684246650947,0.007910984729756161,True,0.03105936648824227,3.105936648824227
2020-12-07,ETHUSDT,601.59,603.15,584.22,591.28,498329.37589,288,288,0.0006405567950646857,-0.017203355142677616,True,0.025309223517616768,2.5309223517616766
2020-12-08,ETHUSDT,591.27,595.0,549.22,554.94,804443.00717,288,288,0.0013894012453081236,-0.0634296786824082,True,0.037274672973858856,3.7274672973858856
2020-12-09,ETHUSDT,554.92,578.08,530.43,573.09,997192.16738,288,288,0.002173473418542549,0.03218277264944764,True,0.046620525721430356,4.662052572143035
2020-12-10,ETHUSDT,573.2,575.7,548.11,558.99,608414.51466,288,288,0.0013749849422975717,-0.024911188536238426,True,0.03708078939690432,3.7080789396904317
2020-12-11,ETHUSDT,558.99,560.8,535.5,544.43,768921.78317,288,288,0.0016302558943536562,-0.0263922081091204,True,0.04037642745902188,4.037642745902188
2020-12-12,ETHUSDT,544.46,574.0,543.1,568.04,573913.95311,288,288,0.0007167079254409035,0.042452462978501575,True,0.026771401260317015,2.6771401260317016
2020-12-13,ETHUSDT,568.09,595.0,563.22,590.7,657794.46158,288,288,0.0009972662725879452,0.03911643553637899,True,0.03157952299494002,3.157952299494002
2020-12-14,ETHUSDT,590.81,591.48,575.6,586.29,493012.02706,288,288,0.0007451467581759066,-0.007493726603094723,True,0.02729737639730065,2.729737639730065
2020-12-15,ETHUSDT,586.29,597.2,578.58,588.64,569270.52011,288,288,0.000603017640870257,0.00400024364636849,True,0.024556417508876514,2.4556417508876516
2020-12-16,ETHUSDT,588.78,640.0,580.71,637.18,1185588.05078,288,288,0.0015521366938913272,0.0792373988673151,True,0.039397166064214915,3.9397166064214915
2020-12-17,ETHUSDT,637.18,676.25,625.76,642.7,2006130.01975,288,288,0.005125220823696785,0.008625862153462498,True,0.07159064759936723,7.159064759936723
2020-12-18,ETHUSDT,642.71,664.61,629.4,653.85,1000012.98018,288,288,0.0019939252832952906,0.0171999149752711,True,0.04465339050167737,4.465339050167737
2020-12-19,ETHUSDT,653.76,669.95,645.42,658.03,858803.88459,288,288,0.001056181993465814,0.006372555638657032,True,0.032498953728786625,3.2498953728786626
2020-12-20,ETHUSDT,658.05,661.39,621.01,638.18,823958.22843,288,288,0.0014440096834585313,-0.030630147776589116,True,0.03800012741371443,3.800012741371443
2020-12-21,ETHUSDT,638.1,648.0,595.9,607.58,834470.38231,242,241,,,False,,
2020-12-22,ETHUSDT,607.68,637.73,588.0,636.45,918851.25654,288,288,0.0017358201720078185,0.046422006528945896,True,0.04166317525114737,4.166317525114737
2020-12-23,ETHUSDT,636.41,638.44,551.28,585.56,1208807.36518,288,288,0.005124132279831758,-0.08333720601323395,True,0.0715830446392982,7.158304463929819
2020-12-24,ETHUSDT,585.48,615.02,565.43,612.31,886335.86333,288,288,0.0028240291649683424,0.04467003591080084,True,0.05314159543115301,5.314159543115301
2020-12-25,ETHUSDT,612.31,634.24,604.28,626.82,798009.62915,276,275,,,False,,
2020-12-26,ETHUSDT,626.78,652.91,615.26,637.44,958585.50647,288,288,0.0017565856547683764,0.016800736878706955,True,0.04191164104122357,4.1911641041223575
2020-12-27,ETHUSDT,637.44,717.13,625.0,685.11,1859968.15029,288,288,0.005676257274787641,0.07211925435543158,True,0.0753409402303133,7.53409402303133
2020-12-28,ETHUSDT,685.1,748.09,681.04,730.41,1627154.39266,288,288,0.004592962078265252,0.06402661100357505,True,0.06777139572316075,6.7771395723160754
2020-12-29,ETHUSDT,730.4,740.78,689.2,732.0,1106876.35855,288,288,0.0033044026687133955,0.0021744936461258147,True,0.057483934005193096,5.748393400519309
2020-12-30,ETHUSDT,732.0,758.74,716.62,752.17,1008574.09906,288,288,0.0017715959360873358,0.02718184826973832,True,0.04209033067210729,4.209033067210729
2020-12-31,ETHUSDT,752.17,755.74,722.0,736.42,863375.57981,288,288,0.0016166402382418693,-0.0211617540882959,True,0.04020746495667029,4.020746495667029
2021-01-01,ETHUSDT,736.42,749.0,714.29,728.91,675114.09329,288,288,0.0010627949712303693,-0.010250340545635695,True,0.032600536364151576,3.2600536364151576
2021-01-02,ETHUSDT,728.91,787.69,714.91,774.56,1352618.57668,288,288,0.002753721000134885,0.060744858594265934,True,0.05247590875949539,5.247590875949539
2021-01-03,ETHUSDT,774.44,1011.07,768.71,978.28,2813603.88615,288,288,0.01155029973064961,0.23350080143632557,True,0.10747232076516079,10.74723207651608
2021-01-04,ETHUSDT,978.33,1162.97,890.0,1041.43,4245010.94004,288,288,0.026330207442796263,0.06255412006085434,True,0.1622658542109099,16.226585421090988
2021-01-05,ETHUSDT,1041.45,1134.6,974.45,1099.56,2706995.67525,288,288,0.014176649511940309,0.05431533107655955,True,0.11906573609540366,11.906573609540366
2021-01-06,ETHUSDT,1100.16,1213.0,1057.26,1208.42,2390136.59334,288,288,0.009011300961075688,0.09440362142142086,True,0.09492787241414234,9.492787241414234
2021-01-07,ETHUSDT,1208.75,1289.0,1131.0,1224.87,1972922.82059,288,288,0.008393119653306521,0.013520994711918392,True,0.09161397084127793,9.161397084127792
2021-01-08,ETHUSDT,1224.86,1273.75,1065.0,1216.93,2131172.92341,288,288,0.015681343477314556,-0.006503422053274065,True,0.12522517110115905,12.522517110115905
2021-01-09,ETHUSDT,1216.72,1304.37,1171.36,1276.0,1448871.11514,288,288,0.005691340667278346,0.047398891059544944,True,0.07544097472380872,7.544097472380871
2021-01-10,ETHUSDT,1276.0,1348.33,1170.0,1254.25,1951179.35003,288,288,0.009436934661402283,-0.01719240054037214,True,0.09714388638201728,9.714388638201727
2021-01-11,ETHUSDT,1254.24,1260.0,915.0,1087.01,4068784.65678,288,288,0.04657444360961263,-0.14310697665345515,True,0.2158111294850491,21.58111294850491
2021-01-12,ETHUSDT,1087.0,1150.02,1006.33,1050.16,2302645.34052,288,288,0.013206499234456003,-0.03448827421575567,True,0.11491953373755048,11.491953373755049
2021-01-13,ETHUSDT,1050.36,1137.65,987.48,1129.89,1564202.39081,288,288,0.008317526603995819,0.07317774934014562,True,0.09120047480137271,9.12004748013727
2021-01-14,ETHUSDT,1129.79,1247.55,1086.7,1231.62,1555737.38556,288,288,0.005036184316107647,0.08621009312184363,True,0.07096607862991759,7.0966078629917595
2021-01-15,ETHUSDT,1231.89,1256.98,1069.42,1168.53,1944038.83738,288,288,0.009511532671603883,-0.05258382736685069,True,0.0975270868610556,9.75270868610556
2021-01-16,ETHUSDT,1168.48,1298.0,1151.77,1227.83,1575384.43797,288,288,0.006115530984209267,0.049501835051495864,True,0.0782018604907151,7.820186049071511
2021-01-17,ETHUSDT,1227.83,1269.02,1165.0,1232.45,1317285.00579,288,288,0.004925280396842834,0.0037556745008371006,True,0.07018034195444502,7.018034195444502
2021-01-18,ETHUSDT,1232.5,1260.75,1182.58,1258.45,998050.11073,288,288,0.0026197682423984825,0.02087674680638773,True,0.051183671638506775,5.118367163850677
2021-01-19,ETHUSDT,1258.52,1438.3,1251.49,1365.36,2278852.55758,288,288,0.0061760294865717885,0.0815373251614899,True,0.07858771842070356,7.858771842070356
2021-01-20,ETHUSDT,1365.36,1407.93,1235.42,1376.99,2219137.62144,288,288,0.006921684700870166,0.008481827427658843,True,0.08319666279887773,8.319666279887773
2021-01-21,ETHUSDT,1376.72,1390.0,1086.0,1110.96,2310208.57298,288,288,0.011617922545059955,-0.21467545114703696,True,0.10778646735587893,10.778646735587893
2021-01-22,ETHUSDT,1111.98,1273.79,1042.31,1232.62,2020593.21673,288,288,0.010193883269906242,0.10391747886940816,True,0.1009647625159701,10.09647625159701
2021-01-23,ETHUSDT,1232.61,1272.44,1195.9,1233.6,1009545.08258,288,288,0.00334593810586024,0.0007947385485330737,True,0.05784408445001304,5.784408445001303
2021-01-24,ETHUSDT,1233.46,1398.83,1220.0,1392.51,1510879.53817,288,288,0.003481351635000479,0.12117115029513412,True,0.05900297988237949,5.900297988237949
2021-01-25,ETHUSDT,1392.19,1475.0,1293.69,1317.88,1885441.31289,288,288,0.0056933716420789066,-0.055083489227751053,True,0.07545443421084613,7.545443421084613
2021-01-26,ETHUSDT,1317.6,1378.49,1244.56,1365.97,1682923.65799,288,288,0.006265682730516945,0.03584041408046988,True,0.07915606565840008,7.915606565840008
2021-01-27,ETHUSDT,1366.54,1373.9,1207.0,1239.03,2009772.08358,288,288,0.006911746302183431,-0.09753598354584667,True,0.0831369129940692,8.31369129940692
2021-01-28,ETHUSDT,1238.93,1360.0,1217.23,1329.69,1365269.71962,288,288,0.003928387408867211,0.07061701692996518,True,0.06267684906619997,6.267684906619997
2021-01-29,ETHUSDT,1329.44,1436.9,1285.35,1379.5,2253963.18682,288,288,0.007806080641958275,0.03677528231630372,True,0.08835202681296155,8.835202681296154
2021-01-30,ETHUSDT,1379.56,1406.0,1326.41,1378.05,1040042.2363,288,288,0.002542623959955245,-0.0010516582717543911,True,0.050424438122355364,5.042443812235536
2021-01-31,ETHUSDT,1378.04,1380.74,1281.12,1312.55,958704.85571,288,288,0.0019578969377704643,-0.04869764640731552,True,0.04424812920079745,4.424812920079745
2021-02-01,ETHUSDT,1312.45,1377.99,1269.99,1374.17,1096397.91862,288,288,0.0023730716519599223,0.045878102496987795,True,0.04871418327304608,4.871418327304608
2021-02-02,ETHUSDT,1374.09,1547.9,1360.28,1511.87,1944227.99878,288,288,0.004183573569176535,0.09549738273185145,True,0.06468055016136254,6.468055016136254
2021-02-03,ETHUSDT,1511.93,1669.35,1508.39,1664.49,1535869.88801,288,288,0.0030717367101413934,0.09617147497977097,True,0.055423250627704916,5.542325062770492
2021-02-04,ETHUSDT,1664.67,1695.2,1554.44,1595.67,1646502.32962,288,288,0.003787807182508881,-0.042225059473645306,True,0.06154516376214204,6.154516376214204
2021-02-05,ETHUSDT,1595.53,1760.49,1591.0,1719.19,1194123.29946,288,288,0.002981619819742995,0.0745595389392394,True,0.05460421064114923,5.460421064114923
2021-02-06,ETHUSDT,1718.95,1743.67,1642.94,1676.35,1149808.33101,288,288,0.0023520452798955083,-0.02523443886358257,True,0.04849788943753644,4.849788943753644
2021-02-07,ETHUSDT,1676.35,1693.0,1490.46,1611.62,1281734.86814,288,288,0.004040746593710871,-0.03937892652139883,True,0.06356686710630681,6.356686710630681
2021-02-08,ETHUSDT,1611.46,1775.57,1563.89,1750.15,1339777.09536,288,288,0.004128368596262768,0.0824616142625232,True,0.06425238202792771,6.425238202792771
2021-02-09,ETHUSDT,1749.68,1821.88,1708.49,1769.13,1185071.89593,288,288,0.0036364534024394676,0.010786401775911359,True,0.060303013211940475,6.030301321194047
2021-02-10,ETHUSDT,1769.14,1837.86,1680.0,1740.78,1219932.25474,288,288,0.00447023934977588,-0.01615461168088888,True,0.06685984856231639,6.685984856231639
2021-02-11,ETHUSDT,1740.76,1819.0,1703.44,1785.62,735079.82699,273,272,,,False,,
2021-02-12,ETHUSDT,1785.83,1864.88,1739.88,1840.26,909600.20653,288,288,0.0016808805007227827,0.03014117212722908,True,0.04099854266584097,4.099854266584098
2021-02-13,ETHUSDT,1840.24,1871.72,1765.0,1814.96,767589.07285,288,288,0.0018289576003950045,-0.01384343707973207,True,0.04276631385091547,4.276631385091547
2021-02-14,ETHUSDT,1815.25,1850.0,1784.11,1800.42,675261.77873,288,288,0.0010285277377064489,-0.008043457889004168,True,0.032070667871225395,3.2070667871225393
2021-02-15,ETHUSDT,1800.03,1835.72,1655.67,1779.25,1053474.57879,288,288,0.0034143881385965548,-0.011828043820221009,True,0.05843276596736248,5.843276596736248
2021-02-16,ETHUSDT,1779.33,1827.28,1724.0,1781.99,817493.47513,288,288,0.002354845580851198,0.0015387901633492182,True,0.04852675118788809,4.852675118788809
2021-02-17,ETHUSDT,1781.99,1855.0,1733.01,1849.88,795711.63311,288,288,0.0013783644569869246,0.037390054760957685,True,0.03712633104666989,3.7126331046669887
2021-02-18,ETHUSDT,1849.7,1950.5,1849.69,1939.61,937227.10191,288,288,0.0014587862379942993,0.04736614981642244,True,0.038194060244942526,3.8194060244942527
2021-02-19,ETHUSDT,1938.91,1972.82,1891.0,1955.0,793404.4115,288,288,0.001159182038067206,0.007903271499352126,True,0.034046762519617135,3.4046762519617135
2021-02-20,ETHUSDT,1955.46,2042.34,1803.14,1913.0,1261315.81279,288,288,0.003531445602717347,-0.02171750297921348,True,0.05942596741086633,5.942596741086633
2021-02-21,ETHUSDT,1912.9,1976.31,1883.01,1933.53,756568.19743,288,288,0.0019337102601897716,0.010674657390530702,True,0.043973972531371,4.3973972531371
2021-02-22,ETHUSDT,1933.54,1936.29,1551.0,1777.58,1807244.98099,288,288,0.010425367702772817,-0.0840944591338251,True,0.10210468991565871,10.210468991565872
2021-02-23,ETHUSDT,1777.42,1782.39,1355.0,1577.89,2547837.82068,288,288,0.02797683465319459,-0.11916437721265102,True,0.16726277127081982,16.726277127081982
2021-02-24,ETHUSDT,1577.79,1712.7,1500.2,1623.39,1384388.81727,288,288,0.008373341348464384,0.028428043912495586,True,0.09150596345847839,9.15059634584784
2021-02-25,ETHUSDT,1623.16,1671.59,1459.16,1481.75,1032670.79409,288,288,0.004929482721429891,-0.09129273372885882,True,0.07021027504169094,7.021027504169094
2021-02-26,ETHUSDT,1482.08,1562.25,1400.0,1444.59,1355973.29378,288,288,0.007581809563205113,-0.0253982774066013,True,0.0870735870583331,8.70735870583331
2021-02-27,ETHUSDT,1444.56,1529.0,1425.0,1458.13,927423.0475,288,288,0.004539544558654836,0.009329248569764487,True,0.067376142355101,6.7376142355101
2021-02-28,ETHUSDT,1458.27,1468.75,1293.18,1419.18,1410207.56284,288,288,0.00836574146232903,-0.027075552821541338,True,0.09146442730553245,9.146442730553245
2021-03-01,ETHUSDT,1418.67,1572.0,1409.91,1569.86,1094695.17839,288,288,0.0030993862092827513,0.1009072033822078,True,0.05567213135207553,5.5672131352075525
2021-03-02,ETHUSDT,1570.0,1602.9,1455.52,1486.78,1061142.38743,288,288,0.004153564474429583,-0.05437373576751869,True,0.06444815338261899,6.444815338261899
2021-03-03,ETHUSDT,1486.79,1656.94,1475.47,1567.69,1054846.31471,288,288,0.0032699823408828097,0.05299049065843674,True,0.05718375941543901,5.718375941543901
2021-03-04,ETHUSDT,1567.68,1624.87,1506.36,1539.23,946365.67088,288,288,0.003915373725032868,-0.018320906916698645,True,0.06257294722987616,6.257294722987616
2021-03-05,ETHUSDT,1539.22,1548.96,1441.66,1528.31,910786.28976,288,288,0.0032824855542312294,-0.007119741635654272,True,0.05729297997338967,5.729297997338967
2021-03-06,ETHUSDT,1528.08,1671.58,1513.03,1650.35,1013300.93928,270,269,,,False,,
2021-03-07,ETHUSDT,1650.68,1734.16,1630.35,1726.16,848470.78136,288,288,0.0023079153832755027,0.044911901618906014,True,0.048040767929702195,4.8040767929702195
2021-03-08,ETHUSDT,1726.46,1843.59,1664.96,1833.18,1149711.39987,288,288,0.0025823158674652667,0.06015287545997033,True,0.050816492081461766,5.081649208146176
2021-03-09,ETHUSDT,1833.22,1870.77,1798.2,1870.51,857229.47855,288,288,0.001898448800832887,0.020158957246936497,True,0.043571192327418434,4.3571192327418435
2021-03-10,ETHUSDT,1870.5,1877.69,1757.0,1795.12,937230.62831,288,288,0.003157643801316205,-0.041139248882490057,True,0.05619291593534015,5.619291593534015
2021-03-11,ETHUSDT,1795.28,1846.7,1725.0,1825.78,909011.4961,288,288,0.0028516886773697647,0.01693542091312303,True,0.053401204830694264,5.340120483069426
2021-03-12,ETHUSDT,1825.78,1841.88,1719.72,1766.1,869564.6361,288,288,0.002703703031992321,-0.03323356726634659,True,0.05199714445998281,5.199714445998281
2021-03-13,ETHUSDT,1766.13,1944.3,1727.75,1922.35,926283.22642,288,288,0.0020842964554801495,0.0847746702264678,True,0.04565409571418702,4.565409571418702
2021-03-14,ETHUSDT,1922.35,1933.1,1836.0,1848.1,637963.63627,288,288,0.0015286582098345246,-0.039390311637082585,True,0.03909805890110818,3.909805890110818
2021-03-15,ETHUSDT,1848.1,1891.76,1730.0,1793.48,1025326.79658,288,288,0.0028468434195185292,-0.03000021776153261,True,0.053355818984610566,5.335581898461057
2021-03-16,ETHUSDT,1793.99,1819.5,1711.68,1805.12,764993.40147,288,288,0.002292961645585987,0.006469205021433099,True,0.0478848790912746,4.7884879091274595
2021-03-17,ETHUSDT,1805.01,1838.88,1741.18,1823.58,658349.44843,288,288,0.001121256503703516,0.01017453041013906,True,0.0334851684138443,3.34851684138443
2021-03-18,ETHUSDT,1823.58,1850.0,1759.04,1776.08,603721.61056,288,288,0.0011370822561860038,-0.026392913379088712,True,0.033720650293047494,3.3720650293047494
2021-03-19,ETHUSDT,1775.92,1840.61,1733.47,1809.1,500258.42875,288,288,0.0012124435433080764,0.018420795444552666,True,0.034820160012671915,3.4820160012671915
2021-03-20,ETHUSDT,1809.01,1868.83,1800.86,1806.1,451556.10639,288,288,0.0006598332362630308,-0.001659659597598444,True,0.025687219317454952,2.568721931745495
2021-03-21,ETHUSDT,1806.57,1817.16,1747.0,1782.98,465953.98749,288,288,0.0010453554286214844,-0.012883702679305005,True,0.03233195677068563,3.233195677068563
2021-03-22,ETHUSDT,1783.23,1807.51,1655.15,1680.97,582727.49081,288,288,0.0018938775539855555,-0.05891511402087717,True,0.04351870349614698,4.351870349614698
2021-03-23,ETHUSDT,1681.17,1721.17,1650.0,1668.08,577213.99589,288,288,0.0015053712186094575,-0.007697743330171512,True,0.038799113631750114,3.8799113631750113
2021-03-24,ETHUSDT,1668.2,1740.86,1536.92,1581.84,753834.52393,288,288,0.0031938759754159968,-0.05308453798668984,True,0.05651438733115663,5.651438733115663
2021-03-25,ETHUSDT,1581.88,1622.0,1549.4,1585.74,701697.00258,288,288,0.0032393506293460395,0.0024624489172733947,True,0.056915293457435845,5.691529345743584
2021-03-26,ETHUSDT,1585.83,1699.93,1585.79,1698.84,515470.92907,288,288,0.0010533559175949206,0.06889448986456016,True,0.0324554451147249,3.2455445114724903
2021-03-27,ETHUSDT,1698.84,1732.67,1666.41,1712.63,443845.49957,288,288,0.0008723874945722594,0.008084535469532242,True,0.029536206502735918,2.9536206502735918
2021-03-28,ETHUSDT,1712.52,1725.66,1661.4,1687.01,348895.51314,288,288,0.0007987490107275943,-0.01507246945326338,True,0.02826214802041052,2.826214802041052
2021-03-29,ETHUSDT,1687.16,1841.0,1677.85,1816.74,647724.46387,288,288,0.0011910297244216426,0.07408595493625757,True,0.034511298503847154,3.4511298503847154
2021-03-30,ETHUSDT,1816.76,1859.13,1786.3,1840.46,568842.00526,288,288,0.000850453597018259,0.012971854211305749,True,0.02916253756136902,2.9162537561369017
2021-03-31,ETHUSDT,1840.41,1947.29,1768.15,1919.37,746995.8591,288,288,0.0017207007405694646,0.041981466818800425,True,0.041481330024114034,4.148133002411403
2021-04-01,ETHUSDT,1919.37,1984.77,1885.02,1968.05,741585.07266,288,288,0.0021191603763822614,0.025046197616484422,True,0.046034339100092025,4.603433910009203
2021-04-02,ETHUSDT,1968.05,2146.0,1948.48,2133.69,846197.93215,288,288,0.0014009212266861734,0.08080967041185806,True,0.03742888225269589,3.742888225269589
2021-04-03,ETHUSDT,2133.69,2138.12,1996.3,2008.52,770176.32192,288,288,0.0026090455725251626,-0.060454742775761364,True,0.05107881725847969,5.107881725847969
2021-04-04,ETHUSDT,2008.59,2091.83,1975.24,2075.69,514345.76554,288,288,0.0012241573385380513,0.03289549607977387,True,0.03498795990820344,3.4987959908203443
2021-04-05,ETHUSDT,2075.7,2130.64,2002.15,2107.38,684923.61494,288,288,0.0012566097441636505,0.015151841243722014,True,0.035448691713004736,3.5448691713004736
2021-04-06,ETHUSDT,2107.43,2151.0,2044.65,2112.21,673386.0557499999,288,288,0.0015993893180337518,0.0022893229482011325,True,0.03999236574689914,3.999236574689914
2021-04-07,ETHUSDT,2112.22,2129.01,1930.01,1963.47,892984.90422,288,288,0.002923564078717823,-0.07302147663878565,True,0.05406999240537974,5.406999240537974
2021-04-08,ETHUSDT,1963.46,2084.61,1947.35,2080.46,501355.998,288,288,0.0010422577397440863,0.057875707028076824,True,0.03228401678453421,3.228401678453421
2021-04-09,ETHUSDT,2080.39,2100.0,2047.57,2066.87,426387.4379,288,288,0.0005977735126538535,-0.006553637468455719,True,0.02444940720454902,2.444940720454902
2021-04-10,ETHUSDT,2067.19,2200.0,2058.0,2133.49,655458.20894,288,288,0.001332314679853856,0.03172375086109791,True,0.03650088601464156,3.650088601464156
2021-04-11,ETHUSDT,2133.49,2165.02,2113.4,2151.36,392265.50773,288,288,0.0008915721082401247,0.008341063797419498,True,0.029859204748956807,2.9859204748956807
2021-04-12,ETHUSDT,2151.42,2203.46,2102.0,2137.69,579093.35694,288,288,0.0011682008690963711,-0.006374393531251067,True,0.03417895359861638,3.4178953598616375
2021-04-13,ETHUSDT,2137.86,2318.0,2135.53,2299.19,782608.6209,288,288,0.001536289675745326,0.07283108022697994,True,0.03919553132367676,3.9195531323676756
2021-04-14,ETHUSDT,2299.19,2447.29,2281.33,2432.6,972931.60866,288,288,0.0036514099292987174,0.05640375720793491,True,0.06042689739924364,6.042689739924364
2021-04-15,ETHUSDT,2432.59,2543.47,2400.0,2514.04,681950.96645,288,288,0.00187316587873667,0.032930376738246274,True,0.04328008639936697,4.328008639936697
2021-04-16,ETHUSDT,2514.04,2548.29,2300.0,2422.67,999163.75205,288,288,0.004030273287468701,-0.03702078318124537,True,0.06348443342638178,6.348443342638179
2021-04-17,ETHUSDT,2422.38,2495.0,2310.0,2317.6,624232.2556800001,288,288,0.002162908373496638,-0.044338070286195644,True,0.04650707874610743,4.6507078746107435
2021-04-18,ETHUSDT,2317.65,2340.0,1946.8,2235.64,1475383.69204,288,288,0.015064805727242489,-0.0360046269312395,True,0.1227387702693916,12.27387702693916
2021-04-19,ETHUSDT,2235.65,2300.0,2080.0,2161.12,820592.26555,288,288,0.003936214785017755,-0.03390093471144796,True,0.06273926031615096,6.273926031615096
2021-04-20,ETHUSDT,2161.12,2346.62,2055.0,2330.03,992240.809,258,257,,,False,,
2021-04-21,ETHUSDT,2330.26,2469.54,2235.16,2357.06,1177885.8617,288,288,0.004103177827935612,0.011533936687040922,True,0.06405605223502,6.4056052235020005
2021-04-22,ETHUSDT,2357.06,2644.47,2303.44,2397.94,2219344.1438,288,288,0.008526836637505406,0.017194955723345513,True,0.09234087197717707,9.234087197717706
2021-04-23,ETHUSDT,2397.94,2442.89,2107.0,2367.39,2504555.27883,288,288,0.012687732177214696,-0.01282195295610602,True,0.11263983388311036,11.263983388311036
2021-04-24,ETHUSDT,2367.39,2368.74,2154.8,2213.35,997688.94623,288,288,0.005078309680223683,-0.0672808775731168,True,0.07126225985908448,7.126225985908448
2021-04-25,ETHUSDT,2214.08,2356.64,2168.0,2320.49,857517.38218,232,231,,,False,,
2021-04-26,ETHUSDT,2320.44,2542.8,2303.64,2532.6,1076469.01367,288,288,0.004191091790103138,0.08746807276063653,True,0.06473864217067839,6.473864217067839
2021-04-27,ETHUSDT,2532.06,2680.0,2480.29,2666.13,771728.46451,288,288,0.0022597913756944527,0.051381539723857395,True,0.04753726302275356,4.753726302275356
2021-04-28,ETHUSDT,2666.13,2760.0,2559.44,2748.24,999383.1852,288,288,0.0030707607804075555,0.03033272403282637,True,0.05541444559325263,5.541444559325263
2021-04-29,ETHUSDT,2748.23,2798.0,2668.0,2757.04,863890.01069,288,288,0.0019396758809654398,0.0031969336691140327,True,0.0440417515655933,4.4041751565593295
2021-04-30,ETHUSDT,2757.04,2798.3,2723.09,2772.42,695339.20482,288,288,0.0012313957603116647,0.0055629445417414965,True,0.035091249056020575,3.5091249056020577
2021-05-01,ETHUSDT,2772.42,2954.28,2743.41,2944.77,690260.07741,288,288,0.0011373655537267504,0.06031013057980732,True,0.03372485068501787,3.372485068501787
2021-05-02,ETHUSDT,2944.83,2985.0,2852.26,2949.56,571982.5445,288,288,0.0009938596909322926,0.0016252911032893457,True,0.031525540295644305,3.1525540295644303
2021-05-03,ETHUSDT,2949.33,3454.0,2949.32,3431.04,1329088.0628,288,288,0.002869410395317119,0.15120741553197373,True,0.05356687778205035,5.356687778205035
2021-05-04,ETHUSDT,3431.04,3527.0,3160.0,3239.01,1826039.38558,288,288,0.008121329538477655,-0.05759569465990918,True,0.09011841952940394,9.011841952940394
2021-05-05,ETHUSDT,3239.01,3549.34,3200.23,3524.26,1174816.73588,288,288,0.003678489959663742,0.08440275759095171,True,0.060650556136475305,6.06505561364753
2021-05-06,ETHUSDT,3524.33,3605.4,3376.47,3489.73,920592.57706,288,288,0.003143092208234772,-0.009846115823277352,True,0.05606328752610546,5.606328752610546
2021-05-07,ETHUSDT,3489.74,3587.0,3353.23,3479.53,760544.64781,288,288,0.0022186523518684586,-0.0029271421307101855,True,0.04710257266719577,4.7102572667195775
2021-05-08,ETHUSDT,3479.79,3958.33,3449.27,3910.26,1130467.54852,288,288,0.0025603973035486062,0.11670664075614848,True,0.05060036861079775,5.060036861079775
2021-05-09,ETHUSDT,3910.26,3983.65,3726.08,3923.95,1000401.0082,288,288,0.0031368954153068065,0.0034949315718514904,True,0.05600799420892348,5.600799420892348
2021-05-10,ETHUSDT,3923.95,4208.0,3650.0,3945.88,1505897.92612,288,288,0.010744222583251627,0.005573197073654672,True,0.10365434184466962,10.365434184466963
2021-05-11,ETHUSDT,3946.63,4180.22,3771.64,4173.45,1095927.10403,288,288,0.004453429347888118,0.056071035288975994,True,0.06673401941954431,6.673401941954431
2021-05-12,ETHUSDT,4173.46,4372.72,3701.58,3823.21,1601842.74017,288,288,0.00869158166397194,-0.08765264799631563,True,0.09322865259120686,9.322865259120686
2021-05-13,ETHUSDT,3810.15,4034.77,3500.0,3717.91,2068708.17427,288,288,0.0210104326861611,-0.027928701444751132,True,0.1449497591793829,14.49497591793829
2021-05-14,ETHUSDT,3717.92,4173.28,3691.35,4075.01,1153390.42631,288,288,0.004399970168803842,0.09171151823394594,True,0.06633227094562527,6.633227094562527
2021-05-15,ETHUSDT,4075.02,4134.05,3632.0,3646.68,1039174.88082,288,288,0.005435796680968151,-0.11105603605137264,True,0.07372785552942762,7.372785552942762
2021-05-16,ETHUSDT,3646.24,3879.0,3343.06,3582.1,1324065.65875,288,288,0.007362903310114997,-0.017867944012731878,True,0.08580736163124349,8.58073616312435
2021-05-17,ETHUSDT,3581.81,3587.06,3102.0,3282.51,1904012.43998,288,288,0.010901439334071165,-0.08734084696477253,True,0.1044099580215947,10.44099580215947
2021-05-18,ETHUSDT,3282.25,3565.71,3240.0,3375.07,1287110.84143,288,288,0.00719988547438838,0.027807691201480977,True,0.08485213889106379,8.485213889106378
2021-05-19,ETHUSDT,3375.08,3441.73,1888.0,2438.92,4309836.31939,288,288,0.16396948135380135,-0.3248607464823099,True,0.40493145266057234,40.49314526605723
2021-05-20,ETHUSDT,2438.92,2990.05,2155.0,2768.62,2942777.9301,288,288,0.02972838206220833,0.1267936827452274,True,0.17241920444720862,17.24192044472086
2021-05-21,ETHUSDT,2767.87,2938.54,2101.0,2430.98,2727031.93514,288,288,0.029284294774738335,-0.13005453287997057,True,0.17112654608428915,17.112654608428915
2021-05-22,ETHUSDT,2430.98,2485.0,2145.0,2294.87,1684318.01157,288,288,0.01438820480523438,-0.05761827120514047,True,0.11995084328688307,11.995084328688307
2021-05-23,ETHUSDT,2295.45,2381.57,1728.74,2096.39,2914548.73125,288,288,0.03404250102762625,-0.09045937917550098,True,0.1845061002450224,18.45061002450224
2021-05-24,ETHUSDT,2096.63,2675.0,2079.94,2648.43,2186632.92245,288,288,0.0185876732359934,0.23375019374596526,True,0.13633661737036532,13.633661737036531
2021-05-25,ETHUSDT,2647.92,2750.0,2378.54,2705.11,2115349.50445,288,288,0.015297089670063444,0.021175565307593673,True,0.12368140389752796,12.368140389752796
2021-05-26,ETHUSDT,2705.1,2910.0,2643.0,2884.94,1583799.59251,288,288,0.007858788474132499,0.06436152561075172,True,0.08864980808852606,8.864980808852605
2021-05-27,ETHUSDT,2884.82,2889.74,2633.68,2742.23,1099029.91206,288,288,0.0064340361283737576,-0.050732644515116075,True,0.08021244372523353,8.021244372523354
2021-05-28,ETHUSDT,2742.23,2762.45,2327.38,2412.1,1554584.61362,288,288,0.009585929193234281,-0.12827372062630504,True,0.09790775859570211,9.79077585957021
2021-05-29,ETHUSDT,2412.34,2574.27,2204.1,2278.74,1379427.18851,288,288,0.008861160115189046,-0.056875078745050024,True,0.09413373526631696,9.413373526631696
2021-05-30,ETHUSDT,2278.74,2476.42,2180.53,2385.98,1151113.19883,288,288,0.005894655670913303,0.04598728278063101,True,0.0767766609778864,7.67766609778864
2021-05-31,ETHUSDT,2385.82,2720.0,2271.44,2706.15,1307958.04068,288,288,0.0054869179595680925,0.12591701917386267,True,0.07407373326333763,7.407373326333763
2021-06-01,ETHUSDT,2706.15,2740.0,2523.74,2634.57,1179577.10806,288,288,0.004942155947053436,-0.026806979763833602,True,0.07030046903864466,7.030046903864466
2021-06-02,ETHUSDT,2634.31,2802.99,2550.0,2706.22,970070.53563,288,288,0.002594206735491458,0.02683284643592062,True,0.05093335582397313,5.093335582397313
2021-06-03,ETHUSDT,2706.21,2891.95,2662.4,2857.25,1024290.89423,288,288,0.002778119243801399,0.05430679653869843,True,0.05270786700105971,5.270786700105972
2021-06-04,ETHUSDT,2857.25,2860.0,2552.0,2689.51,1188314.11191,288,288,0.004305301108080076,-0.060500602908093976,True,0.06561479336308297,6.561479336308297
2021-06-05,ETHUSDT,2689.54,2816.87,2552.23,2627.73,961824.12413,288,288,0.0036758938824706256,-0.02323866526922603,True,0.06062915043500631,6.062915043500631
2021-06-06,ETHUSDT,2627.63,2745.0,2614.0,2711.92,673792.69369,288,288,0.0016873743214562054,0.03153651549973774,True,0.04107766207388397,4.107766207388397
2021-06-07,ETHUSDT,2711.92,2847.55,2570.0,2592.05,1152128.07856,288,288,0.0029511240109445377,-0.04520780269055372,True,0.054324248830007194,5.432424883000719
2021-06-08,ETHUSDT,2592.05,2620.99,2304.91,2507.23,1693747.42759,288,288,0.006232795437176268,-0.033270510340152756,True,0.07894805530965451,7.894805530965451
2021-06-09,ETHUSDT,2507.43,2626.63,2405.28,2610.18,1276718.24011,288,288,0.0054201812659882866,0.040240626386552576,True,0.07362188034808868,7.362188034808868
2021-06-10,ETHUSDT,2610.2,2624.46,2425.11,2471.09,741237.49926,288,288,0.0024113440351012446,-0.05475983562962887,True,0.04910543793818811,4.910543793818811
2021-06-11,ETHUSDT,2471.01,2497.99,2321.37,2354.01,587364.27358,288,288,0.002151691141410265,-0.04853909192677785,True,0.0463863249396874,4.63863249396874
2021-06-12,ETHUSDT,2354.09,2454.53,2256.22,2370.74,767439.4984,288,288,0.00295952128628013,0.007081885780931496,True,0.05440148239046552,5.440148239046552
2021-06-13,ETHUSDT,2370.64,2548.41,2308.41,2509.33,715948.75986,288,288,0.0021662107444527074,0.05681364254166341,True,0.0465425691647196,4.65425691647196
2021-06-14,ETHUSDT,2509.33,2609.17,2461.0,2580.77,684183.55622,288,288,0.0014868134890990252,0.02807201877868522,True,0.038559220545791965,3.8559220545791963
2021-06-15,ETHUSDT,2580.58,2640.0,2507.7,2543.54,599826.64933,288,288,0.001566846745458402,-0.014530992500363804,True,0.03958341503026744,3.9583415030267437
2021-06-16,ETHUSDT,2543.55,2556.19,2351.18,2367.89,624741.78358,288,288,0.001639592339528377,-0.07155754827824155,True,0.040491879920897436,4.049187992089744
2021-06-17,ETHUSDT,2368.02,2460.5,2306.0,2373.28,560667.58566,288,288,0.001571413190066121,0.0022737013530689776,True,0.039641054351090624,3.9641054351090625
2021-06-18,ETHUSDT,2373.28,2378.0,2139.0,2234.09,778905.2019699999,288,288,0.0026033777962688495,-0.06043897827598592,True,0.051023306402749415,5.102330640274942
2021-06-19,ETHUSDT,2234.09,2278.82,2161.67,2164.67,496872.24997,288,288,0.0018018281191350613,-0.03156606142285026,True,0.04244794599430061,4.244794599430061
2021-06-20,ETHUSDT,2165.34,2280.01,2040.68,2243.47,743883.64741,288,288,0.002468670927733223,0.03575584948671884,True,0.049685721568004056,4.9685721568004055
2021-06-21,ETHUSDT,2243.49,2260.16,1865.54,1885.49,1629819.66576,288,288,0.010504854341911018,-0.17383604031182265,True,0.10249319168564816,10.249319168564815
2021-06-22,ETHUSDT,1885.27,1998.0,1700.48,1879.28,1695338.08052,288,288,0.009304690919714054,-0.0032990093058492317,True,0.0964608258295255,9.64608258295255
2021-06-23,ETHUSDT,1879.29,2045.0,1821.95,1968.14,918612.30494,288,288,0.004470988399966844,0.04620020954786852,True,0.06686544997206587,6.686544997206586
2021-06-24,ETHUSDT,1967.95,2036.61,1884.79,1989.52,701231.67478,288,288,0.0023617672978949477,0.01080446930015647,True,0.04859801742761682,4.8598017427616815
2021-06-25,ETHUSDT,1989.53,2019.99,1791.22,1808.82,858808.54767,288,288,0.0044369035878755155,-0.09521870463650148,True,0.06661008623230806,6.661008623230806
2021-06-26,ETHUSDT,1808.97,1852.8,1717.32,1829.64,832315.14904,288,288,0.003851806481738116,0.011444527214783803,True,0.062062923567441745,6.206292356744174
2021-06-27,ETHUSDT,1829.84,1984.5,1804.26,1982.28,696055.79307,288,288,0.002981250650754482,0.08012847118323518,True,0.054600830128803735,5.460083012880373
2021-06-28,ETHUSDT,1982.27,2145.0,1960.52,2084.41,1044244.68308,288,288,0.0033052443984600607,0.050238144212159844,True,0.05749125497377893,5.749125497377893
2021-06-29,ETHUSDT,2084.42,2245.0,2073.57,2165.33,831257.23277,288,288,0.002284725192271207,0.038086933196143494,True,0.04779879906724861,4.779879906724862
2021-06-30,ETHUSDT,2165.46,2287.78,2087.99,2275.68,910583.6032,288,288,0.00312665500237317,0.04970613405856422,True,0.05591650026935851,5.5916500269358504
2021-07-01,ETHUSDT,2275.68,2275.93,2073.12,2106.41,787865.25137,288,288,0.003425468571241821,-0.07729383221470239,True,0.05852750269097274,5.852750269097274
2021-07-02,ETHUSDT,2106.41,2160.0,2018.5,2154.13,672282.37476,288,288,0.0022471231459897513,0.022401853119901123,True,0.04740383049912476,4.740383049912476
2021-07-03,ETHUSDT,2153.95,2240.0,2112.01,2226.99,569264.801,288,288,0.0014257533799118382,0.03326396817441274,True,0.037759149618494296,3.7759149618494297
2021-07-04,ETHUSDT,2226.99,2389.93,2189.58,2322.69,590656.25069,288,288,0.0015052393465661345,0.042075098836463674,True,0.03879741417370666,3.879741417370666
2021-07-05,ETHUSDT,2322.69,2324.64,2157.32,2196.53,781806.31605,288,288,0.002639894352385214,-0.055847154323011794,True,0.051379902222417805,5.137990222241781
2021-07-06,ETHUSDT,2196.85,2350.0,2193.0,2322.5,785330.17152,288,288,0.002723763569489591,0.055765349273010446,True,0.052189688344438226,5.218968834443823
2021-07-07,ETHUSDT,2322.51,2409.0,2291.9,2316.57,666501.35572,288,288,0.0016018593950350914,-0.002556548286548932,True,0.040023235689222975,4.002323568922297
2021-07-08,ETHUSDT,2316.25,2325.6,2084.79,2116.33,880265.04124,288,288,0.0022856351513473876,-0.0904041869515317,True,0.04780831675919356,4.780831675919356
2021-07-09,ETHUSDT,2116.32,2189.4,2046.51,2146.99,738611.36304,288,288,0.002329953032386743,0.014383404756170613,True,0.048269587033521875,4.8269587033521875
2021-07-10,ETHUSDT,2146.99,2194.82,2074.16,2110.69,499071.85904,288,288,0.001621074292916882,-0.017051952975454195,True,0.04026256689428634,4.026256689428634
2021-07-11,ETHUSDT,2110.68,2174.0,2081.02,2140.45,342294.40302,288,288,0.0008562735502000097,0.014001179053285035,True,0.02926215217990655,2.9262152179906553
2021-07-12,ETHUSDT,2140.54,2167.83,2006.68,2031.58,540630.10742,288,288,0.0011758303338400286,-0.05220227186284812,True,0.034290382526883954,3.4290382526883953
2021-07-13,ETHUSDT,2031.57,2047.35,1918.0,1940.15,647388.24969,288,288,0.0016519562386070848,-0.04604852576506564,True,0.04064426452289529,4.064426452289529
2021-07-14,ETHUSDT,1940.44,2019.18,1865.0,1994.58,690505.60937,288,288,0.002639113540132418,0.027668212188401948,True,0.05137230323951242,5.137230323951242
2021-07-15,ETHUSDT,1994.41,2042.88,1881.0,1919.51,645271.32563,288,288,0.0025834957082480968,-0.038363556727093184,True,0.050828099593119715,5.082809959311971
2021-07-16,ETHUSDT,1919.54,1965.0,1850.0,1876.26,577068.89724,288,288,0.0018879296667637397,-0.022789511403688824,True,0.04345031261986201,4.3450312619862
2021-07-17,ETHUSDT,1876.47,1919.19,1844.45,1899.59,430300.51578,288,288,0.0012952593658598621,0.0123576396813331,True,0.035989711944663605,3.5989711944663605
2021-07-18,ETHUSDT,1899.5,1993.79,1877.1,1891.64,534837.63654,288,288,0.0014982579644539655,-0.004193895729116914,True,0.038707337346476904,3.87073373464769
2021-07-19,ETHUSDT,1891.65,1919.0,1805.0,1818.73,547419.93771,288,288,0.0013599603867744227,-0.039305722370064834,True,0.03687764074306304,3.687764074306304
2021-07-20,ETHUSDT,1818.73,1841.34,1706.0,1786.03,786257.272,288,288,0.0023952913294159983,-0.018143175687964058,True,0.048941713592966875,4.894171359296688
2021-07-21,ETHUSDT,1786.03,2035.23,1747.55,1995.5,1115949.82033,288,288,0.002788160017366112,0.11089936588098755,True,0.05280303038051994,5.280303038051994
2021-07-22,ETHUSDT,1995.5,2046.0,1947.62,2024.56,768854.3659,288,288,0.0021350333753993728,0.014457747491656625,True,0.046206421365426825,4.620642136542682
2021-07-23,ETHUSDT,2024.27,2130.9,1993.22,2124.25,708160.91322,288,288,0.001365804660976158,0.04806640590320675,True,0.03695679451705949,3.695679451705949
2021-07-24,ETHUSDT,2124.26,2199.5,2105.58,2184.75,633075.18592,288,288,0.0011461931739468827,0.028082606624002675,True,0.033855474800198605,3.3855474800198606
2021-07-25,ETHUSDT,2184.9,2197.41,2105.93,2189.79,535630.27,288,288,0.001172048398564654,0.0023042432941551877,True,0.0342351923985342,3.4235192398534204
2021-07-26,ETHUSDT,2189.82,2433.65,2171.57,2228.08,1393738.163,288,288,0.005070613480079667,0.01733457924346786,True,0.07120824025405814,7.120824025405814
2021-07-27,ETHUSDT,2227.81,2319.26,2150.5,2299.49,906359.2347799999,288,288,0.0032614878169735188,0.03154713115377576,True,0.057109437197135106,5.7109437197135104
2021-07-28,ETHUSDT,2299.47,2345.0,2243.15,2300.9,718202.57727,288,288,0.0024955556620158467,0.0006129915264357004,True,0.04995553685044178,4.995553685044178
2021-07-29,ETHUSDT,2300.9,2400.0,2266.12,2382.92,499364.83496,288,288,0.0009867809503581238,0.03502627568090358,True,0.031413069737899285,3.1413069737899284
2021-07-30,ETHUSDT,2382.93,2471.7,2315.92,2461.81,762577.28797,288,288,0.0015806889708136949,0.03257022532995989,True,0.039757879355087525,3.9757879355087526
2021-07-31,ETHUSDT,2461.77,2553.86,2420.68,2531.05,507601.05026,288,288,0.001100021027350639,0.02773738465118044,True,0.03316656490127729,3.316656490127729
2021-08-01,ETHUSDT,2531.1,2697.61,2511.24,2555.69,853495.94078,288,288,0.0023856216550845605,0.009688009499402553,True,0.048842826034992695,4.88428260349927
2021-08-02,ETHUSDT,2555.5,2666.0,2507.0,2606.93,726701.84952,288,288,0.0018890984137038055,0.01985103789973802,True,0.04346375977413603,4.3463759774136035
2021-08-03,ETHUSDT,2606.92,2632.44,2442.32,2509.04,792960.84375,288,288,0.0026268951025817393,-0.03827307394071189,True,0.05125324480051716,5.125324480051717
2021-08-04,ETHUSDT,2508.51,2772.71,2457.68,2724.78,954590.7536,288,288,0.002101636929554739,0.0824874810472718,True,0.04584361383611396,4.584361383611396
2021-08-05,ETHUSDT,2724.55,2843.98,2529.91,2826.99,1307720.20654,288,288,0.004809299841464544,0.03682485047539242,True,0.06934911565019805,6.934911565019805
2021-08-06,ETHUSDT,2827.01,2946.75,2720.06,2891.58,825399.48637,288,288,0.0020052111337571367,0.022590524147628986,True,0.04477958389441707,4.477958389441707
2021-08-07,ETHUSDT,2891.54,3171.0,2865.5,3160.31,1205277.10095,288,288,0.0030832197092330524,0.08886705851891588,True,0.055526747691838144,5.552674769183814
2021-08-08,ETHUSDT,3160.48,3189.99,2949.03,3011.85,966349.70579,288,288,0.0026566208764330465,-0.048115616152295565,True,0.05154241822453664,5.154241822453664
2021-08-09,ETHUSDT,3011.84,3186.0,2893.23,3160.52,1129584.61614,288,288,0.002831487596228378,0.04818206312210079,True,0.0532117242365663,5.3211724236566305
2021-08-10,ETHUSDT,3160.51,3233.0,3051.22,3141.66,880675.74443,288,288,0.002418311193037114,-0.005985248375037931,True,0.049176327567612386,4.917632756761239
2021-08-11,ETHUSDT,3141.14,3274.0,3120.27,3160.5,732546.60433,288,288,0.0015348082264266397,0.005978920282417678,True,0.03917662857401897,3.917662857401897
2021-08-12,ETHUSDT,3160.4,3239.0,2979.29,3045.96,737628.45808,288,288,0.0020650736364549722,-0.03691412051983347,True,0.04544308128257779,4.544308128257779
2021-08-13,ETHUSDT,3046.11,3327.83,3033.8,3322.32,579333.4032299999,234,233,,,False,,
2021-08-14,ETHUSDT,3322.33,3330.98,3200.0,3263.16,486102.53787,288,288,0.0012142733470871941,-0.017967283025717613,True,0.03484642516940861,3.4846425169408612
2021-08-15,ETHUSDT,3263.16,3320.0,3111.13,3307.09,565579.67765,288,288,0.0012716523261445257,0.01337259758808828,True,0.035660234521726376,3.5660234521726375
2021-08-16,ETHUSDT,3307.35,3335.0,3135.22,3146.53,635667.05422,288,288,0.0013284416246044425,-0.04976839028511858,True,0.03644779313764336,3.644779313764336
2021-08-17,ETHUSDT,3147.18,3290.0,2991.89,3011.72,804996.06971,288,288,0.00229787527835218,-0.043788914213629244,True,0.04793615836038783,4.793615836038783
2021-08-18,ETHUSDT,3011.73,3125.81,2950.0,3014.55,625103.25568,288,288,0.002260939918896909,0.0009392211792830438,True,0.04754934193968313,4.754934193968313
2021-08-19,ETHUSDT,3014.18,3188.0,2958.33,3184.12,634769.92174,288,288,0.0016656312068544113,0.05472539040579806,True,0.04081214533511331,4.081214533511331
2021-08-20,ETHUSDT,3184.11,3300.0,3177.16,3284.82,558127.4554,288,288,0.0011500369090314034,0.03113590020059344,True,0.03391219410523895,3.391219410523895
2021-08-21,ETHUSDT,3284.81,3309.16,3207.0,3223.43,421156.09084,288,288,0.0008253233083827613,-0.018865845908600732,True,0.0287284407579451,2.87284407579451
2021-08-22,ETHUSDT,3223.36,3272.0,3126.42,3238.0,406479.07654,288,288,0.0009832336062100579,0.004509845249293118,True,0.031356556032352434,3.1356556032352434
2021-08-23,ETHUSDT,3238.0,3377.89,3230.02,3321.28,602103.44614,288,288,0.001028594262377085,0.0253943955393432,True,0.032071705012005285,3.2071705012005283
2021-08-24,ETHUSDT,3321.28,3357.85,3147.31,3170.62,540480.0785299999,288,288,0.0012744323107791017,-0.046423098433361176,True,0.03569919201857518,3.569919201857518
2021-08-25,ETHUSDT,3170.63,3248.0,3080.0,3226.87,483697.69444,288,288,0.0015147543887614105,0.01758547480241713,True,0.038919845692929084,3.8919845692929083
2021-08-26,ETHUSDT,3226.88,3250.0,3053.3,3093.2,442298.47372,288,288,0.0018951317723444573,-0.04230647341109936,True,0.04353311121829517,4.353311121829517
2021-08-27,ETHUSDT,3093.06,3280.0,3060.18,3273.45,451027.80711,288,288,0.0011598405829057869,0.056638320858238375,True,0.03405643232791401,3.4056432327914012
2021-08-28,ETHUSDT,3273.89,3287.0,3210.31,3244.48,262360.34921,288,288,0.00046261211816897184,-0.008889383828901795,True,0.02150841970412917,2.150841970412917
2021-08-29,ETHUSDT,3244.75,3285.0,3152.34,3223.47,335806.7827,288,288,0.0008448049028336842,-0.0064966717111036,True,0.029065527740498438,2.906552774049844
2021-08-30,ETHUSDT,3223.47,3347.95,3143.0,3229.64,625347.27541,288,288,0.0012538448545227276,0.0019122568436507129,True,0.035409671765249784,3.5409671765249784
2021-08-31,ETHUSDT,3229.14,3476.0,3188.77,3429.2,863071.13092,288,288,0.0020121277234077138,0.05995632190784086,True,0.04485674668773599,4.485674668773599
2021-09-01,ETHUSDT,3429.19,3842.0,3382.22,3826.82,845759.95868,288,288,0.0018892458071673604,0.10970717328449102,True,0.04346545533141647,4.346545533141647
2021-09-02,ETHUSDT,3826.82,3836.8,3717.04,3785.82,525165.7996,288,288,0.0012942936198387912,-0.010771663031671468,True,0.03597629246933029,3.597629246933029
2021-09-03,ETHUSDT,3785.82,4027.88,3705.05,3938.11,655903.75739,288,288,0.001540796829446099,0.039438404712427835,True,0.03925298497498119,3.925298497498119
2021-09-04,ETHUSDT,3938.11,3970.0,3832.5,3885.52,364478.1193,288,288,0.0007348106714333812,-0.013444089791113552,True,0.027107391453870682,2.7107391453870684
2021-09-05,ETHUSDT,3885.61,3980.0,3830.0,3950.29,365759.8597,288,288,0.0006299188548847084,0.016532170943004836,True,0.025098184294580123,2.5098184294580124
2021-09-06,ETHUSDT,3950.28,3970.0,3864.3,3926.77,397768.5783,288,288,0.0005266306594146365,-0.005971788941050322,True,0.022948434792260594,2.2948434792260595
2021-09-07,ETHUSDT,3926.67,3947.15,3005.0,3434.57,1203536.00209,288,288,0.03723698718165874,-0.13392546911066153,True,0.1929688761993984,19.296887619939838
2021-09-08,ETHUSDT,3434.84,3560.0,3215.16,3499.0,780611.7657,288,288,0.004961876795505443,0.018585477497662296,True,0.07044059053915891,7.044059053915891
2021-09-09,ETHUSDT,3499.01,3567.06,3390.4,3424.93,628553.8831,288,288,0.0027006012386833946,-0.021396179836426332,True,0.051967309326954716,5.196730932695472
2021-09-10,ETHUSDT,3424.94,3514.11,3150.0,3208.86,633026.2659,288,288,0.0024691814227195824,-0.06516529967132823,True,0.049690858542790164,4.969085854279016
2021-09-11,ETHUSDT,3208.85,3348.37,3200.0,3267.21,413524.1761,288,288,0.0016079852176738556,0.0180206758305067,True,0.040099690992249,4.0099690992249
2021-09-12,ETHUSDT,3267.1,3474.16,3231.1,3404.21,408858.9595,288,288,0.0018613187643490348,0.041076491226850885,True,0.0431430036546951,4.31430036546951
2021-09-13,ETHUSDT,3404.3,3430.3,3108.49,3285.35,647855.7199,288,288,0.004774467602735304,-0.035539709773021656,True,0.06909752240663411,6.909752240663411
2021-09-14,ETHUSDT,3285.09,3437.05,3269.95,3434.37,373634.90260000003,288,288,0.001563182546919133,0.04436031157768306,True,0.03953710342095299,3.9537103420952993
2021-09-15,ETHUSDT,3434.37,3616.16,3357.78,3613.55,428507.5278,288,288,0.0010500028276445776,0.05085716590548911,True,0.03240374712351301,3.2403747123513007
2021-09-16,ETHUSDT,3613.55,3676.28,3481.14,3567.98,467985.4919,288,288,0.0018705435784188297,-0.01269105932442096,True,0.04324978125284369,4.324978125284369
2021-09-17,ETHUSDT,3567.97,3594.17,3350.07,3399.81,398888.3705,288,288,0.0015670838482783123,-0.048280061613189394,True,0.03958640989377936,3.958640989377936
2021-09-18,ETHUSDT,3399.89,3541.96,3368.88,3435.64,315162.7627,288,288,0.001175368905609295,0.010483677933387,True,0.034283653621066924,3.4283653621066925
2021-09-19,ETHUSDT,3435.64,3456.53,3277.74,3328.62,312948.0013,288,288,0.0011142687461764948,-0.03164542195653137,True,0.033380664256070385,3.3380664256070385
2021-09-20,ETHUSDT,3328.57,3347.82,2913.39,2977.28,917939.57849,288,288,0.005434180477791536,-0.11154767165655552,True,0.07371689411384297,7.371689411384297
2021-09-21,ETHUSDT,2977.32,3105.83,2652.0,2765.9,971519.8894100001,288,288,0.008546117047990458,-0.07364405272892811,True,0.0924452110603381,9.24452110603381
2021-09-22,ETHUSDT,2766.72,3088.88,2737.54,3076.92,677457.64825,288,288,0.003663241619465396,0.10656301735282817,True,0.060524719077955216,6.052471907795522
2021-09-23,ETHUSDT,3076.92,3174.5,3033.85,3152.5,459293.8858,288,288,0.0017889330414110605,0.024266692205038215,True,0.04229578042087721,4.229578042087721
2021-09-24,ETHUSDT,3152.41,3158.52,2733.0,2928.53,932090.8856,288,288,0.0044960527633649515,-0.07369519820941041,True,0.06705261190561447,6.705261190561447
2021-09-25,ETHUSDT,2928.22,2967.52,2801.57,2921.73,491974.0226,288,288,0.0037474743553654907,-0.0023246840524531946,True,0.061216618294099606,6.121661829409961
2021-09-26,ETHUSDT,2921.84,3115.51,2738.17,3059.37,703594.478,288,288,0.004044245036817935,0.04603310581959694,True,0.0635943789718709,6.35943789718709
2021-09-27,ETHUSDT,3059.36,3164.94,2922.71,2925.59,510130.7319,288,288,0.002628632198275779,-0.044712842669745775,True,0.051270188202070986,5.127018820207098
2021-09-28,ETHUSDT,2924.76,2970.82,2789.0,2804.91,511325.4643,288,288,0.00300323201293516,-0.04212471684651309,True,0.05480175191483535,5.480175191483535
2021-09-29,ETHUSDT,2805.15,2950.0,2782.0,2850.45,411305.0893,264,263,,,False,,
2021-09-30,ETHUSDT,2850.45,3048.42,2837.19,3000.61,506896.7612,288,288,0.0020085524209559284,0.05133872477868504,True,0.044816876519408716,4.481687651940872
2021-10-01,ETHUSDT,3000.62,3330.0,2969.07,3309.91,648714.6151,288,288,0.0020376135231986747,0.09810539735495936,True,0.04513993268934586,4.513993268934586
2021-10-02,ETHUSDT,3309.91,3469.0,3257.0,3387.76,422551.1811,288,288,0.0013758447899397906,0.023247937341023567,True,0.03709238183158087,3.709238183158087
2021-10-03,ETHUSDT,3387.77,3488.0,3342.51,3417.73,360586.8905,288,288,0.0011330439380336222,0.008807651981751907,True,0.033660718026114984,3.3660718026114984
2021-10-04,ETHUSDT,3417.73,3437.19,3270.0,3386.31,485204.642,288,288,0.0018824468894690924,-0.009235755034168566,True,0.04338717425079781,4.338717425079781
2021-10-05,ETHUSDT,3386.31,3545.0,3363.78,3515.27,393900.8818,288,288,0.0008559408353254861,0.03737550299278613,True,0.029256466555711853,2.9256466555711853
2021-10-06,ETHUSDT,3515.48,3632.11,3342.0,3574.89,618265.5402,288,288,0.0018944679273492741,0.016818070473447792,True,0.04352548595190264,4.352548595190264
2021-10-07,ETHUSDT,3574.88,3653.98,3470.8,3587.47,486102.3591,288,288,0.0016068432869215399,0.003512812239617773,True,0.040085449815631856,4.008544981563186
2021-10-08,ETHUSDT,3587.47,3695.0,3532.0,3563.13,403597.1437,288,288,0.0010539354645257117,-0.006807846616127235,True,0.03246437223366119,3.246437223366119
2021-10-09,ETHUSDT,3563.13,3635.0,3538.07,3574.82,361906.7514,288,288,0.0005803456491600061,0.0032754531627244917,True,0.02409036423884052,2.409036423884052
2021-10-10,ETHUSDT,3574.83,3604.0,3405.0,3414.22,580223.6302,288,288,0.0013371262847380713,-0.04596576239303243,True,0.036566737408990586,3.6566737408990586
2021-10-11,ETHUSDT,3414.22,3623.8,3371.0,3542.12,493521.882,288,288,0.001557793568085649,0.036776355116065876,True,0.039468893676991364,3.9468893676991366
2021-10-12,ETHUSDT,3542.12,3547.11,3403.21,3491.46,409377.19180000003,288,288,0.0015814316681192066,-0.014405431106842214,True,0.03976721851122111,3.9767218511221105
2021-10-13,ETHUSDT,3491.43,3613.0,3412.7,3607.42,393463.1222,288,288,0.0012802660764589348,0.03267284855359388,True,0.03578080597833055,3.5780805978330545
2021-10-14,ETHUSDT,3607.41,3824.0,3586.04,3790.82,481894.1473,288,288,0.0012023860461505167,0.049589519133365914,True,0.034675438658371964,3.467543865837196
2021-10-15,ETHUSDT,3790.82,3907.77,3734.1,3868.99,504321.732,288,288,0.0011061725325531041,0.02041113653665357,True,0.03325917215676157,3.3259172156761574
2021-10-16,ETHUSDT,3868.38,3971.0,3803.56,3829.96,373727.8549,288,288,0.000869360031434831,-0.01013913179405275,True,0.029484911928558157,2.9484911928558155
2021-10-17,ETHUSDT,3829.96,3919.19,3640.0,3846.85,368898.9831,288,288,0.0011381602307426301,0.004400272314298941,True,0.03373663039994703,3.373663039994703
2021-10-18,ETHUSDT,3847.0,3893.14,3676.0,3744.96,401819.9734,288,288,0.0015226022161472065,-0.02684369558382089,True,0.03902053582598792,3.902053582598792
2021-10-19,ETHUSDT,3744.96,3886.89,3732.0,3877.03,341268.3723,288,288,0.0011094550044458695,0.03465846059629729,True,0.03330848246987349,3.330848246987349
2021-10-20,ETHUSDT,3876.98,4169.0,3828.05,4161.15,537383.0973200001,288,288,0.0009406239515233296,0.0707220817771673,True,0.030669593272870926,3.0669593272870928
2021-10-21,ETHUSDT,4161.37,4375.0,4013.13,4052.99,798566.55805,288,288,0.003933447524884584,-0.02633659804276743,True,0.06271720278268622,6.2717202782686226
2021-10-22,ETHUSDT,4053.0,4167.41,3888.0,3972.2,463222.5428,288,288,0.0012984570829759855,-0.020134782952407462,True,0.03603410999283853,3.603410999283853
2021-10-23,ETHUSDT,3972.19,4172.0,3937.51,4167.12,326576.9601,288,288,0.0009228343646243861,0.04790505233930025,True,0.030378188962220675,3.0378188962220674
2021-10-24,ETHUSDT,4167.13,4186.57,3961.5,4082.33,350115.8386,288,288,0.0008841867501720752,-0.020557245877645243,True,0.029735277872790684,2.9735277872790684
2021-10-25,ETHUSDT,4082.33,4236.0,4067.71,4220.37,347438.6534,288,288,0.0006309724383547755,0.03325489808536158,True,0.025119164762284107,2.5119164762284107
2021-10-26,ETHUSDT,4220.36,4297.0,4090.21,4131.52,414498.1599,288,288,0.0010388138571423722,-0.021277423925354026,True,0.032230635382231795,3.2230635382231796
2021-10-27,ETHUSDT,4131.52,4307.0,3909.0,3922.0,704604.25,288,288,0.0033979306848453033,-0.05204365023006284,True,0.058291772016686054,5.829177201668605
2021-10-28,ETHUSDT,3921.99,4295.0,3890.17,4286.02,626378.5055,288,288,0.0018754268815986397,0.08875683562191948,True,0.043306199112813394,4.33061991128134
2021-10-29,ETHUSDT,4286.01,4460.47,4265.97,4418.89,559231.07691,288,288,0.001410031779964795,0.03052996993308947,True,0.037550389877666984,3.7550389877666985
2021-10-30,ETHUSDT,4418.89,4434.06,4232.2,4322.68,340223.069,288,288,0.000763531737120542,-0.022012953052922182,True,0.027632078045643653,2.7632078045643653
2021-10-31,ETHUSDT,4322.68,4399.14,4164.35,4287.21,412856.2893,288,288,0.000993160054360844,-0.008239408555732571,True,0.031514441996659946,3.1514441996659945
2021-11-01,ETHUSDT,4287.48,4386.58,4146.3,4319.43,417620.6179,288,288,0.0013256403061092893,0.007487277385633672,True,0.03640934366490681,3.6409343664906806
2021-11-02,ETHUSDT,4319.43,4599.6,4284.43,4589.89,468184.79301,288,288,0.0009531735299714123,0.06073260953753311,True,0.03087350854650978,3.087350854650978
2021-11-03,ETHUSDT,4589.68,4665.87,4455.0,4603.35,448658.35125,288,288,0.0009952645862980752,0.002928240667671795,True,0.031547814287174875,3.1547814287174876
2021-11-04,ETHUSDT,4603.35,4606.65,4420.08,4532.32,368218.25695,288,288,0.0009024304537765016,-0.015550349635634987,True,0.030040480252094864,3.0040480252094865
2021-11-05,ETHUSDT,4532.31,4570.05,4438.8,4474.24,305651.7244,288,288,0.0006779466648644743,-0.012897444774280804,True,0.026037408950670846,2.6037408950670846
2021-11-06,ETHUSDT,4474.24,4530.0,4326.17,4518.0,322154.0973,288,288,0.000708220278562894,0.009732913144382287,True,0.02661240835705957,2.661240835705957
2021-11-07,ETHUSDT,4518.0,4637.98,4502.37,4612.59,243596.5952,288,288,0.0004276005836975328,0.020720103325597032,True,0.020678505354535002,2.0678505354535
2021-11-08,ETHUSDT,4612.59,4822.97,4612.0,4807.98,391102.31806,288,288,0.0005809900470017078,0.0414875161190704,True,0.024103735125529983,2.410373512552998
2021-11-09,ETHUSDT,4807.98,4838.28,4713.89,4732.33,311267.57998,288,288,0.0006480787856633769,-0.01585935585156194,True,0.025457391572260048,2.545739157226005
2021-11-10,ETHUSDT,4732.33,4868.0,4461.93,4628.78,553596.99163,288,288,0.0028030129562849606,-0.022124347182799375,True,0.05294348832750786,5.294348832750786
2021-11-11,ETHUSDT,4628.68,4779.0,4576.47,4719.0,303688.9765,288,288,0.0008928314159417383,0.019303578288133297,True,0.02988028473662422,2.988028473662422
2021-11-12,ETHUSDT,4719.0,4809.71,4507.85,4665.46,461580.0415,288,288,0.0015717793168469507,-0.011410476661028405,True,0.0396456721073934,3.96456721073934
2021-11-13,ETHUSDT,4665.47,4707.6,4584.08,4644.28,220720.6611,288,288,0.0006481567671676298,-0.004550081214127799,True,0.02545892313448528,2.545892313448528
2021-11-14,ETHUSDT,4644.27,4696.05,4514.12,4626.5,245309.0674,288,288,0.0005609532544492458,-0.0038357121621450164,True,0.02368445174474693,2.368445174474693
2021-11-15,ETHUSDT,4626.5,4772.01,4540.0,4563.78,375421.6601,288,288,0.000763503557492037,-0.013649415199348524,True,0.02763156813306181,2.763156813306181
2021-11-16,ETHUSDT,4563.77,4563.77,4103.0,4209.76,735857.063,288,288,0.0033025222444107278,-0.0807455885641671,True,0.05746757559189989,5.746757559189989
2021-11-17,ETHUSDT,4209.59,4299.91,4063.48,4287.8,472852.1842,288,288,0.0025109209057578496,0.018368141946262514,True,0.05010909005118582,5.010909005118582
2021-11-18,ETHUSDT,4288.07,4344.81,3956.44,3996.9,576945.1837,288,288,0.0025815292843556392,-0.07025472023755563,True,0.050808752044855805,5.08087520448558
2021-11-19,ETHUSDT,3996.9,4308.97,3973.01,4294.76,420045.0897,288,288,0.001360301074283535,0.07187661429380623,True,0.03688225961466481,3.688225961466481
2021-11-20,ETHUSDT,4294.75,4435.88,4199.86,4412.17,365584.578,288,288,0.0009958073530078014,0.02697095698133126,True,0.03155641540174995,3.155641540174995
2021-11-21,ETHUSDT,4412.17,4451.0,4242.41,4258.31,340206.3203,288,288,0.0010506904773279347,-0.035494263972685354,True,0.03241435603753273,3.241435603753273
2021-11-22,ETHUSDT,4259.7,4320.0,4022.74,4085.97,518501.3338,288,288,0.0025606748864612497,-0.04131321373002055,True,0.050603111430634874,5.060311143063488
2021-11-23,ETHUSDT,4086.28,4385.59,4059.62,4339.44,502811.7902,288,288,0.0021213405090616685,0.06018615330430129,True,0.04605801243064738,4.605801243064738
2021-11-24,ETHUSDT,4339.45,4373.94,4167.65,4269.36,448727.0306,288,288,0.0016000558677302327,-0.01628137442588442,True,0.040000698340531916,4.000069834053192
2021-11-25,ETHUSDT,4270.1,4550.0,4248.27,4524.85,445868.2434,288,288,0.0008780974153639066,0.058120494328186695,True,0.029632708539111076,2.9632708539111077
2021-11-26,ETHUSDT,4524.48,4551.0,3913.0,4041.2,720245.1612,288,288,0.003730075238624011,-0.11304274985973305,True,0.0610743419008671,6.10743419008671
2021-11-27,ETHUSDT,4041.2,4183.66,4028.34,4095.29,275326.5202,288,288,0.0012229101459689832,0.013295855296929796,True,0.034970132198334385,3.4970132198334385
2021-11-28,ETHUSDT,4095.29,4298.51,3964.0,4294.78,346471.3551,288,288,0.0017707297163494695,0.04756279890436755,True,0.042080039405274675,4.208003940527467
2021-11-29,ETHUSDT,4294.77,4458.92,4276.89,4444.53,406881.2284,288,288,0.001173062553161495,0.034273794819698375,True,0.03425000077608021,3.425000077608021
2021-11-30,ETHUSDT,4444.54,4753.0,4346.36,4630.26,743024.4662,288,288,0.00252824175837845,0.04093889543660379,True,0.050281624460417444,5.028162446041744
2021-12-01,ETHUSDT,4630.25,4778.75,4523.99,4582.95,508198.3105,288,288,0.0018204941259961586,-0.010270126445923712,True,0.042667248868378645,4.266724886837864
2021-12-02,ETHUSDT,4582.95,4634.83,4433.0,4511.21,451861.9545,288,288,0.001966575817447353,-0.01577748536964919,True,0.044346091343514735,4.434609134351473
2021-12-03,ETHUSDT,4511.35,4654.88,4032.5,4215.73,677974.8659,288,288,0.002499200769616789,-0.06774264277089789,True,0.04999200705729656,4.999200705729656
2021-12-04,ETHUSDT,4215.01,4238.59,3503.68,4117.25,1111773.1451,288,288,0.006913044992873133,-0.023637302670389403,True,0.08314472318116846,8.314472318116845
2021-12-05,ETHUSDT,4117.25,4248.19,4031.39,4196.44,536325.4413,288,288,0.0022575619809741963,0.01905108203737395,True,0.04751380831899498,4.751380831899498
2021-12-06,ETHUSDT,4196.44,4376.15,3921.0,4347.59,726742.9638,288,288,0.003637492846344107,0.035385121775086896,True,0.06031163110332954,6.031163110332954
2021-12-07,ETHUSDT,4347.57,4425.0,4255.92,4306.4,420749.751,288,288,0.0014385440489745628,-0.009519380320033403,True,0.03792814323130731,3.792814323130731
2021-12-08,ETHUSDT,4306.4,4450.49,4222.95,4436.91,429403.9351,288,288,0.001681172675947584,0.029855899950780525,True,0.041002105750163415,4.100210575016342
2021-12-09,ETHUSDT,4436.91,4488.0,4076.16,4105.64,462173.711,288,288,0.001968530862071048,-0.07759655003333653,True,0.04436812889982006,4.436812889982006
2021-12-10,ETHUSDT,4105.64,4231.08,3887.37,3897.94,563236.5671,288,288,0.003635719587467054,-0.051913429724131474,True,0.06029692850773623,6.029692850773623
2021-12-11,ETHUSDT,3898.31,4097.08,3828.22,4089.37,427853.4343,288,288,0.0022043002639020493,0.04794271550246757,True,0.04694997618638426,4.694997618638426
2021-12-12,ETHUSDT,4089.68,4173.63,3986.25,4130.0,260535.5157,288,288,0.0006989099744662092,0.009886483012550525,True,0.026436905538776832,2.643690553877683
2021-12-13,ETHUSDT,4130.0,4142.75,3671.45,3781.93,533467.2307,288,288,0.0022757290965476256,-0.08804294563350568,True,0.04770460246713754,4.770460246713754
2021-12-14,ETHUSDT,3781.92,3882.74,3685.0,3858.99,395145.7462,288,288,0.0025399796194951673,0.020171029867778075,True,0.05039821047909506,5.0398210479095065
2021-12-15,ETHUSDT,3858.99,4092.22,3643.73,4019.08,542068.0573,288,288,0.0028175106741960927,0.04064752951085287,True,0.053080228656215235,5.308022865621523
2021-12-16,ETHUSDT,4019.54,4113.43,3942.11,3958.11,368780.031,288,288,0.0012913822691338435,-0.015286382109833093,True,0.03593580761766519,3.593580761766519
2021-12-17,ETHUSDT,3959.11,3994.1,3700.0,3875.42,463370.9225,288,288,0.0023104901746020044,-0.021112594579607364,True,0.048067558442280015,4.806755844228001
2021-12-18,ETHUSDT,3875.43,3996.93,3767.01,3959.93,339593.25430000003,288,288,0.0015067987685604225,0.021572304313847684,True,0.03881750595492223,3.881750595492223
2021-12-19,ETHUSDT,3959.93,4032.43,3884.0,3924.14,306006.323,288,288,0.001246123054294386,-0.009079129396085772,True,0.0353004681880338,3.53004681880338
2021-12-20,ETHUSDT,3924.14,3983.37,3753.0,3944.73,366916.4771,288,288,0.0015851962918311704,0.005233291944613046,True,0.03981452362933871,3.981452362933871
2021-12-21,ETHUSDT,3944.72,4063.0,3913.21,4014.15,340826.3553,288,288,0.0008273217094041593,0.017445107992705166,True,0.028763200611269937,2.8763200611269935
2021-12-22,ETHUSDT,4014.41,4074.87,3933.4,3979.51,303191.8076,288,288,0.0006544416153269078,-0.00866692274459554,True,0.025582056510900522,2.558205651090052
2021-12-23,ETHUSDT,3979.51,4150.0,3893.23,4111.41,380207.8166,288,288,0.0009283739430366051,0.03260733922888218,True,0.030469229446059266,3.0469229446059267
2021-12-24,ETHUSDT,4111.41,4134.84,4017.17,4046.36,230741.8072,288,288,0.000658422482441723,-0.015948323813460105,True,0.025659744395486933,2.565974439548693
2021-12-25,ETHUSDT,4046.35,4137.91,4018.62,4094.83,208126.8805,288,288,0.0004729886906054544,0.011907490847253621,True,0.021748303166119753,2.1748303166119753
2021-12-26,ETHUSDT,4094.36,4105.0,4000.0,4063.56,189309.255,288,288,0.0004076028978858645,-0.007665765703515029,True,0.020189177741697765,2.0189177741697764
2021-12-27,ETHUSDT,4063.57,4127.46,4031.0,4037.23,222202.1383,288,288,0.0003726061328662837,-0.0065006234506171335,True,0.019303008389012416,1.9303008389012417
2021-12-28,ETHUSDT,4037.22,4037.23,3759.36,3792.75,358064.71630000003,288,288,0.0013647090448276038,-0.062467463601590834,True,0.03694196861061419,3.694196861061419
2021-12-29,ETHUSDT,3792.75,3827.78,3604.2,3630.19,302753.6375,288,288,0.001299890819358012,-0.04380636114128252,True,0.0360539986597605,3.6053998659760502
2021-12-30,ETHUSDT,3630.18,3769.1,3585.0,3709.27,249263.7305,288,288,0.0009381174764677415,0.02155010325503833,True,0.030628703473502456,3.0628703473502457
2021-12-31,ETHUSDT,3709.27,3815.0,3622.29,3676.23,268014.2942,288,288,0.0011906853770335933,-0.008947321214970733,True,0.03450630923517601,3.450630923517601
2022-01-01,ETHUSDT,3676.22,3776.45,3673.46,3765.54,154143.8968,288,288,0.0007105777630937468,0.024003506717261133,True,0.026656664515534324,2.6656664515534323
2022-01-02,ETHUSDT,3765.54,3857.44,3717.3,3828.27,154791.4263,288,288,0.0005754140298999954,0.016521726756627535,True,0.02398778918324895,2.398778918324895
2022-01-03,ETHUSDT,3828.11,3853.09,3680.0,3765.89,236245.8586,288,288,0.0006984903074950248,-0.01642878291986734,True,0.0264289672044714,2.64289672044714
2022-01-04,ETHUSDT,3765.89,3900.73,3713.11,3785.11,288258.5549,288,288,0.0008420755534600259,0.005090727455431843,True,0.029018538099980604,2.90185380999806
2022-01-05,ETHUSDT,3785.1,3848.0,3415.0,3540.63,397942.0363,288,288,0.002388260189096167,-0.06677027114101358,True,0.04886982902667214,4.886982902667214
2022-01-06,ETHUSDT,3539.82,3550.43,3300.0,3406.81,496745.7413,288,288,0.0016953739050902293,-0.038528307826950534,True,0.04117491839810043,4.117491839810043
2022-01-07,ETHUSDT,3406.81,3416.76,3064.42,3199.24,669631.7262,288,288,0.0041052305853382706,-0.06286308798825177,True,0.06407207336537714,6.407207336537714
2022-01-08,ETHUSDT,3198.68,3250.0,3000.0,3080.95,400692.1061,288,288,0.001967238168753039,-0.03767529061248293,True,0.04435355869322144,4.435355869322144
2022-01-09,ETHUSDT,3080.98,3211.72,3057.35,3151.97,275874.1643,288,288,0.0010316957843224427,0.022789663198235294,True,0.032120021549221334,3.2120021549221334
2022-01-10,ETHUSDT,3151.97,3185.0,2928.83,3082.68,529818.3866,288,288,0.002475912790251982,-0.022228305671767826,True,0.049758544896851456,4.975854489685146
2022-01-11,ETHUSDT,3082.87,3263.54,3051.8,3239.72,362446.7087,288,288,0.0012618432085595218,0.0496875578046758,True,0.03552243246963138,3.552243246963138
2022-01-12,ETHUSDT,3239.73,3411.43,3206.2,3371.26,370465.8015,288,288,0.0009135065764869333,0.03979965540945933,True,0.030224271314407785,3.0224271314407787
2022-01-13,ETHUSDT,3371.6,3410.0,3233.43,3240.61,336234.8799,288,288,0.0012546295343536914,-0.03952497803790792,True,0.03542075005351653,3.5420750053516534
2022-01-14,ETHUSDT,3240.61,3342.79,3188.0,3307.42,285326.3505,288,288,0.0009741365453151932,0.020406845573391057,True,0.0312111605890456,3.1211160589045597
2022-01-15,ETHUSDT,3307.42,3371.64,3261.0,3326.04,203100.3778,288,288,0.0004885328269144486,0.005613977894932504,True,0.022102778714778115,2.2102778714778113
2022-01-16,ETHUSDT,3326.51,3393.6,3269.62,3346.88,210782.2277,288,288,0.0006291669402829182,0.006246161427139293,True,0.025083200359661408,2.5083200359661406
2022-01-17,ETHUSDT,3346.89,3357.57,3141.1,3209.67,284063.6548,288,288,0.0011176580925437395,-0.04186044046482512,True,0.03343139381694606,3.3431393816946064
2022-01-18,ETHUSDT,3209.68,3243.87,3082.0,3159.85,299134.2728,288,288,0.0011938874053717124,-0.015643570001208907,True,0.03455267580624853,3.455267580624853
2022-01-19,ETHUSDT,3159.85,3174.87,3000.0,3084.02,332996.5703,288,288,0.0013219939045126428,-0.024290617353370462,True,0.03635923410239334,3.635923410239334
2022-01-20,ETHUSDT,3084.02,3273.37,2987.15,3001.48,357596.7062,288,288,0.0013015647563247785,-0.027128440411799112,True,0.036077205494949,3.6077205494949
2022-01-21,ETHUSDT,3001.48,3034.12,2403.0,2568.15,1022021.70024,288,288,0.007852305086990672,-0.15591970501576347,True,0.08861323313699072,8.861323313699073
2022-01-22,ETHUSDT,2567.47,2626.0,2300.0,2412.18,1081357.54893,288,288,0.01068179256010123,-0.06265489239063596,True,0.10335275787370761,10.335275787370762
2022-01-23,ETHUSDT,2412.18,2556.78,2370.8,2539.01,580497.7613,288,288,0.0031790483785135827,0.05124333832710895,True,0.05638305045413544,5.638305045413544
2022-01-24,ETHUSDT,2539.0,2539.75,2159.0,2439.29,1123134.70389,288,288,0.007038957143003471,-0.04006722791866446,True,0.08389849309137484,8.389849309137484
2022-01-25,ETHUSDT,2439.56,2506.55,2348.96,2458.83,510152.954,288,288,0.0030618633027980715,0.007978613695371386,True,0.055334106144385053,5.533410614438505
2022-01-26,ETHUSDT,2459.04,2722.0,2402.03,2462.99,806441.62289,288,288,0.007068749306517159,0.0016904319908571852,True,0.08407585447985146,8.407585447985145
2022-01-27,ETHUSDT,2463.0,2521.0,2316.43,2424.25,599481.7159,288,288,0.004028469004320535,-0.015853860838318374,True,0.06347022139807404,6.347022139807404
2022-01-28,ETHUSDT,2424.02,2558.98,2357.88,2544.99,485149.8065,288,288,0.0033363798617849463,0.04860452251916392,True,0.05776140460363604,5.776140460363604
2022-01-29,ETHUSDT,2544.99,2636.66,2520.01,2601.43,376666.8246,288,288,0.0015792908367026643,0.021934573111190493,True,0.03974029235804216,3.974029235804216
2022-01-30,ETHUSDT,2601.43,2640.0,2542.5,2601.68,290770.0859,288,288,0.0012994656210283582,9.609637320438596e-05,True,0.0360481014899309,3.60481014899309
2022-01-31,ETHUSDT,2601.67,2706.77,2476.07,2686.94,444584.851,288,288,0.0020501015464565275,0.03224560944220135,True,0.0452780470698166,4.52780470698166
2022-02-01,ETHUSDT,2686.94,2813.0,2673.52,2787.23,390034.27362,288,288,0.0016074421230768594,0.036645271460083735,True,0.040092918615097846,4.009291861509785
2022-02-02,ETHUSDT,2787.48,2810.88,2612.72,2680.67,447852.1228,288,288,0.0022162740794117453,-0.03898150783038955,True,0.047077320223349005,4.7077320223349
2022-02-03,ETHUSDT,2680.25,2726.64,2576.05,2695.46,405043.3931,288,288,0.0022898801007429277,0.00550211297411279,True,0.04785269167709302,4.785269167709302
2022-02-04,ETHUSDT,2695.21,2995.0,2671.4,2994.99,664002.9328,288,288,0.002345087771898096,0.10537201641158885,True,0.048426106305360705,4.84261063053607
2022-02-05,ETHUSDT,2994.99,3060.47,2958.01,3012.65,356803.3071,288,288,0.001213860260597085,0.005879197444611554,True,0.03484049742178037,3.4840497421780374
2022-02-06,ETHUSDT,3012.64,3074.56,2950.21,3054.99,249394.5966,288,288,0.0009058526173017228,0.013956229187490935,True,0.03009738555592035,3.009738555592035
2022-02-07,ETHUSDT,3055.0,3186.0,2991.8,3139.77,455070.2529,288,288,0.0010350907775988666,0.027373229533944145,True,0.03217282669581376,3.217282669581376
2022-02-08,ETHUSDT,3139.77,3232.87,3025.21,3116.69,514773.5837,288,288,0.001438918709546076,-0.007378007594245632,True,0.037933081993769976,3.7933081993769977
2022-02-09,ETHUSDT,3116.69,3269.7,3055.0,3243.94,370267.8913,288,288,0.001205221641233985,0.040017099162301985,True,0.0347163022402154,3.47163022402154
2022-02-10,ETHUSDT,3243.6,3283.66,3056.74,3072.49,578212.8383,288,288,0.0028201992959118872,-0.05430033262362298,True,0.05310554863582418,5.310554863582418
2022-02-11,ETHUSDT,3072.36,3138.62,2879.0,2927.54,462025.8751,288,288,0.002514308410254565,-0.048325827842325905,True,0.05014287995572816,5.014287995572816
2022-02-12,ETHUSDT,2927.54,2985.98,2858.3,2918.88,336250.31309999997,288,288,0.0017163607640207977,-0.0029624988740571075,True,0.0414289845883386,4.14289845883386
2022-02-13,ETHUSDT,2918.58,2954.4,2836.7,2871.13,242751.3547,288,288,0.0010970368028329846,-0.01649430055386332,True,0.033121545900410276,3.3121545900410276
2022-02-14,ETHUSDT,2871.14,2964.97,2829.01,2929.75,381778.238,288,288,0.0010951297391387255,0.020211414652666508,True,0.03309274450901172,3.3092744509011722
2022-02-15,ETHUSDT,2929.75,3196.19,2912.06,3183.52,448971.754,288,288,0.0011539502718862713,0.08307040769222654,True,0.033969843565819835,3.3969843565819833
2022-02-16,ETHUSDT,3183.53,3186.77,3044.03,3122.3,319997.62440000003,288,288,0.001023757546152135,-0.019417593123566893,True,0.031996211434357893,3.1996211434357895
2022-02-17,ETHUSDT,3122.31,3160.0,2851.55,2891.87,488693.2624,288,288,0.001801085187022842,-0.07666655802966403,True,0.042439193995914226,4.243919399591423
2022-02-18,ETHUSDT,2891.88,2943.97,2750.0,2779.48,502977.4069,288,288,0.0019441450033001325,-0.039639491848838124,True,0.04409245971025128,4.409245971025128
2022-02-19,ETHUSDT,2779.3,2830.96,2694.45,2763.63,293838.0025,288,288,0.0009898121902999516,-0.005718826867157327,True,0.03146128081149831,3.146128081149831
2022-02-20,ETHUSDT,2763.63,2764.64,2576.0,2621.99,386384.904,288,288,0.0015414396272777752,-0.05261146152787127,True,0.03926117200591158,3.926117200591158
2022-02-21,ETHUSDT,2621.99,2759.51,2558.0,2568.02,761838.9858,288,288,0.004274236670922845,-0.020798397492321957,True,0.06537764656916648,6.537764656916647
2022-02-22,ETHUSDT,2568.03,2665.74,2500.0,2636.29,692639.4942,288,288,0.0028445713500902473,0.026237451804161965,True,0.05333452306049288,5.333452306049288
2022-02-23,ETHUSDT,2636.28,2753.55,2575.83,2579.71,504470.1412,288,288,0.0018663125831492118,-0.02169563624849267,True,0.04320084007457739,4.320084007457739
2022-02-24,ETHUSDT,2579.7,2740.0,2300.0,2596.2,1395732.7753,288,288,0.00876517742717295,0.006371847961706568,True,0.09362252628066042,9.362252628066042
2022-02-25,ETHUSDT,2596.26,2834.97,2571.72,2768.49,679394.1762,288,288,0.0033285493274064454,0.06425320773330835,True,0.057693581336284244,5.769358133628424
2022-02-26,ETHUSDT,2768.05,2878.0,2727.5,2779.47,418485.2529,288,288,0.0016942450015149917,0.003958216834924059,True,0.04116120748368531,4.116120748368531
2022-02-27,ETHUSDT,2779.47,2836.33,2557.98,2616.79,650198.7785,288,288,0.003307052807978119,-0.06031188627158021,True,0.05750698051522197,5.750698051522197
2022-02-28,ETHUSDT,2616.79,2951.6,2568.62,2920.95,733794.4488,288,288,0.003321765196886017,0.10996053006014975,True,0.05763475684763506,5.763475684763506
2022-03-01,ETHUSDT,2920.83,3037.94,2854.09,2976.33,673901.6976,288,288,0.0023723715807967487,0.01878209208653982,True,0.04870699724676885,4.870699724676885
2022-03-02,ETHUSDT,2976.33,3043.91,2914.21,2947.3,614623.7461,288,288,0.002652449124682829,-0.009801500906560888,True,0.05150193321306327,5.150193321306327
2022-03-03,ETHUSDT,2947.31,2970.97,2785.0,2833.99,446192.2353,288,288,0.0013040028792966369,-0.03920388433278571,True,0.03611098003788649,3.6110980037886495
2022-03-04,ETHUSDT,2834.0,2836.17,2573.0,2622.1,556178.7588,288,288,0.002238886072709026,-0.07771008924118848,True,0.04731686879654048,4.731686879654048
2022-03-05,ETHUSDT,2622.11,2685.12,2589.38,2665.15,268730.3036,288,288,0.0006159513873019748,0.016284817772527792,True,0.02481836794194926,2.4818367941949258
2022-03-06,ETHUSDT,2665.16,2676.29,2535.0,2551.29,336487.9099,288,288,0.0009686432162939352,-0.04366122760415455,True,0.031123033532962932,3.1123033532962934
2022-03-07,ETHUSDT,2551.3,2649.0,2445.0,2491.12,620171.6787,288,288,0.0018795452550469075,-0.023866705063867566,True,0.0433537225050734,4.33537225050734
2022-03-08,ETHUSDT,2491.12,2624.0,2480.15,2575.97,561659.7421,288,288,0.002319755159164352,0.03349375366749102,True,0.04816383663252287,4.816383663252287
2022-03-09,ETHUSDT,2575.98,2775.85,2567.7,2726.98,562771.7403,288,288,0.0013859403981563018,0.05696860755825753,True,0.03722822045379421,3.722822045379421
2022-03-10,ETHUSDT,2726.98,2733.25,2550.27,2606.7,559029.9377,288,288,0.001937150393944829,-0.045109716238684934,True,0.044013070717058914,4.401307071705891
2022-03-11,ETHUSDT,2606.69,2676.78,2522.57,2556.86,494583.6568,288,288,0.0015785938627450918,-0.019305110383114762,True,0.03973152228074192,3.973152228074192
2022-03-12,ETHUSDT,2556.86,2616.79,2553.39,2568.8,219236.5711,288,288,0.0003975286586841865,0.004658920645147526,True,0.01993812074103742,1.993812074103742
2022-03-13,ETHUSDT,2568.8,2603.32,2493.0,2515.65,316942.1601,288,288,0.0007680612491564121,-0.020907644329558914,True,0.027713917968349624,2.7713917968349624
2022-03-14,ETHUSDT,2515.66,2609.6,2498.67,2589.41,386630.1912,288,288,0.0011915644016158406,0.0288988310698514,True,0.03451904404261277,3.451904404261277
2022-03-15,ETHUSDT,2589.42,2669.0,2507.0,2617.73,461202.3014,288,288,0.0009129418544201265,0.01087747947380308,True,0.030214927675242358,3.0214927675242356
2022-03-16,ETHUSDT,2617.74,2788.0,2603.38,2773.81,666224.7217,288,288,0.002553972322546134,0.057914296388926104,True,0.050536841240288594,5.05368412402886
2022-03-17,ETHUSDT,2773.8,2836.0,2746.42,2811.92,379312.541,288,288,0.0006671677376247394,0.013645697645397798,True,0.025829590349533988,2.5829590349533986
2022-03-18,ETHUSDT,2811.91,2984.0,2765.59,2938.92,556535.7966,288,288,0.00088966496176848,0.044174642881808814,True,0.02982725199827299,2.982725199827299
2022-03-19,ETHUSDT,2938.84,2987.7,2890.86,2950.84,325971.5398,288,288,0.0005000020553517995,0.004047708658660033,True,0.02236072573401408,2.236072573401408
2022-03-20,ETHUSDT,2950.85,2964.17,2817.21,2861.38,377608.8214,288,288,0.0006657067099382005,-0.030785849641907954,True,0.025801292795869755,2.5801292795869757
2022-03-21,ETHUSDT,2861.39,2960.57,2829.81,2890.03,450223.9073,288,288,0.0010098678562979867,0.00996285675314952,True,0.03177841808992365,3.1778418089923646
2022-03-22,ETHUSDT,2890.03,3052.85,2886.43,2969.64,564868.9839,288,288,0.0011264209333707363,0.02717385065331376,True,0.03356219500227505,3.356219500227505
2022-03-23,ETHUSDT,2969.64,3045.2,2920.65,3036.0,453962.7298,288,288,0.0008635262744490464,0.022100126186770853,True,0.029385817573262214,2.9385817573262214
2022-03-24,ETHUSDT,3035.99,3129.11,2999.11,3110.76,577171.5239,288,288,0.000976606625060697,0.024326209793896856,True,0.031250705992996335,3.1250705992996335
2022-03-25,ETHUSDT,3110.75,3193.28,3076.0,3102.14,489099.5572,288,288,0.0007683681769991044,-0.0027748734185676182,True,0.027719454846715588,2.7719454846715585
2022-03-26,ETHUSDT,3102.13,3153.2,3084.9,3145.0,207134.847,288,288,0.0003029661219356854,0.013721694243689716,True,0.017405922036355482,1.7405922036355481
2022-03-27,ETHUSDT,3145.01,3299.37,3126.02,3295.65,335467.4145,288,288,0.0007559837163024852,0.046789526935946,True,0.02749515805196408,2.749515805196408
2022-03-28,ETHUSDT,3295.65,3431.15,3275.01,3332.92,527237.1133,288,288,0.0009407471723250853,0.01124537954894851,True,0.030671602050187815,3.0671602050187814
2022-03-29,ETHUSDT,3332.91,3481.87,3329.68,3400.51,465899.8226,288,288,0.0010604385934701323,0.020076623735940036,True,0.03256437614127027,3.256437614127027
2022-03-30,ETHUSDT,3400.51,3446.9,3331.84,3385.79,356082.5231,288,288,0.0007388062973790148,-0.004338158668314891,True,0.027180991471596742,2.7180991471596743
2022-03-31,ETHUSDT,3385.8,3444.83,3261.35,3281.51,455091.2395,288,288,0.0009069911356049704,-0.031283579391063465,True,0.03011629352368864,3.011629352368864
2022-04-01,ETHUSDT,3281.51,3481.29,3210.68,3455.21,532169.2392,288,288,0.0010623804140114136,0.05157955453477141,True,0.03259417760906714,3.259417760906714
2022-04-02,ETHUSDT,3455.2,3532.2,3433.14,3443.77,499893.29,288,288,0.0009308755440003053,-0.003316435323906535,True,0.030510253096300354,3.0510253096300355
2022-04-03,ETHUSDT,3443.77,3580.34,3412.11,3521.91,381581.7683,288,288,0.0007308165997084355,0.022436654560094273,True,0.02703361980402246,2.703361980402246
2022-04-04,ETHUSDT,3521.9,3547.0,3405.97,3519.5,449984.1586,288,288,0.0006776888805661584,-0.0006845220187723199,True,0.026032458212127383,2.6032458212127385
2022-04-05,ETHUSDT,3519.5,3555.0,3400.0,3406.99,397782.7437,288,288,0.0008115051497728773,-0.032489730525075367,True,0.02848692945497772,2.848692945497772
2022-04-06,ETHUSDT,3407.0,3407.5,3162.39,3168.51,736273.1047,288,288,0.0021524722106185242,-0.07256775769697994,True,0.04639474335114404,4.639474335114404
2022-04-07,ETHUSDT,3168.52,3268.98,3143.15,3227.19,458179.3272,288,288,0.0011506046412428082,0.018350343707638044,True,0.03392056369288117,3.392056369288117
2022-04-08,ETHUSDT,3227.2,3314.02,3173.52,3192.39,502422.5048,288,288,0.0010889491398463776,-0.010841936976363988,True,0.032999229382614036,3.2999229382614037
2022-04-09,ETHUSDT,3192.39,3268.4,3181.28,3258.57,212444.2566,288,288,0.0005580285384056813,0.020518596261412513,True,0.023622627677836378,2.362262767783638
2022-04-10,ETHUSDT,3258.57,3307.22,3193.0,3203.04,232303.2326,288,288,0.0003864206658671776,-0.017188089995407968,True,0.019657585453640474,1.9657585453640474
2022-04-11,ETHUSDT,3203.04,3213.63,2950.0,2979.74,693394.2912,288,288,0.0015309462998762135,-0.07226431045246069,True,0.039127308875978345,3.9127308875978346
2022-04-12,ETHUSDT,2979.75,3085.0,2950.0,3027.66,579522.9505,288,288,0.0011178526311098821,0.015953995545067823,True,0.03343430320957627,3.3434303209576273
2022-04-13,ETHUSDT,3027.65,3128.97,2996.86,3118.28,419100.4286,288,288,0.000855429538268072,0.029491523824413713,True,0.029247727061569622,2.924772706156962
2022-04-14,ETHUSDT,3118.28,3145.0,2976.3,3021.98,408382.5572,288,288,0.000593864904698271,-0.031369322063325905,True,0.024369343542620738,2.436934354262074
2022-04-15,ETHUSDT,3021.98,3060.92,2993.13,3040.56,249626.29809999999,288,288,0.000494270394286976,0.006129463284807681,True,0.022232192745812906,2.2232192745812904
2022-04-16,ETHUSDT,3040.57,3086.1,3010.03,3059.3,176352.4165,288,288,0.0002629348560261728,0.006144422645442788,True,0.016215266141083616,1.6215266141083615
2022-04-17,ETHUSDT,3059.3,3083.0,2981.7,2988.06,243772.074,288,288,0.0005049852561400238,-0.023561784234963724,True,0.022471877005270917,2.2471877005270917
2022-04-18,ETHUSDT,2988.07,3069.6,2883.22,3055.56,510251.6536,288,288,0.00132275198836439,0.022338534490453327,True,0.03636965752333104,3.636965752333104
2022-04-19,ETHUSDT,3055.56,3131.0,3030.34,3101.77,359375.0038,288,288,0.0005706686408262761,0.015010034412271894,True,0.0238886718095895,2.38886718095895
2022-04-20,ETHUSDT,3101.74,3166.5,3036.45,3076.04,415000.0685,288,288,0.0008146066158522967,-0.008329860832956525,True,0.02854131419280298,2.8541314192802982
2022-04-21,ETHUSDT,3076.03,3180.0,2942.31,2983.58,562699.697,288,288,0.0009681085697975224,-0.030519133695050785,True,0.031114443106016253,3.1114443106016254
2022-04-22,ETHUSDT,2983.57,3034.32,2930.35,2962.39,452433.082,288,288,0.0009015907018745455,-0.007127546794770208,True,0.030026499993747947,3.002649999374795
2022-04-23,ETHUSDT,2962.39,2978.03,2913.89,2933.03,187576.7324,288,288,0.00035613824663232907,-0.009960356592143196,True,0.018871625436944456,1.8871625436944455
2022-04-24,ETHUSDT,2933.04,2967.06,2912.09,2921.0,218957.0222,288,288,0.00043891166149715485,-0.004109994972449123,True,0.020950218650342408,2.0950218650342407
2022-04-25,ETHUSDT,2920.99,3025.65,2797.01,3006.62,619198.3616,288,288,0.0013542410772569853,0.028890500816063397,True,0.03680001463664091,3.6800014636640914
2022-04-26,ETHUSDT,3006.63,3039.54,2767.0,2809.67,531184.3504,288,288,0.0013929390286286929,-0.0677494854947839,True,0.03732209839530319,3.732209839530319
2022-04-27,ETHUSDT,2809.68,2919.87,2794.46,2888.96,488951.2416,288,288,0.0011653338024474587,0.027829537040038835,True,0.03413698584303334,3.413698584303334
2022-04-28,ETHUSDT,2888.95,2980.0,2853.83,2936.93,537392.9978,288,288,0.0013399467401306751,0.016468242321467444,True,0.03660528295383981,3.660528295383981
2022-04-29,ETHUSDT,2936.92,2946.46,2776.63,2817.13,525978.147,288,288,0.0009484243093381782,-0.04164618187415592,True,0.03079649832916363,3.079649832916363
2022-04-30,ETHUSDT,2817.13,2841.63,2709.26,2726.66,367757.24689999997,288,288,0.0007662497635752178,-0.03264121925845675,True,0.027681216800842005,2.7681216800842003
2022-05-01,ETHUSDT,2726.67,2849.9,2716.13,2824.81,442544.8792,288,288,0.0008661878321517229,0.03536368874362462,True,0.029431069164264537,2.9431069164264536
2022-05-02,ETHUSDT,2824.81,2894.22,2778.78,2856.54,521706.8567,288,288,0.0009195764759525058,0.011169996535637584,True,0.030324519385350624,3.0324519385350626
2022-05-03,ETHUSDT,2856.54,2861.47,2755.19,2781.7,371331.1796,288,288,0.0006149736263524624,-0.02654885063766722,True,0.024798661785517023,2.479866178551702
2022-05-04,ETHUSDT,2781.7,2965.85,2771.74,2940.64,548738.0668,288,288,0.0011707593846556749,0.055564993137648504,True,0.034216361359087774,3.4216361359087775
2022-05-05,ETHUSDT,2940.65,2954.65,2683.0,2747.97,734845.3194,288,288,0.001476237922170704,-0.06776478746508419,True,0.038421841733195246,3.8421841733195246
2022-05-06,ETHUSDT,2747.96,2758.18,2632.95,2692.85,711449.3234,288,288,0.0016197016378555933,-0.020262344954649653,True,0.040245516990785365,4.024551699078536
2022-05-07,ETHUSDT,2692.86,2704.36,2584.75,2635.34,371271.4532,288,288,0.0006952667638115163,-0.021587906387850585,True,0.02636791163159336,2.636791163159336
2022-05-08,ETHUSDT,2635.35,2642.0,2484.0,2519.71,757615.3415,288,288,0.0013745917855578936,-0.04486839039133037,True,0.03707548766446496,3.707548766446496
2022-05-09,ETHUSDT,2519.71,2530.78,2225.0,2228.55,1574924.9793,288,288,0.005428140810379634,-0.12279266576677929,True,0.0736759174383301,7.36759174383301
2022-05-10,ETHUSDT,2229.0,2457.34,2200.0,2342.05,1550626.1387,288,288,0.005290408347323502,0.04967546445242395,True,0.07273519332017687,7.273519332017687
2022-05-11,ETHUSDT,2342.04,2451.37,2005.0,2084.99,2022864.83806,288,288,0.015209208393273471,-0.11626255514556325,True,0.12332561937113258,12.332561937113258
2022-05-12,ETHUSDT,2084.99,2195.0,1800.0,1960.22,2305192.90836,288,288,0.020133335015880504,-0.061707347234794645,True,0.14189198362092378,14.189198362092379
2022-05-13,ETHUSDT,1960.22,2147.54,1940.23,2009.69,1134042.3387,288,288,0.005070022175607146,0.024923769479371527,True,0.07120408819447901,7.120408819447902
2022-05-14,ETHUSDT,2009.69,2070.06,1951.21,2056.48,563788.3078,288,288,0.0020463658331746123,0.02301530205891544,True,0.045236775229613925,4.523677522961393
2022-05-15,ETHUSDT,2056.47,2167.0,2000.68,2145.29,514398.2587,288,288,0.0015979875760092034,0.04227895799704957,True,0.039974836785272846,3.9974836785272845
2022-05-16,ETHUSDT,2145.29,2145.29,1979.12,2023.66,822070.8531,288,288,0.0024298866664577683,-0.05836698825216308,True,0.049293880618772226,4.929388061877223
2022-05-17,ETHUSDT,2023.66,2122.42,2008.0,2090.72,568249.0448,288,288,0.0017828676435631729,0.03260075113412692,True,0.04222401737830228,4.2224017378302285
2022-05-18,ETHUSDT,2090.72,2110.72,1908.0,1915.11,631577.2341,288,288,0.0019478343472561295,-0.08773344202251106,True,0.044134276330944064,4.413427633094407
2022-05-19,ETHUSDT,1915.11,2040.39,1903.18,2019.55,741476.9794,288,288,0.002134495390596265,0.0530996520822687,True,0.04620059946143843,4.620059946143843
2022-05-20,ETHUSDT,2019.55,2064.0,1923.0,1959.08,576981.5371,288,288,0.0016358285509714867,-0.030399739028049058,True,0.04044537737457134,4.044537737457134
2022-05-21,ETHUSDT,1959.08,1990.86,1937.36,1975.07,238869.7632,288,288,0.00077921429517075,0.008128865472562875,True,0.027914410170568713,2.7914410170568713
2022-05-22,ETHUSDT,1975.06,2056.41,1966.33,2043.19,355735.1927,288,288,0.0006830543140122508,0.03390847123771346,True,0.02613530780404644,2.613530780404644
2022-05-23,ETHUSDT,2043.19,2088.5,1957.12,1973.32,636085.0224,288,288,0.001185554573544967,-0.0347949085524633,True,0.03443188309612135,3.443188309612135
2022-05-24,ETHUSDT,1973.33,1993.83,1913.02,1979.41,534096.972,288,288,0.0009845933472817133,0.003081417055442473,True,0.03137823046766203,3.1378230467662025
2022-05-25,ETHUSDT,1979.4,2022.34,1934.61,1942.63,524786.3091,288,288,0.0010669272684637762,-0.018756095416389503,True,0.03266385262738883,3.2663852627388827
2022-05-26,ETHUSDT,1942.64,1966.01,1735.0,1792.23,1168740.57514,288,288,0.0032827958909554863,-0.08058207055617701,True,0.05729568824052545,5.729568824052545
2022-05-27,ETHUSDT,1792.24,1822.26,1703.0,1727.27,1296693.28537,288,288,0.003582487281103154,-0.03691852711164254,True,0.059853882757120724,5.985388275712072
2022-05-28,ETHUSDT,1727.26,1808.98,1722.26,1792.22,558271.1818,288,288,0.0013868133525752487,0.03691294745506945,True,0.03723994297223411,3.723994297223411
2022-05-29,ETHUSDT,1792.21,1827.4,1759.96,1813.64,432430.611,288,288,0.0007087548637796782,0.01188080067349964,True,0.02662245037143798,2.662245037143798
2022-05-30,ETHUSDT,1813.64,2013.0,1803.18,1998.78,814922.8359,288,288,0.00169930234430083,0.09720111888622525,True,0.04122259506994714,4.122259506994714
2022-05-31,ETHUSDT,1998.78,2016.45,1925.0,1941.9,751103.4226,288,288,0.0015177638727542433,-0.028870119196814224,True,0.03895848909742578,3.895848909742578
2022-06-01,ETHUSDT,1941.9,1972.58,1763.75,1817.95,1037841.2706,288,288,0.0019744798400540674,-0.0659573826106338,True,0.04443511944457973,4.443511944457973
2022-06-02,ETHUSDT,1817.96,1853.05,1782.42,1834.08,788784.4017,288,288,0.0019193373862206233,0.008833500757757611,True,0.04381024293724726,4.3810242937247255
2022-06-03,ETHUSDT,1834.09,1843.91,1737.0,1775.12,741282.5346,288,288,0.0012288374724068948,-0.03267496710853793,True,0.035054778167988666,3.5054778167988667
2022-06-04,ETHUSDT,1775.13,1816.0,1748.43,1804.58,388279.4579,288,288,0.0005498130485838406,0.016459851452396514,True,0.02344809264276821,2.344809264276821
2022-06-05,ETHUSDT,1804.58,1830.17,1773.05,1806.23,371974.5061,288,288,0.0005928764775743397,0.0009139224245237975,True,0.024349054962653882,2.4349054962653884
2022-06-06,ETHUSDT,1806.22,1920.0,1804.35,1859.84,804250.3567,288,288,0.0010506596396062861,0.029248662366728295,True,0.0324138803540441,3.24138803540441
2022-06-07,ETHUSDT,1859.84,1874.98,1725.13,1813.33,1397598.2288,288,288,0.0051192490369438865,-0.025325528556913744,True,0.07154892757368125,7.154892757368126
2022-06-08,ETHUSDT,1813.33,1838.77,1765.28,1791.88,941510.1373000001,288,288,0.0019556960429664254,-0.011899585937941328,True,0.04422325228843335,4.422325228843335
2022-06-09,ETHUSDT,1791.88,1833.0,1777.33,1788.81,535310.9618,288,288,0.0008654727741002154,-0.0017147537219063145,True,0.029418918642605058,2.941891864260506
2022-06-10,ETHUSDT,1788.8,1804.32,1655.93,1662.91,955035.79239,288,288,0.0026546768985973453,-0.07298151461854331,True,0.051523556734733925,5.152355673473393
2022-06-11,ETHUSDT,1662.91,1682.21,1496.74,1532.89,1220325.2542,288,288,0.0035136689100799035,-0.08141423709847107,True,0.05927620863449267,5.927620863449267
2022-06-12,ETHUSDT,1532.89,1547.0,1423.0,1434.84,1563225.37018,288,288,0.0047579123661178075,-0.06610149784854338,True,0.06897762221269886,6.897762221269886
2022-06-13,ETHUSDT,1434.84,1455.0,1165.45,1209.82,3626351.66536,288,288,0.015925649531034286,-0.17058175652519728,True,0.12619686815065692,12.619686815065693
2022-06-14,ETHUSDT,1209.35,1268.45,1075.8,1208.9,2716493.80131,288,288,0.012116939180946062,-0.0007607329863476685,True,0.11007696934847935,11.007696934847935
2022-06-15,ETHUSDT,1208.9,1250.0,1014.4,1237.52,3114823.13621,288,288,0.022023714678781375,0.023398521720464846,True,0.14840389037616694,14.840389037616694
2022-06-16,ETHUSDT,1237.53,1257.85,1051.55,1068.5,1447386.8304,288,288,0.007097274915671153,-0.14685358116920813,True,0.08424532577936389,8.42453257793639
2022-06-17,ETHUSDT,1068.5,1118.0,1051.11,1086.94,1220677.9491,288,288,0.004011343395562783,0.01711061304646575,True,0.06333516713140325,6.333516713140325
2022-06-18,ETHUSDT,1086.93,1097.58,881.56,995.13,2308983.5187,288,288,0.011231727101867546,-0.08824830591513799,True,0.10597984290358023,10.597984290358022
2022-06-19,ETHUSDT,995.12,1158.62,936.15,1128.53,2018599.4499,288,288,0.010503839736187797,0.12579779797472243,True,0.10248824194115048,10.248824194115048
2022-06-20,ETHUSDT,1128.53,1170.0,1053.0,1128.24,1721772.9132,288,288,0.00552980112741458,-0.0002570044812680774,True,0.07436263260142542,7.4362632601425425
2022-06-21,ETHUSDT,1128.24,1194.0,1109.23,1125.85,1306095.3757,288,288,0.0033745955260564065,-0.0021205904783141312,True,0.05809126893136701,5.8091268931367015
2022-06-22,ETHUSDT,1125.86,1127.33,1043.65,1050.19,1306959.8593,288,288,0.0034903411818685065,-0.06956720574305417,True,0.05907910952162792,5.9079109521627915
2022-06-23,ETHUSDT,1050.19,1155.0,1045.3,1144.72,1278257.0899,288,288,0.002604596319275794,0.0861889654358638,True,0.05103524585299648,5.103524585299648
2022-06-24,ETHUSDT,1144.71,1245.43,1132.0,1225.02,1337137.483,288,288,0.002607626766319907,0.06779710477768369,True,0.05106492696871216,5.106492696871216
2022-06-25,ETHUSDT,1225.02,1256.77,1180.0,1242.36,861986.6177000001,288,288,0.001969165649895119,0.01405562618985878,True,0.04437528196975338,4.437528196975338
2022-06-26,ETHUSDT,1242.31,1280.0,1194.6,1197.79,884184.273,288,288,0.001703339649389498,-0.036534604409682196,True,0.04127153558312918,4.127153558312918
2022-06-27,ETHUSDT,1197.79,1238.93,1172.49,1192.51,868734.2061,288,288,0.001710841106838148,-0.004417862684768755,True,0.04136231505656022,4.1362315056560215
2022-06-28,ETHUSDT,1192.51,1237.99,1136.32,1144.05,1104065.2211,288,288,0.0017457871080210896,-0.041485731193213644,True,0.04178261729500786,4.178261729500786
2022-06-29,ETHUSDT,1144.05,1156.8,1087.42,1100.21,1295517.796,288,288,0.002286718698563957,-0.039073527621807665,True,0.04781964762065857,4.781964762065857
2022-06-30,ETHUSDT,1100.21,1106.62,998.0,1071.01,1420670.3656,288,288,0.004979462609766471,-0.026898942184229665,True,0.07056530740928202,7.056530740928202
2022-07-01,ETHUSDT,1071.02,1117.0,1033.44,1059.73,1562255.1439,288,288,0.004934760431944141,-0.010587969793217798,True,0.07024785001652464,7.0247850016524644
2022-07-02,ETHUSDT,1059.73,1078.88,1028.29,1067.01,714812.0804,288,288,0.001357633967887338,0.006846185649963024,True,0.036846084837976176,3.6846084837976174
2022-07-03,ETHUSDT,1067.01,1088.34,1040.78,1074.26,644746.3337,288,288,0.0017627985001507146,0.006771708102820705,True,0.04198569399391553,4.198569399391553
2022-07-04,ETHUSDT,1074.26,1160.9,1045.37,1151.0,1150108.9861,288,288,0.0018801273434912488,0.0689990772899974,True,0.043360435231801456,4.3360435231801455
2022-07-05,ETHUSDT,1151.01,1174.9,1076.34,1132.5,1398961.4495,288,288,0.002317514570495781,-0.01620355136469321,True,0.04814057094069181,4.814057094069181
2022-07-06,ETHUSDT,1132.51,1205.0,1111.44,1186.57,1211768.0757,288,288,0.0028518910091795678,0.04663921382851877,True,0.053403099246949776,5.340309924694978
2022-07-07,ETHUSDT,1186.57,1254.29,1163.18,1237.49,1001316.079,288,288,0.0014847079439765138,0.04201834241640641,True,0.03853190812789465,3.853190812789465
2022-07-08,ETHUSDT,1237.49,1276.46,1193.15,1214.04,1189518.3631,288,288,0.0028303153457251745,-0.01913149359631574,True,0.053200708131801916,5.320070813180192
2022-07-09,ETHUSDT,1214.03,1235.4,1204.67,1217.02,576337.1809,288,288,0.0008630641004607105,0.002451606700432561,True,0.02937795262540789,2.937795262540789
2022-07-10,ETHUSDT,1217.02,1219.95,1153.0,1168.36,1018038.6506,288,288,0.001117395376183305,-0.040804191629749575,True,0.03342746439955183,3.3427464399551834
2022-07-11,ETHUSDT,1168.37,1171.29,1091.71,1096.4,1201652.3048,288,288,0.0012523881281204434,-0.06356897064785243,True,0.035389096175523375,3.5389096175523376
2022-07-12,ETHUSDT,1096.37,1098.26,1033.46,1038.58,1261349.6321,288,288,0.0013189753349811563,-0.05417768989552537,True,0.036317700023282815,3.6317700023282815
2022-07-13,ETHUSDT,1038.58,1119.18,1006.32,1115.0,2035605.8299,288,288,0.005232466204574854,0.07100000936111313,True,0.07233578785480155,7.233578785480155
2022-07-14,ETHUSDT,1115.01,1214.65,1072.11,1193.42,1605101.9262,288,288,0.0023071525403078265,0.06796872989362218,True,0.048032827735912303,4.8032827735912305
2022-07-15,ETHUSDT,1193.42,1287.82,1181.05,1231.25,1466037.2584,288,288,0.0029255611972960494,0.031206778698457602,True,0.05408845715396261,5.408845715396262
2022-07-16,ETHUSDT,1231.25,1422.91,1191.23,1355.85,1493809.9226,288,288,0.006937557515636766,0.09639865042623032,True,0.08329200151056983,8.329200151056982
2022-07-17,ETHUSDT,1355.84,1387.0,1319.04,1338.65,1246202.8795,288,288,0.0032661145940619542,-0.012766920485781269,True,0.05714993083164628,5.714993083164628
2022-07-18,ETHUSDT,1338.65,1597.47,1336.07,1581.04,2029918.76521,288,288,0.004810118942973675,0.16642121490543194,True,0.06935502103650229,6.935502103650229
2022-07-19,ETHUSDT,1581.03,1631.0,1493.11,1542.32,1846048.6816,288,288,0.005098986923312355,-0.02479508204096415,True,0.07140719097760642,7.140719097760642
2022-07-20,ETHUSDT,1542.33,1620.4,1484.23,1521.58,1351177.4247,288,288,0.004224142293070274,-0.01353850764535565,True,0.06499340191950467,6.499340191950467
2022-07-21,ETHUSDT,1521.63,1605.98,1463.56,1575.45,1247327.4963,288,288,0.0032316343777112756,0.03479167709103774,True,0.05684746588645158,5.684746588645158
2022-07-22,ETHUSDT,1575.45,1650.05,1516.11,1535.27,1170723.0873,288,288,0.0026543724541282935,-0.025834684417970124,True,0.05152060222986814,5.1520602229868135
2022-07-23,ETHUSDT,1535.27,1596.51,1488.0,1548.67,851284.7339,288,288,0.001990024780412484,0.008690236730157775,True,0.044609693794202224,4.460969379420223
2022-07-24,ETHUSDT,1548.66,1664.34,1545.67,1597.7,1009935.8997,288,288,0.0034646795412903433,0.031168596984444682,True,0.058861528533417674,5.886152853341767
2022-07-25,ETHUSDT,1597.7,1609.55,1435.58,1440.79,1418390.9809,288,288,0.003493590447625065,-0.10337352078442852,True,0.05910660240298934,5.910660240298934
2022-07-26,ETHUSDT,1440.79,1454.11,1356.17,1449.12,1199643.7408,288,288,0.002203879950741057,0.005764901377539835,True,0.04694549979221711,4.694549979221711
2022-07-27,ETHUSDT,1449.12,1644.44,1420.83,1635.74,1513426.0413,288,288,0.0033778806648167687,0.12113882570088617,True,0.05811953772026038,5.811953772026038
2022-07-28,ETHUSDT,1635.74,1784.79,1593.27,1724.52,1578145.07555,288,288,0.0036996280123680644,0.05285344954663139,True,0.06082456750662568,6.082456750662568
2022-07-29,ETHUSDT,1724.52,1765.99,1655.02,1721.68,1205266.5703,288,288,0.003810553388111545,-0.0016481925848255935,True,0.06172967996119488,6.172967996119488
2022-07-30,ETHUSDT,1721.68,1744.85,1673.01,1697.0,735132.5286,288,288,0.002343298901455277,-0.014438572055102836,True,0.04840763267766021,4.840763267766021
2022-07-31,ETHUSDT,1697.0,1754.69,1666.0,1678.12,696326.8079,288,288,0.0019563967919226763,-0.011187867057265585,True,0.04423117443526315,4.423117443526315
2022-08-01,ETHUSDT,1678.12,1704.68,1606.12,1630.28,801566.5648,288,288,0.001453904363613368,-0.028922339987396226,True,0.03813009787049291,3.8130097870492907
2022-08-02,ETHUSDT,1630.28,1678.0,1559.28,1630.91,1081964.5104,288,288,0.0036350358462507925,0.00038636203829531626,True,0.060291258456353296,6.029125845635329
2022-08-03,ETHUSDT,1630.91,1685.03,1589.71,1618.16,777724.7413,288,288,0.001471650286778112,-0.007848439983021949,True,0.038362094400307606,3.8362094400307605
2022-08-04,ETHUSDT,1618.16,1662.79,1580.39,1607.96,735552.181,288,288,0.0016061007368074,-0.0063234064372231944,True,0.040076186655012475,4.007618665501248
2022-08-05,ETHUSDT,1607.97,1742.07,1605.64,1736.81,1005846.4712,288,288,0.0020846935400754586,0.07708380245522732,True,0.04565844434576652,4.565844434576652
2022-08-06,ETHUSDT,1736.81,1749.93,1685.26,1690.6,523314.6444,288,288,0.000823966601689898,-0.02696660176801739,True,0.028704818440288,2.8704818440288
2022-08-07,ETHUSDT,1690.6,1729.79,1668.0,1700.19,439904.764,288,288,0.0005686250681819255,0.005656514010154581,True,0.023845860608959484,2.3845860608959484
2022-08-08,ETHUSDT,1700.2,1818.0,1693.87,1777.05,781620.5443,288,288,0.0014589888335900022,0.04421467656389736,True,0.0381967123400693,3.81967123400693
2022-08-09,ETHUSDT,1777.05,1790.83,1667.93,1702.76,818171.1019,288,288,0.0010283866345167068,-0.042704222111957374,True,0.03206846791657978,3.206846791657978
2022-08-10,ETHUSDT,1702.76,1885.0,1656.78,1853.57,1317767.5127,288,288,0.0027781808936440024,0.08486304530864795,True,0.052708451823630736,5.2708451823630735
2022-08-11,ETHUSDT,1853.58,1942.0,1850.32,1880.19,1105261.9009,288,288,0.001764440803055696,0.014259326281607797,True,0.042005247327633916,4.200524732763392
2022-08-12,ETHUSDT,1880.19,1964.71,1853.06,1958.28,717628.1015,288,288,0.0009906799224905043,0.0406937013836642,True,0.03147506826824216,3.147506826824216
2022-08-13,ETHUSDT,1958.28,2020.0,1946.5,1983.55,695876.0293,288,288,0.0009772288989391327,0.012821631671541496,True,0.0312606605646639,3.12606605646639
2022-08-14,ETHUSDT,1983.55,2030.0,1906.0,1935.31,569583.4852,288,288,0.0008685649392694176,-0.024620648251882957,True,0.029471425809916588,2.9471425809916587
2022-08-15,ETHUSDT,1935.32,2012.47,1872.31,1899.06,949162.3305,288,288,0.002029254329972459,-0.018908493460727552,True,0.045047245531469056,4.504724553146906
2022-08-16,ETHUSDT,1899.05,1915.0,1853.0,1876.67,622729.1499,288,288,0.001390118825072488,-0.011860097226791181,True,0.037284297298896325,3.7284297298896325
2022-08-17,ETHUSDT,1876.67,1959.43,1818.74,1834.25,951824.8975,288,288,0.0015512014019437375,-0.02286325106887984,True,0.03938529423457107,3.938529423457107
2022-08-18,ETHUSDT,1834.24,1882.37,1821.25,1846.39,606254.024,288,288,0.0009569269185911012,0.00659670276046977,True,0.030934235380741207,3.093423538074121
2022-08-19,ETHUSDT,1846.39,1848.0,1602.37,1609.01,1419826.9515,288,288,0.002542854489042237,-0.13761329834110642,True,0.05042672395706702,5.042672395706703
2022-08-20,ETHUSDT,1609.0,1657.08,1523.67,1576.04,914615.9226,288,288,0.002186098482033074,-0.020703711207067873,True,0.04675573207675262,4.675573207675262
2022-08-21,ETHUSDT,1576.03,1646.52,1562.34,1618.13,780662.6062,288,288,0.0020969673242131363,0.026355789690766847,True,0.045792655789036046,4.5792655789036045
2022-08-22,ETHUSDT,1618.13,1629.72,1529.92,1624.66,941192.8954,288,288,0.0021856334524475076,0.004027401605633067,True,0.04675075884354721,4.675075884354721
2022-08-23,ETHUSDT,1624.65,1676.07,1563.76,1665.41,940246.932,288,288,0.002074923171857441,0.02477277624436383,True,0.045551324589494,4.5551324589494
2022-08-24,ETHUSDT,1665.4,1694.13,1604.92,1656.56,744667.6078,288,288,0.0013439242769433723,-0.005328176315390733,True,0.03665957278724579,3.665957278724579
2022-08-25,ETHUSDT,1656.56,1722.0,1653.68,1695.11,603090.713,288,288,0.00096514685405039,0.023004472432240426,True,0.031066812743672147,3.1066812743672148
2022-08-26,ETHUSDT,1695.11,1706.45,1486.85,1508.18,1149912.8292,288,288,0.0036537120808839995,-0.11684400962412406,True,0.060445943460946984,6.044594346094699
2022-08-27,ETHUSDT,1508.18,1518.42,1447.52,1491.06,756136.6768,288,288,0.0016977714875578635,-0.011416349436117908,True,0.04120402271086967,4.1204022710869666
2022-08-28,ETHUSDT,1491.06,1511.0,1424.0,1426.76,544846.4486,288,288,0.0010846205224358052,-0.04408113707511616,True,0.032933577431487844,3.2933577431487846
2022-08-29,ETHUSDT,1426.76,1559.99,1422.08,1551.8,826252.0831,288,288,0.0017812767420814432,0.08400940813119868,True,0.04220517435198489,4.220517435198489
2022-08-30,ETHUSDT,1551.79,1606.13,1473.61,1524.59,1003075.0172,288,288,0.0029676504723671537,-0.017690026024652705,True,0.05447614590228602,5.447614590228602
2022-08-31,ETHUSDT,1524.59,1619.78,1524.59,1554.1,949227.6775,288,288,0.0029779065585960602,0.019171078486372485,True,0.054570198447468195,5.45701984474682
2022-09-01,ETHUSDT,1554.11,1599.0,1512.77,1586.16,728710.482,288,288,0.002048749755065327,0.02041940090874121,True,0.045263116939350596,4.526311693935059
2022-09-02,ETHUSDT,1586.17,1650.0,1546.41,1575.35,919009.6598,288,288,0.0020038920349632334,-0.00683853103605134,True,0.04476485267442788,4.476485267442788
2022-09-03,ETHUSDT,1575.35,1582.71,1534.28,1557.46,321397.2189,288,288,0.0006984883168939004,-0.011421180645424234,True,0.026428929544987257,2.6428929544987256
2022-09-04,ETHUSDT,1557.45,1583.66,1540.66,1579.28,296591.1166,288,288,0.0005810131626232066,0.01391275780858313,True,0.024104214623654648,2.410421462365465
2022-09-05,ETHUSDT,1579.29,1631.99,1556.56,1617.8,503492.937,288,288,0.0007254007837832585,0.02409815462644059,True,0.02693326537542855,2.693326537542855
2022-09-06,ETHUSDT,1617.8,1687.4,1555.0,1559.01,1010722.8578,288,288,0.002325430812024574,-0.037016197178464216,True,0.048222720910630644,4.8222720910630645
2022-09-07,ETHUSDT,1559.01,1657.5,1490.66,1630.0,850991.4243,288,288,0.0024803015166534157,0.044529010395418234,True,0.04980262559999639,4.980262559999639
2022-09-08,ETHUSDT,1630.0,1663.56,1595.06,1635.37,645124.0085,288,288,0.0017451105701193688,0.003289063622821029,True,0.04177452058515296,4.177452058515296
2022-09-09,ETHUSDT,1635.37,1746.13,1630.51,1718.23,837458.2126,288,288,0.0015081702637292297,0.04942561276059622,True,0.03883516787306616,3.8835167873066156
2022-09-10,ETHUSDT,1718.24,1789.0,1706.03,1774.12,411046.2466,288,288,0.001068827740646645,0.03200983414051681,True,0.0326929310501008,3.26929310501008
2022-09-11,ETHUSDT,1774.12,1789.0,1720.1,1766.11,409287.7263,288,288,0.001020288355858364,-0.00452513744491382,True,0.03194195291240603,3.194195291240603
2022-09-12,ETHUSDT,1766.12,1783.0,1693.0,1716.37,630774.6032,288,288,0.0014829120744484635,-0.02856779235846208,True,0.03850859740951965,3.8508597409519654
2022-09-13,ETHUSDT,1716.37,1760.51,1560.54,1574.4,1134549.7256,288,288,0.004163914774695881,-0.08633734822337857,True,0.06452840285251046,6.452840285251046
2022-09-14,ETHUSDT,1574.4,1647.01,1552.38,1638.39,764562.5393,288,288,0.0018998740615077257,0.03983980501295005,True,0.043587544797886076,4.358754479788607
2022-09-15,ETHUSDT,1638.4,1655.2,1458.0,1472.75,1335499.8047,288,288,0.004110222516217324,-0.10658265090914061,True,0.06411101712043979,6.411101712043979
2022-09-16,ETHUSDT,1472.76,1483.35,1405.52,1433.9,693597.2425,288,288,0.0022268932679760166,-0.026733396680802664,True,0.047189969993379065,4.718996999337906
2022-09-17,ETHUSDT,1433.9,1476.13,1409.12,1468.83,421391.3743,288,288,0.0007900579785652607,0.024068160773249376,True,0.02810797001857766,2.810797001857766
2022-09-18,ETHUSDT,1468.82,1469.63,1325.55,1334.51,804113.468,288,288,0.002157841530286416,-0.09590198223450185,True,0.04645257291352564,4.645257291352564
2022-09-19,ETHUSDT,1334.51,1393.35,1280.0,1375.98,974855.198,288,288,0.0028886702452996047,0.03060202124419595,True,0.05374635099520343,5.374635099520344
2022-09-20,ETHUSDT,1375.98,1384.78,1312.71,1322.93,658027.1465,288,288,0.002042637334764973,-0.039317230841675696,True,0.045195545519055004,4.5195545519055
2022-09-21,ETHUSDT,1322.94,1408.9,1220.0,1245.78,1192266.7379,288,288,0.006131859592873876,-0.06008713391232313,True,0.07830619128059975,7.830619128059975
2022-09-22,ETHUSDT,1245.79,1350.08,1237.32,1326.46,904282.2725,288,288,0.0024896964701490443,0.06275189983117223,True,0.04989685831942773,4.989685831942773
2022-09-23,ETHUSDT,1326.47,1360.0,1262.15,1327.25,974052.3644,288,288,0.0030441931353353217,0.0005953928826708849,True,0.0551742071563817,5.5174207156381705
2022-09-24,ETHUSDT,1327.24,1349.33,1306.52,1317.13,517557.3497,288,288,0.0010175655534775496,-0.007654005404383749,True,0.03189930333843593,3.1899303338435927
2022-09-25,ETHUSDT,1317.13,1337.0,1269.27,1294.63,515533.8409,288,288,0.0011488658917488178,-0.017230187035576074,True,0.0338949242770775,3.38949242770775
2022-09-26,ETHUSDT,1294.62,1340.42,1277.85,1336.17,799166.4333,288,288,0.0015099301805574924,0.031582372486729245,True,0.03885782006954961,3.885782006954961
2022-09-27,ETHUSDT,1336.17,1400.0,1303.75,1328.02,860584.8944,288,288,0.0014973547329583659,-0.006118201346610956,True,0.038695668142033235,3.8695668142033233
2022-09-28,ETHUSDT,1328.01,1355.7,1253.2,1337.2,919314.9131,288,288,0.00226035056879614,0.006888764382005636,True,0.04754314428806892,4.754314428806892
2022-09-29,ETHUSDT,1337.2,1352.02,1288.52,1335.7,770591.6895,288,288,0.001725538947634623,-0.0011223765628842696,True,0.04153960697496575,4.153960697496575
2022-09-30,ETHUSDT,1335.69,1373.19,1313.35,1328.72,740753.611,288,288,0.0015019760613561113,-0.005239426192314699,True,0.03875533590818316,3.8755335908183164
2022-10-01,ETHUSDT,1328.71,1333.69,1302.68,1311.79,252081.9056,288,288,0.00031783085552569386,-0.012823456073445691,True,0.017827811293753753,1.7827811293753753
2022-10-02,ETHUSDT,1311.79,1317.93,1270.0,1276.72,371740.0407,288,288,0.0006730681763201016,-0.027098327626367772,True,0.02594355751087544,2.5943557510875443
2022-10-03,ETHUSDT,1276.72,1329.9,1263.04,1323.09,483775.2435,288,288,0.000704439701349256,0.035675620921163324,True,0.02654128296351282,2.6541282963512822
2022-10-04,ETHUSDT,1323.1,1369.55,1318.66,1361.49,476207.6702,288,288,0.0005442267208162767,0.028609778234495783,True,0.02332866736048754,2.332866736048754
2022-10-05,ETHUSDT,1361.5,1364.77,1316.29,1352.2,483508.7782,288,288,0.0006541017295654724,-0.006846792590013393,True,0.025575412598147315,2.5575412598147316
2022-10-06,ETHUSDT,1352.2,1383.99,1345.01,1352.06,573975.324,288,288,0.000942557346282496,-0.00010354034014740693,True,0.030701096825398535,3.0701096825398535
2022-10-07,ETHUSDT,1352.07,1361.75,1317.26,1331.1,491999.8776,288,288,0.0005285552723942895,-0.015623687263456334,True,0.022990329975759147,2.2990329975759147
2022-10-08,ETHUSDT,1331.1,1337.35,1303.51,1315.48,203391.6612,288,288,0.00018446589598286107,-0.011804050032933302,True,0.01358182226296829,1.358182226296829
2022-10-09,ETHUSDT,1315.48,1329.0,1307.26,1323.13,186201.9185,288,288,0.000241889674166877,0.005798523794399954,True,0.015552802775283849,1.555280277528385
2022-10-10,ETHUSDT,1323.13,1338.0,1288.0,1290.03,393663.0114,288,288,0.0005122264955597848,-0.025334667915182005,True,0.022632421336652973,2.2632421336652975
2022-10-11,ETHUSDT,1290.03,1298.0,1267.01,1280.11,429430.3941,288,288,0.0005370927188863231,-0.0077194621780118,True,0.023175260923802413,2.317526092380241
2022-10-12,ETHUSDT,1280.11,1306.87,1275.25,1294.44,369712.5759,288,288,0.00042422168244121174,0.011132157454091225,True,0.02059664250408818,2.059664250408818
2022-10-13,ETHUSDT,1294.44,1301.58,1190.0,1287.08,945618.3163000001,288,288,0.0026079433426782787,-0.00570208244890829,True,0.05106802661821072,5.106802661821072
2022-10-14,ETHUSDT,1287.08,1343.12,1283.39,1296.27,669742.8093,288,288,0.0010043467666828883,0.007114822820746895,True,0.031691430492845986,3.1691430492845987
2022-10-15,ETHUSDT,1296.26,1301.69,1263.64,1274.92,287100.9529,288,288,0.00030250077026023014,-0.016607478021245868,True,0.017392549274336703,1.7392549274336704
2022-10-16,ETHUSDT,1274.93,1315.35,1274.67,1305.95,293321.3632,288,288,0.0004315195704454326,0.024047313738359416,True,0.020773049136932994,2.0773049136932995
2022-10-17,ETHUSDT,1305.96,1338.57,1295.64,1331.4,459848.4941,288,288,0.0004671016952012742,0.01930027490231246,True,0.02161253560323902,2.161253560323902
2022-10-18,ETHUSDT,1331.39,1341.73,1286.72,1310.71,572728.9189,288,288,0.0005208375295218895,-0.015662045059258483,True,0.02282186516308186,2.2821865163081863
2022-10-19,ETHUSDT,1310.71,1313.5,1280.31,1285.09,368637.5105,288,288,0.0003885396417049131,-0.019740220320127715,True,0.019711408922370645,1.9711408922370646
2022-10-20,ETHUSDT,1285.09,1310.87,1270.36,1282.57,428531.6103,288,288,0.00048291395945141574,-0.001962877335087386,True,0.021975303398392838,2.197530339839284
2022-10-21,ETHUSDT,1282.57,1306.97,1252.65,1299.75,468076.7986,288,288,0.0005972524432615759,0.013306060811696552,True,0.024438748807203203,2.4438748807203203
2022-10-22,ETHUSDT,1299.76,1320.2,1294.32,1313.61,221776.7007,288,288,0.00017094532269405684,0.01060713407284022,True,0.013074606024429832,1.3074606024429831
2022-10-23,ETHUSDT,1313.62,1371.55,1299.44,1364.2,432269.46,288,288,0.0004209370522678918,0.037789103883952804,True,0.02051675052896759,2.051675052896759
2022-10-24,ETHUSDT,1364.19,1370.6,1324.17,1343.61,611830.797,288,288,0.0006407943848280184,-0.015208154818901214,True,0.02531391682114837,2.5313916821148372
2022-10-25,ETHUSDT,1343.61,1525.16,1334.94,1459.74,1127932.9012,288,288,0.0035449415006271797,0.08289831625036764,True,0.05953941132247765,5.953941132247765
2022-10-26,ETHUSDT,1459.74,1594.99,1457.44,1566.1,1236044.7023,288,288,0.002577751016533592,0.0703301148203041,True,0.050771557160811914,5.077155716081191
2022-10-27,ETHUSDT,1566.11,1578.58,1503.2,1514.05,869454.4851,288,288,0.0014669097493998887,-0.0338002729212354,True,0.03830025782419602,3.830025782419602
2022-10-28,ETHUSDT,1514.04,1574.9,1479.82,1554.41,858954.4425,288,288,0.0012436815985186701,0.026307872841873074,True,0.03526587016534074,3.526587016534074
2022-10-29,ETHUSDT,1554.4,1663.06,1547.66,1619.55,914161.0846,288,288,0.0014472035205703548,0.04105228046823488,True,0.03804212823397706,3.804212823397706
2022-10-30,ETHUSDT,1619.55,1640.06,1576.56,1590.44,476036.4243,288,288,0.0007288749418137341,-0.018137625369795244,True,0.02699768400833179,2.6997684008331793
2022-10-31,ETHUSDT,1590.45,1635.8,1545.43,1572.69,810334.2413999999,288,288,0.001993465369202853,-0.011223178506765633,True,0.04464824038193278,4.464824038193278
2022-11-01,ETHUSDT,1572.69,1612.92,1563.69,1578.48,527539.2965,288,288,0.0007203855534633617,0.003674829676506867,True,0.026839999133073042,2.683999913307304
2022-11-02,ETHUSDT,1578.47,1621.68,1502.32,1518.34,981395.3648,288,288,0.0023945437764369237,-0.03884472586553272,True,0.04893407582081145,4.893407582081145
2022-11-03,ETHUSDT,1518.33,1559.01,1515.17,1531.01,560202.8813,288,288,0.0007713373507579777,0.008310015519321399,True,0.027772960784870914,2.7772960784870913
2022-11-04,ETHUSDT,1531.01,1680.0,1528.4,1644.78,935531.4781,288,288,0.0015733566584568,0.07167898833884996,True,0.03966556010516932,3.966556010516932
2022-11-05,ETHUSDT,1644.78,1666.97,1621.42,1626.98,351385.5362,288,288,0.0004381445401242283,-0.010881101073360018,True,0.02093190244875578,2.093190244875578
2022-11-06,ETHUSDT,1626.98,1639.02,1564.39,1568.29,414863.9525,288,288,0.0008145061451347963,-0.03673968179149156,True,0.028539554045829033,2.853955404582903
2022-11-07,ETHUSDT,1568.25,1608.04,1545.03,1568.1,642409.4494,288,288,0.0008922875904176755,-0.0001211584020037524,True,0.02987118327782941,2.987118327782941
2022-11-08,ETHUSDT,1568.09,1579.98,1233.0,1334.77,2339916.5089000002,288,288,0.012251227205160118,-0.1611057030395356,True,0.11068526191485531,11.068526191485532
2022-11-09,ETHUSDT,1334.78,1337.16,1073.53,1102.73,2494797.9357,288,288,0.01607514910469113,-0.19097006900385904,True,0.12678781134119765,12.678781134119765
2022-11-10,ETHUSDT,1102.73,1350.0,1085.93,1299.28,1975955.6767,288,288,0.016356956006143022,0.16402134152275763,True,0.1278943157694783,12.78943157694783
2022-11-11,ETHUSDT,1299.28,1310.0,1201.26,1289.28,1308087.1498,288,288,0.007680709638496195,-0.007726341863364112,True,0.08763965790951146,8.763965790951147
2022-11-12,ETHUSDT,1289.35,1292.16,1238.7,1257.25,547772.9172,288,288,0.001674996522714035,-0.025157126950907646,True,0.040926721377530784,4.092672137753079
2022-11-13,ETHUSDT,1257.25,1274.23,1200.66,1221.49,547410.5304,288,288,0.0015556275753770695,-0.02885537104354014,True,0.039441444894641846,3.9441444894641844
2022-11-14,ETHUSDT,1221.5,1291.2,1171.13,1243.28,934742.0059,288,288,0.00419866733465055,0.017681623598823228,True,0.06479712443195725,6.479712443195725
2022-11-15,ETHUSDT,1243.29,1291.0,1234.01,1253.23,632825.568,288,288,0.0013858909832462163,0.007971169901038253,True,0.03722755677245307,3.7227556772453068
2022-11-16,ETHUSDT,1253.22,1268.67,1187.06,1216.17,673339.7215,288,288,0.0011347387933180297,-0.030017642122179767,True,0.03368588418489308,3.368588418489308
2022-11-17,ETHUSDT,1216.16,1228.22,1181.05,1200.43,530537.3488,288,288,0.0012029366495754207,-0.013026750462845908,True,0.03468337713625103,3.4683377136251035
2022-11-18,ETHUSDT,1200.42,1234.0,1199.18,1212.58,360218.53369999997,288,288,0.0004970301762193355,0.010070495093170463,True,0.022294173593549852,2.229417359354985
2022-11-19,ETHUSDT,1212.58,1235.0,1197.67,1217.67,209789.5888,288,288,0.00024074100864576164,0.004188875582934337,True,0.01551583090413664,1.551583090413664
2022-11-20,ETHUSDT,1217.67,1227.07,1132.65,1142.21,531108.7607,288,288,0.0014077846174477685,-0.06397421437289083,True,0.037520455986671704,3.7520455986671704
2022-11-21,ETHUSDT,1142.21,1146.99,1079.76,1107.34,922647.9454,288,288,0.0022964224978880947,-0.03100423926997751,True,0.04792100268032895,4.792100268032895
2022-11-22,ETHUSDT,1107.34,1146.13,1075.0,1139.6,748884.5791,288,288,0.0013777289521980955,0.028716580667148536,True,0.037117771379732586,3.7117771379732587
2022-11-23,ETHUSDT,1139.59,1190.0,1127.75,1184.52,636927.1594,288,288,0.0012772018592078819,0.038660305594043154,True,0.035737961038759355,3.5737961038759356
2022-11-24,ETHUSDT,1184.52,1217.71,1180.6,1203.73,486080.6123,288,288,0.0006871286796460089,0.01608744001092483,True,0.026213139446583062,2.621313944658306
2022-11-25,ETHUSDT,1203.72,1207.77,1171.2,1199.3,391430.1658,288,288,0.000620227792917435,-0.0036870159910476776,True,0.024904372967762812,2.4904372967762813
2022-11-26,ETHUSDT,1199.29,1235.66,1196.2,1205.6,379840.8116,288,288,0.00042345359843387197,0.005239315074608817,True,0.020577988201810983,2.057798820181098
2022-11-27,ETHUSDT,1205.61,1223.33,1188.65,1193.88,286386.7986,288,288,0.00036133050218669006,-0.009768860923014919,True,0.01900869543621261,1.900869543621261
2022-11-28,ETHUSDT,1193.88,1199.25,1151.02,1167.77,478795.6093,288,288,0.0007506741873241665,-0.022112560200172573,True,0.027398434030509233,2.7398434030509233
2022-11-29,ETHUSDT,1167.77,1228.37,1158.27,1216.49,512143.5861,288,288,0.0005964431614351667,0.04087371569654408,True,0.024422185844743028,2.4422185844743027
2022-11-30,ETHUSDT,1216.49,1309.77,1212.5,1294.46,815679.2717,288,288,0.00201118217908306,0.06212395686716513,True,0.04484620584935876,4.484620584935875
2022-12-01,ETHUSDT,1294.46,1299.9,1262.77,1276.41,430018.7391,288,288,0.0005366800016303643,-0.014042169844775125,True,0.023166354949157718,2.3166354949157717
2022-12-02,ETHUSDT,1276.4,1297.18,1265.24,1295.59,371559.585,288,288,0.0004948605308703314,0.014914739927744562,True,0.02224546090487521,2.224546090487521
2022-12-03,ETHUSDT,1295.58,1309.0,1236.26,1240.51,347148.2588,288,288,0.0004504260919703476,-0.043443604470788925,True,0.021223244143399652,2.1223244143399653
2022-12-04,ETHUSDT,1240.5,1287.19,1240.1,1279.41,324129.5466,288,288,0.0003703137738227539,0.030876448784335646,True,0.01924353849536914,1.924353849536914
2022-12-05,ETHUSDT,1279.4,1305.11,1246.61,1259.41,391628.5166,288,288,0.0004593236055595613,-0.015755676837174076,True,0.02143183626196228,2.1431836261962283
2022-12-06,ETHUSDT,1259.41,1274.76,1241.56,1271.32,301631.839,288,288,0.0003634140756077169,0.009412373448134668,True,0.019063422452637327,1.9063422452637326
2022-12-07,ETHUSDT,1271.31,1278.69,1218.01,1231.18,398559.5166,288,288,0.0005049330269241926,-0.03208267168203997,True,0.0224707148734568,2.24707148734568
2022-12-08,ETHUSDT,1231.18,1292.58,1222.01,1280.18,406653.5447,288,288,0.0005171455261892122,0.039027633948655716,True,0.022740833893883757,2.274083389388376
2022-12-09,ETHUSDT,1280.18,1296.64,1250.0,1263.1,406008.0032,288,288,0.00039222743322837937,-0.013431676246964272,True,0.019804732596740086,1.9804732596740087
2022-12-10,ETHUSDT,1263.11,1283.61,1259.6,1266.35,182278.6396,288,288,0.00014805229987310082,0.0025697300112282415,True,0.012167674382276212,1.2167674382276212
2022-12-11,ETHUSDT,1266.35,1284.75,1255.85,1263.01,180494.902,288,288,0.0001933391058412137,-0.0026409858156372164,True,0.013904643319453172,1.3904643319453172
2022-12-12,ETHUSDT,1263.0,1278.9,1240.03,1275.4,363750.5481,288,288,0.0003890866292659692,0.00976209390565289,True,0.01972527894013084,1.972527894013084
2022-12-13,ETHUSDT,1275.41,1349.0,1255.1,1320.69,659393.8825,288,288,0.0015802009773445479,0.034894472397664,True,0.03975174181522802,3.9751741815228017
2022-12-14,ETHUSDT,1320.69,1352.72,1301.0,1307.44,554465.5717,288,288,0.0006982029350511743,-0.010083300494031678,True,0.02642352995061739,2.642352995061739
2022-12-15,ETHUSDT,1307.45,1311.14,1259.27,1266.54,390051.2447,288,288,0.00044081250690340684,-0.03178225373876901,True,0.02099553540406643,2.0995535404066428
2022-12-16,ETHUSDT,1266.53,1280.06,1155.32,1166.83,751422.2779,288,288,0.0017457024673156846,-0.08199810303572426,True,0.041781604412895454,4.1781604412895454
2022-12-17,ETHUSDT,1166.82,1190.03,1161.92,1187.16,328881.6281,288,288,0.00041893427671510654,0.01727323011282163,True,0.020467884031211105,2.0467884031211105
2022-12-18,ETHUSDT,1187.16,1199.54,1170.32,1183.06,252260.144,288,288,0.0003508816603615058,-0.0034595979186286185,True,0.018731835477643555,1.8731835477643555
2022-12-19,ETHUSDT,1183.06,1195.0,1150.51,1167.82,296832.7228,288,288,0.0005569005087888642,-0.012965539281474436,True,0.023598739559325285,2.3598739559325286
2022-12-20,ETHUSDT,1167.82,1230.47,1163.12,1216.94,465184.1943,288,288,0.0006910316960505448,0.04120074828792062,True,0.026287481736570827,2.628748173657083
2022-12-21,ETHUSDT,1216.95,1223.39,1203.02,1213.78,245723.8377,288,288,0.00026025675981231793,-0.0026000541240526675,True,0.016132475315720086,1.6132475315720085
2022-12-22,ETHUSDT,1213.78,1237.99,1182.54,1217.71,336761.6598,288,288,0.0007223002651185727,0.0032325885956774308,True,0.026875644459595244,2.6875644459595245
2022-12-23,ETHUSDT,1217.72,1231.99,1210.0,1219.99,278604.2882,288,288,0.0002247148058091568,0.0018706162898210479,True,0.014990490512626891,1.499049051262689
2022-12-24,ETHUSDT,1219.98,1227.99,1214.69,1220.41,123701.5301,288,288,5.0835714332515885e-05,0.0003442058712896525,True,0.007129916853127804,0.7129916853127803
2022-12-25,ETHUSDT,1220.42,1225.0,1193.18,1218.51,231652.0612,288,288,0.00045637620101163847,-0.0015580670004479574,True,0.021362963301275375,2.1362963301275375
2022-12-26,ETHUSDT,1218.52,1231.09,1211.67,1228.11,162723.0857,288,288,0.00010986993789037519,0.007847601399341335,True,0.010481886179995238,1.048188617999524
2022-12-27,ETHUSDT,1228.12,1233.73,1200.58,1211.55,262437.6398,288,288,0.00014329918550366072,-0.013575870686165854,True,0.011970763781131958,1.197076378113196
2022-12-28,ETHUSDT,1211.55,1215.78,1181.06,1190.15,367828.8914,288,288,0.00042384932518107316,-0.017821181974358235,True,0.020587601248835987,2.0587601248835985
2022-12-29,ETHUSDT,1190.15,1206.57,1186.77,1200.49,249130.4869,288,288,0.00018800619147150884,0.008650457182000785,True,0.013711534978677947,1.3711534978677946
2022-12-30,ETHUSDT,1200.48,1202.15,1181.08,1199.99,266014.2115,288,288,0.00017962217570725397,-0.00041658335602171644,True,0.013402319788277474,1.3402319788277475
2022-12-31,ETHUSDT,1199.98,1208.46,1191.66,1196.13,139379.2811,288,288,7.926721860242915e-05,-0.0032218781522300945,True,0.008903213947919547,0.8903213947919547
2023-01-01,ETHUSDT,1196.13,1204.67,1190.57,1200.34,117762.0685,288,288,6.54624861392058e-05,0.003513504722310449,True,0.008090889082122297,0.8090889082122297
2023-01-02,ETHUSDT,1200.33,1224.29,1193.0,1214.0,252794.13999999998,288,288,0.00015175808147318596,0.01131584264132779,True,0.01231901300726588,1.231901300726588
2023-01-03,ETHUSDT,1213.99,1219.89,1204.93,1214.55,205519.4944,288,288,9.89319725617254e-05,0.0004529451807893936,True,0.009946455276214005,0.9946455276214005
2023-01-04,ETHUSDT,1214.56,1272.6,1212.71,1256.9,457799.66479999997,288,288,0.00048071573880599657,0.0342747341305589,True,0.02192523064430558,2.192523064430558
2023-01-05,ETHUSDT,1256.91,1259.95,1242.81,1251.24,272805.33,288,288,0.00012017486236822759,-0.004513312341290218,True,0.01096242958327339,1.096242958327339
2023-01-06,ETHUSDT,1251.25,1276.7,1236.0,1269.14,342344.2023,288,288,0.0002665856663541784,0.014204446128788187,True,0.0163274513122587,1.63274513122587
2023-01-07,ETHUSDT,1269.13,1271.09,1261.3,1264.07,129474.2884,288,288,4.273614756191515e-05,-0.00400283179805274,True,0.006537289007066702,0.6537289007066702
2023-01-08,ETHUSDT,1264.06,1296.0,1257.77,1290.16,213636.7848,288,288,0.0002543304965042455,0.020429567752024456,True,0.015947742677389975,1.5947742677389976
2023-01-09,ETHUSDT,1290.15,1344.91,1285.44,1320.39,581727.6968,288,288,0.00044386655719654374,0.023160905815511043,True,0.021068140810155598,2.10681408101556
2023-01-10,ETHUSDT,1320.4,1347.69,1316.8,1335.62,459660.2307,288,288,0.00028597006719091286,0.011468456012886366,True,0.016910649520077956,1.6910649520077956
2023-01-11,ETHUSDT,1335.63,1398.0,1321.04,1389.39,472465.9556,288,288,0.0008459542397989752,0.039469198380846754,True,0.02908529249980091,2.908529249980091
2023-01-12,ETHUSDT,1389.4,1438.0,1361.92,1415.92,877712.4492,288,288,0.0014879204166614807,0.018914694600993067,True,0.038573571479206856,3.8573571479206854
2023-01-13,ETHUSDT,1415.91,1464.0,1401.03,1451.2,499377.8649,288,288,0.0005727339885473606,0.02461130387837346,True,0.02393186136821289,2.393186136821289
2023-01-14,ETHUSDT,1451.21,1599.98,1449.14,1549.9,940691.7774,288,288,0.0038688225387001627,0.06579961234213362,True,0.06219985963569502,6.219985963569502
2023-01-15,ETHUSDT,1549.91,1566.66,1516.03,1552.52,387832.71379999997,288,288,0.0008774265043035054,0.0016890044693164846,True,0.02962138592813485,2.962138592813485
2023-01-16,ETHUSDT,1552.52,1604.5,1521.31,1576.94,574622.8953,288,288,0.001618289734333001,0.015606843142374231,True,0.0402279720385331,4.02279720385331
2023-01-17,ETHUSDT,1576.94,1609.0,1541.15,1565.57,506771.7219,288,288,0.0008356523019552284,-0.007236285399049721,True,0.02890765127012619,2.890765127012619
2023-01-18,ETHUSDT,1565.56,1610.0,1501.39,1511.43,752534.8857,288,288,0.001736567442324919,-0.03519375237953211,True,0.04167214228144407,4.167214228144407
2023-01-19,ETHUSDT,1511.44,1564.43,1509.15,1551.09,308679.4645,288,288,0.0005053564072423415,0.02590168703622214,True,0.02248013361264433,2.248013361264433
2023-01-20,ETHUSDT,1551.09,1669.9,1542.02,1658.52,440570.9974,288,288,0.0008360901889797111,0.06696772883159904,True,0.02891522417308417,2.891522417308417
2023-01-21,ETHUSDT,1658.53,1679.26,1616.21,1626.66,494248.6009,288,288,0.0013540235301055042,-0.019396805593906215,True,0.036797058715412355,3.6797058715412354
2023-01-22,ETHUSDT,1626.65,1663.89,1604.0,1627.44,431729.6909,288,288,0.000733617688425542,0.00047939523366755533,True,0.027085377760436388,2.708537776043639
2023-01-23,ETHUSDT,1627.43,1648.09,1585.29,1626.29,407267.1156,288,288,0.0012787426425213777,-0.0007068810552104707,True,0.03575951121759605,3.5759511217596054
2023-01-24,ETHUSDT,1626.28,1641.46,1535.0,1555.97,462275.3243,288,288,0.0015972231923156277,-0.0442022016416705,True,0.0399652748309783,3.99652748309783
2023-01-25,ETHUSDT,1555.97,1641.0,1518.0,1611.94,646474.9166,288,288,0.00102384440153607,0.03533927718337326,True,0.03199756868163689,3.199756868163689
2023-01-26,ETHUSDT,1611.95,1632.84,1577.43,1601.09,532777.8466,288,288,0.0006329561416582174,-0.006753775247761573,True,0.025158619629427555,2.5158619629427554
2023-01-27,ETHUSDT,1601.08,1621.0,1552.54,1597.62,512093.3875,288,288,0.000930450049752991,-0.002169625481013516,True,0.030503279327852455,3.0503279327852453
2023-01-28,ETHUSDT,1597.61,1606.83,1555.99,1572.1,313675.6574,288,288,0.0003555625671404633,-0.016102716603944457,True,0.018856366753445993,1.8856366753445992
2023-01-29,ETHUSDT,1572.1,1660.0,1566.33,1644.72,551767.9134,288,288,0.0009654311259046347,0.04515785174820974,True,0.03107138757610665,3.1071387576106653
2023-01-30,ETHUSDT,1644.73,1647.53,1535.0,1566.2,595055.3281,288,288,0.0007517492045411479,-0.048917853628840775,True,0.02741804523559526,2.741804523559526
2023-01-31,ETHUSDT,1566.21,1605.18,1561.63,1585.33,348856.6751,288,288,0.0005691892998506196,0.01214028421628324,True,0.02385768848506954,2.3857688485069537
2023-02-01,ETHUSDT,1585.32,1647.77,1555.18,1641.68,474617.1709,288,288,0.0009971577793835458,0.034927520199391514,True,0.031577805170460244,3.1577805170460245
2023-02-02,ETHUSDT,1641.67,1714.68,1626.85,1643.12,629188.8874,288,288,0.0016774043593153095,0.0008767657648842953,True,0.0409561272499648,4.09561272499648
2023-02-03,ETHUSDT,1643.12,1676.0,1625.93,1663.52,464815.032,288,288,0.0006645519512497591,0.012338965732266073,True,0.025778905160028794,2.5778905160028796
2023-02-04,ETHUSDT,1663.52,1695.29,1645.43,1666.38,308227.1295,288,288,0.0003968807656966347,0.0017177697247722679,True,0.01992186652140393,1.992186652140393
2023-02-05,ETHUSDT,1666.39,1673.81,1609.3,1629.02,413579.6748,288,288,0.00044666565554572844,-0.022675001956913687,True,0.021134466057739155,2.1134466057739156
2023-02-06,ETHUSDT,1629.01,1658.56,1605.01,1614.29,384119.4197,288,288,0.0005589254870182139,-0.009083375488667368,True,0.023641605000892258,2.3641605000892256
2023-02-07,ETHUSDT,1614.28,1678.37,1613.14,1671.03,451922.4,288,288,0.0008230488956467905,0.03454497124674865,True,0.028688828760456402,2.86888287604564
2023-02-08,ETHUSDT,1671.03,1697.91,1630.47,1650.43,417966.2539,288,288,0.000679655409255352,-0.01240434275222694,True,0.02607020155762805,2.6070201557628048
2023-02-09,ETHUSDT,1650.42,1656.17,1524.4,1545.35,658011.6964,288,288,0.0013306297680299058,-0.06578543811037804,True,0.03647779828923212,3.647779828923212
2023-02-10,ETHUSDT,1545.35,1555.01,1490.0,1513.06,484654.2199,288,288,0.0007509737577410491,-0.021116331578964805,True,0.027403900411092016,2.7403900411092015
2023-02-11,ETHUSDT,1513.05,1543.0,1505.0,1538.51,289691.5708,288,288,0.00027441753623758916,0.016680325264449757,True,0.016565552699429897,1.6565552699429897
2023-02-12,ETHUSDT,1538.5,1548.02,1493.08,1514.83,286758.374,288,288,0.00030523843581142004,-0.015511194152279056,True,0.017471074260371627,1.7471074260371626
2023-02-13,ETHUSDT,1514.82,1526.1,1461.93,1505.24,643152.3904,288,288,0.0009832823081634163,-0.0063508675184233985,True,0.03135733260600168,3.135733260600168
2023-02-14,ETHUSDT,1505.25,1569.0,1482.66,1555.71,668964.3768,288,288,0.0009476841690345484,0.032979679139185245,True,0.030784479352988062,3.078447935298806
2023-02-15,ETHUSDT,1555.7,1680.0,1542.55,1674.92,581207.8586,288,288,0.0010302897976385318,0.07383336987757375,True,0.03209812763446696,3.2098127634466964
2023-02-16,ETHUSDT,1674.92,1742.97,1633.72,1637.84,832723.6731,288,288,0.0019298028800411665,-0.022387102380211788,True,0.043929521736995575,4.392952173699557
2023-02-17,ETHUSDT,1637.83,1722.0,1630.51,1693.87,579934.663,288,288,0.0011106929669801831,0.03363755128252443,True,0.03332706058115811,3.332706058115811
2023-02-18,ETHUSDT,1693.81,1713.13,1679.77,1691.62,267305.7813,288,288,0.00030395619561740864,-0.0013292021723724104,True,0.01743433955208538,1.743433955208538
2023-02-19,ETHUSDT,1691.62,1726.59,1666.14,1679.75,401023.0477,288,288,0.0004030831455391915,-0.007041676854214847,True,0.020076930680240728,2.0076930680240728
2023-02-20,ETHUSDT,1679.74,1719.89,1650.56,1703.27,451314.8335,288,288,0.0005910081524798686,0.013904960042027615,True,0.024310659235814002,2.4310659235814
2023-02-21,ETHUSDT,1703.27,1716.66,1636.3,1659.76,520354.46880000003,288,288,0.0008229768832395087,-0.025876919257403343,True,0.028687573672925158,2.868757367292516
2023-02-22,ETHUSDT,1659.77,1666.95,1595.07,1643.14,528875.4809,288,288,0.0009350671277351557,-0.010063968196039032,True,0.030578867338983563,3.057886733898356
2023-02-23,ETHUSDT,1643.15,1679.0,1628.75,1650.53,501305.9717,288,288,0.0008628033844664588,0.0044874030494246216,True,0.02937351501721336,2.937351501721336
2023-02-24,ETHUSDT,1650.52,1664.66,1575.64,1607.8,512515.49820000003,288,288,0.0009500998149848451,-0.026229663544410507,True,0.030823689185184258,3.082368918518426
2023-02-25,ETHUSDT,1607.8,1608.98,1557.33,1594.58,290188.0391,288,288,0.00033558488247289884,-0.008256406234485729,True,0.018318976021407387,1.8318976021407387
2023-02-26,ETHUSDT,1594.58,1651.26,1587.76,1641.36,308607.9941,288,288,0.000384586541123543,0.0289147877985778,True,0.019610878132392314,1.9610878132392313
2023-02-27,ETHUSDT,1641.37,1665.22,1608.0,1633.45,431861.4129,288,288,0.00048203069138177946,-0.00483082400681154,True,0.02195519736604022,2.195519736604022
2023-02-28,ETHUSDT,1633.45,1647.52,1596.66,1605.23,393523.1647,288,288,0.0004792642957321892,-0.01742729397311422,True,0.02189210578569794,2.189210578569794
2023-03-01,ETHUSDT,1605.24,1669.72,1595.0,1665.22,474456.8235,288,288,0.0006349984779709067,0.03669019833996935,True,0.025199176136749126,2.5199176136749126
2023-03-02,ETHUSDT,1665.23,1677.86,1619.18,1647.86,423023.8082,288,288,0.00044549348728009164,-0.010479770413468571,True,0.021106716639024924,2.1106716639024925
2023-03-03,ETHUSDT,1647.86,1649.25,1544.39,1569.45,742816.5976,288,288,0.000978375277163701,-0.048752236909360674,True,0.031278990986981996,3.1278990986981996
2023-03-04,ETHUSDT,1569.45,1577.53,1549.12,1566.73,237640.2606,288,288,0.00019719518917088214,-0.0017345947503018943,True,0.014042620452425613,1.4042620452425614
2023-03-05,ETHUSDT,1566.74,1588.77,1553.05,1564.58,299240.7415,288,288,0.00037845778115711643,-0.0013732273954752258,True,0.01945399139398176,1.945399139398176
2023-03-06,ETHUSDT,1564.57,1583.49,1554.44,1565.84,307709.3011,288,288,0.0002796895990937065,0.0008050038448792256,True,0.016723922957658784,1.6723922957658783
2023-03-07,ETHUSDT,1565.84,1584.49,1536.14,1561.96,437947.9032,288,288,0.0005256010346279758,-0.0024809783171540986,True,0.02292599037398332,2.292599037398332
2023-03-08,ETHUSDT,1561.95,1570.89,1523.61,1532.38,460101.7658,288,288,0.00044460919021175124,-0.01911936055839754,True,0.02108575799471651,2.108575799471651
2023-03-09,ETHUSDT,1532.38,1546.45,1408.0,1437.32,718485.1364,288,288,0.0014014501776102787,-0.0640418138788697,True,0.03743594766544957,3.7435947665449567
2023-03-10,ETHUSDT,1437.32,1439.43,1368.39,1426.44,960262.4509,288,288,0.0018700040168612238,-0.007598438659314293,True,0.04324354306554013,4.324354306554013
2023-03-11,ETHUSDT,1426.43,1478.07,1408.4,1471.97,1374859.6201,288,288,0.0017069745756464882,0.03141980986582135,True,0.041315548836321755,4.131554883632176
2023-03-12,ETHUSDT,1471.93,1594.19,1448.3,1580.33,1002355.0929,288,288,0.0022948883963983787,0.07103204632577868,True,0.04790499343908084,4.790499343908084
2023-03-13,ETHUSDT,1580.33,1693.49,1565.0,1673.45,1228063.6053,288,288,0.0023311802656760675,0.0572536777306644,True,0.04828229764288427,4.828229764288427
2023-03-14,ETHUSDT,1673.44,1780.02,1655.24,1699.4,1283321.2355,288,288,0.002866101703394405,0.015387883866642455,True,0.053535985125842275,5.353598512584227
2023-03-15,ETHUSDT,1699.41,1716.9,1611.0,1649.96,963142.4833,288,288,0.0018290156902692493,-0.029524202392908958,True,0.04276699300008418,4.276699300008418
2023-03-16,ETHUSDT,1649.95,1691.42,1632.18,1673.73,627985.6119,288,288,0.0012130961776817873,0.01430362354162626,True,0.03482953025353324,3.482953025353324
2023-03-17,ETHUSDT,1673.73,1800.0,1662.65,1789.27,907528.2825,288,288,0.0017839284829154953,0.06675304670589825,True,0.04223657754737587,4.223657754737587
2023-03-18,ETHUSDT,1789.26,1841.0,1747.47,1758.84,711614.731,288,288,0.0016123002271702565,-0.017153214596845403,True,0.04015345847084976,4.015345847084975
2023-03-19,ETHUSDT,1758.84,1841.36,1757.92,1780.68,541131.8908,288,288,0.0012340976333080718,0.012340812978827269,True,0.035129725779004764,3.5129725779004763
2023-03-20,ETHUSDT,1780.67,1803.05,1722.0,1732.78,682848.1248,288,288,0.0010922293102272956,-0.027268258638847312,True,0.03304889272316541,3.304889272316541
2023-03-21,ETHUSDT,1732.77,1835.0,1717.01,1801.23,742348.4999,288,288,0.0009917267940436898,0.03874270968448254,True,0.03149169404848983,3.149169404848983
2023-03-22,ETHUSDT,1801.23,1819.98,1710.12,1734.33,891287.6009,288,288,0.0013778807312647297,-0.03784859319942091,True,0.03711981588403598,3.7119815884035976
2023-03-23,ETHUSDT,1734.34,1857.16,1729.35,1813.79,732061.103,288,288,0.0010653638602874836,0.04479740705899453,True,0.03263991207536386,3.263991207536386
2023-03-24,ETHUSDT,1813.78,1818.99,1726.4,1749.57,564770.1417,272,271,,,False,,
2023-03-25,ETHUSDT,1749.57,1763.23,1713.09,1741.88,355679.3743,288,288,0.0003867534794893169,-0.0044050537370123165,True,0.019666048903867722,1.966604890386772
2023-03-26,ETHUSDT,1741.88,1801.0,1739.31,1773.88,354933.2372,288,288,0.0005686837587373796,0.018204248136498086,True,0.023847091200760305,2.3847091200760304
2023-03-27,ETHUSDT,1773.88,1780.48,1686.13,1715.22,570563.5023,288,288,0.000816401320103638,-0.03362788558236732,True,0.02857273735755183,2.8572737357551827
2023-03-28,ETHUSDT,1715.21,1795.73,1701.13,1772.99,536511.3973,288,288,0.0008212204479962149,0.0331260346441175,True,0.02865694414965097,2.865694414965097
2023-03-29,ETHUSDT,1773.0,1827.99,1772.48,1793.07,536865.5972,288,288,0.0005256109674293471,0.011261847656573601,True,0.022926207000490664,2.292620700049066
2023-03-30,ETHUSDT,1793.06,1829.69,1763.0,1793.61,579690.0394,288,288,0.0007391408348944396,0.000301114124526193,True,0.027187144662403216,2.7187144662403218
2023-03-31,ETHUSDT,1793.6,1847.28,1777.91,1821.52,554525.4762,288,288,0.0005494143285022265,0.015440968668431119,True,0.023439588914958096,2.34395889149581
2023-04-01,ETHUSDT,1821.52,1842.83,1807.81,1820.79,272904.9674,288,288,0.00017657643772337486,-0.0004008445243674523,True,0.013288206715858045,1.3288206715858044
2023-04-02,ETHUSDT,1820.8,1824.81,1771.7,1794.51,322122.9385,288,288,0.0002228599296890856,-0.01453846867051377,True,0.014928493885489105,1.4928493885489105
2023-04-03,ETHUSDT,1794.51,1839.99,1762.77,1810.51,628503.6619,288,288,0.0008831163608665161,0.008876569371509956,True,0.029717273779176247,2.9717273779176248
2023-04-04,ETHUSDT,1810.51,1891.91,1802.01,1870.37,622208.6411,288,288,0.0008212342570570754,0.032527698712764626,True,0.028657185086066555,2.8657185086066557
2023-04-05,ETHUSDT,1870.38,1942.98,1864.58,1908.69,548595.5155,288,288,0.0009053788853337842,0.02028087061480072,True,0.030089514541344536,3.0089514541344538
2023-04-06,ETHUSDT,1908.68,1909.91,1853.7,1872.41,396241.4352,288,288,0.0003440533059853111,-0.019190771703290276,True,0.018548673968381436,1.8548673968381435
2023-04-07,ETHUSDT,1872.41,1882.61,1841.46,1863.72,284256.4873,288,288,0.0002885040730311683,-0.004651880780891603,True,0.016985407649837796,1.6985407649837796
2023-04-08,ETHUSDT,1863.73,1879.38,1847.0,1848.82,197905.5407,288,288,0.00012950551085807698,-0.008026892640480253,True,0.011380048807367963,1.1380048807367962
2023-04-09,ETHUSDT,1848.82,1873.99,1824.01,1858.92,287131.3079,288,288,0.00037114496930494236,0.005448076176832004,True,0.019265123132358702,1.9265123132358704
2023-04-10,ETHUSDT,1858.91,1918.79,1846.4,1910.2,434739.79839999997,288,288,0.00040820007490073877,0.027212274694364845,True,0.020203961861494858,2.020396186149486
2023-04-11,ETHUSDT,1910.21,1937.37,1881.11,1889.86,405203.4892,288,288,0.0003992971066426165,-0.010705196364644317,True,0.019982419939602324,1.9982419939602325
2023-04-12,ETHUSDT,1889.86,1933.0,1852.65,1917.39,630844.4186,288,288,0.0007709410061449165,0.01446213399745396,True,0.02776582442761094,2.776582442761094
2023-04-13,ETHUSDT,1917.4,2023.0,1899.55,2012.01,676164.5188,288,288,0.000596608110839898,0.048169336152757564,True,0.02442556265144977,2.4425562651449773
2023-04-14,ETHUSDT,2012.0,2128.76,2009.22,2099.99,896307.3934000001,288,288,0.002504818813126571,0.04279836040920908,True,0.05004816493265833,5.004816493265833
2023-04-15,ETHUSDT,2099.99,2111.85,2071.13,2090.6,321823.7851,288,288,0.00029695483614814035,-0.004481476696806867,True,0.017232377553551347,1.7232377553551348
2023-04-16,ETHUSDT,2090.61,2141.54,2072.72,2118.67,319880.43929999997,288,288,0.0004554047392669211,0.013337427205204175,True,0.021340214133577035,2.1340214133577033
2023-04-17,ETHUSDT,2118.66,2120.51,2056.25,2074.0,426972.7071,288,288,0.00036481995481186906,-0.02130942351433894,True,0.019100260595391598,1.9100260595391598
2023-04-18,ETHUSDT,2073.99,2125.0,2051.0,2103.5,414244.6135,288,288,0.0003256706363590211,0.014123514241102551,True,0.018046346897891027,1.8046346897891026
2023-04-19,ETHUSDT,2103.51,2104.6,1923.03,1933.73,775389.0602,288,288,0.0010939060245215436,-0.08415184379536189,True,0.0330742501732321,3.3074250173232103
2023-04-20,ETHUSDT,1933.74,1982.99,1914.43,1942.98,625336.2495,288,288,0.0007867816050738726,0.004772096728466346,True,0.0280496275389509,2.8049627538950896
2023-04-21,ETHUSDT,1942.98,1957.27,1825.0,1848.78,688876.6186,288,288,0.0009360136259566918,-0.04969691488980295,True,0.030594339769909922,3.0594339769909924
2023-04-22,ETHUSDT,1848.77,1887.31,1841.64,1874.16,331007.5879,288,288,0.00025148538588452526,0.013634596948651899,True,0.015858290761760086,1.5858290761760085
2023-04-23,ETHUSDT,1874.17,1882.01,1836.37,1862.0,344514.3444,288,288,0.0005301955304124219,-0.006509380185516545,True,0.023025975124029426,2.3025975124029427
2023-04-24,ETHUSDT,1862.01,1890.0,1806.0,1841.84,447864.0517,288,288,0.0006992078062482729,-0.010886106900896877,True,0.026442537817847077,2.6442537817847076
2023-04-25,ETHUSDT,1841.84,1877.86,1801.66,1866.1,457870.6047,288,288,0.0005474314952490193,0.013085619603310951,True,0.02339725401086673,2.339725401086673
2023-04-26,ETHUSDT,1866.1,1964.72,1785.0,1866.01,897709.7298,288,288,0.002166660857149359,-4.8230089688807587e-05,True,0.04654740440829498,4.654740440829499
2023-04-27,ETHUSDT,1866.01,1940.96,1861.19,1908.68,727472.9466,288,288,0.0016391761594739098,0.022609442195172507,True,0.04048674053901981,4.048674053901981
2023-04-28,ETHUSDT,1908.68,1923.88,1873.94,1890.94,387630.7791,288,288,0.0004216569323091284,-0.009337843733620102,True,0.020534286749461946,2.0534286749461947
2023-04-29,ETHUSDT,1890.93,1918.0,1883.05,1907.8,182046.1406,288,288,0.0001511530669860758,0.008876685799819988,True,0.012294432357212585,1.2294432357212586
2023-04-30,ETHUSDT,1907.79,1939.0,1866.16,1870.09,355336.4888,288,288,0.0005693036309662111,-0.0199641876783591,True,0.02386008447106194,2.3860084471061938
2023-05-01,ETHUSDT,1870.08,1886.49,1806.12,1830.73,445519.1779,288,288,0.0008762594005494683,-0.021271763635739953,True,0.029601679015715785,2.9601679015715785
2023-05-02,ETHUSDT,1830.73,1881.87,1822.94,1870.08,373753.2027,288,288,0.0003827462155645817,0.021266416285218866,True,0.01956390082689497,1.956390082689497
2023-05-03,ETHUSDT,1870.09,1916.52,1842.64,1905.12,465185.2501,288,288,0.0005652282835081266,0.018563788020640234,True,0.02377453014274155,2.377453014274155
2023-05-04,ETHUSDT,1905.12,1918.26,1866.71,1877.07,354528.6144,288,288,0.00029193070746612993,-0.014832948258200968,True,0.017085979850922507,1.7085979850922508
2023-05-05,ETHUSDT,1877.07,1998.36,1875.65,1993.3,546608.875,288,288,0.0009929479175342858,0.06007950628405561,True,0.031511076108795236,3.1511076108795235
2023-05-06,ETHUSDT,1993.3,2019.0,1860.0,1896.33,608106.9915,288,288,0.0008205938918019483,-0.049871117425893556,True,0.02864601005030104,2.864601005030104
2023-05-07,ETHUSDT,1896.33,1933.33,1867.59,1870.4,413268.8357,288,288,0.0005229639855470946,-0.013768127585020268,True,0.022868405837466996,2.2868405837466996
2023-05-08,ETHUSDT,1870.41,1883.97,1810.73,1847.56,625316.6168,288,288,0.0011911658687370197,-0.01228646210343828,True,0.03451327090753671,3.4513270907536713
2023-05-09,ETHUSDT,1847.55,1861.88,1830.99,1846.52,304396.186,288,288,0.000327040943830511,-0.0005630630779384939,True,0.01808427338409014,1.808427338409014
2023-05-10,ETHUSDT,1846.53,1887.47,1790.51,1840.84,639933.3855,288,288,0.0015774198947488085,-0.003080797368606956,True,0.039716745772391884,3.9716745772391886
2023-05-11,ETHUSDT,1840.83,1842.02,1772.68,1794.3,522096.0725,288,288,0.0006569653632367907,-0.025607015449195386,True,0.02563133557263044,2.5631335572630443
2023-05-12,ETHUSDT,1794.31,1818.63,1740.0,1807.45,565539.8309,288,288,0.0006858539850956656,0.007302038414394127,True,0.026188814121599045,2.6188814121599044
2023-05-13,ETHUSDT,1807.45,1817.03,1785.23,1795.11,212895.4373,288,288,0.0002545890762565734,-0.006850710751214442,True,0.015955847713505333,1.5955847713505333
2023-05-14,ETHUSDT,1795.12,1824.0,1789.82,1799.21,218101.0977,288,288,0.00021161047801810726,0.0022813782736488355,True,0.014546837388865913,1.4546837388865914
2023-05-15,ETHUSDT,1799.2,1846.7,1785.05,1816.2,388171.9261,288,288,0.00035482572282268866,0.009398726600277142,True,0.018836818277583097,1.8836818277583096
2023-05-16,ETHUSDT,1816.21,1832.64,1796.2,1824.21,311238.6786,288,288,0.00025177014962051927,0.004400610330365215,True,0.0158672666083519,1.5867266608351902
2023-05-17,ETHUSDT,1824.21,1837.5,1783.68,1822.12,352097.9913,288,288,0.0002995336361024031,-0.0011463582445245207,True,0.017307040073403744,1.7307040073403743
2023-05-18,ETHUSDT,1822.12,1831.92,1771.12,1800.56,293755.311,288,288,0.00035963507681727614,-0.011902930731227002,True,0.01896404695251718,1.8964046952517182
2023-05-19,ETHUSDT,1800.56,1829.54,1796.81,1812.32,243116.4676,288,288,0.00024713172935747203,0.006510064842062579,True,0.015720423956034773,1.5720423956034772
2023-05-20,ETHUSDT,1812.31,1828.87,1807.06,1819.42,127754.4349,288,288,7.71875078567197e-05,0.003909976510074533,True,0.008785642142536862,0.8785642142536862
2023-05-21,ETHUSDT,1819.42,1828.98,1797.21,1804.91,161517.8053,288,288,0.00014152685318743585,-0.008007039934467478,True,0.011896505923481729,1.1896505923481728
2023-05-22,ETHUSDT,1804.91,1828.27,1792.01,1817.35,237498.9423,288,288,0.0001863121328164964,0.006868667024691411,True,0.013649620244405938,1.3649620244405938
2023-05-23,ETHUSDT,1817.36,1872.5,1815.24,1854.05,396869.6097,288,288,0.0002771515215965525,0.019993039425738195,True,0.01664786837996242,1.6647868379962418
2023-05-24,ETHUSDT,1854.06,1854.09,1777.6,1799.89,420846.1445,288,288,0.0003931036533972096,-0.029646883572656484,True,0.019826841740358186,1.9826841740358185
2023-05-25,ETHUSDT,1799.89,1818.81,1761.41,1805.6,350633.0089,288,288,0.00039646081043648936,0.0031673945975426742,True,0.01991132367364082,1.9911323673640817
2023-05-26,ETHUSDT,1805.61,1838.2,1796.99,1827.79,275690.6854,288,288,0.00018451218571468886,0.01221464026170652,True,0.013583526262156262,1.3583526262156262
2023-05-27,ETHUSDT,1827.8,1836.12,1812.18,1829.89,138824.9406,288,288,8.212059322759413e-05,0.0011482689741805973,True,0.00906204133888133,0.906204133888133
2023-05-28,ETHUSDT,1829.89,1918.65,1823.6,1908.64,378392.4371,288,288,0.0005649203644910281,0.042135090794423104,True,0.023768053443456998,2.3768053443456996
2023-05-29,ETHUSDT,1908.64,1927.62,1873.65,1892.6,313593.4942,288,288,0.00024211033756831772,-0.008439401459504888,True,0.015559895165723892,1.5559895165723892
2023-05-30,ETHUSDT,1892.6,1917.0,1881.19,1900.59,272665.8402,288,288,0.0002828202497142616,0.004212819192871109,True,0.01681726046995353,1.6817260469953532
2023-05-31,ETHUSDT,1900.58,1907.13,1846.95,1873.63,319255.5681,288,288,0.00024413378794940012,-0.014286638596146328,True,0.015624781212849034,1.5624781212849035
2023-06-01,ETHUSDT,1873.63,1889.2,1840.0,1861.78,270496.60970000003,288,288,0.0003402498994188811,-0.006344706338571976,True,0.018445864019310157,1.8445864019310156
2023-06-02,ETHUSDT,1861.78,1910.0,1847.51,1906.68,313004.0658,288,288,0.0002546645728678305,0.023830490355989057,True,0.015958213335703672,1.5958213335703673
2023-06-03,ETHUSDT,1906.69,1907.92,1881.6,1892.06,148818.2427,288,288,7.011988224639088e-05,-0.00769732710570972,True,0.00837376153508033,0.837376153508033
2023-06-04,ETHUSDT,1892.05,1914.63,1884.22,1890.01,172683.0119,288,288,0.00016262131259383612,-0.001084062537584091,True,0.012752306167663797,1.2752306167663798
2023-06-05,ETHUSDT,1890.0,1890.63,1778.0,1810.5,555361.2683,288,288,0.0011095686028556124,-0.04297906983928586,True,0.03331018767367744,3.331018767367744
2023-06-06,ETHUSDT,1810.49,1898.29,1797.18,1884.64,491407.2174,288,288,0.0006606454272985618,0.04013377100477718,True,0.025703023699529242,2.570302369952924
2023-06-07,ETHUSDT,1884.65,1897.8,1821.18,1832.13,429196.7064,288,288,0.0005415919746857374,-0.02825759679530093,True,0.023272128709805155,2.3272128709805155
2023-06-08,ETHUSDT,1832.12,1861.28,1828.31,1845.64,189270.4853,288,288,0.00019426141028833381,0.007346876378128087,True,0.013937769200569144,1.3937769200569143
2023-06-09,ETHUSDT,1845.65,1855.0,1827.0,1840.37,198324.3252,288,288,0.00021172263168645365,-0.0028594624490201805,True,0.014550691794085038,1.4550691794085038
2023-06-10,ETHUSDT,1840.37,1844.99,1715.03,1751.53,652324.6695,288,288,0.0011276817297598083,-0.04947694667757594,True,0.03358097273397256,3.358097273397256
2023-06-11,ETHUSDT,1751.52,1778.25,1738.72,1752.76,219956.2434,288,288,0.0002981107856315192,0.000701996724307717,True,0.017265885023117673,1.7265885023117673
2023-06-12,ETHUSDT,1752.77,1759.33,1720.0,1742.57,302132.4819,288,288,0.00046888583888916294,-0.005830653396785907,True,0.021653771932140665,2.1653771932140664
2023-06-13,ETHUSDT,1742.57,1770.13,1724.22,1740.12,284268.0018,288,288,0.00040619862898659943,-0.0014069586464214097,True,0.02015436997245509,2.015436997245509
2023-06-14,ETHUSDT,1740.12,1750.03,1630.43,1650.95,415847.327,288,288,0.0009870346093831383,-0.052603196562220185,True,0.03141710695438296,3.141710695438296
2023-06-15,ETHUSDT,1650.95,1680.91,1626.01,1666.96,370774.7696,288,288,0.00039300094540522395,0.009650728476361958,True,0.019824251446277207,1.9824251446277208
2023-06-16,ETHUSDT,1666.96,1729.5,1649.86,1717.92,311734.5904,288,288,0.0005565277533116414,0.0301126484238805,True,0.023590840453693918,2.359084045369392
2023-06-17,ETHUSDT,1717.91,1770.0,1714.26,1727.76,210914.9216,288,288,0.0004323364920664256,0.005711515143332047,True,0.02079270285620476,2.079270285620476
2023-06-18,ETHUSDT,1727.75,1747.84,1712.0,1720.95,156535.0128,288,288,0.00019404518808430803,-0.0039493079158946995,True,0.013930010340423587,1.3930010340423586
2023-06-19,ETHUSDT,1720.95,1752.19,1698.0,1737.11,245162.7589,288,288,0.00041940945627438035,0.00934634889901835,True,0.020479488672190533,2.0479488672190533
2023-06-20,ETHUSDT,1737.1,1796.99,1714.72,1791.99,328855.6846,288,288,0.0004730934898265245,0.03110392134988255,True,0.02175071239813824,2.175071239813824
2023-06-21,ETHUSDT,1791.99,1901.0,1787.38,1889.11,613755.8869,288,288,0.0008924467059078286,0.05277908451265046,True,0.02987384652012239,2.987384652012239
2023-06-22,ETHUSDT,1889.1,1933.17,1865.98,1872.01,416714.5719,288,288,0.0006674714341413036,-0.009093098771200792,True,0.025835468529548745,2.5835468529548744
2023-06-23,ETHUSDT,1872.0,1936.42,1861.01,1892.63,401147.9324,288,288,0.0006889155713922572,0.010954676254866062,True,0.02624720121064829,2.624720121064829
2023-06-24,ETHUSDT,1892.63,1906.0,1864.77,1874.96,226910.2941,288,288,0.0002515959755260251,-0.009380070314857604,True,0.015861777186873642,1.5861777186873642
2023-06-25,ETHUSDT,1874.95,1930.0,1868.83,1898.8,338757.6158,288,288,0.00043216068037687085,0.01263478183354419,True,0.0207884747005852,2.0788474700585198
2023-06-26,ETHUSDT,1898.8,1909.1,1837.18,1858.97,458743.861,288,288,0.0006516884854728183,-0.02119953679437733,True,0.025528190015604676,2.5528190015604677
2023-06-27,ETHUSDT,1858.97,1912.53,1855.19,1889.58,366634.5707,288,288,0.0004653238411508331,0.01633201125366382,True,0.021571366232828952,2.157136623282895
2023-06-28,ETHUSDT,1889.58,1890.19,1816.56,1828.02,337836.5792,288,288,0.0004822566653229798,-0.03312116826316837,True,0.021960343014693094,2.1960343014693096
2023-06-29,ETHUSDT,1828.03,1880.0,1827.84,1851.99,241844.8281,288,288,0.0003640389612263266,0.01302732275023278,True,0.01907980506258716,1.9079805062587158
2023-06-30,ETHUSDT,1851.99,1948.6,1825.01,1933.79,716538.1035,288,288,0.0015298280147518818,0.0432210712469837,True,0.03911301592503296,3.911301592503296
2023-07-01,ETHUSDT,1933.8,1944.56,1909.44,1924.5,178373.3688,288,288,0.0001654732252148046,-0.004815614146695971,True,0.01286363965659815,1.2863639656598151
2023-07-02,ETHUSDT,1924.5,1959.2,1885.75,1937.48,255852.7832,288,288,0.0006245557285890642,0.006721965869777919,True,0.02499111299220313,2.499111299220313
2023-07-03,ETHUSDT,1937.49,1976.16,1933.55,1955.54,322102.42949999997,288,288,0.00033569166957655034,0.009278210519352029,True,0.018321890447673524,1.8321890447673523
2023-07-04,ETHUSDT,1955.55,1967.08,1931.58,1936.2,205525.0984,288,288,0.00014116309617672357,-0.009939080826959608,True,0.011881207690160272,1.1881207690160271
2023-07-05,ETHUSDT,1936.19,1942.5,1894.51,1910.36,267633.4783,288,288,0.00024471981070750857,-0.013435583330343578,True,0.015643522963434693,1.5643522963434693
2023-07-06,ETHUSDT,1910.35,1958.0,1846.0,1846.17,456362.741,288,288,0.0005980012981065033,-0.034178483125363424,True,0.024454065063021797,2.4454065063021795
2023-07-07,ETHUSDT,1846.17,1878.0,1826.0,1870.91,232944.3466,288,288,0.0002943127238633082,0.013311720667937349,True,0.017155544988816537,1.7155544988816538
2023-07-08,ETHUSDT,1870.92,1876.0,1842.8,1865.24,125819.8273,288,288,0.0001060267804918047,-0.0030352123725825094,True,0.010296930634504861,1.0296930634504862
2023-07-09,ETHUSDT,1865.24,1879.36,1856.15,1862.8,135046.3743,288,288,0.0001505547101870852,-0.0013089990173955034,True,0.01227007376453317,1.2270073764533171
2023-07-10,ETHUSDT,1862.81,1905.5,1846.63,1880.4,247868.1494,288,288,0.0002977747599814366,0.009403788041753224,True,0.01725615136643848,1.7256151366438481
2023-07-11,ETHUSDT,1880.41,1891.99,1862.38,1878.3,177771.6117,288,288,0.00014415419902022797,-0.001117407730601446,True,0.012006423240092278,1.2006423240092279
2023-07-12,ETHUSDT,1878.31,1902.0,1864.37,1871.82,264406.8673,288,288,0.00022104419501001044,-0.003455892851069707,True,0.014867555112055595,1.4867555112055595
2023-07-13,ETHUSDT,1871.82,2012.63,1862.59,2004.49,548861.4207,288,288,0.000744593385480755,0.06847844472655547,True,0.027287238509617548,2.728723850961755
2023-07-14,ETHUSDT,2004.49,2029.11,1898.39,1937.83,498724.0359,288,288,0.0006642840820768113,-0.033820873989958464,True,0.02577370912532403,2.577370912532403
2023-07-15,ETHUSDT,1937.82,1946.37,1926.23,1931.41,135181.7663,288,288,0.00010368133074834832,-0.0033184841941053863,True,0.010182402994791962,1.0182402994791961
2023-07-16,ETHUSDT,1931.41,1943.55,1914.0,1922.11,148667.1051,288,288,0.0001382200460699424,-0.004826765168302683,True,0.011756702176628546,1.1756702176628546
2023-07-17,ETHUSDT,1922.12,1936.18,1873.26,1911.2,277159.0349,288,288,0.00048102555213165317,-0.005692223930894755,True,0.021932294730183915,2.1932294730183917
2023-07-18,ETHUSDT,1911.21,1917.19,1875.73,1897.21,215780.5006,288,288,0.00025934841399430386,-0.007346931096491328,True,0.016104297997562758,1.6104297997562758
2023-07-19,ETHUSDT,1897.21,1922.04,1882.17,1888.63,218045.0005,288,288,0.00022239464374957418,-0.004532687429924795,True,0.01491290192248223,1.4912901922482231
2023-07-20,ETHUSDT,1888.64,1929.05,1878.0,1891.59,292907.5164,288,288,0.00021539655450200374,0.0015660467406402475,True,0.014676394465331182,1.4676394465331182
2023-07-21,ETHUSDT,1891.59,1905.74,1884.64,1891.73,165554.0428,288,288,0.00012949799685600013,7.400907143067105e-05,True,0.01137971866330623,1.137971866330623
2023-07-22,ETHUSDT,1891.73,1897.35,1851.18,1866.52,131901.6487,288,288,0.00022770822976627412,-0.013416019757593779,True,0.015090004299743394,1.5090004299743394
2023-07-23,ETHUSDT,1866.52,1905.25,1857.82,1888.73,153501.0178,288,288,0.00014332081199007612,0.01182891097732445,True,0.011971667051420873,1.1971667051420873
2023-07-24,ETHUSDT,1888.74,1890.86,1833.19,1850.0,276504.5547,288,288,0.00028003627536552015,-0.020719006444616866,True,0.01673428442944365,1.6734284429443649
2023-07-25,ETHUSDT,1850.0,1868.71,1845.45,1857.66,152251.21,288,288,0.0001403171485449778,0.004131992091232678,True,0.01184555395686406,1.184555395686406
2023-07-26,ETHUSDT,1857.66,1888.0,1848.35,1872.0,272090.5333,288,288,0.00020851983246062506,0.007689746873935086,True,0.014440215803810726,1.4440215803810725
2023-07-27,ETHUSDT,1871.99,1886.11,1854.84,1861.28,163766.4259,288,288,9.973266285228146e-05,-0.0057429549690811875,True,0.00998662419700879,0.9986624197008791
2023-07-28,ETHUSDT,1861.29,1883.39,1856.52,1874.19,138695.7147,288,288,8.190198178609842e-05,0.006912142997172724,True,0.009049971369352415,0.9049971369352415
2023-07-29,ETHUSDT,1874.2,1886.58,1869.54,1880.46,72867.0269,288,288,3.72231233108429e-05,0.0033398616799516973,True,0.006101075586389903,0.6101075586389902
2023-07-30,ETHUSDT,1880.45,1885.3,1848.17,1861.79,158657.5902,288,288,0.00011101948237987938,-0.009978037223819666,True,0.010536578305117814,1.0536578305117814
2023-07-31,ETHUSDT,1861.79,1877.4,1851.02,1856.14,168204.4534,288,288,0.00010676287175158953,-0.003039327985911113,True,0.010332612048828191,1.0332612048828191
2023-08-01,ETHUSDT,1856.13,1875.62,1813.8,1873.47,358476.0966,288,288,0.0003605281741247904,0.009293263759435165,True,0.01898757946987426,1.8987579469874258
2023-08-02,ETHUSDT,1873.48,1879.74,1821.21,1839.9,254213.0553,288,288,0.00024675875276447594,-0.01808110399524095,True,0.01570855667349728,1.570855667349728
2023-08-03,ETHUSDT,1839.9,1859.12,1826.0,1835.81,171148.052,288,288,0.00016060518498933675,-0.00222542131342052,True,0.01267301009978832,1.267301009978832
2023-08-04,ETHUSDT,1835.81,1851.31,1815.74,1830.23,187699.4552,288,288,0.00017630519316283642,-0.0030441589885032696,True,0.01327799657941048,1.327799657941048
2023-08-05,ETHUSDT,1830.24,1839.0,1827.5,1836.48,93657.3255,288,288,3.392881115512783e-05,0.0034090539218759115,True,0.005824844303080369,0.5824844303080369
2023-08-06,ETHUSDT,1836.48,1838.58,1825.86,1830.28,90403.9915,288,288,4.7512505829841746e-05,-0.0033817353241914314,True,0.006892931584590242,0.6892931584590243
2023-08-07,ETHUSDT,1830.28,1847.0,1802.0,1829.1,224092.9059,288,288,0.00019053018335137202,-0.0006449180139244568,True,0.013803267125987674,1.3803267125987675
2023-08-08,ETHUSDT,1829.1,1876.51,1826.33,1856.3,236336.03,288,288,0.0002202676624275764,0.01476121663329763,True,0.014841417130030959,1.4841417130030958
2023-08-09,ETHUSDT,1856.3,1871.99,1846.28,1855.35,191926.8343,288,288,0.00012637485493100664,-0.0005119017260488593,True,0.011241657125664642,1.1241657125664641
2023-08-10,ETHUSDT,1855.36,1865.95,1845.38,1852.47,127321.4553,288,288,8.787894641677485e-05,-0.0015534737819987024,True,0.009374377121535854,0.9374377121535854
2023-08-11,ETHUSDT,1852.47,1857.26,1838.05,1848.84,113209.3103,288,288,5.255997350752047e-05,-0.001961468325444037,True,0.0072498257570455076,0.7249825757045507
2023-08-12,ETHUSDT,1848.84,1854.01,1846.08,1849.93,63292.647600000004,288,288,1.3079695998848655e-05,0.0005893851369802132,True,0.003616586235505612,0.3616586235505612
2023-08-13,ETHUSDT,1849.94,1862.0,1834.51,1840.73,120674.1364,288,288,4.119098615578855e-05,-0.004985568465357355,True,0.006418020423447447,0.6418020423447447
2023-08-14,ETHUSDT,1840.73,1856.5,1835.0,1845.5,150196.1203,288,288,6.926895260705929e-05,0.0025880114167457385,True,0.008322797162436394,0.8322797162436394
2023-08-15,ETHUSDT,1845.5,1847.36,1814.0,1828.98,186081.6989,288,288,0.00019956197014822915,-0.008991809076099512,True,0.014126640440962216,1.4126640440962215
2023-08-16,ETHUSDT,1828.98,1831.52,1798.17,1807.81,205430.7368,288,288,0.00016390045993367508,-0.011642266459591197,True,0.012802361498320342,1.2802361498320343
2023-08-17,ETHUSDT,1807.81,1809.99,1550.0,1681.49,812138.2159000001,288,288,0.011010164259601087,-0.07243586284279152,True,0.10492932983489929,10.49293298348993
2023-08-18,ETHUSDT,1681.49,1699.4,1641.02,1661.59,538083.1018,288,288,0.000946741771251132,-0.011905329843399285,True,0.030769169167384616,3.0769169167384613
2023-08-19,ETHUSDT,1661.6,1696.72,1654.31,1669.67,231919.0485,288,288,0.00023692051888130685,0.004851026845810182,True,0.015392222675146915,1.5392222675146914
2023-08-20,ETHUSDT,1669.68,1694.75,1662.03,1685.24,195623.5263,288,288,0.00016202634552028487,0.009281984784250191,True,0.012728956969064075,1.2728956969064076
2023-08-21,ETHUSDT,1685.23,1688.59,1649.4,1667.55,250835.1518,288,288,0.00025645526923199385,-0.01055250353049953,True,0.016014220843737412,1.6014220843737412
2023-08-22,ETHUSDT,1667.56,1669.38,1580.0,1634.99,402012.045,288,288,0.0006810822737179309,-0.019718795243034392,True,0.026097553021651874,2.6097553021651874
2023-08-23,ETHUSDT,1635.0,1702.11,1629.05,1679.61,374761.1088,288,288,0.000601185109092419,0.026924935486140413,True,0.02451907643228878,2.451907643228878
2023-08-24,ETHUSDT,1679.61,1683.37,1635.28,1661.16,231539.7805,288,288,0.0002255937119241413,-0.011045470103194352,True,0.015019777359339962,1.5019777359339963
2023-08-25,ETHUSDT,1661.16,1677.22,1635.51,1653.8,236261.6898,288,288,0.00025761655415155034,-0.00444048319957697,True,0.016050437818064353,1.6050437818064354
2023-08-26,ETHUSDT,1653.79,1655.59,1644.0,1647.04,79175.425,288,288,4.8564956736402624e-05,-0.004095932823676177,True,0.00696885620000891,0.696885620000891
2023-08-27,ETHUSDT,1647.03,1660.24,1646.32,1658.33,87789.9196,288,288,7.152481245679913e-05,0.006831334407920013,True,0.008457234326705103,0.8457234326705103
2023-08-28,ETHUSDT,1658.33,1664.34,1621.75,1653.08,214351.0143,288,288,0.00025616326745535344,-0.003170857368172571,True,0.01600510129475454,1.600510129475454
2023-08-29,ETHUSDT,1653.08,1745.84,1640.0,1729.42,494371.0823,288,288,0.0008918566638571198,0.04514587765984138,True,0.029863969325210602,2.9863969325210604
2023-08-30,ETHUSDT,1729.41,1730.93,1694.34,1705.23,202841.4402,288,288,0.00021656449524731143,-0.014086093183490501,True,0.014716130444084525,1.4716130444084525
2023-08-31,ETHUSDT,1705.23,1729.0,1630.0,1645.76,330518.2668,288,288,0.0004018903155120493,-0.03549771539393871,True,0.02004720218664064,2.004720218664064
2023-09-01,ETHUSDT,1645.77,1654.53,1602.33,1629.12,302406.1686,288,288,0.00037984315400887124,-0.01016229187258024,True,0.019489565259617037,1.9489565259617037
2023-09-02,ETHUSDT,1629.13,1645.0,1628.03,1637.03,102145.9476,288,288,9.505533751127074e-05,0.004843632695716765,True,0.009749632685966726,0.9749632685966726
2023-09-03,ETHUSDT,1637.02,1647.5,1625.14,1635.84,116767.2862,288,288,0.00011567013134097535,-0.0007271905406803823,True,0.010755004943791302,1.0755004943791302
2023-09-04,ETHUSDT,1635.84,1644.82,1616.32,1630.51,168010.9056,288,288,0.00012760057934200898,-0.0032635845704285676,True,0.011296042640766233,1.1296042640766233
2023-09-05,ETHUSDT,1630.52,1648.02,1609.69,1634.45,204365.4907,288,288,0.0001967786939554506,0.002413507003178144,True,0.0140277829308644,1.40277829308644
2023-09-06,ETHUSDT,1634.46,1670.0,1609.2,1633.15,219541.01929999999,288,288,0.0003259398074485259,-0.0007956910690348421,True,0.01805380312977091,1.805380312977091
2023-09-07,ETHUSDT,1633.15,1660.0,1623.4,1648.11,228558.2782,288,288,0.0002183847657535582,0.00911851158199108,True,0.014777847128508206,1.4777847128508206
2023-09-08,ETHUSDT,1648.11,1658.93,1616.21,1636.44,221570.0458,288,288,0.00018553336081711543,-0.007106026156969084,True,0.013621063130942293,1.3621063130942292
2023-09-09,ETHUSDT,1636.43,1637.52,1629.74,1635.54,58519.6229,288,288,2.2737792819352574e-05,-0.0005501256258885509,True,0.004768416175141656,0.47684161751416554
2023-09-10,ETHUSDT,1635.53,1635.7,1600.0,1617.42,207957.8428,288,288,0.00020135474356736696,-0.011140737921665983,True,0.014189952204548363,1.4189952204548364
2023-09-11,ETHUSDT,1617.42,1619.0,1531.01,1551.85,417424.8189,288,288,0.0008515193566677539,-0.04138451952242104,True,0.029180804592535723,2.9180804592535723
2023-09-12,ETHUSDT,1551.84,1626.0,1549.67,1592.97,329739.9685,288,288,0.0007139571760334118,0.026152430753236065,True,0.026719977096423788,2.671997709642379
2023-09-13,ETHUSDT,1592.97,1619.3,1581.88,1607.62,223409.28889999999,288,288,0.0003842123771436971,0.009154626062353033,True,0.019601336106084635,1.9601336106084635
2023-09-14,ETHUSDT,1607.61,1644.29,1607.05,1626.47,275301.1505,288,288,0.0003318387046993132,0.011657197827189617,True,0.01821644050574407,1.821644050574407
2023-09-15,ETHUSDT,1626.48,1654.08,1611.42,1641.29,181340.024,288,288,0.00021266363714104777,0.009070495757410545,True,0.014582991364635988,1.4582991364635989
2023-09-16,ETHUSDT,1641.3,1653.17,1631.31,1634.4,99555.4671,288,288,9.535139761196716e-05,-0.004206753484544511,True,0.009764804023223772,0.9764804023223772
2023-09-17,ETHUSDT,1634.4,1635.0,1612.0,1622.48,120227.4117,288,288,0.00010853370280980524,-0.007319921657536033,True,0.010417950989028757,1.0417950989028757
2023-09-18,ETHUSDT,1622.48,1669.5,1603.88,1636.66,279041.6978,288,288,0.0003340931167918814,0.00870173694652786,True,0.018278214267041553,1.8278214267041553
2023-09-19,ETHUSDT,1636.66,1661.04,1626.32,1643.12,184282.4258,288,288,0.0002486522129521446,0.003939293704988345,True,0.01576870993303335,1.5768709933033351
2023-09-20,ETHUSDT,1643.13,1649.34,1604.51,1622.26,232844.2347,288,288,0.0003695332910287288,-0.012776634737105897,True,0.019223248711618148,1.9223248711618148
2023-09-21,ETHUSDT,1622.27,1625.3,1567.77,1583.94,240627.544,288,288,0.0002652866265404407,-0.023904824891214076,True,0.016287621881061726,1.6287621881061725
2023-09-22,ETHUSDT,1583.94,1602.68,1576.58,1593.08,124886.091,288,288,0.00016023007817221038,0.005753835491244233,True,0.012658202011826577,1.2658202011826576
2023-09-23,ETHUSDT,1593.07,1598.24,1587.45,1593.86,64537.1341,288,288,4.532078804334738e-05,0.0004894977725169568,True,0.006732071601175033,0.6732071601175034
2023-09-24,ETHUSDT,1593.85,1601.12,1570.01,1580.71,137517.8533,288,288,0.00011176842105856953,-0.008284633958370202,True,0.010572058506202542,1.0572058506202542
2023-09-25,ETHUSDT,1580.71,1597.5,1563.01,1588.33,176706.9277,288,288,0.00020585717305515304,0.004809036607636727,True,0.01434772361927679,1.4347723619276789
2023-09-26,ETHUSDT,1588.34,1599.78,1580.05,1594.01,125583.0161,288,288,0.00013432646960675747,0.0035697040740991022,True,0.011589929663581116,1.1589929663581116
2023-09-27,ETHUSDT,1594.02,1634.1,1583.5,1598.64,274404.4328,288,288,0.0002598639073095261,0.002900413916830412,True,0.016120294889037424,1.6120294889037423
2023-09-28,ETHUSDT,1598.63,1668.21,1598.14,1652.99,331409.7015,288,288,0.00037120480153391344,0.03343250142291614,True,0.01926667593369218,1.926667593369218
2023-09-29,ETHUSDT,1653.0,1688.0,1648.37,1667.45,251975.6728,288,288,0.0003796365697426314,0.008709744136773587,True,0.019484264670308483,1.9484264670308484
2023-09-30,ETHUSDT,1667.45,1694.32,1666.19,1670.89,136924.9141,288,288,0.0001224548531383259,0.0020609052508535654,True,0.011065932095324185,1.1065932095324185
2023-10-01,ETHUSDT,1670.89,1751.0,1668.0,1733.79,225611.5868,288,288,0.0009242362417943781,0.036953345156397546,True,0.03040125395101949,3.0401253951019487
2023-10-02,ETHUSDT,1733.8,1744.0,1636.79,1662.4,378575.6898,288,288,0.0009552632177260188,-0.04204742239501215,True,0.030907332750109946,3.0907332750109946
2023-10-03,ETHUSDT,1662.41,1670.65,1643.0,1656.88,198287.1164,288,288,0.00023661760068245235,-0.003326025577068398,True,0.015382379552021604,1.5382379552021603
2023-10-04,ETHUSDT,1656.88,1657.66,1625.0,1646.58,222861.7167,288,288,0.0002996746394271038,-0.00623590621807209,True,0.0173111131770058,1.73111131770058
2023-10-05,ETHUSDT,1646.58,1655.47,1606.73,1611.79,237378.7449,288,288,0.0002812578985274011,-0.021355046922360798,True,0.016770745318184316,1.6770745318184317
2023-10-06,ETHUSDT,1611.79,1662.0,1611.68,1645.03,220507.9286,288,288,0.0003874644076319961,0.020413258487782648,True,0.019684115617217758,1.968411561721776
2023-10-07,ETHUSDT,1645.03,1647.71,1630.03,1633.57,101241.5732,288,288,7.336997018453245e-05,-0.0069908172221493075,True,0.008565627249917688,0.8565627249917688
2023-10-08,ETHUSDT,1633.56,1641.4,1616.17,1632.84,149424.6635,288,288,0.00018423494572615526,-0.00044697390232991546,True,0.013573317417866396,1.3573317417866395
2023-10-09,ETHUSDT,1632.85,1636.0,1546.0,1580.13,340141.0988,288,288,0.000563626948054199,-0.03281370787343046,True,0.023740828714562578,2.374082871456258
2023-10-10,ETHUSDT,1580.13,1594.9,1550.55,1567.63,240659.3287,288,288,0.00029944672780884773,-0.007942197439895847,True,0.017304529112600775,1.7304529112600775
2023-10-11,ETHUSDT,1567.62,1578.43,1544.26,1566.87,260253.9671,288,288,0.0006015126841407246,-0.0004849258349934383,True,0.02452575552639968,2.452575552639968
2023-10-12,ETHUSDT,1566.86,1568.56,1521.0,1539.61,237221.4977,288,288,0.0002919534117692815,-0.017550861260393808,True,0.01708664425126483,1.708664425126483
2023-10-13,ETHUSDT,1539.61,1575.36,1537.76,1552.16,192205.8736,288,288,0.0003481907355312555,0.008118371630918535,True,0.018659869654723087,1.8659869654723087
2023-10-14,ETHUSDT,1552.16,1561.72,1544.55,1554.94,100314.6754,288,288,6.512412506209724e-05,0.001789450446929806,True,0.008069951986356377,0.8069951986356377
2023-10-15,ETHUSDT,1554.94,1567.62,1547.44,1557.77,120311.2738,288,288,0.00011609807063564177,0.0018183517126639508,True,0.010774881467359247,1.0774881467359247
2023-10-16,ETHUSDT,1557.78,1639.43,1555.06,1599.42,418510.8644,288,288,0.0013663834445219283,0.026385752136299366,True,0.03696462423076864,3.696462423076864
2023-10-17,ETHUSDT,1599.41,1600.53,1551.08,1565.01,234817.0699,288,288,0.00027602918922221733,-0.02174884977866834,True,0.016614126194964853,1.6614126194964853
2023-10-18,ETHUSDT,1565.01,1585.42,1555.88,1563.44,177750.2253,288,288,0.00024798179105647926,-0.001003692008375691,True,0.015747437602876196,1.5747437602876198
2023-10-19,ETHUSDT,1563.45,1574.45,1541.61,1566.57,216217.6675,288,288,0.00032306083364460697,0.001999994276905396,True,0.017973893113196346,1.7973893113196346
2023-10-20,ETHUSDT,1566.57,1630.4,1561.19,1603.89,315995.792,288,288,0.0004122527444002384,0.023543412522501684,True,0.0203040080870807,2.03040080870807
2023-10-21,ETHUSDT,1603.88,1644.53,1592.36,1628.94,176419.4092,288,288,0.0002447401608659383,0.015497567989964801,True,0.015644173383913204,1.5644173383913205
2023-10-22,ETHUSDT,1628.94,1667.8,1621.1,1663.7,228650.92250000002,288,288,0.00038811006566619297,0.02111454115450526,True,0.019700509274285093,1.9700509274285092
2023-10-23,ETHUSDT,1663.69,1800.0,1657.07,1765.46,610931.9663,288,288,0.0014395650257394926,0.05936724197482703,True,0.03794160020003759,3.794160020003759
2023-10-24,ETHUSDT,1765.47,1854.38,1756.21,1784.98,674055.1375,288,288,0.0020399799720250108,0.010995931028652529,True,0.04516613744859096,4.516613744859096
2023-10-25,ETHUSDT,1784.98,1817.69,1760.0,1787.15,354410.8294,288,288,0.000794831063272395,0.001214961531038077,True,0.028192748416434942,2.819274841643494
2023-10-26,ETHUSDT,1787.15,1865.54,1762.21,1803.38,431169.0453,288,288,0.0011497901138471463,0.009040509641069299,True,0.033908555171920055,3.3908555171920054
2023-10-27,ETHUSDT,1803.39,1803.91,1744.66,1779.4,274532.6921,288,288,0.00048660843359091613,-0.01338645303061775,True,0.022059202922837355,2.2059202922837353
2023-10-28,ETHUSDT,1779.41,1803.23,1770.0,1776.2,122919.7382,288,288,0.00015465902879699915,-0.0017999779862627081,True,0.012436198325734402,1.2436198325734402
2023-10-29,ETHUSDT,1776.21,1811.3,1762.66,1795.14,144110.6508,288,288,0.00026891688991408596,0.010606762485537102,True,0.016398685615441437,1.6398685615441437
2023-10-30,ETHUSDT,1795.14,1829.84,1777.77,1809.04,277686.192,288,288,0.0005254894199420917,0.007713304504797094,True,0.022923556005604622,2.2923556005604624
2023-10-31,ETHUSDT,1809.03,1819.41,1780.99,1814.67,258074.5796,288,288,0.00036394803501691624,0.0031073151714663214,True,0.019077422127135424,1.9077422127135424
2023-11-01,ETHUSDT,1814.67,1857.66,1783.19,1846.99,471921.6184,288,288,0.0008318707867453249,0.017653654013213005,True,0.028842170284937383,2.8842170284937385
2023-11-02,ETHUSDT,1846.99,1875.0,1785.01,1800.8,368738.2193,288,288,0.0004513855464336868,-0.02532627640689503,True,0.021245835978696784,2.1245835978696785
2023-11-03,ETHUSDT,1800.79,1834.58,1777.11,1832.71,315000.2678,288,288,0.00038611438407358696,0.01756473514682538,True,0.019649793486792348,1.9649793486792348
2023-11-04,ETHUSDT,1832.7,1869.9,1824.03,1855.54,171538.0364,288,288,0.00020511900062207135,0.012380013060606078,True,0.014321976142351004,1.4321976142351005
2023-11-05,ETHUSDT,1855.54,1912.67,1846.11,1891.71,383106.7628,288,288,0.0006373157174779148,0.019305423108153693,True,0.025245112744408865,2.5245112744408864
2023-11-06,ETHUSDT,1891.71,1914.23,1868.48,1900.95,328746.2394,288,288,0.0004511274925442857,0.004872579288074992,True,0.02123976206421074,2.123976206421074
2023-11-07,ETHUSDT,1900.95,1906.99,1850.32,1885.27,332419.4406,288,288,0.00047734370190938183,-0.008282714497107515,True,0.02184819676562306,2.184819676562306
2023-11-08,ETHUSDT,1885.26,1904.69,1872.51,1888.12,247881.0997,288,288,0.00023631589304412144,0.0015105783085982408,True,0.015372569500383513,1.5372569500383513
2023-11-09,ETHUSDT,1888.11,2132.0,1882.07,2121.32,1100330.3237,288,288,0.002670477956405848,0.11645691140702011,True,0.05167666742743622,5.167666742743622
2023-11-10,ETHUSDT,2121.33,2136.99,2064.61,2077.72,555573.6494999999,288,288,0.0008746910726190959,-0.020767397781499122,True,0.029575176628704958,2.9575176628704956
2023-11-11,ETHUSDT,2077.72,2089.6,2030.3,2053.17,370966.0372,288,288,0.0005492699356425178,-0.011886198392189323,True,0.02343650860607266,2.3436508606072657
2023-11-12,ETHUSDT,2053.16,2066.5,2012.1,2044.68,281907.559,288,288,0.000385718614369805,-0.004143642225853683,True,0.019639720323105545,1.9639720323105545
2023-11-13,ETHUSDT,2044.69,2118.0,2028.49,2053.65,529143.5815,288,288,0.0012610296158488976,0.004377399732727758,True,0.03551097880724914,3.5510978807249143
2023-11-14,ETHUSDT,2053.65,2064.96,1936.6,1979.39,481909.733,288,288,0.0012648445192497393,-0.036829981334015695,True,0.03556465266595105,3.5564652665951053
2023-11-15,ETHUSDT,1979.4,2062.4,1967.01,2058.48,421870.8032,288,288,0.0007573823341798722,0.039179129936416146,True,0.027520580193372963,2.752058019337296
2023-11-16,ETHUSDT,2058.49,2090.4,1939.1,1961.77,545286.1297,288,288,0.001316734912060533,-0.04812071941568941,True,0.036286842134037135,3.6286842134037136
2023-11-17,ETHUSDT,1961.77,1991.5,1904.0,1960.82,401100.5069,288,288,0.0007552100804821138,-0.0004843738543029903,True,0.0274810858679586,2.74810858679586
2023-11-18,ETHUSDT,1960.82,1971.22,1916.0,1962.6,279368.2208,288,288,0.00028933585621596455,0.0009073716921086196,True,0.01700987525574378,1.700987525574378
2023-11-19,ETHUSDT,1962.59,2015.75,1942.89,2011.47,251132.6192,288,288,0.0003077031222735756,0.024595673263129187,True,0.017541468646426833,1.7541468646426832
2023-11-20,ETHUSDT,2011.47,2066.4,1990.0,2021.4,421717.679,288,288,0.000695644784166511,0.004924542605039488,True,0.026375078846640646,2.6375078846640645
2023-11-21,ETHUSDT,2021.41,2034.6,1931.43,1933.01,490163.9863,288,288,0.0010183839007281916,-0.044711967139871085,True,0.03191212780007299,3.1912127800072994
2023-11-22,ETHUSDT,1933.01,2092.46,1928.41,2063.21,466120.5109,288,288,0.0007735077928052735,0.06518464889455741,True,0.027812008068553294,2.7812008068553293
2023-11-23,ETHUSDT,2063.22,2088.94,2040.35,2062.2,250960.6958,288,288,0.0003418665165574313,-0.0004896483114064445,True,0.01848963267773136,1.848963267773136
2023-11-24,ETHUSDT,2062.21,2133.02,2059.37,2080.84,426932.5402,288,288,0.0005985288165535011,0.008998284241456494,True,0.02446484859044709,2.446484859044709
2023-11-25,ETHUSDT,2080.84,2090.54,2065.3,2083.09,138847.393,288,288,0.00012528503713967384,0.0010807099153874143,True,0.011193079877302486,1.1193079877302485
2023-11-26,ETHUSDT,2083.1,2094.99,2036.42,2062.33,241262.9136,288,288,0.0003305441501890829,-0.010015956671338191,True,0.01818087319655145,1.8180873196551448
2023-11-27,ETHUSDT,2062.34,2071.24,1985.78,2027.5,326073.2298,288,288,0.0004985525665256566,-0.017032904579779816,True,0.022328290721093196,2.2328290721093196
2023-11-28,ETHUSDT,2027.5,2075.0,1995.15,2048.14,283775.9279,288,288,0.0004636441446070822,0.010128557208434492,True,0.02153239755826281,2.153239755826281
2023-11-29,ETHUSDT,2048.14,2075.7,2019.31,2028.81,254843.7319,288,288,0.00033843133614178285,-0.009482649945161122,True,0.018396503367264738,1.8396503367264738
2023-11-30,ETHUSDT,2028.8,2054.75,2020.85,2051.96,243680.0921,288,288,0.00028863989789605556,0.01134601967043556,True,0.01698940546034662,1.698940546034662
2023-12-01,ETHUSDT,2051.95,2110.87,2045.04,2087.24,372645.586,288,288,0.0003682800081139738,0.017047185146421034,True,0.01919062292146802,1.9190622921468021
2023-12-02,ETHUSDT,2087.24,2186.6,2086.25,2164.74,320979.9768,288,288,0.0005520745698135305,0.0364576427764705,True,0.023496267146368814,2.3496267146368814
2023-12-03,ETHUSDT,2164.75,2217.27,2149.0,2192.95,257879.1136,288,288,0.00029982117257168543,0.012947407494195535,True,0.017315345002964434,1.7315345002964433
2023-12-04,ETHUSDT,2192.96,2274.28,2191.0,2243.37,565307.7134,288,288,0.0009975764981514546,0.02273153022183625,True,0.03158443442823466,3.1584434428234656
2023-12-05,ETHUSDT,2243.36,2309.72,2188.33,2293.33,529829.7214,288,288,0.0010302933365326386,0.0220257102076495,True,0.032098182760596256,3.2098182760596257
2023-12-06,ETHUSDT,2293.33,2312.23,2220.0,2232.7,408338.9056,288,288,0.0007292981029067893,-0.026793294365459113,True,0.027005519859961764,2.700551985996176
2023-12-07,ETHUSDT,2232.7,2382.8,2222.0,2355.73,485190.0609,288,288,0.0006143242908550985,0.05363904278121141,True,0.02478556617983738,2.478556617983738
2023-12-08,ETHUSDT,2355.74,2392.0,2336.34,2358.72,378569.8126,288,288,0.00044142693012442423,0.0012684408153214928,True,0.021010162543979145,2.1010162543979147
2023-12-09,ETHUSDT,2358.71,2403.0,2328.01,2340.49,287771.0664,288,288,0.0005388271958215935,-0.007758789861253459,True,0.023212651632710846,2.3212651632710846
2023-12-10,ETHUSDT,2340.48,2377.47,2320.0,2352.39,200037.2102,288,288,0.0002332580326552092,0.005071523459369864,True,0.015272787324362545,1.5272787324362544
2023-12-11,ETHUSDT,2352.39,2355.0,2156.62,2225.12,640414.9166,288,288,0.003611387051502012,-0.05562098586873897,True,0.06009481717670844,6.009481717670844
2023-12-12,ETHUSDT,2225.11,2244.12,2166.0,2203.46,361588.9087,288,288,0.0007050568015621782,-0.00978199455153274,True,0.026552905708456434,2.6552905708456436
2023-12-13,ETHUSDT,2203.47,2284.02,2144.32,2260.16,418916.6154,288,288,0.000768699842624673,0.02540675504178978,True,0.02772543674362359,2.772543674362359
2023-12-14,ETHUSDT,2260.16,2332.11,2228.2,2315.32,409508.0931,288,288,0.0007756763205153641,0.024112299688722347,True,0.027850966240246747,2.785096624024675
2023-12-15,ETHUSDT,2315.32,2317.81,2200.0,2220.5,333552.6328,288,288,0.0005195441823950174,-0.041815511177120346,True,0.022793511848660297,2.2793511848660297
2023-12-16,ETHUSDT,2220.51,2263.4,2210.0,2228.96,199285.923,288,288,0.0002780663190143674,0.003802713225758573,True,0.016675320657017885,1.6675320657017885
2023-12-17,ETHUSDT,2228.96,2248.68,2191.5,2196.52,225925.7675,288,288,0.0004281057171094517,-0.014660819188588185,True,0.020690715722503455,2.0690715722503454
2023-12-18,ETHUSDT,2196.53,2224.0,2116.6,2219.43,364103.1181,288,288,0.0006612104729672127,0.010376116372580766,True,0.025714013163394247,2.5714013163394247
2023-12-19,ETHUSDT,2219.44,2255.0,2135.55,2177.91,383551.4049,288,288,0.0006151982567699779,-0.018884704816842315,True,0.024803190455463142,2.480319045546314
2023-12-20,ETHUSDT,2177.9,2266.0,2156.0,2202.17,416841.6272,288,288,0.0010019496973343027,0.011077536520739246,True,0.031653589011900414,3.1653589011900416
2023-12-21,ETHUSDT,2202.17,2279.31,2182.98,2239.61,453069.7252,288,288,0.0006335411815057151,0.01685850570201506,True,0.02517024396992836,2.517024396992836
2023-12-22,ETHUSDT,2239.6,2343.15,2230.59,2324.54,591357.488,288,288,0.0012032434672825684,0.037220426436484565,True,0.03468779997755073,3.4687799977550733
2023-12-23,ETHUSDT,2324.54,2330.65,2265.0,2308.2,255626.9352,288,288,0.00032794947601108744,-0.007054169997998464,True,0.018109375362256076,1.8109375362256077
2023-12-24,ETHUSDT,2308.2,2326.19,2245.0,2264.05,307951.076,288,288,0.0005052023958704883,-0.019312755101443296,True,0.022476707852140808,2.2476707852140807
2023-12-25,ETHUSDT,2264.04,2304.8,2253.1,2271.35,286277.1616,288,288,0.000341440345837679,0.003219123474889516,True,0.018478104497964044,1.8478104497964043
2023-12-26,ETHUSDT,2271.36,2274.99,2178.45,2230.88,410413.1591,288,288,0.0005161341205450454,-0.01797824191303969,True,0.022718585355277855,2.2718585355277856
2023-12-27,ETHUSDT,2230.88,2392.44,2211.88,2378.35,541537.3574,288,288,0.0007496196887985415,0.0640108434800408,True,0.02737918349400766,2.7379183494007657
2023-12-28,ETHUSDT,2378.35,2445.8,2335.0,2344.15,580459.982,288,288,0.0012624561150511068,-0.014484107103262284,True,0.03553105845666727,3.5531058456667273
2023-12-29,ETHUSDT,2344.15,2385.41,2255.34,2299.2,450201.2069,288,288,0.0008176662441348057,-0.01936162649872946,True,0.028594863946779073,2.859486394677907
2023-12-30,ETHUSDT,2299.2,2322.84,2268.0,2291.68,210539.1327,288,288,0.00033066376272985175,-0.0032760632932035626,True,0.01818416241485573,1.818416241485573
2023-12-31,ETHUSDT,2291.68,2321.34,2258.88,2281.87,222175.8779,288,288,0.0003634374466135776,-0.004289890804551827,True,0.0190640354231096,1.90640354231096
2024-01-01,ETHUSDT,2281.87,2352.37,2265.24,2352.04,216702.6914,288,288,0.00031745753545744086,0.030287754449621812,True,0.017817338057561822,1.7817338057561822
2024-01-02,ETHUSDT,2352.05,2431.3,2341.0,2355.34,458041.6642,288,288,0.0008477104889742278,0.001402054026052677,True,0.029115468208054423,2.9115468208054422
2024-01-03,ETHUSDT,2355.35,2385.45,2100.0,2209.72,798729.4869,288,288,0.005071668241894988,-0.06381928005018078,True,0.07121564604702388,7.121564604702388
2024-01-04,ETHUSDT,2209.72,2294.69,2201.91,2267.11,448844.055,288,288,0.0007855604798868645,0.025640081954000433,True,0.028027851860013542,2.8027851860013544
2024-01-05,ETHUSDT,2267.11,2277.21,2206.17,2268.78,405568.00059999997,288,288,0.0008057805956734967,0.0007363494597333452,True,0.028386274776262852,2.8386274776262854
2024-01-06,ETHUSDT,2268.78,2270.0,2216.4,2240.78,194067.8656,288,288,0.00022865662021193537,-0.012418222543955202,True,0.015121396106574795,1.5121396106574794
2024-01-07,ETHUSDT,2240.77,2258.01,2203.46,2221.42,207138.6927,288,288,0.0003663541989727275,-0.008677388498553098,True,0.019140381369573793,1.9140381369573793
2024-01-08,ETHUSDT,2221.42,2358.2,2166.38,2330.44,539407.5547,288,288,0.0008759224716614638,0.0479104599094845,True,0.029595987425011922,2.9595987425011923
2024-01-09,ETHUSDT,2330.43,2371.72,2226.78,2344.29,551454.9931,288,288,0.002342419451928005,0.005925493247509515,True,0.04839854803532855,4.839854803532855
2024-01-10,ETHUSDT,2344.3,2643.1,2339.59,2584.38,1038388.666,288,288,0.0025769320418373293,0.09750304973321615,True,0.050763491229793574,5.076349122979358
2024-01-11,ETHUSDT,2584.37,2689.39,2566.01,2618.01,838712.2577,288,288,0.0019147151454195863,0.012928853258318334,True,0.043757458169089145,4.375745816908914
2024-01-12,ETHUSDT,2618.01,2717.32,2458.0,2522.54,887457.7627,288,288,0.003036359759904561,-0.0371481567857735,True,0.05510317377342761,5.510317377342761
2024-01-13,ETHUSDT,2522.55,2590.0,2497.5,2578.19,422061.232,288,288,0.0006807707946787543,0.021821271939959603,True,0.026091584748319796,2.60915847483198
2024-01-14,ETHUSDT,2578.18,2578.69,2470.0,2472.87,306207.7463,288,288,0.0005639054888524719,-0.04170818291825211,True,0.02374669427209758,2.374669427209758
2024-01-15,ETHUSDT,2472.87,2553.82,2470.92,2511.78,315247.8819,288,288,0.00043708728433346206,0.015612245726750025,True,0.020906632544086628,2.0906632544086627
2024-01-16,ETHUSDT,2511.79,2614.43,2500.05,2587.4,381077.6247,288,288,0.0006168953738885387,0.029661845348864884,True,0.024837378563136222,2.4837378563136223
2024-01-17,ETHUSDT,2587.41,2592.97,2506.75,2530.19,366281.3477,288,288,0.0004805754782140852,-0.022359111767780184,True,0.021922031799404114,2.1922031799404116
2024-01-18,ETHUSDT,2530.2,2550.0,2428.56,2470.81,452090.1074,288,288,0.0005281318094051098,-0.023748366630327505,True,0.02298111854120921,2.298111854120921
2024-01-19,ETHUSDT,2470.81,2504.2,2415.2,2492.0,424209.0029,288,288,0.0006121933040378866,0.008539568821651715,True,0.024742540371552123,2.4742540371552124
2024-01-20,ETHUSDT,2491.99,2492.0,2454.2,2472.01,136620.9577,288,288,0.00014882948907348037,-0.008054016030501671,True,0.012199569216717464,1.2199569216717463
2024-01-21,ETHUSDT,2472.02,2482.18,2452.13,2457.05,122572.1687,288,288,9.519236777527262e-05,-0.006070141542372452,True,0.009756657612895547,0.9756657612895547
2024-01-22,ETHUSDT,2457.06,2466.1,2303.59,2314.2,526337.6492,288,288,0.0009989049754792457,-0.059897387892233284,True,0.03160545800141561,3.1605458001415605
2024-01-23,ETHUSDT,2314.19,2352.23,2168.07,2242.6,700105.3314,288,288,0.0015081402393796182,-0.03142814841545695,True,0.038834781309795195,3.8834781309795194
2024-01-24,ETHUSDT,2242.6,2264.6,2196.12,2235.02,359851.1496,288,288,0.0006608597070394694,-0.0033857304732868012,True,0.025707191737711636,2.5707191737711637
2024-01-25,ETHUSDT,2235.02,2242.89,2171.3,2218.64,330426.6061,288,288,0.0004506137645061136,-0.007355781023558627,True,0.021227665074287225,2.1227665074287225
2024-01-26,ETHUSDT,2218.64,2282.36,2195.84,2267.68,363566.4255,288,288,0.0005108557659115651,0.021862886888661275,True,0.022602118615553835,2.2602118615553835
2024-01-27,ETHUSDT,2267.67,2282.94,2251.4,2267.94,145109.3836,288,288,0.00013028955823008386,0.00011464805265289102,True,0.011414445156470982,1.1414445156470983
2024-01-28,ETHUSDT,2267.94,2308.24,2239.89,2256.9,209326.9087,288,288,0.00032516647827462135,-0.004879740236961201,True,0.01803237306276191,1.803237306276191
2024-01-29,ETHUSDT,2256.9,2322.34,2233.8,2317.6,305528.0776,288,288,0.00035725375427562804,0.026539977220854105,True,0.018901157485075565,1.8901157485075566
2024-01-30,ETHUSDT,2317.61,2391.98,2297.0,2343.01,372879.5791,288,288,0.0006087924476468414,0.010904260075985377,True,0.024673719777261828,2.4673719777261827
2024-01-31,ETHUSDT,2343.0,2351.6,2263.57,2283.14,397116.1859,288,288,0.00080492706138592,-0.025884739060646023,True,0.028371236514926873,2.8371236514926874
2024-02-01,ETHUSDT,2283.15,2311.72,2240.0,2304.28,310997.4538,288,288,0.0004506422152232136,0.009216574739180574,True,0.021228335196694384,2.1228335196694386
2024-02-02,ETHUSDT,2304.28,2324.74,2281.94,2309.06,238230.511,288,288,0.0003166153201096451,0.0020722520822371825,True,0.01779368764786111,1.7793687647861112
2024-02-03,ETHUSDT,2309.07,2329.98,2292.75,2296.49,133232.845,288,288,0.00013903166814965422,-0.005458644987954063,True,0.011791169074763292,1.1791169074763292
2024-02-04,ETHUSDT,2296.5,2311.0,2266.0,2289.79,171232.04439999998,288,288,0.00034556425763011074,-0.002921760017405428,True,0.018589358720249353,1.8589358720249354
2024-02-05,ETHUSDT,2289.79,2338.41,2269.11,2301.83,236610.412,288,288,0.0002998344166740827,0.005244348441228149,True,0.017315727437046433,1.7315727437046433
2024-02-06,ETHUSDT,2301.84,2392.4,2299.0,2372.64,368942.7498,288,288,0.0004503964544820325,0.0302988004989962,True,0.021222545900104268,2.1222545900104266
2024-02-07,ETHUSDT,2372.63,2444.44,2354.0,2425.1,342791.7013,288,288,0.0003921082022719992,0.021869501407999488,True,0.019801722204697225,1.9801722204697225
2024-02-08,ETHUSDT,2425.09,2463.15,2411.01,2419.55,338040.0539,288,288,0.00032251627394615495,-0.002291188188171214,True,0.017958738094480776,1.7958738094480775
2024-02-09,ETHUSDT,2419.56,2525.0,2419.16,2486.56,492384.385,288,288,0.0005440931441531942,0.027318656720713697,True,0.023325804255227605,2.3325804255227607
2024-02-10,ETHUSDT,2486.56,2516.45,2471.57,2500.24,185099.59,288,288,0.000198051183658276,0.005486498081283808,True,0.014073065894050095,1.4073065894050096
2024-02-11,ETHUSDT,2500.24,2539.63,2493.45,2507.21,219975.1471,288,288,0.00023358316480220982,0.0027838538582975456,True,0.015283427783131957,1.5283427783131958
2024-02-12,ETHUSDT,2507.22,2665.58,2472.0,2659.99,449501.776,288,288,0.0006837914252593468,0.059151782263296544,True,0.02614940582994854,2.614940582994854
2024-02-13,ETHUSDT,2659.99,2686.12,2590.0,2639.99,502447.745,288,288,0.0008750565636756195,-0.007547234115781794,True,0.029581355000669246,2.9581355000669247
2024-02-14,ETHUSDT,2639.99,2786.0,2618.4,2774.81,461670.6944,288,288,0.0006334469688294828,0.04980714711359353,True,0.0251683723913463,2.51683723913463
2024-02-15,ETHUSDT,2774.8,2867.65,2759.25,2822.59,481689.1874,288,288,0.0010352649622101643,0.01707262677278767,True,0.03217553359635492,3.217553359635492
2024-02-16,ETHUSDT,2822.58,2857.4,2740.0,2801.8,378070.8037,288,288,0.0006823447074726388,-0.00739283537876786,True,0.02612172864633271,2.612172864633271
2024-02-17,ETHUSDT,2801.81,2804.21,2719.01,2785.93,243302.8759,288,288,0.0003389854736797437,-0.005680318366057292,True,0.018411558154587126,1.8411558154587127
2024-02-18,ETHUSDT,2785.92,2895.0,2764.25,2881.2,367987.8833,288,288,0.0005417822195996128,0.03362512461925251,True,0.023276215749120664,2.3276215749120666
2024-02-19,ETHUSDT,2881.2,2984.52,2856.93,2944.8,446451.0401,288,288,0.000709573522714046,0.0218340290496018,True,0.0266378212831689,2.66378212831689
2024-02-20,ETHUSDT,2944.8,3033.09,2874.56,3014.81,634681.7471,288,288,0.0011709281643400072,0.023495906868619427,True,0.03421882762953762,3.4218827629537616
2024-02-21,ETHUSDT,3014.81,3017.15,2868.0,2967.9,595955.0033,288,288,0.000913213260590342,-0.01568217793614223,True,0.030219418601130334,3.0219418601130332
2024-02-22,ETHUSDT,2967.91,3036.02,2906.51,2971.4,563525.9936,288,288,0.0010969802212791673,0.0011785902059677615,True,0.033120691739140465,3.3120691739140464
2024-02-23,ETHUSDT,2971.4,2993.8,2906.05,2922.24,428826.5787,288,288,0.0005923054725533578,-0.01668277674193156,True,0.024337326733915494,2.433732673391549
2024-02-24,ETHUSDT,2922.25,3007.48,2906.4,2992.62,243854.0783,288,288,0.0002375842122342868,0.023798812417440474,True,0.015413766970935003,1.5413766970935003
2024-02-25,ETHUSDT,2992.62,3122.0,2983.61,3112.59,412306.2237,288,288,0.0005240414897342976,0.0393059191388007,True,0.022891952510310204,2.2891952510310203
2024-02-26,ETHUSDT,3112.6,3196.0,3036.59,3175.94,546722.7747,288,288,0.0007507760005856923,0.020148474483355747,True,0.027400291979935036,2.7400291979935036
2024-02-27,ETHUSDT,3175.95,3288.14,3160.02,3242.36,625939.1221,288,288,0.00126469817718638,0.020697808196251128,True,0.03556259519757213,3.5562595197572127
2024-02-28,ETHUSDT,3242.35,3488.0,3176.16,3383.1,947538.766,288,288,0.003083941247862822,0.04249098920918216,True,0.055533244528505825,5.553324452850583
2024-02-29,ETHUSDT,3383.11,3522.81,3300.0,3340.09,759698.1123,288,288,0.001865503380873863,-0.012794696190860195,True,0.04319147347421552,4.319147347421552
2024-03-01,ETHUSDT,3340.1,3450.0,3338.54,3433.43,412788.5773,288,288,0.0007030155953805323,0.02756200877757881,True,0.026514441260953103,2.6514441260953103
2024-03-02,ETHUSDT,3433.42,3460.04,3390.01,3421.4,283984.9448,288,288,0.0003683002404371296,-0.0035099374748779836,True,0.019191150055093874,1.9191150055093875
2024-03-03,ETHUSDT,3421.39,3491.8,3360.0,3487.81,341631.531,288,288,0.000424939226725922,0.019224208049934077,True,0.02061405410699026,2.061405410699026
2024-03-04,ETHUSDT,3487.8,3640.94,3423.78,3627.76,715360.6361,288,288,0.0018218586723905293,0.039341345828806,True,0.042683236432943195,4.26832364329432
2024-03-05,ETHUSDT,3627.75,3822.04,3200.0,3553.65,1392904.864,288,288,0.005855035984285539,-0.02064013361712449,True,0.07651820688101323,7.651820688101322
2024-03-06,ETHUSDT,3553.66,3900.0,3499.4,3818.59,969494.71,288,288,0.00273185412487464,0.07190600023532305,True,0.05226714192372336,5.226714192372336
2024-03-07,ETHUSDT,3818.58,3933.81,3735.0,3868.76,540780.675,288,288,0.001567316789735239,0.01305279772864942,True,0.03958935197417658,3.958935197417658
2024-03-08,ETHUSDT,3868.76,3993.75,3820.0,3883.36,646399.2589,288,288,0.0019349172814895998,0.0037667160111666893,True,0.043987694659865954,4.398769465986596
2024-03-09,ETHUSDT,3883.37,3942.0,3870.01,3905.21,254839.1386,288,288,0.00026674428327781767,0.005610800781602306,True,0.016332307959312353,1.6332307959312353
2024-03-10,ETHUSDT,3905.2,3964.67,3791.26,3878.47,356664.68,288,288,0.0005605599158827887,-0.006870813084616915,True,0.02367614655899031,2.367614655899031
2024-03-11,ETHUSDT,3878.47,4086.23,3722.95,4064.8,721554.5139,288,288,0.0011333550214157038,0.04692379532758918,True,0.03366533857568796,3.366533857568796
2024-03-12,ETHUSDT,4064.8,4093.92,3828.98,3979.96,632787.3941,288,288,0.0013156055991551101,-0.021092772302798282,True,0.03627127788147407,3.627127788147407
2024-03-13,ETHUSDT,3979.97,4083.0,3932.23,4004.79,482305.7766,288,288,0.0007965810157684478,0.006219375694073429,True,0.028223766860014415,2.8223766860014416
2024-03-14,ETHUSDT,4004.79,4010.98,3723.0,3881.7,648237.5244999999,288,288,0.0017194609651684336,-0.03121794268077893,True,0.04146638355545892,4.146638355545892
2024-03-15,ETHUSDT,3881.69,3934.02,3570.0,3742.19,947537.4071000001,288,288,0.0034671774518203785,-0.03660220045835057,True,0.058882743242994195,5.888274324299419
2024-03-16,ETHUSDT,3742.19,3781.12,3468.8,3523.09,548288.1569,288,288,0.001532560211844704,-0.060332556107423836,True,0.039147927299471474,3.9147927299471474
2024-03-17,ETHUSDT,3523.09,3678.68,3412.0,3644.71,517790.9936,288,288,0.0015986717913670397,0.033938355810842646,True,0.03998339394507475,3.9983393945074748
2024-03-18,ETHUSDT,3644.7,3645.02,3454.09,3520.46,570901.2851,288,288,0.0016297620337362634,-0.03468513836288843,True,0.04037031129104981,4.037031129104981
2024-03-19,ETHUSDT,3520.47,3548.09,3150.88,3158.64,1049629.6936,288,288,0.004122471100742526,-0.10845010767802332,True,0.06420647242095244,6.420647242095244
2024-03-20,ETHUSDT,3158.65,3535.24,3056.56,3516.53,1207322.8201,288,288,0.004409466504044226,0.10733315272751437,True,0.06640381392694418,6.640381392694418
2024-03-21,ETHUSDT,3516.53,3587.32,3412.0,3492.85,602755.2072,288,288,0.0018872027851628015,-0.006756686065853392,True,0.04344194729938797,4.344194729938796
2024-03-22,ETHUSDT,3492.84,3542.52,3250.0,3336.35,558848.888,288,288,0.0018508687250405162,-0.04584062681336069,True,0.043021723873416746,4.302172387341675
2024-03-23,ETHUSDT,3336.35,3435.48,3270.08,3329.53,323675.9448,288,288,0.0010254240048709457,-0.0020462421704759326,True,0.032022242346077916,3.2022242346077916
2024-03-24,ETHUSDT,3329.53,3471.22,3298.76,3454.98,260824.1408,288,288,0.0009221603853173816,0.03698551560100468,True,0.03036709379109864,3.036709379109864
2024-03-25,ETHUSDT,3454.99,3666.0,3420.12,3590.42,548577.6942,288,288,0.0010152107259393973,0.038452518809785355,True,0.03186237163080296,3.1862371630802957
2024-03-26,ETHUSDT,3590.43,3678.86,3542.62,3587.33,499013.8384,288,288,0.0009411460197448157,-0.0008609940972822776,True,0.030678103261851372,3.0678103261851373
2024-03-27,ETHUSDT,3587.32,3665.84,3460.02,3501.19,443195.3297,288,288,0.0011006064241688475,-0.024305282494904566,True,0.03317538883221789,3.3175388832217894
2024-03-28,ETHUSDT,3501.2,3611.78,3465.0,3560.49,404654.0311,288,288,0.000734663249173677,0.016795265133333803,True,0.027104672091240598,2.71046720912406
2024-03-29,ETHUSDT,3560.49,3584.37,3445.91,3509.74,323086.179,288,288,0.0005278797934827012,-0.014356215181719024,True,0.022975634778667188,2.297563477866719
2024-03-30,ETHUSDT,3509.74,3565.81,3485.0,3505.64,216025.2634,288,288,0.0003226259981739001,-0.0011688605511870208,True,0.017961792732739682,1.7961792732739683
2024-03-31,ETHUSDT,3505.65,3655.32,3505.09,3645.29,243464.9877,288,288,0.0004163173114542723,0.039062823229440775,True,0.020403855308599703,2.0403855308599703
2024-04-01,ETHUSDT,3645.29,3645.95,3413.71,3503.8,408854.1225,288,288,0.0008315670698220219,-0.03958782951874959,True,0.028836904650499887,2.883690465049989
2024-04-02,ETHUSDT,3503.8,3505.6,3212.0,3278.96,623264.6476,288,288,0.0020576405301030018,-0.06632179487258778,True,0.0453612227580232,4.53612227580232
2024-04-03,ETHUSDT,3278.96,3367.4,3202.79,3310.83,410484.1933,288,288,0.0012811010117635066,0.00967261429513371,True,0.03579247143972467,3.5792471439724673
2024-04-04,ETHUSDT,3310.83,3443.93,3250.92,3327.4,356338.5716,288,288,0.0010600456956503727,0.00499230500137611,True,0.03255834295000857,3.2558342950008567
2024-04-05,ETHUSDT,3327.39,3350.0,3210.0,3317.85,344556.7983,288,288,0.0010811762956053712,-0.002874235453764327,True,0.03288124534754381,3.288124534754381
2024-04-06,ETHUSDT,3317.85,3398.42,3306.68,3351.59,183312.2125,288,288,0.000382460626169887,0.010117877313200893,True,0.01955660057806282,1.955660057806282
2024-04-07,ETHUSDT,3351.59,3459.94,3344.08,3454.2,210459.0752,288,288,0.0004883391973127301,0.030156021824738807,True,0.022098398071189008,2.2098398071189007
2024-04-08,ETHUSDT,3454.2,3730.71,3406.36,3694.61,496841.3532,288,288,0.0011241354986416502,0.06728411886400773,True,0.03352812996040266,3.3528129960402655
2024-04-09,ETHUSDT,3694.61,3727.34,3450.46,3506.39,457592.252,288,288,0.0009966855782569998,-0.05228798260119707,True,0.03157032749682841,3.1570327496828408
2024-04-10,ETHUSDT,3506.4,3562.95,3411.82,3545.64,389404.9055,288,288,0.0016463538014814556,0.011131661465091494,True,0.04057528559950571,4.057528559950571
2024-04-11,ETHUSDT,3545.64,3618.3,3474.52,3502.52,338139.5534,288,288,0.0008300126560316601,-0.012235970235867477,True,0.028809940229574584,2.8809940229574584
2024-04-12,ETHUSDT,3502.52,3552.4,3100.0,3237.43,697327.1174,288,288,0.0019417713841213796,-0.07870290424943228,True,0.0440655351053562,4.40655351053562
2024-04-13,ETHUSDT,3237.42,3301.9,2852.0,3007.01,994971.2354,288,288,0.007420373601777165,-0.07383357559575966,True,0.08614159042981018,8.614159042981019
2024-04-14,ETHUSDT,3007.01,3174.23,2906.73,3155.11,737580.4666,288,288,0.0033459740045494422,0.048077131104058375,True,0.057844394754802665,5.784439475480267
2024-04-15,ETHUSDT,3155.11,3277.85,3023.19,3101.99,605430.8863,288,288,0.0017103081865864971,-0.016979519656060392,True,0.04135587245587375,4.1355872455873754
2024-04-16,ETHUSDT,3102.0,3128.01,2986.0,3084.22,526113.855,288,288,0.002043642261606429,-0.005745051938360533,True,0.04520666169500275,4.5206661695002754
2024-04-17,ETHUSDT,3084.21,3123.75,2914.47,2985.41,491897.5661,288,288,0.0019778784269598618,-0.03256169823788379,True,0.04447334512896305,4.4473345128963055
2024-04-18,ETHUSDT,2985.41,3094.4,2950.98,3064.4,389060.7133,288,288,0.00123887238418484,0.026114700814246425,True,0.035197619013007685,3.5197619013007686
2024-04-19,ETHUSDT,3064.4,3128.89,2865.18,3056.46,607850.4019,288,288,0.002535693236712377,-0.0025944081235799526,True,0.05035566737431227,5.0355667374312265
2024-04-20,ETHUSDT,3056.45,3171.88,3018.75,3155.79,242577.6371,288,288,0.0006577334093780568,0.0319814773088438,True,0.025646313758083378,2.5646313758083377
2024-04-21,ETHUSDT,3155.79,3197.18,3116.49,3147.67,219970.5072,288,288,0.0005656440552930839,-0.002576364248040976,True,0.023783272594264313,2.378327259426431
2024-04-22,ETHUSDT,3147.66,3235.0,3129.15,3200.2,290879.9569,288,288,0.0007739840091685328,0.016550811254881923,True,0.02782056809571891,2.7820568095718907
2024-04-23,ETHUSDT,3200.19,3263.61,3152.0,3219.46,253914.2263,288,288,0.0004424784261298375,0.006000335776796236,True,0.02103517116949224,2.103517116949224
2024-04-24,ETHUSDT,3219.46,3293.56,3104.9,3140.8,393314.3414,288,288,0.000847972231827647,-0.024736099089372486,True,0.02911996277174212,2.9119962771742123
2024-04-25,ETHUSDT,3140.79,3191.64,3072.2,3155.8,352288.5502,288,288,0.0007494221018119042,0.004764485079372982,True,0.027375574912901907,2.7375574912901905
2024-04-26,ETHUSDT,3155.81,3167.7,3102.0,3131.3,252522.655,288,288,0.0006290054380379132,-0.0077937758320087485,True,0.025079980822120124,2.5079980822120125
2024-04-27,ETHUSDT,3131.3,3285.0,3066.74,3255.56,323811.1919,288,288,0.0008295650818589336,0.03891605008616236,True,0.02880217147818778,2.8802171478187777
2024-04-28,ETHUSDT,3255.55,3357.4,3250.45,3263.45,304766.009,288,288,0.0004971345046793128,0.002420614127769448,True,0.02229651328524962,2.229651328524962
2024-04-29,ETHUSDT,3263.44,3286.95,3115.13,3216.73,421831.2912,288,288,0.0008719381646007079,-0.014419602393225046,True,0.02952859909648116,2.952859909648116
2024-04-30,ETHUSDT,3216.74,3250.95,2921.0,3014.05,561717.4866,288,288,0.0017171861974948086,-0.06508062629125756,True,0.041438945419675056,4.143894541967506
2024-05-01,ETHUSDT,3014.04,3023.24,2817.0,2972.46,624963.7773,288,288,0.0022287979733247197,-0.01389479651090341,True,0.04721014693182727,4.721014693182727
2024-05-02,ETHUSDT,2972.46,3016.72,2893.26,2986.19,365939.7191,288,288,0.0009383560907367895,0.004608434561325258,True,0.030632598497952954,3.0632598497952954
2024-05-03,ETHUSDT,2986.19,3126.99,2958.32,3102.61,355825.8391,288,288,0.0006317688231526039,0.03824536537881011,True,0.02513501189879575,2.513501189879575
2024-05-04,ETHUSDT,3102.61,3168.0,3092.85,3117.23,196263.94879999998,288,288,0.0004508467572998052,0.00470109421641227,True,0.02123315231659692,2.123315231659692
2024-05-05,ETHUSDT,3117.24,3171.93,3072.99,3136.41,218760.2662,288,288,0.0005701571061549827,0.006134046775859731,True,0.02387796277229242,2.387796277229242
2024-05-06,ETHUSDT,3136.4,3221.4,3046.35,3062.6,355135.3027,288,288,0.0007045942385330539,-0.023814605339408247,True,0.026544194064485247,2.654419406448525
2024-05-07,ETHUSDT,3062.59,3129.85,2998.0,3005.69,298796.6829,288,288,0.0008037422478466396,-0.01875706946532541,True,0.02835034828439749,2.835034828439749
2024-05-08,ETHUSDT,3005.69,3038.15,2936.48,2974.21,266934.8125,288,288,0.0008684286204922177,-0.010528701418179855,True,0.029469112991269652,2.946911299126965
2024-05-09,ETHUSDT,2974.2,3059.0,2950.77,3036.23,238561.7462,288,288,0.0004603502127872036,0.02063815672421701,True,0.02145577341386704,2.145577341386704
2024-05-10,ETHUSDT,3036.24,3053.89,2878.03,2909.99,327855.8758,288,288,0.0005184564643879271,-0.042466969488301,True,0.022769639092175508,2.276963909217551
2024-05-11,ETHUSDT,2909.98,2945.67,2886.46,2912.45,138163.1087,288,288,0.00029780466796041597,0.0008450066111050204,True,0.0172570179335949,1.7257017933594898
2024-05-12,ETHUSDT,2912.45,2955.2,2901.17,2929.29,107670.6323,288,288,0.0001911031875521368,0.005765421482946246,True,0.0138240076516232,1.38240076516232
2024-05-13,ETHUSDT,2929.3,2996.4,2864.76,2950.99,368664.7648,288,288,0.0007427323535238372,0.007380634427826681,True,0.02725311640021811,2.725311640021811
2024-05-14,ETHUSDT,2950.99,2960.6,2862.0,2881.93,269675.3037,288,288,0.0006649836270982099,-0.02368049867931325,True,0.02578727645755189,2.578727645755189
2024-05-15,ETHUSDT,2881.93,3041.36,2863.75,3032.55,350254.3188,288,288,0.0008379834994694917,0.05094364115236461,True,0.02894794465017321,2.894794465017321
2024-05-16,ETHUSDT,3032.55,3041.24,2922.8,2944.7,293874.1513,288,288,0.0003766380237205142,-0.029396905403769304,True,0.019407164236964508,1.940716423696451
2024-05-17,ETHUSDT,2944.7,3120.0,2933.06,3092.01,357724.7731,288,288,0.0006953742951025886,0.048814420530058245,True,0.026369950608649016,2.6369950608649018
2024-05-18,ETHUSDT,3092.0,3146.98,3083.61,3122.94,199976.5456,288,288,0.00028712062122671837,0.00995350094791681,True,0.016944633995065173,1.6944633995065173
2024-05-19,ETHUSDT,3122.94,3136.64,3053.38,3071.19,166145.0102,288,288,0.000331666999180176,-0.016709757177628282,True,0.018211726968636884,1.8211726968636883
2024-05-20,ETHUSDT,3071.2,3694.0,3047.67,3661.78,847107.8828,288,288,0.004261790988928813,0.17588425934382199,True,0.06528239417276922,6.5282394172769225
2024-05-21,ETHUSDT,3661.79,3841.54,3624.28,3789.6,952437.2694,288,288,0.0018260198309246276,0.03431110464069992,True,0.04273195327766597,4.273195327766597
2024-05-22,ETHUSDT,3789.59,3813.69,3653.15,3737.73,574938.3099,288,288,0.0009662338774409672,-0.013781997342475693,True,0.031084302749795872,3.1084302749795873
2024-05-23,ETHUSDT,3737.72,3949.29,3498.0,3783.61,1127866.076,288,288,0.0034810720887260027,0.012200105053971292,True,0.05900061091824391,5.900061091824392
2024-05-24,ETHUSDT,3783.6,3829.61,3626.1,3728.28,479418.4318,288,288,0.0010426718342106344,-0.014731579039832533,True,0.032290429452248456,3.2290429452248457
2024-05-25,ETHUSDT,3728.28,3779.43,3709.03,3749.26,158711.8992,288,288,0.00029369731454332746,0.00561148587713138,True,0.017137599439341775,1.7137599439341775
2024-05-26,ETHUSDT,3749.25,3884.2,3731.17,3826.47,292208.2937,288,288,0.0005506208514312495,0.020384219998181987,True,0.023465311662776815,2.3465311662776815
2024-05-27,ETHUSDT,3826.47,3977.0,3823.37,3894.22,363717.6473,288,288,0.0007813582325983153,0.01755069535485926,True,0.02795278577527319,2.795278577527319
2024-05-28,ETHUSDT,3894.21,3931.09,3773.9,3844.69,416249.8344,288,288,0.0008954342945699588,-0.012800427009197422,True,0.029923808156214992,2.992380815621499
2024-05-29,ETHUSDT,3844.69,3888.55,3742.59,3767.43,334759.6348,288,288,0.0007527524726089277,-0.02029990413432899,True,0.02743633489752098,2.743633489752098
2024-05-30,ETHUSDT,3767.44,3825.35,3702.58,3747.91,277034.2894,288,288,0.0005961512931398232,-0.005194720104685111,True,0.024416209639086556,2.4416209639086555
2024-05-31,ETHUSDT,3747.9,3849.94,3723.75,3762.29,273406.766,288,288,0.0005000578714544734,0.0038294632828162144,True,0.022361973782617523,2.2361973782617524
2024-06-01,ETHUSDT,3762.29,3833.3,3752.67,3815.82,132687.2006,288,288,0.00015267839047137407,0.014127768098338774,True,0.012356309743259679,1.235630974325968
2024-06-02,ETHUSDT,3815.82,3838.59,3752.62,3780.91,210295.4407,288,288,0.0002578307449576364,-0.009190861263353767,True,0.016057108860490308,1.6057108860490308
2024-06-03,ETHUSDT,3780.92,3849.99,3758.43,3767.06,248848.702,288,288,0.0004076599004355762,-0.003669865021776641,True,0.020190589402877178,2.0190589402877177
2024-06-04,ETHUSDT,3767.07,3831.65,3730.0,3810.23,232063.7468,288,288,0.0003964778881032532,0.011394698393575712,True,0.01991175251210333,1.991175251210333
2024-06-05,ETHUSDT,3810.23,3887.47,3777.33,3865.99,273738.6035,288,288,0.00036041355478387083,0.014528239359285738,True,0.018984560958417523,1.8984560958417522
2024-06-06,ETHUSDT,3866.0,3878.6,3760.0,3813.46,237504.1905,288,288,0.00026200929004186797,-0.013680880614827768,True,0.0161867010240465,1.61867010240465
2024-06-07,ETHUSDT,3813.47,3841.39,3600.0,3678.32,362223.3594,288,288,0.0018774161845521063,-0.03608078731115852,True,0.043329160902931256,4.332916090293126
2024-06-08,ETHUSDT,3678.31,3709.5,3660.08,3681.57,140550.8394,288,288,0.00012034982304398458,0.00088316543080045,True,0.01097040669455716,1.097040669455716
2024-06-09,ETHUSDT,3681.58,3721.52,3666.36,3706.4,103451.102,288,288,8.891435074123008e-05,0.006721763485566787,True,0.009429440637770094,0.9429440637770095
2024-06-10,ETHUSDT,3706.4,3713.67,3642.74,3667.85,156363.1846,288,288,0.0002302328926689407,-0.010455395782558467,True,0.015173427189298424,1.5173427189298423
2024-06-11,ETHUSDT,3667.85,3673.0,3432.0,3497.33,439568.5978,288,288,0.0010093833542535067,-0.04760583910881133,True,0.03177079404505822,3.1770794045058217
2024-06-12,ETHUSDT,3497.33,3659.01,3462.07,3560.12,387043.774,288,288,0.0011473308098480304,0.017794431932074802,True,0.03387227199123245,3.387227199123245
2024-06-13,ETHUSDT,3560.13,3561.65,3428.0,3469.4,300230.8299,288,288,0.0006679046707926894,-0.02581258381583815,True,0.02584385170195591,2.584385170195591
2024-06-14,ETHUSDT,3469.4,3532.61,3362.26,3481.8,322316.4214,288,288,0.0010491250970188091,0.0035677330973089083,True,0.03239020063258036,3.2390200632580357
2024-06-15,ETHUSDT,3481.8,3594.39,3473.1,3568.74,246649.5894,288,288,0.00037938877053022224,0.02466319087420103,True,0.019477904675047113,1.9477904675047113
2024-06-16,ETHUSDT,3568.75,3653.79,3541.05,3624.41,149839.982,288,288,0.0003934441226661456,0.015478924122644315,True,0.019835425951215305,1.9835425951215304
2024-06-17,ETHUSDT,3624.41,3638.37,3463.39,3511.46,337805.6402,288,288,0.0009090288842520879,-0.031659611030654226,True,0.030150105874641432,3.0150105874641433
2024-06-18,ETHUSDT,3511.47,3517.2,3355.0,3483.42,449913.3014,288,288,0.0016313906138429547,-0.008017335592699227,True,0.04039047677167174,4.039047677167174
2024-06-19,ETHUSDT,3483.42,3590.01,3465.65,3560.51,321500.0027,288,288,0.0005465045505090413,0.02188922321442324,True,0.023377436782270236,2.3377436782270236
2024-06-20,ETHUSDT,3560.51,3625.96,3486.0,3513.08,329117.8453,288,288,0.0006844839718042108,-0.013410647446931025,True,0.02616264458735414,2.616264458735414
2024-06-21,ETHUSDT,3513.08,3547.55,3446.82,3518.5,342155.102,288,288,0.000727160020794775,0.0015416168410020978,True,0.02696590478353684,2.696590478353684
2024-06-22,ETHUSDT,3518.5,3521.19,3475.09,3495.75,115774.6157,288,288,0.00013615318817316964,-0.00648681748564547,True,0.011668469829980693,1.1668469829980692
2024-06-23,ETHUSDT,3495.76,3521.45,3406.38,3420.91,133411.4304,288,288,0.00026082248608336916,-0.02164134738646828,True,0.01614999956914455,1.6149999569144549
2024-06-24,ETHUSDT,3420.91,3435.76,3240.0,3352.73,543370.4229,288,288,0.0014463404009665828,-0.020131658213640106,True,0.03803078228181196,3.8030782281811963
2024-06-25,ETHUSDT,3352.74,3430.88,3336.76,3394.91,240036.2236,288,288,0.0005581244517774979,0.012502311747658196,True,0.023624657707097006,2.3624657707097008
2024-06-26,ETHUSDT,3394.91,3426.75,3325.01,3371.44,206949.3418,288,288,0.0004316748468768379,-0.006937298285360591,True,0.020776786249967483,2.0776786249967483
2024-06-27,ETHUSDT,3371.77,3477.0,3361.74,3450.44,201041.6609,288,288,0.0003932172273469645,0.023161806342084968,True,0.01982970567978669,1.9829705679786689
2024-06-28,ETHUSDT,3450.44,3487.7,3365.22,3380.15,221634.3435,288,288,0.0004968492059394039,-0.02058167193465164,True,0.022290114534012695,2.2290114534012693
2024-06-29,ETHUSDT,3380.15,3408.32,3371.86,3378.8,88329.7651,288,288,0.00010941719952266898,-0.00039947033724149067,True,0.010460267660182935,1.0460267660182936
2024-06-30,ETHUSDT,3378.8,3460.0,3352.66,3438.16,141221.6185,288,288,0.00026314696250889693,0.01741582769184434,True,0.016221805155681564,1.6221805155681563
2024-07-01,ETHUSDT,3438.16,3524.94,3423.78,3442.2,224273.2122,288,288,0.0004001872729749361,0.0011743572906944327,True,0.020004681276514658,2.000468127651466
2024-07-02,ETHUSDT,3442.2,3464.12,3402.0,3421.35,137932.7014,288,288,0.00019311705567141136,-0.006075591825215319,True,0.013896656276651997,1.3896656276651997
2024-07-03,ETHUSDT,3421.35,3432.1,3251.0,3295.48,310408.451,288,288,0.0005724020375918456,-0.03748337741811496,True,0.023924925027925283,2.3924925027925283
2024-07-04,ETHUSDT,3295.49,3313.45,3050.34,3059.7,450402.5692,288,288,0.0011594739145712035,-0.07423496066796816,True,0.034051048655969515,3.4051048655969516
2024-07-05,ETHUSDT,3059.7,3110.0,2810.0,2981.78,886994.3753,288,288,0.003911352334331729,-0.025796434310750075,True,0.06254080535403848,6.2540805354038485
2024-07-06,ETHUSDT,2981.79,3081.78,2955.06,3066.83,214487.9713,288,288,0.0005558248344087346,0.028124017206445286,True,0.02357593761462595,2.357593761462595
2024-07-07,ETHUSDT,3066.83,3073.08,2922.24,2931.0,179892.7612,288,288,0.00060454701564021,-0.04530079310938513,True,0.02458753781166813,2.458753781166813
2024-07-08,ETHUSDT,2930.99,3097.06,2822.8,3019.01,500445.0105,288,288,0.003150289936406005,0.029585301345543775,True,0.05612744370097399,5.612744370097399
2024-07-09,ETHUSDT,3019.01,3115.2,3004.0,3066.65,280358.1424,288,288,0.001073982724178432,0.01565679751520908,True,0.032771675638856676,3.2771675638856674
2024-07-10,ETHUSDT,3066.65,3151.51,3024.0,3101.05,270827.0844,288,288,0.00068769483696487,0.011155003229839991,True,0.026223936336196175,2.6223936336196174
2024-07-11,ETHUSDT,3101.06,3217.24,3054.76,3099.57,289229.32,288,288,0.0011756351705803194,-0.0004773716267422553,True,0.0342875366653879,3.42875366653879
2024-07-12,ETHUSDT,3099.57,3157.89,3045.58,3133.88,185745.1825,288,288,0.0007322724050280867,0.011008461282564119,True,0.027060532238448058,2.7060532238448056
2024-07-13,ETHUSDT,3133.89,3201.8,3113.37,3175.93,119302.4769,288,288,0.00028075166578444313,0.013328649364562751,True,0.016755645788343793,1.6755645788343791
2024-07-14,ETHUSDT,3175.93,3268.72,3163.67,3245.08,165430.7716,288,288,0.0004228635875316952,0.021539500325223428,True,0.020563647233204894,2.0563647233204896
2024-07-15,ETHUSDT,3245.2,3493.63,3233.22,3483.39,314296.8452,288,288,0.0010442603013940538,0.07086595438801883,True,0.03231501665470798,3.2315016654707978
2024-07-16,ETHUSDT,3483.2,3498.59,3346.55,3444.13,376128.7869,288,288,0.001059780688628659,-0.011334624893841898,True,0.03255427297035919,3.255427297035919
2024-07-17,ETHUSDT,3444.14,3517.0,3376.0,3387.05,297812.5162,288,288,0.0008135786181670083,-0.016711996605916064,True,0.02852329956661761,2.852329956661761
2024-07-18,ETHUSDT,3387.05,3489.98,3367.2,3426.5,241950.3457,288,288,0.0006377977037804745,0.011579995990526367,True,0.02525465707113194,2.525465707113194
2024-07-19,ETHUSDT,3426.49,3540.27,3377.0,3503.53,299511.6422,288,288,0.0007387112753288799,0.02223169961375463,True,0.02717924346498408,2.717924346498408
2024-07-20,ETHUSDT,3503.53,3539.65,3480.0,3517.5,147510.8165,288,288,0.0002665944674256245,0.003979478348911081,True,0.016327720827648436,1.6327720827648435
2024-07-21,ETHUSDT,3517.5,3547.0,3411.4,3535.92,218890.9656,288,288,0.0005475003726025592,0.005223010078662948,True,0.02339872587562321,2.339872587562321
2024-07-22,ETHUSDT,3535.93,3562.82,3422.34,3439.6,207859.5043,288,288,0.00046944780135241103,-0.02761833453046908,True,0.0216667441336351,2.16667441336351
2024-07-23,ETHUSDT,3439.61,3541.0,3389.0,3482.51,500568.7811,288,288,0.00110130626458223,0.012398112613454566,True,0.03318593474022135,3.318593474022135
2024-07-24,ETHUSDT,3482.51,3487.82,3300.0,3335.81,275479.0506,288,288,0.0006491861416001946,-0.04303776972997674,True,0.025479131492266268,2.547913149226627
2024-07-25,ETHUSDT,3335.82,3342.5,3087.53,3175.48,494282.6398,288,288,0.0019313532124228744,-0.04925672641777732,True,0.04394716387234646,4.394716387234646
2024-07-26,ETHUSDT,3175.47,3286.36,3171.0,3274.61,260237.4641,288,288,0.0006253585628955877,0.030739976006384378,True,0.025007170229667884,2.5007170229667883
2024-07-27,ETHUSDT,3274.6,3327.59,3191.01,3249.01,231991.9037,288,288,0.0008761591564060259,-0.007848443474349782,True,0.029599985750098357,2.959998575009836
2024-07-28,ETHUSDT,3249.0,3284.3,3198.11,3270.16,103529.8329,288,288,0.0003232435387983745,0.0064885788234130635,True,0.017978974909554062,1.7978974909554062
2024-07-29,ETHUSDT,3270.16,3396.77,3258.0,3317.66,318471.5055,288,288,0.0007655428787161552,0.014420801773655446,True,0.027668445542100035,2.7668445542100035
2024-07-30,ETHUSDT,3317.66,3366.4,3233.18,3279.21,197277.1641,288,288,0.0005703537134649445,-0.011657175421795202,True,0.02388207933712943,2.388207933712943
2024-07-31,ETHUSDT,3279.2,3350.0,3213.75,3232.74,233711.3352,288,288,0.0007430582591347871,-0.014272464880157806,True,0.027259094980112364,2.7259094980112364
2024-08-01,ETHUSDT,3232.74,3242.57,3080.02,3203.4,323285.6105,288,288,0.0009384670868213862,-0.009117329095398623,True,0.03063441017583636,3.063441017583636
2024-08-02,ETHUSDT,3203.4,3218.6,2967.0,2989.61,385704.0395,288,288,0.001516974804189617,-0.06906980163942948,True,0.03894836073815709,3.8948360738157093
2024-08-03,ETHUSDT,2989.61,3018.02,2859.0,2903.64,344595.3157,288,288,0.0011060827972992173,-0.0291778217767649,True,0.033257823099223094,3.3257823099223094
2024-08-04,ETHUSDT,2903.65,2935.46,2630.0,2688.92,512064.2612,288,288,0.002422838755229886,-0.07682549632844414,True,0.049222340001567236,4.922234000156724
2024-08-05,ETHUSDT,2688.91,2697.44,2111.0,2419.59,2670604.1003,288,288,0.023577283960151827,-0.10554152167986997,True,0.15354896274528143,15.354896274528143
2024-08-06,ETHUSDT,2419.76,2556.23,2414.19,2461.33,642283.8038,288,288,0.0034671695266748023,0.0171037499244509,True,0.05888267594696085,5.888267594696085
2024-08-07,ETHUSDT,2461.33,2551.32,2309.04,2342.8,630115.4228,288,288,0.003096458667833423,-0.04935505901851089,True,0.05564583243903736,5.564583243903736
2024-08-08,ETHUSDT,2342.79,2724.1,2320.4,2682.5,586502.8754,288,288,0.003607535740655472,0.1354024002892261,True,0.060062765010074855,6.006276501007486
2024-08-09,ETHUSDT,2682.5,2707.98,2552.61,2598.78,406739.9611,288,288,0.002020511299766174,-0.03170709138771995,True,0.04495009788383307,4.495009788383307
2024-08-10,ETHUSDT,2598.79,2644.7,2576.49,2609.92,171012.3619,288,288,0.0006346444932927191,0.00427746538884636,True,0.025192151422471228,2.519215142247123
2024-08-11,ETHUSDT,2609.92,2720.0,2540.0,2555.38,297098.9145,288,288,0.0011352760929090398,-0.021118628942743557,True,0.03369385838560256,3.3693858385602558
2024-08-12,ETHUSDT,2555.38,2750.0,2510.05,2722.3,483414.2506,288,288,0.0028012415442397877,0.06327617065377535,True,0.05292675641147668,5.292675641147667
2024-08-13,ETHUSDT,2722.3,2738.4,2611.37,2702.44,325668.6964,288,288,0.0013294541866211928,-0.007322042615236382,True,0.036461681072342135,3.6461681072342134
2024-08-14,ETHUSDT,2702.44,2780.0,2632.2,2661.45,338808.7141,288,288,0.0012646872475834804,-0.01528398156408046,True,0.03556244153012389,3.556244153012389
2024-08-15,ETHUSDT,2661.45,2675.6,2515.71,2569.89,356546.8059,288,288,0.0012468374901162776,-0.03500799062086542,True,0.035310586091373185,3.5310586091373186
2024-08-16,ETHUSDT,2569.9,2630.97,2550.04,2592.73,270684.1373,288,288,0.0011980636228081057,0.008848278205884366,True,0.034613055669907355,3.4613055669907355
2024-08-17,ETHUSDT,2592.72,2629.69,2587.5,2614.51,89348.676,288,288,0.00019032001414924065,0.0083653248212575,True,0.013795652001599658,1.3795652001599659
2024-08-18,ETHUSDT,2614.51,2689.16,2594.53,2612.15,174074.0585,288,288,0.000403837999908565,-0.0009030624377281216,True,0.020095720935277863,2.0095720935277863
2024-08-19,ETHUSDT,2612.15,2648.08,2563.58,2636.36,224867.1336,288,288,0.0008705544651826742,0.009225540852699608,True,0.02950515997554791,2.950515997554791
2024-08-20,ETHUSDT,2636.36,2695.0,2555.0,2572.82,281315.8751,288,288,0.0006597922084334933,-0.024396604272672595,True,0.02568642070109211,2.568642070109211
2024-08-21,ETHUSDT,2572.81,2663.74,2536.22,2630.71,245286.6218,288,288,0.0008595876033013245,0.022251198129544708,True,0.029318724448743068,2.931872444874307
2024-08-22,ETHUSDT,2630.71,2644.69,2584.2,2622.88,199063.1196,288,288,0.0004146730440848286,-0.0029808210376724765,True,0.020363522388939213,2.0363522388939215
2024-08-23,ETHUSDT,2622.89,2799.13,2621.4,2762.48,401786.4447,288,288,0.001147900851877392,0.05185587630265053,True,0.03388068552844514,3.3880685528445142
2024-08-24,ETHUSDT,2762.49,2820.0,2731.26,2768.0,263542.9441,288,288,0.0006129620040030432,0.0019962107567645816,True,0.024758069472457726,2.4758069472457724
2024-08-25,ETHUSDT,2768.01,2792.28,2733.21,2746.13,154527.2352,288,288,0.0003397252603702675,-0.007932389942458033,True,0.018431637484777837,1.8431637484777836
2024-08-26,ETHUSDT,2746.12,2762.0,2666.66,2680.49,211708.12470000001,288,288,0.0004970362440990708,-0.02419303418173746,True,0.022294309679805537,2.2294309679805537
2024-08-27,ETHUSDT,2680.49,2699.98,2392.96,2457.33,412660.7197,288,288,0.00252205174485571,-0.08692421897667517,True,0.05022003330201714,5.022003330201714
2024-08-28,ETHUSDT,2457.33,2554.6,2418.8,2528.33,451266.634,288,288,0.0018407608691710378,0.02848361108540173,True,0.0429040891893889,4.29040891893889
2024-08-29,ETHUSDT,2528.33,2595.4,2505.88,2527.61,237002.9632,288,288,0.0008108459528943278,-0.0002848135084145191,True,0.028475356940595633,2.8475356940595633
2024-08-30,ETHUSDT,2527.6,2552.17,2431.14,2526.0,338379.1941,288,288,0.0010070726146993343,-0.0006371683032404351,True,0.03173440742631465,3.173440742631465
2024-08-31,ETHUSDT,2525.99,2533.95,2491.92,2513.01,97946.1147,288,288,0.00017485706561535318,-0.005155786067160836,True,0.013223353039806249,1.322335303980625
2024-09-01,ETHUSDT,2513.0,2516.28,2400.0,2425.72,223127.776,288,288,0.0008196506701452619,-0.03535285032342273,True,0.028629541912948274,2.8629541912948273
2024-09-02,ETHUSDT,2425.71,2564.83,2423.52,2538.01,262632.8385,288,288,0.0007209064861606067,0.045251921857040425,True,0.026849701789044264,2.6849701789044262
2024-09-03,ETHUSDT,2538.0,2553.6,2411.12,2425.29,224793.1299,288,288,0.0005717351773712683,-0.04542920452647533,True,0.023910984450065377,2.391098445006538
2024-09-04,ETHUSDT,2425.28,2490.0,2306.65,2450.71,384179.38539999997,288,288,0.0024190689597186534,0.010426673623995776,True,0.04918403155210697,4.918403155210696
2024-09-05,ETHUSDT,2450.71,2466.0,2348.04,2368.81,278549.0969,288,288,0.0011869029001047953,-0.03399005914916709,True,0.034451457155028946,3.4451457155028944
2024-09-06,ETHUSDT,2368.81,2408.83,2150.55,2225.23,643027.111,288,288,0.0022202425468079547,-0.06252743828078078,True,0.047119449771914304,4.711944977191431
2024-09-07,ETHUSDT,2225.24,2311.27,2220.98,2273.58,219453.2076,288,288,0.0005241347590005907,0.021495400637582904,True,0.022893989582433872,2.289398958243387
2024-09-08,ETHUSDT,2273.58,2333.58,2240.94,2297.3,192775.6493,288,288,0.00074453422433681,0.010378838616077506,True,0.027286154443908178,2.728615444390818
2024-09-09,ETHUSDT,2297.3,2381.41,2272.8,2359.5,321698.99,288,288,0.0010450414149328873,0.026715211868316685,True,0.03232710031742543,3.2327100317425432
2024-09-10,ETHUSDT,2359.51,2400.0,2320.41,2388.52,224382.1729,288,288,0.0007103607391200852,0.012224195084661316,True,0.02665259347831061,2.6652593478310607
2024-09-11,ETHUSDT,2388.52,2389.32,2277.68,2340.55,282898.3125,288,288,0.001030759243686421,-0.020287982782529964,True,0.032105439471940285,3.2105439471940285
2024-09-12,ETHUSDT,2340.54,2391.93,2315.39,2361.76,202611.13079999998,288,288,0.000608050447799688,0.009021159320111907,True,0.024658678954876882,2.4658678954876883
2024-09-13,ETHUSDT,2361.75,2464.82,2337.35,2439.19,253888.616,288,288,0.0006903003159633998,0.03225891317213281,True,0.0262735668679264,2.62735668679264
2024-09-14,ETHUSDT,2439.19,2440.6,2376.72,2417.79,122931.2302,288,288,0.00022462121694125632,-0.008812117192879127,True,0.014987368579615846,1.4987368579615845
2024-09-15,ETHUSDT,2417.8,2430.32,2283.75,2316.1,174364.1946,288,288,0.0005234407780097014,-0.0429691631142752,True,0.02287882816076255,2.2878828160762548
2024-09-16,ETHUSDT,2316.09,2335.7,2252.39,2295.68,330555.232,288,288,0.0009189851082123616,-0.008855640749802194,True,0.03031476716407965,3.031476716407965
2024-09-17,ETHUSDT,2295.67,2393.63,2263.29,2341.8,274206.2588,288,288,0.0008348521820895846,0.0198907685107615,True,0.028893808715529087,2.8893808715529086
2024-09-18,ETHUSDT,2341.79,2376.14,2277.34,2374.75,292917.6008,288,288,0.000926388303543339,0.013972304355668493,True,0.030436627663776073,3.0436627663776075
2024-09-19,ETHUSDT,2374.74,2494.95,2372.6,2465.21,326746.032,288,288,0.0008411570525883291,0.03738482777557544,True,0.02900270767684164,2.900270767684164
2024-09-20,ETHUSDT,2465.21,2571.93,2437.31,2561.4,340754.5912,288,288,0.0008449147817338884,0.03827698744610307,True,0.029067417871800866,2.9067417871800867
2024-09-21,ETHUSDT,2561.4,2623.34,2528.97,2612.4,154757.8773,288,288,0.00046487244159789125,0.019715355036531487,True,0.021560900760355335,2.1560900760355337
2024-09-22,ETHUSDT,2612.4,2632.57,2524.58,2581.0,214266.3257,288,288,0.0005604100138108814,-0.012092418309889172,True,0.023672980670183495,2.3672980670183494
2024-09-23,ETHUSDT,2580.99,2702.82,2539.49,2646.97,333282.0149,288,288,0.0009618740511406615,0.02523866885907028,True,0.0310140943949789,3.10140943949789
2024-09-24,ETHUSDT,2646.98,2670.96,2591.56,2653.2,288600.0402,288,288,0.0005993040261794314,0.002350869073715279,True,0.024480686799586145,2.4480686799586144
2024-09-25,ETHUSDT,2653.2,2673.5,2554.05,2579.95,220343.4293,288,288,0.0005874660774039392,-0.027996439768489416,True,0.024237699507253966,2.4237699507253967
2024-09-26,ETHUSDT,2580.09,2666.22,2559.2,2632.26,278686.3573,288,288,0.0007090482430212167,0.020072773877988215,True,0.026627959798325083,2.6627959798325085
2024-09-27,ETHUSDT,2632.25,2728.6,2615.21,2694.43,281826.9792,288,288,0.0006206503985762977,0.023343886429399004,True,0.024912856090306017,2.4912856090306015
2024-09-28,ETHUSDT,2694.43,2704.35,2650.0,2675.21,137230.0342,288,288,0.0002230310170791613,-0.0071587972686249675,True,0.014934223015582742,1.4934223015582742
2024-09-29,ETHUSDT,2675.21,2683.7,2629.73,2657.62,160554.3146,288,288,0.0002378012320737849,-0.006596896503964849,True,0.015420805169438622,1.5420805169438623
2024-09-30,ETHUSDT,2657.62,2663.5,2575.0,2602.23,282475.7961,288,288,0.0007135887036562595,-0.02106221570831071,True,0.026713081133711618,2.6713081133711616
2024-10-01,ETHUSDT,2602.24,2659.0,2414.0,2447.79,502828.6804,288,288,0.0012966816614258041,-0.06118319307059324,True,0.03600946627521441,3.600946627521441
2024-10-02,ETHUSDT,2447.78,2499.0,2352.0,2364.1,317484.735,288,288,0.0014031291800796093,-0.03478817682305345,True,0.037458365955812985,3.7458365955812987
2024-10-03,ETHUSDT,2364.09,2403.38,2310.0,2349.8,314635.9263,288,288,0.0010489891728843973,-0.0060671816822791555,True,0.032388102335339085,3.2388102335339086
2024-10-04,ETHUSDT,2349.8,2441.64,2339.15,2414.41,239383.017,288,288,0.0005878641866432831,0.027124732687307567,True,0.02424591072002211,2.4245910720022112
2024-10-05,ETHUSDT,2414.41,2428.23,2390.05,2414.66,103740.2316,288,288,0.0002211443986689296,0.00010353960502722161,True,0.014870924607062252,1.4870924607062252
2024-10-06,ETHUSDT,2414.66,2457.8,2407.0,2440.03,105752.7096,288,288,0.00025606351693231407,0.010451843867826676,True,0.01600198478102995,1.600198478102995
2024-10-07,ETHUSDT,2440.02,2521.0,2403.0,2422.71,300459.5407,288,288,0.0009724393171125148,-0.007123585979334703,True,0.031183959291798,3.1183959291798
2024-10-08,ETHUSDT,2422.7,2466.66,2401.18,2440.89,201358.3312,288,288,0.000665582671658905,0.007475978564707224,True,0.025798888961715095,2.5798888961715094
2024-10-09,ETHUSDT,2440.88,2473.61,2351.42,2370.47,242082.2725,288,288,0.0007058899910291092,-0.02927447917481349,True,0.026568590309406878,2.6568590309406876
2024-10-10,ETHUSDT,2370.47,2421.36,2330.66,2386.49,257862.9619,288,288,0.0007456923783678398,0.006735419496231137,True,0.027307368572746803,2.7307368572746804
2024-10-11,ETHUSDT,2386.49,2471.45,2381.86,2439.5,235441.2197,288,288,0.00044104484716857984,0.021969433055468064,True,0.02100106776258245,2.100106776258245
2024-10-12,ETHUSDT,2439.49,2490.51,2434.35,2476.4,139637.5062,288,288,0.00022396691500952863,0.015012792389185946,True,0.014965524214324356,1.4965524214324355
2024-10-13,ETHUSDT,2476.4,2484.92,2436.4,2468.91,120022.8179,288,288,0.0002723719732364271,-0.003029134969147684,True,0.016503695744784774,1.6503695744784774
2024-10-14,ETHUSDT,2468.92,2654.0,2443.39,2629.79,435900.1619,288,288,0.000776416900756867,0.06312723739912195,True,0.027864258482092556,2.7864258482092557
2024-10-15,ETHUSDT,2629.79,2688.6,2537.36,2607.41,416285.6663,288,288,0.001337783349975876,-0.008546603615558548,True,0.03657572077178898,3.657572077178898
2024-10-16,ETHUSDT,2607.41,2647.79,2588.67,2611.1,260322.4242,288,288,0.0005942587426959331,0.0014141970083352362,True,0.024377422806685967,2.437742280668597
2024-10-17,ETHUSDT,2611.1,2648.37,2575.4,2605.8,221624.5434,288,288,0.0005290315605442958,-0.002031858698997675,True,0.02300068608855605,2.300068608855605
2024-10-18,ETHUSDT,2605.79,2675.58,2596.49,2642.17,292444.1153,288,288,0.0005041930178169673,0.013860819436410677,True,0.022454242757594105,2.2454242757594103
2024-10-19,ETHUSDT,2642.17,2663.49,2631.02,2648.2,105413.7646,288,288,0.000127877736754648,0.0022796147004145806,True,0.011308303884962059,1.1308303884962059
2024-10-20,ETHUSDT,2648.2,2759.0,2635.54,2746.91,256910.74480000001,288,288,0.0004139507688508696,0.036596479638700045,True,0.0203457801239193,2.03457801239193
2024-10-21,ETHUSDT,2746.91,2769.48,2655.01,2666.7,310674.7232,288,288,0.0005174766485293196,-0.02963489062861805,True,0.022748113076238204,2.2748113076238203
2024-10-22,ETHUSDT,2666.71,2671.92,2606.56,2622.81,265747.713,288,288,0.0005523447093068376,-0.01659549081431079,True,0.023502015005246627,2.350201500524663
2024-10-23,ETHUSDT,2622.81,2628.2,2450.0,2524.61,352647.7086,288,288,0.0007116597094669167,-0.03815966676698318,True,0.02667695090273468,2.667695090273468
2024-10-24,ETHUSDT,2524.6,2562.65,2507.31,2535.82,290851.7842,288,288,0.0005033871467966252,0.004430460785637939,True,0.02243629084311008,2.243629084311008
2024-10-25,ETHUSDT,2535.82,2566.33,2382.59,2440.62,514799.8822,288,288,0.0015750462428997458,-0.03826495074970107,True,0.03968685226746694,3.968685226746694
2024-10-26,ETHUSDT,2440.63,2508.0,2430.12,2482.51,248724.8313,288,288,0.0003193866357292735,0.01701803973821456,True,0.017871391544288694,1.7871391544288695
2024-10-27,ETHUSDT,2482.51,2527.99,2464.13,2507.8,137580.8836,288,288,0.0002572631611615791,0.01013572964784017,True,0.01603942521294261,1.603942521294261
2024-10-28,ETHUSDT,2507.8,2589.67,2471.67,2567.48,360605.327,288,288,0.0008329771364263757,0.02351899833725884,True,0.028861343288668594,2.8861343288668593
2024-10-29,ETHUSDT,2567.49,2681.86,2561.2,2638.8,451915.7025,288,288,0.0007548677146519622,0.027399395255017316,True,0.027474856044244565,2.7474856044244564
2024-10-30,ETHUSDT,2638.8,2722.3,2599.66,2659.19,460627.126,288,288,0.000916101641011233,0.007697296775860438,True,0.030267171011034925,3.0267171011034923
2024-10-31,ETHUSDT,2659.19,2669.0,2503.0,2518.61,403427.2017,288,288,0.0008334031523569848,-0.054314403100933106,True,0.028868722735115676,2.8868722735115675
2024-11-01,ETHUSDT,2518.61,2586.8,2467.67,2511.49,430249.1073,288,288,0.0011091283301281028,-0.0028309595257230685,True,0.03330357833819217,3.330357833819217
2024-11-02,ETHUSDT,2511.49,2523.45,2470.0,2494.23,145961.13,288,288,0.00028015969502550203,-0.006896138178868256,True,0.016737971652070093,1.6737971652070094
2024-11-03,ETHUSDT,2494.23,2496.39,2411.0,2457.73,276009.1197,288,288,0.0005626592331304302,-0.014741904629285032,True,0.023720439142866437,2.372043914286644
2024-11-04,ETHUSDT,2457.73,2491.39,2357.59,2398.21,306316.9645,288,288,0.0006945701363125838,-0.02451553395911347,True,0.026354698562354756,2.6354698562354755
2024-11-05,ETHUSDT,2398.21,2480.0,2380.74,2422.55,331619.2545,288,288,0.0007800796548091218,0.010098078656152745,True,0.02792990610097216,2.792990610097216
2024-11-06,ETHUSDT,2422.6,2744.7,2420.3,2721.87,1002141.3618,288,288,0.0024262223641760374,0.11649843968337392,True,0.04925669867313518,4.925669867313518
2024-11-07,ETHUSDT,2721.88,2916.11,2699.49,2895.47,730845.9524,288,288,0.0016479759530060778,0.06182830263713695,True,0.0405952700816989,4.05952700816989
2024-11-08,ETHUSDT,2895.47,2981.69,2886.4,2961.75,568864.435,288,288,0.0010946267587219106,0.022632863127550275,True,0.03308514407890512,3.308514407890512
2024-11-09,ETHUSDT,2961.75,3157.4,2953.71,3126.21,526719.4212,288,288,0.0009123953040370708,0.05404109839305813,True,0.03020588194436757,3.020588194436757
2024-11-10,ETHUSDT,3126.2,3248.52,3069.0,3183.21,865536.7322,288,288,0.0017317142628527915,0.018068713372695812,True,0.04161387103902726,4.161387103902726
2024-11-11,ETHUSDT,3183.2,3387.61,3105.0,3371.59,1000093.9664,288,288,0.002155138635038972,0.05749432156742245,True,0.04642347073452147,4.6423470734521475
2024-11-12,ETHUSDT,3371.59,3442.5,3207.67,3243.8,973215.7285,288,288,0.004109319528532958,-0.03863896111445693,True,0.06410397435832632,6.410397435832632
2024-11-13,ETHUSDT,3243.79,3331.0,3116.69,3187.16,919686.3747,288,288,0.0032772292189082366,-0.017615243942868175,True,0.05724708917410768,5.724708917410768
2024-11-14,ETHUSDT,3187.16,3240.4,3028.56,3058.82,605780.6662,288,288,0.0020608723069493362,-0.041101017450191485,True,0.045396831463763374,4.539683146376337
2024-11-15,ETHUSDT,3058.81,3131.06,3014.5,3090.01,519623.6317,288,288,0.0016164705842077935,0.010145106471980005,True,0.04020535516828316,4.020535516828316
2024-11-16,ETHUSDT,3090.01,3219.97,3072.0,3132.87,423639.1573,288,288,0.0009235504151918484,0.013775190182858036,True,0.03038997228020862,3.038997228020862
2024-11-17,ETHUSDT,3132.88,3162.11,3034.99,3076.0,449818.9575,288,288,0.0012582203575890187,-0.018319465689831924,True,0.035471401968191485,3.5471401968191483
2024-11-18,ETHUSDT,3075.99,3224.94,3050.01,3207.8,640658.4357,288,288,0.0015564218798260793,0.04195529227774278,True,0.03945151302328061,3.945151302328061
2024-11-19,ETHUSDT,3207.81,3221.2,3065.4,3107.44,500112.0194,288,288,0.0008986108214877281,-0.031786107830318475,True,0.02997683808355591,2.9976838083555912
2024-11-20,ETHUSDT,3107.45,3159.2,3029.41,3069.97,503607.8336,288,288,0.0009441129315308484,-0.012131446526432277,True,0.03072642074064027,3.072642074064027
2024-11-21,ETHUSDT,3069.97,3386.73,3032.59,3355.81,974923.3035,288,288,0.0023206884940335667,0.08902538242000084,True,0.04817352482467488,4.817352482467488
2024-11-22,ETHUSDT,3355.88,3425.92,3257.54,3327.78,603273.7093,288,288,0.0012728563504473041,-0.008387756979743487,True,0.03567711241744915,3.567711241744915
2024-11-23,ETHUSDT,3327.78,3497.51,3312.72,3393.91,721024.0009,288,288,0.0013709086399086186,0.01967723407217548,True,0.03702578344760066,3.7025783447600658
2024-11-24,ETHUSDT,3393.91,3450.0,3281.4,3361.2,479098.0921,288,288,0.0008947446957098487,-0.009684596004898535,True,0.029912283358343755,2.9912283358343754
2024-11-25,ETHUSDT,3361.21,3546.66,3300.01,3414.49,949330.37,288,288,0.0027453642226387873,0.015730087656309046,True,0.052396223362364464,5.2396223362364465
2024-11-26,ETHUSDT,3414.49,3462.49,3252.0,3324.73,672367.1503,288,288,0.0015719811850135911,-0.026639672925076924,True,0.03964821792985898,3.964821792985898
2024-11-27,ETHUSDT,3324.74,3684.92,3302.4,3653.28,754573.6485,288,288,0.00140981538396792,0.09423692640189806,True,0.03754750835898329,3.754750835898329
2024-11-28,ETHUSDT,3653.27,3661.92,3529.76,3578.79,560976.425,288,288,0.000907389998202304,-0.020600639750356864,True,0.03012291483575758,3.012291483575758
2024-11-29,ETHUSDT,3578.8,3647.98,3534.28,3592.21,425493.2449,288,288,0.0005912571568634054,0.0037428575280176184,True,0.02431577999701851,2.431577999701851
2024-11-30,ETHUSDT,3592.22,3738.98,3568.4,3703.6,503684.7485,288,288,0.0008433270915805133,0.030537707609040007,True,0.029040094551852157,2.9040094551852156
2024-12-01,ETHUSDT,3703.59,3746.8,3659.2,3707.61,429089.2633,288,288,0.0006062713592370982,0.0010821445867325952,True,0.02462257824105953,2.462257824105953
2024-12-02,ETHUSDT,3707.61,3760.0,3554.32,3643.42,737130.569,288,288,0.0012342863090400876,-0.017464663200911695,True,0.035132411090616704,3.51324110906167
2024-12-03,ETHUSDT,3643.43,3670.0,3500.0,3614.51,678400.2032,288,288,0.0011083134944771692,-0.007966500888801398,True,0.03329134263554369,3.329134263554369
2024-12-04,ETHUSDT,3614.51,3887.24,3614.51,3837.8,968744.0399,288,288,0.0015981098766921094,0.059942985664727826,True,0.03997636647685867,3.997636647685867
2024-12-05,ETHUSDT,3837.8,3956.0,3677.0,3785.2,946493.276,288,288,0.0023878886521576013,-0.013800560101563738,True,0.04886602758724717,4.886602758724717
2024-12-06,ETHUSDT,3785.21,4087.73,3777.26,3998.87,803855.1146,288,288,0.0010222413566295494,0.05491309555730836,True,0.031972509388997754,3.197250938899775
2024-12-07,ETHUSDT,3998.87,4024.46,3968.0,3996.22,283920.02,288,288,0.00030038123659150486,-0.0006629068833599757,True,0.017331509933975888,1.7331509933975888
2024-12-08,ETHUSDT,3996.22,4015.58,3923.5,4004.15,251362.1685,288,288,0.0003261939940087398,0.0019824089628455673,True,0.018060841453507635,1.8060841453507634
2024-12-09,ETHUSDT,4004.15,4006.17,3509.0,3712.0,939642.2001,288,288,0.0052188257894882914,-0.07576050836477821,True,0.07224144094277392,7.224144094277392
2024-12-10,ETHUSDT,3712.0,3780.76,3515.89,3628.25,942206.0337,288,288,0.00273855155943646,-0.022820376555617992,True,0.052331171966968786,5.233117196696878
2024-12-11,ETHUSDT,3628.24,3848.64,3562.34,3831.81,461818.7801,288,288,0.0009569571059970474,0.05458683804756363,True,0.030934723305648743,3.0934723305648744
2024-12-12,ETHUSDT,3831.82,3987.41,3796.8,3881.61,572098.6343,288,288,0.0013446738848316622,0.012912739605591307,True,0.036669795265745105,3.6669795265745107
2024-12-13,ETHUSDT,3881.6,3968.47,3852.94,3906.8,387765.6873,288,288,0.000702348065249893,0.006468608569694492,True,0.02650185022314278,2.650185022314278
2024-12-14,ETHUSDT,3906.8,3945.0,3825.03,3870.29,265538.9479,288,288,0.00040744351691514026,-0.009389184956494368,True,0.02018523016750466,2.018523016750466
2024-12-15,ETHUSDT,3870.3,3974.61,3831.5,3959.09,253833.2141,288,288,0.0004714501357497364,0.022684761244299963,True,0.021712902517851834,2.1712902517851833
2024-12-16,ETHUSDT,3959.09,4107.8,3884.0,3986.24,673351.0723,288,288,0.0010444985146396044,0.0068342298365988725,True,0.03231870224250356,3.231870224250356
2024-12-17,ETHUSDT,3986.24,4041.82,3847.96,3893.01,450825.9861,288,288,0.0010234912802341803,-0.02366579337749501,True,0.03199205026618614,3.1992050266186136
2024-12-18,ETHUSDT,3893.01,3907.19,3617.42,3626.8,722505.0618,288,288,0.0021695752916975914,-0.07083192054833162,True,0.04657869997861245,4.657869997861245
2024-12-19,ETHUSDT,3626.8,3720.0,3326.8,3417.01,1078153.4851,288,288,0.00364216715366856,-0.05958481711714117,True,0.06035036995469506,6.035036995469506
2024-12-20,ETHUSDT,3417.01,3497.84,3101.9,3472.21,1332783.731,288,288,0.005453680815946366,0.016025379167370693,True,0.07384904072461852,7.384904072461852
2024-12-21,ETHUSDT,3472.2,3555.18,3293.11,3338.92,475275.82,288,288,0.0017467926264487313,-0.0391438774347496,True,0.041794648299139106,4.17946482991391
2024-12-22,ETHUSDT,3338.92,3403.0,3221.1,3281.83,361920.2495,288,288,0.0015540702572160337,-0.017246207763233087,True,0.039421697797228795,3.9421697797228794
2024-12-23,ETHUSDT,3281.83,3466.99,3216.97,3422.53,488253.41,288,288,0.0021235053539126847,0.04197885002231482,True,0.04608150772178233,4.608150772178233
2024-12-24,ETHUSDT,3422.53,3539.65,3358.19,3493.18,315723.6763,288,288,0.0008787602603639355,0.020432452467355575,True,0.029643890776413537,2.9643890776413535
2024-12-25,ETHUSDT,3493.17,3547.95,3440.93,3497.0,219846.0452,288,288,0.0006104600848124041,0.0010929619495564531,True,0.024707490459623862,2.470749045962386
2024-12-26,ETHUSDT,3497.0,3514.94,3304.63,3335.05,310170.1719,288,288,0.0008670454080461752,-0.04741778632228923,True,0.02944563478762472,2.944563478762472
2024-12-27,ETHUSDT,3335.04,3444.16,3306.6,3333.51,342529.6038,288,288,0.0012006646415168975,-0.0004618688374641541,True,0.034650608097360966,3.4650608097360966
2024-12-28,ETHUSDT,3333.51,3428.68,3322.23,3404.0,175963.613,288,288,0.0003277168842841662,0.020925407789642383,True,0.01810295236374902,1.8102952363749019
2024-12-29,ETHUSDT,3404.01,3413.78,3326.17,3356.48,156256.8819,288,288,0.00038245509671607555,-0.014058404920027464,True,0.01955645920702609,1.955645920702609
2024-12-30,ETHUSDT,3356.48,3437.59,3305.0,3361.84,420794.6476,288,288,0.0008742155139145892,0.0015956373430382454,True,0.02956713570697353,2.956713570697353
2024-12-31,ETHUSDT,3361.83,3451.0,3315.59,3337.78,303053.16849999997,288,288,0.0007100948646635005,-0.007182527795686077,True,0.026647605233181847,2.6647605233181846
2025-01-01,ETHUSDT,3337.78,3374.85,3313.88,3360.38,190238.58610000001,288,288,0.0002897502808612916,0.006748147479969133,True,0.017022052780475437,1.7022052780475436
2025-01-02,ETHUSDT,3360.39,3509.99,3354.5,3455.67,338632.8874,288,288,0.000730522534615069,0.02796229745318584,True,0.027028180379283194,2.7028180379283193
2025-01-03,ETHUSDT,3455.68,3630.0,3423.44,3609.01,334041.0604,288,288,0.0004074460845698065,0.04341713623585487,True,0.02018529376971776,2.018529376971776
2025-01-04,ETHUSDT,3609.0,3671.6,3572.42,3656.88,229266.3133,288,288,0.0003621914126574054,0.013176828339606733,True,0.019031327138626077,1.9031327138626077
2025-01-05,ETHUSDT,3656.88,3675.25,3593.7,3635.99,155444.1741,288,288,0.0003035716293962359,-0.005728898810646925,True,0.017423307074038382,1.742330707403838
2025-01-06,ETHUSDT,3636.0,3744.83,3610.63,3687.45,329642.3648,288,288,0.0007680262879022848,0.014053736215554183,True,0.027713287208526612,2.771328720852661
2025-01-07,ETHUSDT,3687.44,3700.86,3356.31,3381.31,541543.2874,288,288,0.0010867687494279102,-0.08667195387993958,True,0.032966175838697306,3.2966175838697307
2025-01-08,ETHUSDT,3381.31,3415.1,3208.2,3327.29,584749.9627,288,288,0.001653605854696081,-0.016105049519731438,True,0.040664552803345584,4.066455280334559
2025-01-09,ETHUSDT,3327.29,3357.27,3158.0,3219.2,501818.4247,288,288,0.0014128640053263492,-0.03302527736907737,True,0.03758808328880776,3.7588083288807757
2025-01-10,ETHUSDT,3219.2,3322.49,3193.97,3267.04,454142.1333,288,288,0.0014053774361230294,0.014751494709360798,True,0.03748836400969012,3.748836400969012
2025-01-11,ETHUSDT,3267.05,3320.18,3217.56,3282.83,151679.7487,288,288,0.00026506951610781403,0.004821479079345406,True,0.016280955626369543,1.6280955626369542
2025-01-12,ETHUSDT,3282.83,3300.0,3224.49,3267.3,164879.9709,288,288,0.0003202630708063748,-0.004741899504321214,True,0.017895895361964283,1.7895895361964282
2025-01-13,ETHUSDT,3267.3,3339.0,2920.0,3137.51,845907.5669,288,288,0.003148701818402755,-0.040534464063794746,True,0.056113294488942235,5.611329448894224
2025-01-14,ETHUSDT,3137.51,3256.67,3125.65,3225.63,374308.4517,288,288,0.0009921928029263062,0.027698788303026547,True,0.03149909209685743,3.149909209685743
2025-01-15,ETHUSDT,3225.63,3473.75,3186.36,3451.52,464188.034,288,288,0.0011543569685785605,0.06768643371982482,True,0.03397582918161911,3.397582918161911
2025-01-16,ETHUSDT,3451.51,3460.79,3265.44,3308.05,471282.6787,288,288,0.0012530416245606357,-0.04245582180642035,True,0.03539832799103138,3.5398327991031384
2025-01-17,ETHUSDT,3308.04,3525.72,3307.5,3473.63,518550.1813,288,288,0.0009654583422149967,0.04884126475735063,True,0.031071825537212914,3.1071825537212914
2025-01-18,ETHUSDT,3473.64,3494.39,3227.0,3307.71,634197.1281,288,288,0.001813528006706228,-0.04894404962267139,True,0.042585537529849594,4.25855375298496
2025-01-19,ETHUSDT,3307.71,3448.99,3130.48,3215.12,1342301.5217,288,288,0.006716232190797942,-0.028391425023028216,True,0.08195262162248344,8.195262162248344
2025-01-20,ETHUSDT,3215.2,3453.69,3142.78,3284.0,1158354.7814,288,288,0.004931125254401688,0.021197509558281254,True,0.07022197130814321,7.022197130814321
2025-01-21,ETHUSDT,3283.99,3368.0,3204.6,3327.54,548706.0513,288,288,0.0017425360513018291,0.013171100661510404,True,0.04174369474904958,4.174369474904958
2025-01-22,ETHUSDT,3327.55,3365.99,3222.85,3242.6,349240.7498,288,288,0.0006068433209126178,-0.025857815117859523,True,0.024634190080305415,2.4634190080305416
2025-01-23,ETHUSDT,3242.61,3347.97,3185.0,3338.21,605592.7225,288,288,0.001575849071794516,0.029059258050247134,True,0.039696965523759065,3.9696965523759067
2025-01-24,ETHUSDT,3338.22,3428.0,3275.9,3310.09,451524.2752,288,288,0.0010091790893062213,-0.008459355832431655,True,0.03176757921696618,3.176757921696618
2025-01-25,ETHUSDT,3310.1,3350.68,3268.66,3318.77,208559.0415,288,288,0.00035409284551277587,0.002618853003656385,True,0.018817354902131593,1.8817354902131593
2025-01-26,ETHUSDT,3318.76,3362.0,3230.0,3232.61,272165.469,288,288,0.00034313903787837064,-0.026304371881395446,True,0.018524012467021574,1.8524012467021573
2025-01-27,ETHUSDT,3232.61,3253.91,3020.01,3182.44,753004.7529,288,288,0.002598659337114957,-0.015641662305110302,True,0.0509770471596282,5.09770471596282
2025-01-28,ETHUSDT,3182.44,3223.01,3040.03,3077.72,350959.7173,288,288,0.001013810645835886,-0.033459135051106155,True,0.03184039330529518,3.184039330529518
2025-01-29,ETHUSDT,3077.72,3182.52,3054.06,3113.9,409737.2576,288,288,0.0014260073002352906,0.011686896740587985,True,0.0377625118369434,3.77625118369434
2025-01-30,ETHUSDT,3113.9,3283.43,3091.06,3247.39,350639.4823,288,288,0.0008397932992894668,0.041975636921269925,True,0.02897918734694724,2.897918734694724
2025-01-31,ETHUSDT,3247.38,3437.31,3213.8,3300.99,648681.6561,288,288,0.0012394483773098364,0.016370826701882103,True,0.03520580033616388,3.5205800336163877
2025-02-01,ETHUSDT,3300.99,3331.98,3101.7,3117.54,354065.2525,288,288,0.0007908708196463598,-0.057178194197785755,True,0.02812242556477588,2.812242556477588
2025-02-02,ETHUSDT,3117.54,3163.2,2750.71,2869.68,1050805.93,288,288,0.002450679376501048,-0.08284370398634863,True,0.04950433694638327,4.950433694638328
2025-02-03,ETHUSDT,2869.68,2921.0,2125.01,2879.9,2807979.021,288,288,0.017252416267113956,0.0035550460255050955,True,0.1313484536152366,13.13484536152366
2025-02-04,ETHUSDT,2879.89,2888.5,2632.6,2731.19,1259594.3919,288,288,0.004778831417326731,-0.053018159665725206,True,0.06912909240925076,6.912909240925076
2025-02-05,ETHUSDT,2731.19,2826.95,2699.13,2788.25,686593.0429,288,288,0.002369413739150875,0.020676747235432235,True,0.04867662415524391,4.867662415524391
2025-02-06,ETHUSDT,2788.25,2857.64,2655.28,2686.64,719459.9571,288,288,0.0017114166558522689,-0.037122816649654694,True,0.04136927187964841,4.136927187964841
2025-02-07,ETHUSDT,2686.63,2797.5,2562.51,2622.1,695467.3612,288,288,0.00169998990273363,-0.024315818803291294,True,0.04123093380865427,4.123093380865427
2025-02-08,ETHUSDT,2622.11,2667.3,2588.8,2632.46,379685.1509,288,288,0.0007238190431148492,0.003943246789127136,True,0.026903885279172025,2.6903885279172024
2025-02-09,ETHUSDT,2632.46,2698.9,2520.02,2627.18,387166.79110000003,288,288,0.0013477570083548593,-0.002007742649175797,True,0.036711810202642685,3.6711810202642683
2025-02-10,ETHUSDT,2627.18,2693.79,2559.85,2661.19,398173.2716,288,288,0.0011355922540428225,0.01286236359572629,True,0.033698549732040735,3.3698549732040735
2025-02-11,ETHUSDT,2661.19,2725.04,2558.24,2602.59,484196.1435,288,288,0.0009981217619165017,-0.022266288133639883,True,0.03159306509214485,3.159306509214485
2025-02-12,ETHUSDT,2602.59,2795.45,2546.92,2738.27,646295.8959,288,288,0.0023469535393467675,0.050819231088434884,True,0.04844536654156688,4.844536654156688
2025-02-13,ETHUSDT,2738.27,2757.28,2612.76,2675.87,443769.2853,288,288,0.0009535560821141433,-0.023051773014208146,True,0.03087970340068284,3.087970340068284
2025-02-14,ETHUSDT,2675.87,2791.78,2664.46,2725.95,419895.7862,288,288,0.0009659765056621814,0.018542430097410124,True,0.031080162574577717,3.1080162574577717
2025-02-15,ETHUSDT,2725.95,2739.0,2662.28,2693.04,202971.4295,288,288,0.00036367411596641716,-0.012146324170658572,True,0.01907024163366624,1.9070241633666238
2025-02-16,ETHUSDT,2693.04,2727.31,2651.26,2661.41,191231.5314,288,288,0.0003646406261666773,-0.011814609501233121,True,0.019095565615259404,1.9095565615259404
2025-02-17,ETHUSDT,2661.41,2849.7,2637.71,2744.05,639739.8197,288,288,0.0013050147106880396,0.030578873730620057,True,0.03612498734516096,3.612498734516096
2025-02-18,ETHUSDT,2744.05,2756.93,2605.44,2671.99,604863.8737,288,288,0.0010773134334828441,-0.026611418119546298,True,0.03282245319111361,3.2822453191113614
2025-02-19,ETHUSDT,2672.0,2736.7,2656.03,2715.5,326154.0202,288,288,0.0007454910672264407,0.016152585340338907,True,0.027303682301595158,2.730368230159516
2025-02-20,ETHUSDT,2715.51,2770.59,2707.18,2738.04,336735.2544,288,288,0.0005155083968930884,0.00826623747057875,True,0.022704809994648457,2.2704809994648456
2025-02-21,ETHUSDT,2738.04,2845.32,2616.72,2663.0,890440.0604,288,288,0.002699806837242887,-0.027789029131546142,True,0.05195966548432435,5.195966548432435
2025-02-22,ETHUSDT,2663.0,2798.07,2653.33,2763.22,444989.6669,288,288,0.0005688177263758903,0.03694335953723139,True,0.023849899923812895,2.3849899923812896
2025-02-23,ETHUSDT,2763.23,2857.34,2745.41,2819.69,611002.1222,288,288,0.0007389050888221282,0.020230283460336104,True,0.02718280870002451,2.718280870002451
2025-02-24,ETHUSDT,2819.7,2839.95,2470.33,2513.52,876876.3707,288,288,0.002311013122995781,-0.11494278867850065,True,0.048072997857381235,4.807299785738124
2025-02-25,ETHUSDT,2513.52,2533.49,2313.49,2495.7,1322016.8718,288,288,0.00423646331033333,-0.007114910175048358,True,0.06508811957902402,6.508811957902402
2025-02-26,ETHUSDT,2495.69,2507.5,2253.77,2336.37,863087.2133000001,288,288,0.003781133612505653,-0.065970808141312,True,0.061490923009056,6.1490923009056
2025-02-27,ETHUSDT,2336.38,2381.6,2230.57,2307.72,637583.9106,288,288,0.0018517676300724452,-0.012338418705883973,True,0.04303216971141991,4.303216971141991
2025-02-28,ETHUSDT,2307.72,2314.18,2076.26,2237.59,1291539.0557,288,288,0.005802403988937046,-0.03086063030700033,True,0.07617351238414208,7.617351238414208
2025-03-01,ETHUSDT,2237.59,2281.14,2142.73,2217.39,446430.7271,288,288,0.0012320946055575026,-0.009068565261910695,True,0.035101205186681306,3.5101205186681304
2025-03-02,ETHUSDT,2217.4,2550.58,2172.04,2518.11,1266684.7748,288,288,0.008147912358934601,0.12717779157291945,True,0.09026578731133186,9.026578731133187
2025-03-03,ETHUSDT,2518.12,2523.56,2097.91,2149.01,1109565.2003,288,288,0.003918570915416549,-0.15850134915595315,True,0.06259848972153041,6.2598489721530415
2025-03-04,ETHUSDT,2149.02,2221.88,1993.2,2171.51,1257822.3372,288,288,0.00598137026838561,0.010415507117135559,True,0.07733931903233704,7.733931903233704
2025-03-05,ETHUSDT,2171.5,2273.51,2155.03,2241.59,687130.7897,288,288,0.0016224387847383454,0.03176265739762963,True,0.0402795082484673,4.02795082484673
2025-03-06,ETHUSDT,2241.59,2319.99,2176.9,2202.2,596908.3935,288,288,0.0018017123929364787,-0.017728574794086592,True,0.042446582818131295,4.2446582818131295
2025-03-07,ETHUSDT,2202.21,2258.47,2101.82,2141.6,782387.2606,288,288,0.003658205293012028,-0.027903647473348378,True,0.06048309923451367,6.048309923451367
2025-03-08,ETHUSDT,2141.6,2234.93,2105.06,2203.58,328793.0979,288,288,0.000980691747827099,0.028530097293869947,True,0.03131599827288121,3.1315998272881207
2025-03-09,ETHUSDT,2203.57,2212.0,1989.66,2020.41,601671.5882,288,288,0.0016348622521077394,-0.08678284940341742,True,0.0404334298830527,4.04334298830527
2025-03-10,ETHUSDT,2020.43,2152.4,1810.01,1865.1,1248745.3514,288,288,0.005738192738127944,-0.07998579015319612,True,0.07575085965273229,7.575085965273229
2025-03-11,ETHUSDT,1865.11,1963.2,1754.28,1923.43,1171427.9995,288,288,0.004549828253964128,0.030795379592982872,True,0.06745241473782927,6.745241473782928
2025-03-12,ETHUSDT,1923.42,1960.0,1829.72,1908.2,788739.6763,288,288,0.0025933246339463222,-0.00794966121863833,True,0.05092469571775881,5.092469571775881
2025-03-13,ETHUSDT,1908.2,1923.09,1821.81,1864.59,569537.2622,288,288,0.0013177436601283152,-0.023119199550086164,True,0.036300739112700105,3.6300739112700104
2025-03-14,ETHUSDT,1864.59,1945.64,1861.31,1911.65,375805.7355,288,288,0.0006397872161994334,0.02492555369388233,True,0.02529401542261397,2.529401542261397
2025-03-15,ETHUSDT,1911.64,1957.19,1903.75,1937.17,209545.8675,288,288,0.00033872507037250915,0.013261401678779199,True,0.018404485061324295,1.8404485061324294
2025-03-16,ETHUSDT,1937.18,1940.87,1860.38,1887.0,324766.6564,288,288,0.0007003189992436774,-0.02623987877176902,True,0.026463540943034766,2.6463540943034767
2025-03-17,ETHUSDT,1887.01,1952.4,1879.98,1926.31,334840.4877,288,288,0.0005892154822978267,0.02061798938546906,True,0.024273761189766756,2.4273761189766754
2025-03-18,ETHUSDT,1926.3,1936.2,1872.31,1931.54,332896.0155,288,288,0.000577255200045479,0.0027113564311766463,True,0.02402613577014579,2.4026135770145793
2025-03-19,ETHUSDT,1931.54,2069.9,1927.58,2056.06,691809.5034,288,288,0.0015477381338922696,0.06247391784342422,True,0.03934130315447455,3.9341303154474554
2025-03-20,ETHUSDT,2056.05,2067.9,1952.17,1983.79,401518.9282,288,288,0.0007596817831398611,-0.035782373560162395,True,0.027562325430555767,2.7562325430555767
2025-03-21,ETHUSDT,1983.79,1996.73,1937.1,1965.75,262641.659,288,288,0.0005448716103325046,-0.009135304596832088,True,0.02334248509333367,2.334248509333367
2025-03-22,ETHUSDT,1965.74,2006.61,1964.34,1980.69,170782.9574,288,288,0.00023075273181556925,0.007571416958698383,True,0.015190547449501919,1.5190547449501919
2025-03-23,ETHUSDT,1980.68,2020.74,1976.81,2005.99,268707.5233,288,288,0.00033989153572393965,0.012692435634264436,True,0.018436147529349498,1.8436147529349498
2025-03-24,ETHUSDT,2005.99,2104.11,1977.67,2081.2,477912.8154,288,288,0.0007235069026548146,0.03680694595155739,True,0.026898083624206662,2.689808362420666
2025-03-25,ETHUSDT,2081.2,2097.7,2037.08,2066.15,328765.3292,288,288,0.0005705957980365686,-0.00725767830628396,True,0.023887147130550533,2.3887147130550535
2025-03-26,ETHUSDT,2066.16,2079.21,1981.6,2009.52,428975.3286,288,288,0.0005915403578981188,-0.02779108454557792,True,0.02432160270003025,2.432160270003025
2025-03-27,ETHUSDT,2009.52,2037.38,1987.06,2003.66,360634.8383,288,288,0.0005550872457566787,-0.0029203794321757954,True,0.023560289594075,2.3560289594075
2025-03-28,ETHUSDT,2003.67,2015.93,1860.0,1896.9,626167.5832,288,288,0.0013874124692762613,-0.054754533399435444,True,0.03724798611034241,3.7247986110342413
2025-03-29,ETHUSDT,1896.9,1913.6,1797.2,1828.08,409769.7555,288,288,0.0009623173362723079,-0.0369547390000353,True,0.031021240082761165,3.1021240082761166
2025-03-30,ETHUSDT,1828.09,1849.01,1767.69,1807.74,327843.4476,288,288,0.0009513353141508227,-0.011188789431229858,True,0.03084372406423749,3.084372406423749
2025-03-31,ETHUSDT,1807.74,1854.22,1776.75,1822.43,497854.9052,288,288,0.001265678016868755,0.008093329064615348,True,0.0355763687982452,3.5576368798245204
2025-04-01,ETHUSDT,1822.43,1927.9,1817.88,1904.98,452989.0974,288,288,0.0007599020504918795,0.04430073445199867,True,0.027566320945891194,2.7566320945891194
2025-04-02,ETHUSDT,1904.98,1957.0,1781.53,1795.22,750840.7823,288,288,0.0022839236270084952,-0.0593439327317445,True,0.047790413547159176,4.779041354715917
2025-04-03,ETHUSDT,1795.21,1845.26,1750.0,1817.23,508075.018,288,288,0.0013203395096871818,0.012185786577509263,True,0.03633647629706521,3.6336476297065214
2025-04-04,ETHUSDT,1817.23,1835.68,1758.72,1816.87,572734.4702,288,288,0.001799148549525619,-0.00019812333242233665,True,0.042416371244197906,4.241637124419791
2025-04-05,ETHUSDT,1816.88,1827.29,1764.39,1806.01,201716.2696,288,288,0.000303435026049942,-0.005995248271207583,True,0.017419386500389215,1.7419386500389216
2025-04-06,ETHUSDT,1806.02,1817.0,1537.5,1580.76,979847.0958,288,288,0.002395492413948569,-0.13321424803042609,True,0.048943767876498526,4.894376787649852
2025-04-07,ETHUSDT,1580.77,1639.0,1411.01,1553.04,2168796.0067,288,288,0.007706419876479663,-0.017691443612615758,True,0.08778621689354009,8.77862168935401
2025-04-08,ETHUSDT,1553.04,1618.67,1441.3,1473.41,891846.1327,288,288,0.0023308521064281506,-0.052634858168226425,True,0.04827889918409647,4.827889918409647
2025-04-09,ETHUSDT,1473.41,1689.0,1385.05,1669.51,1968530.9138,288,288,0.006856279277212369,0.12495072793418774,True,0.08280265259768173,8.280265259768173
2025-04-10,ETHUSDT,1669.51,1669.85,1471.02,1522.25,911855.3934,288,288,0.002642598280191688,-0.09234066669439787,True,0.05140620857631584,5.140620857631584
2025-04-11,ETHUSDT,1522.24,1591.47,1504.63,1566.85,578484.3183,288,288,0.0014989761690355804,0.028877730971496398,True,0.038716613604957505,3.8716613604957506
2025-04-12,ETHUSDT,1566.85,1669.59,1546.06,1644.18,501867.9033,288,288,0.0013183662518294482,0.04817454521355075,True,0.0363093135686899,3.63093135686899
2025-04-13,ETHUSDT,1644.19,1649.75,1562.01,1597.76,580136.6145,288,288,0.0019672601747937977,-0.02863913136148642,True,0.044353806767782604,4.43538067677826
2025-04-14,ETHUSDT,1597.76,1691.5,1595.56,1623.77,645930.1419,288,288,0.001654620587723965,0.01614795776375992,True,0.04067702776413199,4.067702776413199
2025-04-15,ETHUSDT,1623.78,1661.21,1583.12,1588.78,476178.8915,288,288,0.0012103981104482646,-0.021784179981146057,True,0.034790776226584316,3.4790776226584317
2025-04-16,ETHUSDT,1588.77,1613.66,1538.07,1577.14,611387.8686,288,288,0.0019086477610188934,-0.007353345914930601,True,0.043688073441374056,4.368807344137406
2025-04-17,ETHUSDT,1577.15,1616.96,1563.2,1583.62,449870.3628,288,288,0.0008089761597412843,0.004100285424178886,True,0.0284425062141381,2.84425062141381
2025-04-18,ETHUSDT,1583.63,1600.64,1573.54,1588.6,200409.0359,288,288,0.0002229751273754355,0.003139759594926086,True,0.014932351702777279,1.493235170277728
2025-04-19,ETHUSDT,1588.6,1631.81,1585.01,1613.27,223096.3899,288,288,0.000309023080315065,0.01541004987464448,True,0.017579052315613176,1.7579052315613175
2025-04-20,ETHUSDT,1613.26,1619.19,1565.59,1587.36,276052.2306,288,288,0.0003282567237058415,-0.016190916172084065,True,0.018117856487615786,1.8117856487615787
2025-04-21,ETHUSDT,1587.36,1658.75,1564.07,1579.57,691486.6667,288,288,0.0010480897750127843,-0.004919600819362599,True,0.03237421466248694,3.2374214662486938
2025-04-22,ETHUSDT,1579.57,1778.0,1537.26,1756.26,1103036.9586,288,288,0.0030324504991325143,0.10603388993379305,True,0.055067690156138875,5.506769015613887
2025-04-23,ETHUSDT,1756.25,1834.86,1744.95,1795.07,887545.6316,288,288,0.0022208413167632292,0.021857470360467902,True,0.04712580308878809,4.712580308878809
2025-04-24,ETHUSDT,1795.08,1802.82,1722.9,1769.65,483465.0385,288,288,0.0009038719362017953,-0.014262231474764107,True,0.030064463012031254,3.0064463012031255
2025-04-25,ETHUSDT,1769.64,1827.32,1738.6,1784.6,595610.8894,288,288,0.0011287589834014546,0.008412513564324271,True,0.033597008548402855,3.3597008548402854
2025-04-26,ETHUSDT,1784.6,1841.16,1778.94,1820.88,355068.0442,288,288,0.000696445827210698,0.02012560023187895,True,0.026390260082286003,2.6390260082286003
2025-04-27,ETHUSDT,1820.87,1857.47,1781.9,1791.29,340332.6435,288,288,0.0008395311753245436,-0.016383870030276186,True,0.02897466436948914,2.897466436948914
2025-04-28,ETHUSDT,1791.29,1827.98,1744.71,1799.88,587269.743,288,288,0.0010399370449830966,0.0047839653276176165,True,0.0322480549023208,3.2248054902320797
2025-04-29,ETHUSDT,1799.88,1842.99,1780.47,1797.81,480456.3884,288,288,0.0008309651222693685,-0.0011507385174525549,True,0.028826465656916187,2.8826465656916187
2025-04-30,ETHUSDT,1797.81,1816.8,1731.7,1793.61,473523.9877,288,288,0.0008673889280172196,-0.00233890879633893,True,0.029451467332158844,2.9451467332158843
2025-05-01,ETHUSDT,1793.62,1873.17,1792.52,1838.11,537198.7291,288,288,0.0007758025474222882,0.024507521103855557,True,0.027853232261665577,2.7853232261665575
2025-05-02,ETHUSDT,1838.1,1871.0,1813.0,1842.2,410667.875,288,288,0.0007407677239087646,0.00222263976880194,True,0.027217048405526353,2.7217048405526354
2025-05-03,ETHUSDT,1842.2,1848.6,1810.0,1833.52,213751.5979,288,288,0.00027572788596785976,-0.004722893002983773,True,0.016605056036275812,1.6605056036275812
2025-05-04,ETHUSDT,1833.52,1849.95,1803.0,1808.86,238254.3564,288,288,0.0004008817686058526,-0.013540803974340182,True,0.02002203207983277,2.002203207983277
2025-05-05,ETHUSDT,1808.86,1833.55,1781.85,1820.19,342341.0078,288,288,0.0005862530019945265,0.006244078649583977,True,0.02421266201793034,2.421266201793034
2025-05-06,ETHUSDT,1820.19,1820.9,1752.0,1817.0,384584.2451,288,288,0.0007852462268594816,-0.0017541018302220696,True,0.028022245214462768,2.8022245214462767
2025-05-07,ETHUSDT,1817.0,1850.0,1787.01,1811.11,456170.0705,288,288,0.0007816297051525858,-0.0032468724346579633,True,0.027957641265896983,2.7957641265896984
2025-05-08,ETHUSDT,1811.11,2226.0,1808.71,2207.39,1473152.686,288,288,0.0028737158737796174,0.19787090515046443,True,0.05360705059765569,5.36070505976557
2025-05-09,ETHUSDT,2207.39,2490.77,2184.33,2345.04,1667041.0382,288,288,0.006164112971103538,0.06049163719221858,True,0.07851186516128335,7.851186516128335
2025-05-10,ETHUSDT,2345.04,2600.0,2317.0,2583.23,979350.1606,288,288,0.0022586080098525004,0.09673809457506304,True,0.04752481467457291,4.752481467457291
2025-05-11,ETHUSDT,2583.22,2608.13,2435.51,2514.57,831584.3888,288,288,0.0024330273476183065,-0.026938739118236132,True,0.04932572703588166,4.932572703588166
2025-05-12,ETHUSDT,2514.58,2624.0,2406.63,2495.47,1068680.9433,288,288,0.0027799986658230587,-0.007624726562570423,True,0.052725692653800754,5.272569265380075
2025-05-13,ETHUSDT,2495.48,2738.5,2415.3,2679.71,1031355.6465,288,288,0.0019651169810747642,0.0712314914962131,True,0.04432963998359071,4.432963998359071
2025-05-14,ETHUSDT,2679.71,2725.99,2547.26,2609.74,830047.1122,288,288,0.001860970780942296,-0.026457980198255165,True,0.04313897055960302,4.313897055960302
2025-05-15,ETHUSDT,2609.75,2647.03,2476.03,2548.69,768954.0332,288,288,0.0022029977804208685,-0.023671097836288044,True,0.04693610316612222,4.693610316612222
2025-05-16,ETHUSDT,2548.7,2649.31,2529.4,2537.12,605953.6919,288,288,0.0012812189131120662,-0.004549922218867518,True,0.03579411841507018,3.5794118415070177
2025-05-17,ETHUSDT,2537.13,2538.16,2446.42,2475.08,494333.2782,288,288,0.0010709534505913033,-0.024756860728526807,True,0.03272542513996271,3.272542513996271
2025-05-18,ETHUSDT,2475.09,2587.61,2323.21,2497.78,810103.1851,288,288,0.0021690533955199248,0.009129618637997543,True,0.04657309733655176,4.657309733655176
2025-05-19,ETHUSDT,2497.78,2547.36,2348.38,2528.14,861747.523,288,288,0.0023872176648465572,0.01208151712945476,True,0.04885916152418661,4.885916152418661
2025-05-20,ETHUSDT,2528.14,2588.63,2442.4,2524.19,676989.1747,288,288,0.001510496732080934,-0.0015636353147147676,True,0.03886510944383064,3.886510944383064
2025-05-21,ETHUSDT,2524.19,2615.95,2452.2,2550.99,1095890.2902,288,288,0.002743195472110138,0.010561299937302794,True,0.05237552359747956,5.237552359747956
2025-05-22,ETHUSDT,2551.0,2692.99,2544.83,2664.82,852555.6669,288,288,0.0017378353295521452,0.04365499400221499,True,0.0416873521532868,4.16873521532868
2025-05-23,ETHUSDT,2664.83,2734.23,2498.3,2526.5,971442.4532,288,288,0.001748785177395806,-0.05330156737302129,True,0.04181847889863769,4.181847889863769
2025-05-24,ETHUSDT,2526.49,2575.85,2515.08,2530.4,257544.2344,288,288,0.0005096447968758024,0.0015424472594745009,True,0.022575313882110308,2.2575313882110306
2025-05-25,ETHUSDT,2530.41,2554.26,2463.0,2551.22,359890.0299,288,288,0.0007666607959451034,0.008194283121782506,True,0.027688640196750425,2.7688640196750427
2025-05-26,ETHUSDT,2551.22,2599.0,2525.86,2563.7,362971.11819999997,288,288,0.0005185354098629065,0.004879851401568437,True,0.02277137259505686,2.277137259505686
2025-05-27,ETHUSDT,2563.7,2712.36,2509.46,2660.81,798430.8862,288,288,0.0009189775314167594,0.0371790601849994,True,0.030314642195097066,3.0314642195097066
2025-05-28,ETHUSDT,2660.81,2689.14,2608.5,2681.6,560095.6833,288,288,0.0008598692391648239,0.007783043587973703,True,0.029323527058742846,2.9323527058742846
2025-05-29,ETHUSDT,2681.61,2788.0,2619.05,2631.39,811567.2545,288,288,0.0013184576678842736,-0.01890140762166382,True,0.03631057239819105,3.6310572398191048
2025-05-30,ETHUSDT,2631.39,2649.23,2507.35,2531.34,763045.2564,288,288,0.0014530627702165656,-0.03876341688777778,True,0.03811906045820864,3.811906045820864
2025-05-31,ETHUSDT,2531.35,2550.34,2475.33,2528.06,394537.2521,288,288,0.0008643768865703595,-0.0012965966160104969,True,0.029400287185168097,2.9400287185168095
2025-06-01,ETHUSDT,2528.06,2547.79,2468.56,2539.21,332021.7088,288,288,0.0005536884180503664,0.004400798850344466,True,0.023530584736686132,2.353058473668613
2025-06-02,ETHUSDT,2539.2,2615.0,2475.0,2607.41,468889.9737,288,288,0.000739581828709614,0.026504382446835166,True,0.027195253790130623,2.7195253790130622
2025-06-03,ETHUSDT,2607.42,2655.38,2575.0,2593.36,454383.0439,288,288,0.0006557429962117621,-0.005403059231681443,True,0.025607479302183614,2.5607479302183616
2025-06-04,ETHUSDT,2593.35,2679.88,2583.5,2607.68,502494.8214,288,288,0.000670895828300768,0.00550660490404466,True,0.025901656864007135,2.5901656864007134
2025-06-05,ETHUSDT,2607.68,2640.86,2391.66,2414.01,808938.0344,288,288,0.0019362093344184237,-0.07717167198088633,True,0.044002378735909536,4.400237873590954
2025-06-06,ETHUSDT,2414.02,2531.36,2381.49,2476.1,578843.4974,288,288,0.0007820390643911815,0.02539547656008978,True,0.027964961369384752,2.796496136938475
2025-06-07,ETHUSDT,2476.1,2544.36,2457.0,2524.63,264787.6743,288,288,0.000351647189784395,0.019409775607685892,True,0.01875225825825772,1.8752258258257721
2025-06-08,ETHUSDT,2524.64,2548.63,2490.58,2509.83,266474.7139,288,288,0.00029447548162611024,-0.005879495570298392,True,0.01716028792375321,1.716028792375321
2025-06-09,ETHUSDT,2509.84,2693.99,2477.73,2680.13,568726.3025,288,288,0.0007452108674031347,0.06565027904269423,True,0.027298550646566104,2.7298550646566104
2025-06-10,ETHUSDT,2680.13,2827.0,2655.61,2816.4,1138405.4775,288,288,0.0018161125969743163,0.049594172853839893,True,0.04261587259430829,4.261587259430829
2025-06-11,ETHUSDT,2816.41,2879.22,2743.75,2771.61,850210.9324,288,288,0.0015365558028651318,-0.01603109487401448,True,0.039198926042241664,3.919892604224166
2025-06-12,ETHUSDT,2771.6,2784.83,2616.24,2642.65,699593.3757,288,288,0.0012423050447944114,-0.0476461772099843,True,0.035246347963929704,3.5246347963929705
2025-06-13,ETHUSDT,2642.66,2645.45,2436.98,2579.19,1202176.2972,288,288,0.0023359487524317996,-0.02430680542740291,True,0.048331653731605334,4.833165373160534
2025-06-14,ETHUSDT,2579.19,2579.43,2488.72,2530.76,331438.9278,288,288,0.0004382076383745829,-0.018955743264715066,True,0.020933409621334574,2.0933409621334573
2025-06-15,ETHUSDT,2530.77,2559.51,2492.0,2547.61,299701.6624,288,288,0.00044323164278551995,0.006636011883637912,True,0.021053067301120755,2.1053067301120754
2025-06-16,ETHUSDT,2547.62,2680.34,2514.85,2544.17,680429.988,288,288,0.0015263847728772685,-0.001351197625732848,True,0.03906897455625459,3.906897455625459
2025-06-17,ETHUSDT,2544.17,2618.6,2453.8,2509.95,715930.4081,288,288,0.0012687990622512223,-0.013541634518074335,True,0.03562020581427376,3.562020581427376
2025-06-18,ETHUSDT,2509.95,2548.42,2465.78,2525.0,504532.1818,288,288,0.0012645129057196605,0.005978230100767942,True,0.03555999023790165,3.555999023790165
2025-06-19,ETHUSDT,2525.0,2546.91,2485.03,2521.12,252646.059,288,288,0.0005337570625791623,-0.0015378154957249306,True,0.02310318295341926,2.310318295341926
2025-06-20,ETHUSDT,2521.13,2569.0,2367.36,2406.49,632027.8234999999,288,288,0.0012427249895931316,-0.04653399289162859,True,0.03525230474157869,3.525230474157869
2025-06-21,ETHUSDT,2406.49,2448.8,2216.0,2295.73,496783.864,288,288,0.00384862926788466,-0.047118378616393806,True,0.06203732157245878,6.203732157245878
2025-06-22,ETHUSDT,2295.72,2314.48,2111.89,2227.7,840155.8295,288,288,0.0031961262091381934,-0.030081212634883205,True,0.0565342923289767,5.65342923289767
2025-06-23,ETHUSDT,2227.7,2438.68,2188.0,2411.66,744583.8003,288,288,0.002554598773035263,0.07934564398281048,True,0.05054303881876576,5.054303881876576
2025-06-24,ETHUSDT,2411.66,2482.04,2376.11,2448.45,516760.6621,288,288,0.0011260811072505462,0.015139864214513002,True,0.033557131987858355,3.3557131987858355
2025-06-25,ETHUSDT,2448.46,2468.69,2389.69,2418.49,414894.7387,288,288,0.0010530114210754319,-0.012311792807958808,True,0.03245013745849826,3.2450137458498256
2025-06-26,ETHUSDT,2418.5,2520.92,2394.32,2415.96,463704.0261,288,288,0.0013663909476237426,-0.0010466548339368013,True,0.036964725720932144,3.6964725720932146
2025-06-27,ETHUSDT,2415.96,2463.54,2382.53,2423.17,381474.766,288,288,0.000616782583000071,0.002979876686592094,True,0.02483510787172206,2.483510787172206
2025-06-28,ETHUSDT,2423.17,2447.8,2405.81,2435.62,155814.9859,288,288,0.00013223370291363674,0.005124743916841248,True,0.011499291409197209,1.149929140919721
2025-06-29,ETHUSDT,2435.62,2525.0,2412.0,2500.09,284291.8057,288,288,0.0004513581249142076,0.026125386978616768,True,0.021245190630215762,2.1245190630215762
2025-06-30,ETHUSDT,2500.09,2524.3,2431.0,2485.47,440455.714,288,288,0.0006973838348200226,-0.005864954752457742,True,0.026408025954622633,2.6408025954622634
2025-07-01,ETHUSDT,2485.47,2500.8,2386.52,2405.01,351951.0868,288,288,0.0005184668515473619,-0.032907714920473716,True,0.02276986718334918,2.2769867183349177
2025-07-02,ETHUSDT,2405.01,2619.28,2373.0,2570.41,634967.0337,288,288,0.0009535864704557729,0.06651135770377227,True,0.03088019544069909,3.088019544069909
2025-07-03,ETHUSDT,2570.41,2635.5,2556.12,2591.25,504943.6592,288,288,0.0007816464016284179,0.008074965510842616,True,0.02795793986738683,2.795793986738683
2025-07-04,ETHUSDT,2591.26,2603.17,2474.24,2508.04,452593.02,288,288,0.00047361939631729213,-0.03263881316104375,True,0.021762798448666756,2.176279844866676
2025-07-05,ETHUSDT,2508.04,2529.81,2487.95,2516.41,157198.0958,288,288,0.00018939674607071157,0.0033317110300456975,True,0.013762149035332802,1.3762149035332802
2025-07-06,ETHUSDT,2516.42,2605.0,2503.5,2570.35,277593.6319,288,288,0.0004388709248162925,0.02120879376812741,True,0.02094924640210937,2.094924640210937
2025-07-07,ETHUSDT,2570.35,2590.57,2512.0,2542.29,315707.5272,288,288,0.0005678880100297539,-0.010976826745833846,True,0.023830400962420964,2.3830400962420963
2025-07-08,ETHUSDT,2542.3,2628.21,2523.59,2615.25,370915.7321,288,288,0.0005371033225483934,0.028294445582587778,True,0.023175489693820786,2.3175489693820785
2025-07-09,ETHUSDT,2615.25,2795.74,2589.78,2768.74,686119.3772,288,288,0.0012209112547259795,0.05703264782490529,True,0.03494154053166488,3.494154053166488
2025-07-10,ETHUSDT,2768.74,3000.0,2755.5,2951.29,951896.07,288,288,0.0015663496019418782,0.06385001983809169,True,0.03957713483745227,3.9577134837452266
2025-07-11,ETHUSDT,2951.29,3040.15,2913.75,2958.22,906839.1689,288,288,0.0014258117991091744,0.002345373195645844,True,0.03775992318727853,3.7759923187278526
2025-07-12,ETHUSDT,2958.21,2979.78,2903.85,2943.28,348884.8877,288,288,0.0004222845445072099,-0.005063130362083363,True,0.020549563122052254,2.0549563122052255
2025-07-13,ETHUSDT,2943.29,3020.31,2936.49,2972.03,357333.5016,288,288,0.0005127264216921335,0.009720615278930379,True,0.022643463111726825,2.2643463111726825
2025-07-14,ETHUSDT,2972.03,3083.0,2962.81,3013.62,815552.6496,288,288,0.0009133406201944292,0.013896792937288667,True,0.03022152577542089,3.022152577542089
2025-07-15,ETHUSDT,3013.61,3144.14,2932.46,3137.89,863583.7376999999,288,288,0.0016131914048932046,0.04040858556728804,True,0.04016455408557656,4.016455408557656
2025-07-16,ETHUSDT,3137.9,3425.0,3101.0,3371.35,1135950.5831,288,288,0.0014833188487527033,0.0717626580981415,True,0.038513878651113595,3.8513878651113593
2025-07-17,ETHUSDT,3371.35,3523.44,3310.77,3476.87,974065.8264,288,288,0.002007526270346032,0.030819206153465725,True,0.04480542679571339,4.4805426795713394
2025-07-18,ETHUSDT,3476.88,3673.84,3458.68,3546.92,1163823.3977,288,288,0.001986217113498006,0.01994715749251479,True,0.04456699578721911,4.456699578721911
2025-07-19,ETHUSDT,3546.92,3608.3,3506.79,3592.01,381791.9213,288,288,0.0006528514811419235,0.012632313134525697,True,0.025550958517087444,2.5550958517087445
2025-07-20,ETHUSDT,3592.0,3824.56,3579.13,3756.69,852356.5533,288,288,0.0011563165181550923,0.0448263161439686,True,0.03400465436017682,3.400465436017682
2025-07-21,ETHUSDT,3756.69,3860.0,3701.01,3762.33,812074.0534,288,288,0.0012441519445634392,0.0015001957855620982,True,0.03527253810776082,3.527253810776082
2025-07-22,ETHUSDT,3762.32,3798.65,3616.54,3746.21,870127.3864,288,288,0.001309976467968615,-0.004293784082249973,True,0.036193597057609724,3.6193597057609725
2025-07-23,ETHUSDT,3746.21,3764.2,3527.0,3628.29,800259.4025,288,288,0.0015235099186197434,-0.03198319934152065,True,0.03903216517975583,3.903216517975583
2025-07-24,ETHUSDT,3628.29,3771.0,3502.85,3706.94,749459.495,288,288,0.0015934033061342653,0.021445275536585706,True,0.03991745615810538,3.991745615810538
2025-07-25,ETHUSDT,3706.95,3747.0,3573.76,3724.96,764606.7261,288,288,0.0016648263507883536,0.004849375076046749,True,0.04080228364673175,4.080228364673175
2025-07-26,ETHUSDT,3724.97,3793.0,3697.66,3741.1,407259.7024,288,288,0.0005564953678186906,0.004323572310549309,True,0.023590154043979676,2.3590154043979674
2025-07-27,ETHUSDT,3741.11,3879.82,3731.0,3872.1,457352.4605,288,288,0.0005884427120595169,0.03441730969773161,True,0.02425783815717132,2.425783815717132
2025-07-28,ETHUSDT,3872.11,3941.0,3754.0,3799.0,620994.7463,288,288,0.001076339098254167,-0.01905912132162622,True,0.03280760732290861,3.280760732290861
2025-07-29,ETHUSDT,3799.0,3886.44,3716.04,3793.79,584210.4393,288,288,0.0011092620236814008,-0.0013723547780703854,True,0.03330558547273116,3.3305585472731156
2025-07-30,ETHUSDT,3793.79,3834.03,3677.65,3810.0,525424.9003,288,288,0.0010817721628268672,0.004263669711190923,True,0.032890304997474064,3.2890304997474065
2025-07-31,ETHUSDT,3810.0,3878.67,3684.33,3698.39,516088.4503,288,288,0.0006583130800821685,-0.029731599322330996,True,0.025657612517188122,2.565761251718812
2025-08-01,ETHUSDT,3698.39,3724.02,3431.75,3488.2,783869.1517,288,288,0.0019151256559644557,-0.058511745963847214,True,0.04376214866713534,4.376214866713534
2025-08-02,ETHUSDT,3488.21,3537.69,3368.29,3393.94,494195.7094,288,288,0.001073276633775712,-0.0273943554524034,True,0.032760900991512916,3.2760900991512916
2025-08-03,ETHUSDT,3393.94,3521.79,3354.28,3496.74,296347.6758,288,288,0.0005709888652565592,0.0298396174747756,True,0.023895373302306018,2.3895373302306018
2025-08-04,ETHUSDT,3496.75,3736.73,3490.73,3720.99,463349.9861,288,288,0.0007722337070439417,0.06215865603646196,True,0.027789093310936607,2.7789093310936606
2025-08-05,ETHUSDT,3720.99,3722.24,3546.0,3612.0,489070.9589,288,288,0.0009988183515256056,-0.02972812635652564,True,0.031604087576223516,3.160408757622352
2025-08-06,ETHUSDT,3612.01,3698.6,3564.19,3683.31,365309.9205,288,288,0.0007971019452212005,0.019550168879218836,True,0.0282329939117551,2.82329939117551
2025-08-07,ETHUSDT,3683.31,3927.77,3647.63,3910.31,631678.9872,288,288,0.0008692325666893574,0.05980485030798414,True,0.029482750324373697,2.94827503243737
2025-08-08,ETHUSDT,3910.3,4071.0,3880.0,4009.5,723300.0109,288,288,0.0012180769063646366,0.025049890523004655,True,0.03490095853074291,3.490095853074291
2025-08-09,ETHUSDT,4009.51,4326.2,4006.63,4260.62,691932.1048,288,288,0.0010809562009150748,0.060748144332532075,True,0.03287789836524036,3.2877898365240363
2025-08-10,ETHUSDT,4260.63,4332.6,4153.07,4250.57,494843.8105,288,288,0.0009019193687556682,-0.0023615980070605326,True,0.030031972441977035,3.0031972441977035
2025-08-11,ETHUSDT,4250.58,4366.46,4166.77,4223.22,722664.04,288,288,0.0013317094587316936,-0.0064552213289564946,True,0.03649259457385421,3.649259457385421
2025-08-12,ETHUSDT,4223.22,4639.7,4219.04,4590.52,885288.0652,288,288,0.0013822621089767063,0.08339543715453958,True,0.03717878573833076,3.7178785738330755
2025-08-13,ETHUSDT,4590.52,4783.85,4564.33,4749.3,925931.4988000001,288,288,0.0014449554975265058,0.03400393134970332,True,0.038012570256778296,3.8012570256778297
2025-08-14,ETHUSDT,4749.31,4788.0,4451.33,4546.84,1265449.0452999999,288,288,0.0036882204425752576,-0.043564752578011234,True,0.06073072074803046,6.073072074803046
2025-08-15,ETHUSDT,4546.84,4672.67,4368.0,4439.47,880409.2591,288,288,0.0014700525415222245,-0.02389748623801874,True,0.038341264213927854,3.8341264213927855
2025-08-16,ETHUSDT,4439.47,4490.42,4372.54,4421.99,358676.5884,288,288,0.000554056254464403,-0.003945178937147022,True,0.023538399573131624,2.3538399573131623
2025-08-17,ETHUSDT,4422.0,4576.0,4393.98,4472.33,442461.3829,288,288,0.0006518740551907874,0.01131970460432362,True,0.025531824360800922,2.553182436080092
2025-08-18,ETHUSDT,4472.34,4481.88,4225.86,4312.99,823188.1269,288,288,0.0016750033140630102,-0.03627812652559214,True,0.04092680434706587,4.092680434706588
2025-08-19,ETHUSDT,4312.99,4355.0,4067.34,4075.59,831222.7951,288,288,0.0014663835801781392,-0.05661587760273528,True,0.038293388204468655,3.8293388204468655
2025-08-20,ETHUSDT,4075.58,4378.0,4060.0,4336.16,728324.8933,288,288,0.0015517180118636256,0.06197364233702371,True,0.03939185209994099,3.939185209994099
2025-08-21,ETHUSDT,4336.16,4340.26,4204.2,4225.3,433836.3992,288,288,0.001140872988623267,-0.025898899620049987,True,0.03377681140402787,3.377681140402787
2025-08-22,ETHUSDT,4225.3,4887.59,4207.39,4832.07,1277976.63526,288,288,0.003584887228126286,0.13418468307705173,True,0.059873927782685896,5.98739277826859
2025-08-23,ETHUSDT,4832.07,4832.07,4659.7,4778.4,512442.0888,288,288,0.0007039493934046698,-0.011169184846588735,True,0.026532044651791722,2.653204465179172
2025-08-24,ETHUSDT,4778.4,4956.78,4711.0,4780.15,780668.77842,288,288,0.001632264791015947,0.00036616432817970323,True,0.04040129689769806,4.040129689769806
2025-08-25,ETHUSDT,4780.15,4797.97,4334.13,4376.18,1043917.1659,288,288,0.002077194116516022,-0.08829572903520311,True,0.045576245090134644,4.557624509013465
2025-08-26,ETHUSDT,4376.17,4633.46,4311.04,4600.63,834750.2767,288,288,0.002154080793917141,0.050017052910167115,True,0.046412075949230504,4.64120759492305
2025-08-27,ETHUSDT,4600.63,4663.93,4481.53,4506.71,606669.3611,288,288,0.001232214519426776,-0.020625853354003496,True,0.03510291326124907,3.510291326124907
2025-08-28,ETHUSDT,4506.71,4633.97,4430.0,4511.21,485243.4027,288,288,0.0008469968302345465,0.0009980129283700583,True,0.029103209964444585,2.9103209964444585
2025-08-29,ETHUSDT,4511.2,4516.75,4265.0,4360.18,679063.8777,288,288,0.001205882876789721,-0.03405206930103212,True,0.03472582435003842,3.472582435003842
2025-08-30,ETHUSDT,4360.18,4415.61,4257.2,4373.7,340319.1826,288,288,0.0006172410636057688,0.0030959918843133567,True,0.024844336650548124,2.4844336650548122
2025-08-31,ETHUSDT,4373.7,4498.47,4372.63,4391.83,356586.1861,288,288,0.00048584454162393915,0.004136663921828165,True,0.022041881535475576,2.2041881535475576
2025-09-01,ETHUSDT,4391.83,4491.84,4210.61,4314.5,513830.0395,288,288,0.0010879641658200002,-0.017764553752354417,True,0.03298430180889085,3.2984301808890852
2025-09-02,ETHUSDT,4314.5,4416.78,4257.85,4326.5,524605.0512,288,288,0.0010171736457974827,0.0027774580984330707,True,0.031893159859090206,3.1893159859090208
2025-09-03,ETHUSDT,4326.49,4490.64,4283.23,4450.46,487091.6861,288,288,0.0007978089722571638,0.0282485605576177,True,0.028245512426882325,2.8245512426882327
2025-09-04,ETHUSDT,4450.46,4482.05,4265.33,4297.55,471795.7096,288,288,0.0006756397051713012,-0.03496236874376846,True,0.025993070329826395,2.5993070329826393
2025-09-05,ETHUSDT,4297.56,4490.0,4256.03,4307.45,624169.8754,288,288,0.0008435000145043684,0.0023009888130170308,True,0.02904307171261966,2.904307171261966
2025-09-06,ETHUSDT,4307.46,4329.3,4236.0,4273.14,191166.0686,288,288,0.00023074072608036928,-0.007997161700220218,True,0.015190152273113305,1.5190152273113304
2025-09-07,ETHUSDT,4273.15,4336.02,4270.81,4306.19,169620.8372,288,288,0.00019443332581489943,0.007704602454888696,True,0.01394393509074463,1.394393509074463
2025-09-08,ETHUSDT,4306.19,4384.06,4279.0,4306.37,372882.4355,288,288,0.00045155547260480574,4.179941852961984e-05,True,0.021249834648881524,2.1249834648881523
2025-09-09,ETHUSDT,4306.36,4381.87,4276.76,4310.09,405485.7821,288,288,0.00048051619307845514,0.0008634637034535174,True,0.021920679576109294,2.1920679576109294
2025-09-10,ETHUSDT,4310.08,4453.57,4285.1,4349.32,506633.9098,288,288,0.0006424272668176696,0.009060725473808408,True,0.02534614895438101,2.534614895438101
2025-09-11,ETHUSDT,4349.33,4481.09,4338.82,4458.82,441259.6649,288,288,0.0008141932739302197,0.024864645993088425,True,0.028534072158214987,2.8534072158214987
2025-09-12,ETHUSDT,4458.83,4748.4,4450.71,4712.16,510777.5402,288,288,0.0006340117118954849,0.05526224459511628,True,0.025179589192349524,2.5179589192349523
2025-09-13,ETHUSDT,4712.16,4769.36,4605.0,4666.53,394393.68690000003,288,288,0.00038910543857655116,-0.009730646826154148,True,0.019725755716234326,1.9725755716234326
2025-09-14,ETHUSDT,4666.54,4692.36,4576.89,4604.49,278244.3205,288,288,0.0003284542515710157,-0.01338384041556943,True,0.01812330686080815,1.8123306860808148
2025-09-15,ETHUSDT,4604.48,4670.28,4466.0,4523.74,412291.96869999997,288,288,0.000651814876608637,-0.017692829050488367,True,0.02553066541648762,2.553066541648762
2025-09-16,ETHUSDT,4523.74,4538.25,4424.0,4501.29,293307.1099,288,288,0.00043352941754424515,-0.004975062976067199,True,0.02082136925238696,2.082136925238696
2025-09-17,ETHUSDT,4501.3,4616.77,4412.0,4590.53,476981.4561,288,288,0.0014037201895367938,0.019631463454172358,True,0.03746625400993264,3.7466254009932642
2025-09-18,ETHUSDT,4590.54,4644.47,4553.7,4587.66,290660.377,288,288,0.0004017162751794574,-0.000625395659393222,True,0.020042860952954232,2.004286095295423
2025-09-19,ETHUSDT,4587.66,4620.72,4435.7,4468.59,331611.1482,288,288,0.0003390459127860135,-0.026297167533290082,True,0.01841319941742916,1.8413199417429158
2025-09-20,ETHUSDT,4468.59,4508.71,4454.45,4480.42,130781.913,288,288,0.00013232065103888869,0.0026438694092460555,True,0.011503071374154326,1.1503071374154326
2025-09-21,ETHUSDT,4480.41,4498.16,4443.0,4444.97,149349.8262,288,288,0.00016270648957024067,-0.007943672245900295,True,0.01275564539998822,1.275564539998822
2025-09-22,ETHUSDT,4444.98,4455.76,4077.0,4199.08,708243.2348,288,288,0.0014197558965174419,-0.05690766611089566,True,0.037679648306711166,3.767964830671117
2025-09-23,ETHUSDT,4199.09,4229.03,4114.39,4164.26,315227.9057,288,288,0.0005737232765873071,-0.00832686491083471,True,0.023952521299172393,2.3952521299172393
2025-09-24,ETHUSDT,4164.25,4206.9,4073.74,4152.81,353665.5671,288,288,0.00046394662856454413,-0.002753375223151508,True,0.021539420339566805,2.1539420339566804
2025-09-25,ETHUSDT,4152.81,4161.04,3815.0,3874.36,930327.6951,288,288,0.002053877549771127,-0.06940472566749156,True,0.04531972583512754,4.531972583512754
2025-09-26,ETHUSDT,3874.35,4068.3,3867.65,4032.24,575711.0859,288,288,0.0011382605737356591,0.03994156493275927,True,0.0337381175191453,3.37381175191453
2025-09-27,ETHUSDT,4032.24,4039.01,3972.98,4018.38,172693.2638,288,288,0.00022947003325426827,-0.0034432164711234695,True,0.015148268325266365,1.5148268325266365
2025-09-28,ETHUSDT,4018.39,4144.88,3966.0,4142.16,240331.8589,288,288,0.00041707816678107087,0.030338554573123528,True,0.02042249168884813,2.042249168884813
2025-09-29,ETHUSDT,4142.16,4235.86,4082.25,4215.07,380728.6784,288,288,0.00047458679216777207,0.017448807761484258,True,0.02178501301738817,2.178501301738817
2025-09-30,ETHUSDT,4215.07,4245.0,4092.1,4145.15,391126.6172,288,288,0.0005632663549142191,-0.01672722255959338,True,0.023733233132344593,2.3733233132344593
2025-10-01,ETHUSDT,4145.15,4355.46,4123.08,4348.03,507026.3822,288,288,0.0007308586505742968,0.047783892848160585,True,0.02703439754413434,2.703439754413434
2025-10-02,ETHUSDT,4348.03,4516.74,4332.73,4484.35,526411.1571,288,288,0.0006536091415019384,0.030870688512346204,True,0.025565780674603668,2.5565780674603666
2025-10-03,ETHUSDT,4484.35,4591.59,4428.0,4512.87,485684.0267,288,288,0.0008810103278522775,0.006339757285954,True,0.029681818135893857,2.9681818135893856
2025-10-04,ETHUSDT,4512.88,4517.93,4440.0,4487.15,199732.7088,288,288,0.00024315692297380146,-0.005715558413766271,True,0.015593489762519532,1.5593489762519532
2025-10-05,ETHUSDT,4487.16,4618.17,4467.05,4514.32,506587.96140000003,288,288,0.0005795438060168039,0.006036810101717644,True,0.024073716082416607,2.4073716082416605
2025-10-06,ETHUSDT,4514.32,4735.93,4488.25,4684.01,456200.6528,288,288,0.0007217439390724439,0.0369000142151841,True,0.026865292462067928,2.686529246206793
2025-10-07,ETHUSDT,4684.02,4755.0,4430.43,4447.7,640685.9319,288,288,0.0011021561466080315,-0.051767472030074216,True,0.033198737123692396,3.3198737123692394
2025-10-08,ETHUSDT,4447.7,4558.0,4410.08,4525.72,399904.3287,288,288,0.0006705273783857906,0.01738957188584836,True,0.02589454340948669,2.589454340948669
2025-10-09,ETHUSDT,4525.72,4531.52,4265.06,4368.09,515978.1829,288,288,0.0008076805501421115,-0.03545083789043559,True,0.028419721148211702,2.84197211482117
2025-10-10,ETHUSDT,4368.09,4393.63,3435.0,3829.72,1493971.0244,288,288,0.013829163289384524,-0.13153414915544534,True,0.1175974629377034,11.75974629377034
2025-10-11,ETHUSDT,3829.72,3878.3,3643.33,3746.79,789885.6582,288,288,0.0025408709380822752,-0.021892220065385853,True,0.05040705246374038,5.040705246374038
2025-10-12,ETHUSDT,3746.8,4197.7,3694.74,4152.29,811308.152,288,288,0.002680161493262124,0.10276051587678739,True,0.051770276155938405,5.177027615593841
2025-10-13,ETHUSDT,4152.29,4292.0,4042.29,4240.85,622813.9247,288,288,0.001777942055602804,0.021103731568317137,True,0.042165650185936945,4.216565018593695
2025-10-14,ETHUSDT,4240.86,4263.38,3888.74,4125.02,962996.7658,288,288,0.00237652729337956,-0.02769285259047526,True,0.0487496389051197,4.87496389051197
2025-10-15,ETHUSDT,4125.01,4217.6,3926.74,3985.61,626081.6966,288,288,0.0014200061660637545,-0.034380493704590655,True,0.03768296917791583,3.768296917791583
2025-10-16,ETHUSDT,3985.61,4086.49,3826.04,3894.51,643804.6163,288,288,0.0019046401246858237,-0.023122505456865724,True,0.04364218285885599,4.364218285885599
2025-10-17,ETHUSDT,3894.5,3950.45,3674.5,3831.57,830127.0885,288,288,0.0020123995919972154,-0.016293228229644623,True,0.04485977699451052,4.485977699451052
2025-10-18,ETHUSDT,3831.58,3927.73,3819.07,3889.21,250710.6121,288,288,0.0005458850229282231,0.01493141130429593,True,0.02336418247934695,2.336418247934695
2025-10-19,ETHUSDT,3889.2,4030.94,3827.04,3982.58,408538.2545,288,288,0.0008505064140557371,0.02372379831187152,True,0.029163443110437715,2.9163443110437717
2025-10-20,ETHUSDT,3982.58,4085.3,3908.73,3979.22,511382.3301,288,288,0.0008654462847470398,-0.0008440302945247647,True,0.02941846842966234,2.941846842966234
2025-10-21,ETHUSDT,3979.22,4110.0,3840.24,3873.05,590594.1382,288,288,0.0019170784567562565,-0.027043509852021416,True,0.04378445451020552,4.378445451020552
2025-10-22,ETHUSDT,3873.04,3889.27,3710.0,3805.53,593130.0905,288,288,0.0014731358247757616,-0.017587038317257008,True,0.0383814515720258,3.8381451572025798
2025-10-23,ETHUSDT,3805.53,3934.86,3796.54,3856.8,477231.0181,288,288,0.000979164473458578,0.013382552088274815,True,0.03129160388121034,3.129160388121034
2025-10-24,ETHUSDT,3856.8,4026.39,3845.86,3934.88,425926.9383,288,288,0.0007607094792558591,0.020042561742360642,True,0.02758096226123844,2.758096226123844
2025-10-25,ETHUSDT,3934.88,3969.22,3912.4,3953.82,138526.3338,288,288,0.0001940587511742494,0.004801814340076758,True,0.013930497161776008,1.3930497161776008
2025-10-26,ETHUSDT,3953.81,4178.78,3919.03,4158.46,344698.0918,288,288,0.0006237281192558279,0.05046261323567671,True,0.024974549430486787,2.4974549430486785
2025-10-27,ETHUSDT,4158.46,4253.72,4095.0,4120.15,487131.2291,288,288,0.0008990101202101823,-0.00925524296171355,True,0.029983497464608468,2.9983497464608466
2025-10-28,ETHUSDT,4120.16,4175.55,3931.33,3979.2,472965.8377,288,288,0.0010080656573461428,-0.034808776398676314,True,0.03175004972194757,3.1750049721947566
2025-10-29,ETHUSDT,3979.19,4036.66,3840.37,3902.99,486452.3127,288,288,0.002300590488241814,-0.019337868003500687,True,0.04796447110353469,4.796447110353469
2025-10-30,ETHUSDT,3903.0,3948.74,3680.0,3805.09,531455.9923,288,288,0.0013981662219934336,-0.025403281941540932,True,0.03739206094872859,3.7392060948728587
2025-10-31,ETHUSDT,3804.95,3906.09,3796.36,3847.99,478636.2995,288,288,0.0011007876500106085,0.011211289925523275,True,0.033178120049373025,3.3178120049373026
2025-11-01,ETHUSDT,3848.0,3909.39,3831.0,3873.77,152998.1626,288,288,0.0001944006157431114,0.006677259014799923,True,0.013942762127466401,1.3942762127466402
2025-11-02,ETHUSDT,3873.78,3918.23,3839.12,3906.58,216083.1542,288,288,0.00032785254001639294,0.008434117872055483,True,0.01810669876085624,1.810669876085624
2025-11-03,ETHUSDT,3906.58,3914.29,3558.82,3603.83,877187.3852,288,288,0.001768494847959963,-0.08066514211210088,True,0.04205347605085652,4.205347605085652
2025-11-04,ETHUSDT,3603.84,3654.54,3057.0,3287.05,1568004.2379,288,288,0.005455142162766832,-0.09200666281684784,True,0.07385893421087818,7.385893421087817
2025-11-05,ETHUSDT,3287.05,3480.46,3166.66,3424.29,809591.5132,288,288,0.0019483372076091068,0.04090364494925951,True,0.044139972899958906,4.413997289995891
2025-11-06,ETHUSDT,3424.29,3456.46,3245.45,3315.14,566363.7003,288,288,0.0016449624841477395,-0.032394295931056624,True,0.040558137089217246,4.0558137089217245
2025-11-07,ETHUSDT,3315.14,3473.0,3194.2,3436.05,683417.3854,288,288,0.002469929606772182,0.03582270079696303,True,0.04969838635984253,4.969838635984253
2025-11-08,ETHUSDT,3436.04,3488.0,3355.58,3401.51,291532.2881,288,288,0.000756848363877924,-0.010103105142433387,True,0.02751087719208393,2.7510877192083933
2025-11-09,ETHUSDT,3401.51,3623.25,3358.66,3583.46,464098.052,288,288,0.0011182603517655109,0.052109363439893294,True,0.03344039999410161,3.344039999410161
2025-11-10,ETHUSDT,3583.46,3658.98,3507.3,3567.85,595273.0298,288,288,0.0010786268446797151,-0.004365640642718076,True,0.032842454912501824,3.2842454912501826
2025-11-11,ETHUSDT,3567.85,3648.27,3405.24,3417.76,660283.2747,288,288,0.0015994274997081501,-0.04297780774806977,True,0.03999284310608774,3.999284310608774
2025-11-12,ETHUSDT,3417.76,3588.19,3371.65,3414.92,553101.9368,288,288,0.0016058227310144307,-0.000831299040362006,True,0.04007271803876586,4.007271803876586
2025-11-13,ETHUSDT,3414.91,3565.84,3154.22,3231.54,951989.1347,288,288,0.0024572488622811857,-0.05519526289010008,True,0.0495706451670864,4.957064516708639
2025-11-14,ETHUSDT,3231.55,3256.71,3070.0,3112.4,890446.1491,288,288,0.004294769211333924,-0.037564671036126304,True,0.06553448871650655,6.553448871650655
2025-11-15,ETHUSDT,3112.4,3230.0,3110.68,3167.88,338463.4782,288,288,0.000842207395426048,0.01766846168624273,True,0.02902080969625155,2.902080969625155
2025-11-16,ETHUSDT,3167.87,3249.0,3004.0,3095.29,570633.5809000001,288,288,0.0024478865855860855,-0.023180993184500703,True,0.04947612136764649,4.947612136764649
2025-11-17,ETHUSDT,3095.29,3223.38,2959.46,3031.44,762500.4288999999,288,288,0.002452009207438455,-0.020843847110689314,True,0.04951776658370665,4.951776658370665
2025-11-18,ETHUSDT,3031.44,3169.95,2946.56,3123.66,766640.1058,288,288,0.0026512378562527773,0.029967637075666916,True,0.05149017242399541,5.149017242399541
2025-11-19,ETHUSDT,3123.65,3125.54,2873.64,3025.48,737926.7146,288,288,0.0023232999155643865,-0.0319356346465714,True,0.04820062152674368,4.820062152674368
2025-11-20,ETHUSDT,3025.48,3063.61,2790.01,2834.22,912524.3718,288,288,0.002069321729255378,-0.0653029895320294,True,0.04548979807885915,4.548979807885916
2025-11-21,ETHUSDT,2834.21,2886.73,2623.57,2765.85,1180475.4085,288,288,0.0052592102712312756,-0.02441876521160846,True,0.07252041278999503,7.252041278999504
2025-11-22,ETHUSDT,2765.86,2799.01,2704.33,2770.12,264691.3089,288,288,0.0009997113724413468,0.0015426387233996516,True,0.03161821266993672,3.161821266993672
2025-11-23,ETHUSDT,2770.12,2858.16,2768.29,2802.16,409808.5734,288,288,0.0009493265438170341,0.011499907793958394,True,0.03081114317608216,3.0811143176082156
2025-11-24,ETHUSDT,2802.16,2987.0,2763.0,2953.38,715279.7551,288,288,0.0022411079871334405,0.052559728823936586,True,0.04734034206819212,4.734034206819212
2025-11-25,ETHUSDT,2953.38,2980.82,2857.32,2959.36,427686.4528,288,288,0.0015868159253277516,0.002022751563216823,True,0.03983485816879171,3.983485816879171
2025-11-26,ETHUSDT,2959.36,3045.0,2888.69,3026.56,364535.326,288,288,0.00108737142340807,0.02245363229166347,True,0.032975315364800833,3.2975315364800832
2025-11-27,ETHUSDT,3026.56,3071.37,2985.78,3015.23,274980.3955,288,288,0.0006175574236021351,-0.0037505485232762056,True,0.02485070267823699,2.485070267823699
2025-11-28,ETHUSDT,3015.23,3099.0,2994.36,3031.15,346616.0275,288,288,0.0008598480076552632,0.005265972958720377,True,0.029323165034751335,2.9323165034751337
2025-11-29,ETHUSDT,3031.14,3052.64,2961.91,2989.16,217904.1303,288,288,0.0003505650919376362,-0.013949673991056432,True,0.01872338356007365,1.872338356007365
2025-11-30,ETHUSDT,2989.17,3053.02,2975.3,2991.26,182722.4253,288,288,0.00034832625360699016,0.0007022918411447067,True,0.01866350057215929,1.866350057215929
2025-12-01,ETHUSDT,2991.25,2999.47,2716.04,2799.07,849002.9909,288,288,0.0018712496113444637,-0.06640748416649075,True,0.04325794275441753,4.325794275441753
2025-12-02,ETHUSDT,2799.07,3033.76,2782.19,2996.07,523707.3586,288,288,0.001181429303027883,0.06801421071564909,True,0.0343719260884211,3.43719260884211
2025-12-03,ETHUSDT,2996.07,3214.99,2985.58,3188.36,553669.8146,288,288,0.0020076284877453532,0.062205248147572285,True,0.044806567462207514,4.480656746220752
2025-12-04,ETHUSDT,3188.39,3240.35,3066.37,3133.26,486698.3987,288,288,0.0015773540154013013,-0.01743268193693428,True,0.039715916398860816,3.9715916398860815
2025-12-05,ETHUSDT,3133.26,3193.33,2983.08,3021.78,530382.8986,288,288,0.0013956072847677796,-0.03622793434865745,True,0.03735782762377625,3.735782762377625
2025-12-06,ETHUSDT,3021.77,3069.0,3012.58,3038.06,159721.2488,288,288,0.0003712550224470449,0.005373092083985521,True,0.01926797919988095,1.926797919988095
2025-12-07,ETHUSDT,3038.06,3150.0,2907.52,3059.85,391129.675,288,288,0.0015053696809659788,0.007146741340972793,True,0.0387990938162991,3.87990938162991
2025-12-08,ETHUSDT,3059.86,3180.51,3040.87,3124.16,452820.2207,288,288,0.0012030224339207789,0.020799551900225147,True,0.034684613792296703,3.4684613792296703
2025-12-09,ETHUSDT,3124.16,3397.85,3090.8,3318.04,603859.9458,288,288,0.0017338443197611097,0.06020880009550854,True,0.041639456285608605,4.16394562856086
2025-12-10,ETHUSDT,3318.04,3447.44,3288.1,3324.14,539585.4535,288,288,0.0016581808089967563,0.0018367468857933742,True,0.04072076631151182,4.072076631151182
2025-12-11,ETHUSDT,3324.14,3327.37,3145.28,3237.39,504114.2391,288,288,0.0012544941254594912,-0.026443544422017237,True,0.03541883856734282,3.541883856734282
2025-12-12,ETHUSDT,3237.38,3265.5,3045.31,3084.86,435686.4435,288,288,0.0012135655236621813,-0.04826117416204863,True,0.03483626736121683,3.4836267361216833
2025-12-13,ETHUSDT,3084.86,3135.68,3078.6,3114.64,136465.7567,288,288,0.00024654658773825855,0.009607300284868092,True,0.01570180205384906,1.570180205384906
2025-12-14,ETHUSDT,3114.64,3129.54,3024.44,3063.5,279058.3545,288,288,0.0005213589163031517,-0.016555522553701567,True,0.02283328527179459,2.2833285271794588
2025-12-15,ETHUSDT,3063.49,3177.5,2894.57,2964.85,520509.9555,288,288,0.001629519430904313,-0.03273161223283519,True,0.04036730646085162,4.036730646085162
2025-12-16,ETHUSDT,2964.85,2981.87,2876.0,2962.3,378293.1159,288,288,0.001147881474360211,-0.0008604473169489201,True,0.03388039956022082,3.388039956022082
2025-12-17,ETHUSDT,2962.3,3030.92,2791.02,2833.49,497630.4162,288,288,0.0019105500595693859,-0.04445682621664254,True,0.04370983939079834,4.370983939079834
2025-12-18,ETHUSDT,2833.5,2997.4,2775.19,2828.57,595253.7997,288,288,0.0025226935064237704,-0.0017378838226021632,True,0.05022642239323612,5.022642239323612
2025-12-19,ETHUSDT,2828.56,3020.0,2808.63,2979.5,531702.5439,288,288,0.0016267137396868405,0.051984217610353434,True,0.04033253946488915,4.033253946488915
2025-12-20,ETHUSDT,2979.49,2994.41,2964.17,2977.93,91783.7734,288,288,0.0001299595889054443,-0.000527072927872576,True,0.011399981969522771,1.139998196952277
2025-12-21,ETHUSDT,2977.93,3013.4,2944.0,3002.02,162244.8067,288,288,0.0003401813166809253,0.008056967137237395,True,0.018444004898094266,1.8444004898094266
2025-12-22,ETHUSDT,3002.03,3077.39,2963.43,3009.49,298443.5633,288,288,0.0009042575471526287,0.0024852337748091542,True,0.03007087539717839,3.007087539717839
2025-12-23,ETHUSDT,3009.48,3035.79,2900.93,2965.02,386465.747,288,288,0.000760670774991067,-0.014886851399566631,True,0.027580260604118063,2.7580260604118063
2025-12-24,ETHUSDT,2965.03,2978.15,2888.7,2947.47,197035.5598,288,288,0.00047861838520198824,-0.005936602528959096,True,0.021877348678530226,2.1877348678530226
2025-12-25,ETHUSDT,2947.48,2971.46,2891.2,2903.95,188721.29809999999,288,288,0.0003048296571798603,-0.014875296077073002,True,0.017459371614690498,1.7459371614690498
2025-12-26,ETHUSDT,2903.9,2994.38,2894.26,2927.99,314830.9989,288,288,0.000511454346774052,0.008244301609214391,True,0.022615356437033045,2.2615356437033043
2025-12-27,ETHUSDT,2928.0,2960.89,2917.13,2949.05,95040.3956,288,288,8.744262511885148e-05,0.007166903796686814,True,0.009351076147634104,0.9351076147634104
2025-12-28,ETHUSDT,2949.05,2961.23,2924.54,2950.91,128834.139,288,288,0.0001307159553269277,0.0006305127701286333,True,0.011433107859498559,1.143310785949856
2025-12-29,ETHUSDT,2950.91,3057.78,2910.25,2937.9,485959.1824,288,288,0.0007909732141547503,-0.0044185569467769656,True,0.02812424601931135,2.812424601931135
2025-12-30,ETHUSDT,2937.91,3009.8,2919.44,2973.69,286583.2879,288,288,0.000517608167326032,0.012108565473993466,True,0.022751003655356216,2.2751003655356214
2025-12-31,ETHUSDT,2973.69,3028.08,2958.91,2971.64,233729.5887,288,288,0.0002770388817671611,-0.0006896169199170994,True,0.016644485025592144,1.6644485025592144
