date,BTC_volatility_percent,ETH_volatility_percent
2020-01-02,1.9721948384343797,2.254055101947178
2020-01-03,4.308579832688998,3.847648417629825
2020-01-04,2.0240752814295493,2.6224672248444896
2020-01-05,1.7824635749976336,2.5148525593275477
2020-01-06,2.239679848535759,3.311640941089093
2020-01-07,3.533225245769858,2.901073501199995
2020-01-08,4.666262003638552,4.020801850056221
2020-01-09,3.2107675499235553,3.0405380736885097
2020-01-10,3.851912682717984,3.8035947623248223
2020-01-11,3.605627085759782,4.23118160463907
2020-01-12,2.2644924184786315,2.7821143654952727
2020-01-13,1.6487787526516189,2.1790850582245116
2020-01-14,4.4253866816797895,7.9408099648399695
2020-01-15,3.838619089762384,5.947776291574855
2020-01-16,2.9818568667586627,5.0020672452425154
2020-01-17,3.0342328272355665,5.365055295444081
2020-01-18,2.20645360064841,5.26542535996076
2020-01-19,5.112918395269526,5.77521799186265
2020-01-20,2.235487860625915,3.0789549929793414
2020-01-21,2.3999173847365713,3.040395819563258
2020-01-22,1.525628008160459,2.2091022871250874
2020-01-23,2.585184495381807,3.2042346709906417
2020-01-24,2.331497736759931,3.6691103072363735
2020-01-25,1.987750553399165,3.021932385411312
2020-01-26,2.092899400619859,2.6891164082444523
2020-01-27,2.4771695515349834,2.9897402649331557
2020-01-28,3.6976528093213377,3.1743538027236227
2020-01-29,2.6303518410760223,2.9544970226948486
2020-01-30,2.5931905121625727,3.751768345813372
2020-01-31,2.327767482179419,3.412929304567156
2020-02-01,1.7024619140518653,2.907171694631271
2020-02-02,1.9478819034576944,3.341697381252652
2020-02-03,2.6930980891454404,3.643976576666534
2020-02-04,2.135325627148712,2.929894284374633
2020-02-05,2.432137789745324,3.6546770157267727
2020-02-06,2.730919770220526,5.224236356837754
2020-02-07,1.9453576464240772,3.8876430528877135
2020-02-08,1.8509661833787692,3.8512626020337546
2020-02-10,3.099858750643022,3.623821185364816
2020-02-11,2.9328847135685456,3.752904877465283
2020-02-12,2.5372646540252366,6.365589120342944
2020-02-13,4.027663567857959,7.680718773561892
2020-02-14,2.164490800843793,4.1920405882604275
2020-02-15,3.67684599895794,6.305951254243134
2020-02-16,2.6957795492835985,7.56896829185408
2020-02-17,3.1203260290319412,7.684846688898491
2020-02-18,3.1185705845239324,5.828835130108941
2020-02-20,3.0711580477012337,6.60210424174425
2020-02-21,2.258184592982163,4.205596814614157
2020-02-22,1.4595349816991878,3.1267165598882145
2020-02-23,2.191840700840445,3.048343249133893
2020-02-24,2.903210506526965,4.421706450493613
2020-02-25,2.7123655767381396,5.200668107285869
2020-02-26,3.998222714787018,7.070398253598416
2020-02-27,3.8179328228252087,7.372992272043814
2020-02-28,4.019514803754571,6.825243492040076
2020-02-29,2.58380851839141,4.6474822023830225
2020-03-01,3.1311345952875778,5.119969206332136
2020-03-02,2.498796276047463,4.221287717509382
2020-03-03,3.12565983023921,4.363708283261488
2020-03-05,2.306130494756414,2.9911545124247785
2020-03-06,1.7831876165521194,3.1479846026989287
2020-03-07,2.357461861404333,3.773535894313503
2020-03-08,3.712242826600988,8.037341588044768
2020-03-09,5.088229784615786,8.928769237049309
2020-03-10,4.08147677935493,5.086664940507841
2020-03-11,3.7413559546258703,6.06671792233599
2020-03-12,22.142082785501525,22.633381944970026
2020-03-13,33.24997795626904,34.19112736248879
2020-03-14,8.698661379184902,8.14062400265818
2020-03-15,9.587354779541696,8.066125092014632
2020-03-16,14.33259089766964,13.697759656343766
2020-03-17,8.002345769832514,8.003593620515561
2020-03-18,7.88366570934144,6.833569498682805
2020-03-19,7.756734252520868,8.537806519056454
2020-03-20,10.7928483810134,13.866339076756171
2020-03-21,7.871759245738115,8.642328168648346
2020-03-22,6.686880119472814,6.810352103450142
2020-03-23,7.723240254969388,7.688286324935147
2020-03-24,6.783278512262362,7.128286172979617
2020-03-25,6.254045864549535,6.032465847307477
2020-03-26,3.970935852057475,4.248544117695638
2020-03-27,5.115414991228302,4.745509011008469
2020-03-28,5.077216302428125,5.510241543641785
2020-03-29,3.739574116735482,3.462623756291576
2020-03-30,4.589264420469944,4.29642310339431
2020-03-31,3.2335919109460898,3.049398506310057
2020-04-01,4.221430292847214,3.512645089090672
2020-04-02,6.712727222250464,6.860792784383794
2020-04-03,4.350623045842453,4.365009259078432
2020-04-04,4.03051840478204,4.350143610271157
2020-04-05,2.676852291007268,2.840201069138192
2020-04-06,3.3623600398498836,6.113543246281225
2020-04-07,3.676361839803451,5.905468294892588
2020-04-08,3.1355490036714757,5.097423421387455
2020-04-09,2.7938474588000246,3.5869910492459853
2020-04-10,4.1952018112714,5.622303733935683
2020-04-11,2.3467995303038864,3.5972099050661073
2020-04-12,3.0880099410482305,3.476964493715715
2020-04-13,4.5303094309138,5.234747883842993
2020-04-14,2.81644773380925,3.6056594853313952
2020-04-15,2.5700192808807634,3.471966861115046
2020-04-16,4.964177518006691,7.447297015811354
2020-04-17,2.6179305294091972,3.863021489040258
2020-04-18,1.939545344746028,4.743430831353524
2020-04-19,2.0884694884692347,4.643038034513481
2020-04-20,3.530434794230485,5.569854564983193
2020-04-21,2.5378194646934653,4.065807601573266
2020-04-22,1.965473676057477,3.4036827624735673
2020-04-23,3.984250915857388,4.61479276340614
2020-04-24,2.331226401554889,3.112133365685365
2020-04-26,2.2419275040834905,2.768827908706222
2020-04-27,2.3078541196611337,2.97078187811918
2020-04-28,1.6387682089254274,2.7103461437697773
2020-04-29,5.639978943594291,4.387651062880334
2020-04-30,6.786078988346224,7.154735628152106
2020-05-01,3.469552992358887,3.814105064654032
2020-05-02,2.4705160152425516,2.4270870700856375
2020-05-03,3.870228366166802,3.589671826928946
2020-05-04,3.408321336436922,5.1713636482405745
2020-05-05,3.4892972336407495,3.904178931141842
2020-05-06,3.4130596172846404,3.596110141418814
2020-05-07,4.151128873328891,4.690957285204971
2020-05-08,3.38565604021521,3.5283238796188208
2020-05-09,3.084367637199718,2.8695379170037585
2020-05-10,11.240089742276954,11.100721772133571
2020-05-11,7.865081277377835,5.992944823528255
2020-05-12,3.8904598775478383,3.3647523117336218
2020-05-13,3.1207772788048196,3.137043727515171
2020-05-14,4.641901500438156,4.243079472557207
2020-05-15,4.861965316507829,3.5862828282484016
2020-05-16,3.0962524185246405,3.0065288497039497
2020-05-17,2.89525775295926,2.7058453179675377
2020-05-18,3.393412770115329,3.506580281842119
2020-05-19,3.3441865284453947,2.837268624218662
2020-05-20,3.1725682227686596,2.54306535225105
2020-05-21,3.759245170883694,3.912064862873348
2020-05-22,2.8652605822600132,3.291614556167467
2020-05-23,2.0983296354126706,2.730030504597796
2020-05-24,3.405055804741309,3.317591676923187
2020-05-25,2.896678651038402,2.7589418432737443
2020-05-26,2.46939642337216,2.4728352740700563
2020-05-27,2.6453895645507775,2.1895434526412556
2020-05-28,2.463985440819807,2.451031725062989
2020-05-29,2.56208887537476,3.204479823058527
2020-05-30,2.7909984301794877,4.64742025143301
2020-05-31,2.3788029510883475,4.065961549855797
2020-06-01,3.5060719171291193,3.814254775379929
2020-06-02,6.731627226969014,8.254339175941134
2020-06-03,1.8958017930937692,2.8073811044830586
2020-06-04,2.5079391374433166,3.334149015974941
2020-06-05,2.2928153716109545,3.030926109886144
2020-06-06,1.635718554812868,2.2831521086506585
2020-06-07,2.223003206824338,2.625132358449149
2020-06-08,1.6291782963987709,2.021297513244081
2020-06-09,2.6422193044527327,3.680331244026845
2020-06-10,2.4262926362846224,2.654241040763111
2020-06-11,4.120404289680275,4.590784895012338
2020-06-12,2.0951361291392376,2.607542021978942
2020-06-13,1.5138631210642035,1.7524541256993889
2020-06-14,1.827261249485769,2.2474614961254114
2020-06-15,2.951246539270438,3.674727485036088
2020-06-16,2.294579811693544,2.4082005087255154
2020-06-17,1.6849855653103338,2.1795779137239104
2020-06-18,1.572081232732266,1.957495001440946
2020-06-19,1.7782948598691397,2.1993972245739046
2020-06-20,1.236311724071308,1.4256004414489467
2020-06-21,0.9786030492068226,1.2994031553987972
2020-06-22,1.6561886387481204,2.517746000690108
2020-06-23,1.3510594054548195,1.837263944198815
2020-06-24,2.358339202923898,3.3167834765641535
2020-06-25,2.587349710731347,2.7057886149900625
2020-06-26,2.337064281177441,2.3869682684038978
2020-06-27,2.354629551886376,2.973846723964214
2020-06-29,1.5310258499490317,2.411132904350324
2020-06-30,1.279730699227561,2.035000807740427
2020-07-01,1.43212969251979,2.0932567060570135
2020-07-02,2.0235554765577524,2.68675161829062
2020-07-03,1.118061421023634,1.7557002774988728
2020-07-04,1.2417556494187088,1.5274737903174451
2020-07-05,1.5437972416668453,1.9523932424259995
2020-07-06,1.4972623681828474,2.369438737007208
2020-07-07,1.2642818252436576,2.4477919080710406
2020-07-08,1.525233303035593,2.778328001203172
2020-07-09,1.4776491217972043,2.4475545807501797
2020-07-10,1.2935700041334677,2.0902951050942056
2020-07-11,1.0733734205121872,1.4200325801283349
2020-07-12,1.5601505968575478,2.4310256856687276
2020-07-13,1.1408911995391988,2.020339238975534
2020-07-14,1.3133599193518426,1.802441695045142
2020-07-15,0.9517358630964262,1.3350183571279008
2020-07-16,1.2348762516782548,2.343064462346784
2020-07-17,0.8583785056859833,1.4000100451276123
2020-07-18,0.7843596722616271,1.1785685693853318
2020-07-19,0.8169484171151714,1.3734886263910002
2020-07-20,0.7832448000729233,1.495605681881509
2020-07-21,1.4011931471175856,1.879789471321682
2020-07-22,1.312470998446649,5.139991846801122
2020-07-23,1.2088040736846433,3.502360318233979
2020-07-24,1.2984357817910657,3.5383136301097156
2020-07-25,1.5695861423520034,4.500091209545344
2020-07-26,2.701034264337555,5.1090656713154905
2020-07-27,5.945601568510479,6.890736198973273
2020-07-28,4.96014988428636,4.873662965593286
2020-07-29,3.4263826794101524,3.5831602817950223
2020-07-30,2.5940916653749757,3.685170526844945
2020-07-31,2.5651864918036154,3.9866767027628343
2020-08-01,3.315807387070198,5.192851327169878
2020-08-02,7.317628392181549,11.450836725726123
2020-08-03,2.66920025533277,5.270180430641639
2020-08-04,2.4960302927012163,4.331300152129568
2020-08-05,2.6465542450366115,3.924192885050677
2020-08-06,2.3782805632038677,2.696325119472938
2020-08-07,2.6124994047051415,4.643472722686485
2020-08-08,2.169900312047237,3.3095472244574777
2020-08-09,2.041745582763127,3.67075306786614
2020-08-10,4.638705521340778,3.698725551269958
2020-08-11,3.733376412085708,4.409288222589772
2020-08-12,2.5869237755595837,3.4936612249382692
2020-08-13,2.784334614224949,6.155033925503247
2020-08-14,2.1613468945994763,4.299383379661937
2020-08-15,2.387513948955983,3.4377909252777865
2020-08-16,1.772298273670448,3.811648661387693
2020-08-17,3.73490165855748,4.315775267324543
2020-08-18,3.11451651730191,3.8774447086121695
2020-08-19,2.8950919964455797,5.279118031433906
2020-08-20,1.7193204462456184,3.441746397150817
2020-08-21,2.0312735127443178,4.467635717964033
2020-08-22,1.7892166569098609,3.349199042566898
2020-08-23,1.4539424375080636,2.8507775233023707
2020-08-24,1.3443306983298442,3.12386377625234
2020-08-25,2.534036639792897,4.718146123959731
2020-08-26,2.143666102440896,3.3971075683710543
2020-08-27,2.543361376027,3.9012385859386702
2020-08-28,1.6397149560272242,2.871485403963139
2020-08-29,1.3455301221185112,2.492491880130915
2020-08-30,1.5231158311083288,2.783252755569686
2020-08-31,1.5850313247243082,3.1813161282070657
2020-09-01,2.128919107514593,5.187003608764491
2020-09-02,2.8439346391301874,7.4553736304373235
2020-09-03,5.627310894471041,7.960180164050233
2020-09-04,5.086748067785803,8.082438463051176
2020-09-05,5.841139913631207,12.575090326818463
2020-09-06,3.235208449770941,8.94040448059988
2020-09-07,3.220464970546028,6.872719534126595
2020-09-08,4.393906927407453,6.824623183265527
2020-09-09,2.3738151355257053,4.629737433318002
2020-09-10,2.4969683240793024,5.396880771847775
2020-09-11,1.761747821346033,4.108467539733091
2020-09-12,1.257784503119455,3.3824393592388895
2020-09-13,1.9131088258325264,4.13874821032862
2020-09-14,2.1739548207586235,4.74155768164888
2020-09-15,2.4419971969274075,3.8772138534740574
2020-09-16,2.2926045297496014,3.5283534995488206
2020-09-17,1.8729951094030923,4.258279319062628
2020-09-18,1.5447936201764192,3.0999346927654132
2020-09-19,1.5984411352730437,2.4228638937952085
2020-09-20,1.8485704048911236,3.0267551146097165
2020-09-21,2.5981615248925687,4.779997147793004
2020-09-22,1.944687340298359,3.888686796790261
2020-09-23,2.007696047198489,4.273691781690001
2020-09-24,2.1973317406404766,4.194305557173986
2020-09-25,1.8708887897160464,3.634215846554543
2020-09-26,1.3683902704971642,2.814927180961591
2020-09-27,1.4047124285550463,2.8531387083001345
2020-09-28,2.0459840549131805,3.04511936907335
2020-09-29,1.4905257913621968,2.4477155763924454
2020-09-30,1.5122251652524856,2.074909401933856
2020-10-01,2.4635803866462256,3.54634043767927
2020-10-02,2.172998044699142,3.4324104145591257
2020-10-03,1.062862207704438,1.924513463554817
2020-10-04,1.0266732260778624,1.8007959606037311
2020-10-05,1.0957556293739714,1.6895971255893778
2020-10-06,1.5920239358380106,3.097409048697584
2020-10-07,0.9976192982005296,2.475579122559567
2020-10-08,1.6075644115463237,2.2921159984054653
2020-10-09,1.447629010883161,2.4668588156542746
2020-10-10,2.7606342363440537,2.741271025853936
2020-10-11,1.477926769313318,2.141539591527601
2020-10-12,2.232837641540723,3.4972576701116824
2020-10-13,1.8882479311523863,2.882131502156873
2020-10-14,1.8296892765681765,2.552715973305601
2020-10-15,1.752542524464176,2.5034426841764277
2020-10-16,1.817141494021812,3.308457074762055
2020-10-17,1.1742477551741066,1.7062978242252058
2020-10-18,0.9367066559097548,1.50540413749124
2020-10-19,1.5683250255759538,1.8144939297213447
2020-10-20,2.0610636594091147,2.565115677410792
2020-10-21,4.116273370982795,3.5433643129730577
2020-10-22,2.8574110233196643,3.8324159393031465
2020-10-23,2.0349826249949716,2.819529921502379
2020-10-24,1.8089374608779831,2.1062029618655336
2020-10-25,2.367969499197749,2.2367904107326857
2020-10-26,2.358498312715708,3.4032116821894514
2020-10-27,2.4522608748064014,2.683585944819682
2020-10-28,3.42191096905386,3.7791147722700495
2020-10-29,2.945479021326202,2.8175373166387403
2020-10-30,2.942760947676758,3.379033949191944
2020-10-31,3.3138084566465227,2.767495445001478
2020-11-01,2.1954113926258683,2.327605506039259
2020-11-02,2.5157392780488483,3.3329512738802767
2020-11-03,2.833157913717502,2.8707297373820797
2020-11-04,3.419159089117297,3.950804166346204
2020-11-05,4.438565133324898,4.668080403340754
2020-11-06,4.553784239932092,5.136851906250025
2020-11-07,3.9802389056744985,5.527891939699573
2020-11-08,2.8647365832602225,3.626566017797492
2020-11-09,4.2635365561685,4.025475770221851
2020-11-10,2.543823845296817,3.2841049293420057
2020-11-11,2.708271923814615,3.739947118898005
2020-11-12,3.604604235407009,3.4941491155849804
2020-11-13,2.5444448796041623,2.8390875703803986
2020-11-14,2.2540332917165826,2.6015676443184965
2020-11-15,2.170354749620591,2.8413150308801924
2020-11-16,2.483866040297978,2.8150030069525496
2020-11-17,3.3495762940192733,3.157354791343687
2020-11-18,6.152960858829192,5.272741626347664
2020-11-19,3.5086351967301184,2.6333085823256024
2020-11-20,3.406439822650064,4.117142952580554
2020-11-21,2.98166146769938,4.5582585414176275
2020-11-22,3.5427644142812222,6.023936410376172
2020-11-23,3.8863689389997886,6.904467230660803
2020-11-24,3.982658774505518,6.305129252477265
2020-11-25,3.751146943366224,5.009800110789697
2020-11-26,8.374082150023842,10.453247600992386
2020-11-27,4.898478179117101,5.394229916185286
2020-11-28,2.847911300744472,3.833083168182076
2020-11-29,2.8735745698579183,3.86664141374802
2020-12-01,6.492798248202999,8.4007804746686
2020-12-02,4.519206002298888,4.860725320243414
2020-12-03,3.4663652574782695,3.990424443388056
2020-12-04,3.1163503485063324,4.391670614124875
2020-12-05,2.274256058481105,3.1763595775173425
2020-12-06,2.10521108819423,3.105936648824227
2020-12-07,2.002869290373114,2.530922351761677
2020-12-08,3.0159270341590987,3.7274672973858856
2020-12-09,3.596504957832796,4.662052572143035
2020-12-10,2.7261271651653383,3.708078939690432
2020-12-11,3.3807509228924686,4.037642745902188
2020-12-12,2.2200585649551448,2.6771401260317016
2020-12-13,2.4041396004743976,3.157952299494002
2020-12-14,2.1737209938678603,2.729737639730065
2020-12-15,2.172965316444671,2.4556417508876516
2020-12-16,4.288378966934779,3.939716606421491
2020-12-17,7.753708954056704,7.159064759936723
2020-12-18,3.9378617334205126,4.465339050167737
2020-12-19,3.5418924509285064,3.2498953728786626
2020-12-20,3.6726936217474258,3.800012741371443
2020-12-22,3.835283560765107,4.166317525114737
2020-12-23,4.644686113267465,7.158304463929819
2020-12-24,3.60316136192498,5.314159543115301
2020-12-26,3.70526567792542,4.1911641041223575
2020-12-27,6.4253382216336865,7.53409402303133
2020-12-28,4.225419711408019,6.7771395723160754
2020-12-29,3.907884007594616,5.748393400519309
2020-12-30,4.554506652357924,4.209033067210729
2020-12-31,4.469302870620147,4.020746495667029
2021-01-01,3.0368395256017786,3.2600536364151576
2021-01-02,7.162168399718253,5.247590875949539
2021-01-03,6.42757964807147,10.74723207651608
2021-01-04,9.56754758617432,16.226585421090988
2021-01-05,7.552602720742866,11.906573609540366
2021-01-06,7.298420911985922,9.492787241414234
2021-01-07,7.732583942281796,9.161397084127792
2021-01-08,9.309162554080844,12.522517110115905
2021-01-09,6.033057032687903,7.544097472380871
2021-01-10,8.203901504211784,9.714388638201727
2021-01-11,16.929171206438106,21.58111294850491
2021-01-12,9.87809289839686,11.491953373755049
2021-01-13,8.241529040882819,9.12004748013727
2021-01-14,5.634511208717098,7.0966078629917595
2021-01-15,7.7352348572557,9.75270868610556
2021-01-16,6.460738127460335,7.820186049071511
2021-01-17,6.011950254023761,7.018034195444502
2021-01-18,5.268918184968603,5.118367163850677
2021-01-19,4.469541712959602,7.858771842070356
2021-01-20,5.545778256852222,8.319666279887773
2021-01-21,8.703297875589858,10.778646735587891
2021-01-22,8.171537431065818,10.09647625159701
2021-01-23,5.317423649096118,5.784408445001303
2021-01-24,4.0887318487687425,5.900297988237949
2021-01-25,5.1039886943472546,7.545443421084613
2021-01-26,5.785575872420442,7.915606565840008
2021-01-27,6.782714757845583,8.31369129940692
2021-01-28,5.338414169014228,6.267684906619997
2021-01-29,12.231655245111469,8.835202681296154
2021-01-30,5.757524207599525,5.042443812235536
2021-01-31,4.1824920913268695,4.424812920079745
2021-02-01,4.586308342623176,4.871418327304608
2021-02-02,4.177396070612562,6.468055016136254
2021-02-03,3.996947957644612,5.542325062770492
2021-02-04,4.900961298477608,6.154516376214204
2021-02-05,3.5920382517587344,5.460421064114923
2021-02-06,4.187356570927744,4.849788943753644
2021-02-07,4.864823407387935,6.356686710630681
2021-02-08,8.230731226135397,6.425238202792771
2021-02-09,7.056802915514987,6.030301321194047
2021-02-10,5.378487680950201,6.685984856231639
2021-02-12,4.58159927993995,4.099854266584098
2021-02-13,3.523276390005526,4.276631385091547
2021-02-14,3.495538815920824,3.2070667871225393
2021-02-15,4.698444522024132,5.843276596736248
2021-02-16,5.368984023577721,4.852675118788809
2021-02-17,4.214837033479972,3.7126331046669887
2021-02-18,2.8714839707212154,3.8194060244942527
2021-02-19,4.097775007627576,3.4046762519617135
2021-02-20,4.4867989147656235,5.942596741086633
2021-02-21,3.2724847677427102,4.3973972531371
2021-02-22,7.764734620450994,10.210468991565872
2021-02-23,13.960389931828022,16.726277127081982
2021-02-24,7.315886048803484,9.15059634584784
2021-02-25,6.0798095659885,7.021027504169094
2021-02-26,8.120693552655482,8.70735870583331
2021-02-27,5.531509598745597,6.7376142355101
2021-02-28,6.758495777559846,9.146442730553243
2021-03-01,4.755799919166181,5.5672131352075525
2021-03-02,5.196632048409874,6.444815338261899
2021-03-03,4.670098199495162,5.718375941543901
2021-03-04,6.124280374180441,6.257294722987616
2021-03-05,5.337745149008359,5.729297997338967
2021-03-07,3.86650898848216,4.8040767929702195
2021-03-08,3.979012588834949,5.081649208146176
2021-03-09,3.5596244521542024,4.3571192327418435
2021-03-10,4.8208858636418945,5.619291593534015
2021-03-11,4.65385548726024,5.340120483069426
2021-03-12,4.664053079522454,5.199714445998281
2021-03-13,4.3236789313868425,4.565409571418702
2021-03-14,3.2039304569403666,3.909805890110818
2021-03-15,6.347889109378454,5.335581898461057
2021-03-16,5.302106995955729,4.7884879091274595
2021-03-17,4.421869679691404,3.34851684138443
2021-03-18,3.889120856809595,3.3720650293047494
2021-03-19,3.953306346586535,3.4820160012671915
2021-03-20,2.748621994650615,2.568721931745495
2021-03-21,3.4736465434692434,3.233195677068563
2021-03-22,4.401462924842731,4.351870349614698
2021-03-23,3.8556067409148262,3.8799113631750113
2021-03-24,5.25722097327717,5.651438733115663
2021-03-25,5.635298211919882,5.691529345743584
2021-03-26,3.749123962928888,3.2455445114724903
2021-03-27,3.2327127660474173,2.953620650273592
2021-03-28,2.907186772556182,2.826214802041052
2021-03-29,3.5177663403368022,3.451129850384715
2021-03-30,2.75242772408772,2.9162537561369017
2021-03-31,3.8903623697057736,4.148133002411403
2021-04-01,2.5912592053224865,4.603433910009203
2021-04-02,2.3344082768983645,3.742888225269589
2021-04-03,2.846691543436387,5.107881725847969
2021-04-04,2.4227941112719273,3.4987959908203443
2021-04-05,2.448509531667342,3.5448691713004736
2021-04-06,2.3898604505802856,3.999236574689914
2021-04-07,3.7433912216364345,5.406999240537974
2021-04-08,2.432570518551868,3.228401678453421
2021-04-09,1.9794631346393103,2.444940720454902
2021-04-10,3.023446884386562,3.650088601464156
2021-04-11,2.6339361688031713,2.9859204748956807
2021-04-12,2.704255539857001,3.4178953598616375
2021-04-13,3.399216521610325,3.919553132367675
2021-04-14,4.398251474687864,6.042689739924364
2021-04-15,2.6197042066659826,4.328008639936697
2021-04-16,3.736910097162338,6.348443342638179
2021-04-17,2.949511630780895,4.6507078746107435
2021-04-18,10.505627736783191,12.27387702693916
2021-04-19,4.513399069798305,6.273926031615096
2021-04-21,3.99512320401259,6.4056052235020005
2021-04-22,6.149626025227736,9.234087197717706
2021-04-23,7.072799217393806,11.263983388311036
2021-04-24,4.246025328286977,7.126225985908448
2021-04-26,5.117734346742427,6.473864217067839
2021-04-27,3.0642980961789057,4.753726302275356
2021-04-28,3.675078657091921,5.541444559325263
2021-04-29,3.381247604860492,4.4041751565593295
2021-04-30,3.1651192963134505,3.5091249056020577
2021-05-01,2.708708388424512,3.372485068501787
2021-05-02,2.718215619432179,3.1525540295644303
2021-05-03,3.269013145376526,5.356687778205035
2021-05-04,4.559475003583137,9.011841952940394
2021-05-05,4.128512806634439,6.06505561364753
2021-05-06,4.1604305327854085,5.606328752610546
2021-05-07,3.734039893531729,4.7102572667195775
2021-05-08,3.657397870231306,5.060036861079775
2021-05-09,3.434350925878983,5.600799420892348
2021-05-10,5.274137680497556,10.365434184466965
2021-05-11,4.035333362989594,6.673401941954431
2021-05-12,6.480342251382464,9.322865259120686
2021-05-13,10.4541712435096,14.49497591793829
2021-05-14,4.391780721671619,6.633227094562527
2021-05-15,5.709721859754124,7.372785552942762
2021-05-16,7.195895975474071,8.58073616312435
2021-05-17,8.595336798918405,10.44099580215947
2021-05-18,6.696286528186833,8.485213889106378
2021-05-19,26.540395275360407,40.49314526605723
2021-05-20,11.532522739262822,17.24192044472086
2021-05-21,13.354372847497006,17.112654608428915
2021-05-22,8.511639274367685,11.995084328688309
2021-05-23,13.043099938148297,18.45061002450224
2021-05-24,9.60573277646274,13.633661737036531
2021-05-25,7.141995483580518,12.368140389752796
2021-05-26,5.867009417272877,8.864980808852605
2021-05-27,5.9233644095112545,8.021244372523354
2021-05-28,7.797384309025269,9.79077585957021
2021-05-29,7.259912446265247,9.413373526631696
2021-05-30,5.13799387358832,7.67766609778864
2021-05-31,5.254296106012949,7.407373326333763
2021-06-01,5.181406732139044,7.030046903864466
2021-06-02,3.533061586263602,5.093335582397313
2021-06-03,3.537342872134116,5.270786700105972
2021-06-04,5.097070093835378,6.561479336308297
2021-06-05,5.173126203193588,6.062915043500631
2021-06-06,3.4004620103601884,4.107766207388397
2021-06-07,4.340835654100468,5.432424883000719
2021-06-08,5.957754369716678,7.894805530965451
2021-06-09,6.925320906183884,7.362188034808868
2021-06-10,6.007291223850646,4.910543793818811
2021-06-11,4.459493208133368,4.63863249396874
2021-06-12,4.651346699851762,5.440148239046552
2021-06-13,4.49823868823033,4.65425691647196
2021-06-14,4.415513495980685,3.855922054579196
2021-06-15,3.9339570480640926,3.958341503026744
2021-06-16,3.949922034339625,4.049187992089744
2021-06-17,3.4696814090999992,3.9641054351090625
2021-06-18,4.33549559590091,5.102330640274942
2021-06-19,4.103690022984525,4.244794599430061
2021-06-20,4.302013720976837,4.9685721568004055
2021-06-21,8.768894716809756,10.249319168564815
2021-06-22,8.905515207058256,9.64608258295255
2021-06-23,6.293114552590451,6.686544997206586
2021-06-24,4.624281222650546,4.8598017427616815
2021-06-25,6.1577485208287275,6.661008623230806
2021-06-26,6.418018741548915,6.206292356744174
2021-06-27,5.1987564565969455,5.460083012880373
2021-06-28,3.837745769043744,5.749125497377893
2021-06-29,4.072846157819535,4.779879906724862
2021-06-30,3.995927096015467,5.5916500269358504
2021-07-01,4.485328145150768,5.852750269097274
2021-07-02,3.479200402345285,4.740383049912476
2021-07-03,2.6556926668880285,3.7759149618494297
2021-07-04,2.25850006526522,3.879741417370666
2021-07-05,3.572667518354973,5.137990222241781
2021-07-06,3.9666101169616894,5.218968834443823
2021-07-07,2.8631236715822252,4.002323568922297
2021-07-08,3.8942600111774657,4.780831675919356
2021-07-09,2.872117129564783,4.8269587033521875
2021-07-10,2.5597218615676307,4.026256689428634
2021-07-11,2.2679401099935292,2.9262152179906553
2021-07-12,2.6180831861733815,3.4290382526883953
2021-07-13,2.71246129517718,4.064426452289529
2021-07-14,3.4696147456899853,5.137230323951242
2021-07-15,3.4004194537136865,5.082809959311971
2021-07-16,3.10962325061823,4.3450312619862
2021-07-17,2.5998141186011874,3.5989711944663605
2021-07-18,2.3118223836650498,3.87073373464769
2021-07-19,2.5348744269943726,3.687764074306304
2021-07-20,3.392851430799462,4.894171359296688
2021-07-21,4.26163211037573,5.280303038051994
2021-07-22,2.983538567934207,4.620642136542682
2021-07-23,2.529017008981117,3.695679451705949
2021-07-24,2.44228882298002,3.3855474800198606
2021-07-25,2.8031943707401132,3.4235192398534204
2021-07-26,8.91999537656135,7.120824025405814
2021-07-27,5.053108494444782,5.7109437197135104
2021-07-28,5.344952051292374,4.995553685044178
2021-07-29,3.19245284116588,3.1413069737899284
2021-07-30,4.054211725962367,3.9757879355087526
2021-07-31,3.0773830714620405,3.316656490127729
2021-08-01,3.745676559832795,4.88428260349927
2021-08-02,3.317921421246527,4.3463759774136035
2021-08-03,4.128557881800366,5.125324480051717
2021-08-04,2.991891640572264,4.584361383611396
2021-08-05,4.600818773693474,6.934911565019805
2021-08-06,4.612471445082898,4.477958389441707
2021-08-07,4.558006102222496,5.552674769183814
2021-08-08,3.979599679695801,5.154241822453664
2021-08-09,4.69843123196856,5.3211724236566305
2021-08-10,3.3319820224661907,4.917632756761239
2021-08-11,2.7962939664156536,3.917662857401897
2021-08-12,3.2709171381200832,4.544308128257779
2021-08-14,3.253594215435363,3.4846425169408612
2021-08-15,3.0819966342623575,3.5660234521726375
2021-08-16,3.1314279387239017,3.644779313764336
2021-08-17,3.5892061904634662,4.793615836038783
2021-08-18,3.557129483450103,4.754934193968313
2021-08-19,3.4533917902534403,4.081214533511331
2021-08-20,2.9437556511979666,3.391219410523895
2021-08-21,2.8147867230034023,2.87284407579451
2021-08-22,2.32306397232974,3.1356556032352434
2021-08-23,2.414308586722329,3.2071705012005283
2021-08-24,2.904192783637736,3.569919201857518
2021-08-25,3.0025698328048036,3.891984569292908
2021-08-26,3.5429589403269,4.353311121829517
2021-08-27,3.0134932307401527,3.4056432327914012
2021-08-28,1.8981236587834935,2.150841970412917
2021-08-29,2.5012464394113634,2.906552774049844
2021-08-30,2.6533208053988373,3.5409671765249784
2021-08-31,2.745764734226311,4.485674668773599
2021-09-01,2.7161722243903443,4.346545533141647
2021-09-02,2.7204689213938997,3.597629246933029
2021-09-03,3.2223044775794047,3.925298497498119
2021-09-04,2.2465153191994407,2.7107391453870684
2021-09-05,2.2163424831776983,2.5098184294580124
2021-09-06,1.857390425845982,2.2948434792260595
2021-09-07,14.097545362009331,19.29688761993984
2021-09-08,4.664992816253618,7.044059053915891
2021-09-09,3.4173753133703513,5.196730932695472
2021-09-10,3.2864941216917103,4.969085854279016
2021-09-11,2.2928203195725105,4.0099690992249
2021-09-12,2.898292397187242,4.31430036546951
2021-09-13,5.610638162392686,6.909752240663411
2021-09-14,2.9680564499893896,3.9537103420952993
2021-09-15,2.0713696173985117,3.2403747123513007
2021-09-16,2.6921891523501036,4.324978125284369
2021-09-17,2.4100425854350584,3.958640989377936
2021-09-18,2.1895458315115515,3.4283653621066925
2021-09-19,2.233809715605748,3.3380664256070385
2021-09-20,5.6675233249610235,7.371689411384297
2021-09-21,7.756023135829265,9.24452110603381
2021-09-22,4.5033934854053195,6.052471907795522
2021-09-23,3.493117242709006,4.229578042087721
2021-09-24,5.082694942228933,6.705261190561447
2021-09-25,3.6381403589622545,6.121661829409961
2021-09-26,4.618904912540389,6.35943789718709
2021-09-27,3.657737136990208,5.127018820207098
2021-09-28,3.958566905663477,5.480175191483535
2021-09-30,3.513278368964744,4.481687651940872
2021-10-01,4.784439781740798,4.513993268934586
2021-10-02,2.2426725500556333,3.709238183158087
2021-10-03,2.6289313365182716,3.3660718026114984
2021-10-04,3.75197505598542,4.338717425079781
2021-10-05,2.844719158997305,2.9256466555711853
2021-10-06,4.809504636826993,4.352548595190264
2021-10-07,3.452533018445609,4.008544981563186
2021-10-08,2.9930747656405474,3.246437223366119
2021-10-09,2.3207857974176984,2.409036423884052
2021-10-10,3.156640659905384,3.6566737408990586
2021-10-11,2.9556399202404604,3.946889367699137
2021-10-12,3.1695184259927567,3.9767218511221105
2021-10-13,3.6889139841867697,3.5780805978330545
2021-10-14,3.0901016203402105,3.467543865837196
2021-10-15,3.9170068187614504,3.3259172156761574
2021-10-16,2.674977661824837,2.9484911928558155
2021-10-17,2.957456579246951,3.373663039994703
2021-10-18,3.429779454597643,3.902053582598792
2021-10-19,3.079735630298195,3.330848246987349
2021-10-20,3.079870520970593,3.0669593272870928
2021-10-21,5.5060908172963945,6.2717202782686226
2021-10-22,3.5320988289984987,3.603410999283853
2021-10-23,2.6605678197575995,3.0378188962220674
2021-10-24,2.513450840531055,2.9735277872790684
2021-10-25,2.3623649125739816,2.5119164762284107
2021-10-26,2.9004195006509983,3.2230635382231796
2021-10-27,4.243949707375129,5.829177201668605
2021-10-28,6.675609015844071,4.33061991128134
2021-10-29,3.4358549677105277,3.7550389877666985
2021-10-30,2.3911125180554964,2.7632078045643653
2021-10-31,2.4427369365700264,3.1514441996659945
2021-11-01,3.1402386865351595,3.6409343664906806
2021-11-02,2.98958772153389,3.087350854650978
2021-11-03,3.0310474001253316,3.1547814287174876
2021-11-04,2.5472679010033925,3.0040480252094865
2021-11-05,2.4356500853134735,2.6037408950670846
2021-11-06,2.14184555426765,2.661240835705957
2021-11-07,2.012736685464693,2.0678505354535
2021-11-08,2.956554489297224,2.410373512552998
2021-11-09,2.837516785884995,2.545739157226005
2021-11-10,5.95151490624626,5.294348832750786
2021-11-11,2.779988499496922,2.988028473662422
2021-11-12,3.2379665208910695,3.96456721073934
2021-11-13,2.1955069771214606,2.545892313448528
2021-11-14,2.2274942699421594,2.368445174474693
2021-11-15,2.3376955426566663,2.763156813306181
2021-11-16,4.965274144918137,5.746757559189989
2021-11-17,4.175879276953022,5.010909005118582
2021-11-18,4.6028706306662865,5.08087520448558
2021-11-19,3.233697517116164,3.688225961466481
2021-11-20,2.8506608683777457,3.155641540174995
2021-11-21,2.5358736051301225,3.241435603753273
2021-11-22,4.400618583926121,5.060311143063488
2021-11-23,4.125751835587347,4.605801243064738
2021-11-24,2.956354198389369,4.000069834053192
2021-11-25,2.4486889251843036,2.9632708539111077
2021-11-26,4.1374746213073115,6.10743419008671
2021-11-27,2.9645780613220083,3.4970132198334385
2021-11-28,3.529823730238496,4.208003940527467
2021-11-29,2.801736885913515,3.425000077608021
2021-11-30,4.063122843894291,5.028162446041744
2021-12-01,3.472645867529371,4.266724886837864
2021-12-02,3.454582382245853,4.434609134351473
2021-12-03,4.09466183851194,4.999200705729656
2021-12-04,8.740855125331061,8.314472318116845
2021-12-05,4.254482421180288,4.751380831899498
2021-12-06,5.513536714011329,6.031163110332954
2021-12-07,3.1989349619864105,3.792814323130731
2021-12-08,3.8369094076476338,4.100210575016342
2021-12-09,3.620816306446596,4.436812889982006
2021-12-10,4.853155387065187,6.029692850773623
2021-12-11,3.768632587811976,4.694997618638426
2021-12-12,2.3340256591675903,2.643690553877683
2021-12-13,4.007920211687456,4.770460246713754
2021-12-14,4.125689286981454,5.0398210479095065
2021-12-15,4.267135463813496,5.308022865621523
2021-12-16,2.813477815301925,3.593580761766519
2021-12-17,3.932085908295652,4.806755844228001
2021-12-18,2.68952882064392,3.881750595492223
2021-12-19,3.185469985557634,3.53004681880338
2021-12-20,3.0524143777993387,3.981452362933871
2021-12-21,2.6948714703850216,2.8763200611269935
2021-12-22,2.1976014689138035,2.558205651090052
2021-12-23,2.5687988345560777,3.0469229446059267
2021-12-24,2.5149412575928074,2.565974439548693
2021-12-25,1.8928653089676233,2.1748303166119753
2021-12-26,2.3240918994406328,2.0189177741697764
2021-12-27,2.169948271488836,1.9303008389012415
2021-12-28,3.530125295209643,3.694196861061419
2021-12-29,3.2844221493787766,3.6053998659760502
2021-12-30,2.6498957354446984,3.0628703473502457
2021-12-31,3.231845235339311,3.450630923517601
2022-01-01,2.6794015722248075,2.6656664515534323
2022-01-02,2.3249429366031342,2.398778918324895
2022-01-03,2.3791710918791247,2.64289672044714
2022-01-04,2.891382549814775,2.90185380999806
2022-01-05,4.268937749183942,4.886982902667214
2022-01-06,2.8777932199176415,4.117491839810043
2022-01-07,4.602518931227037,6.407207336537714
2022-01-08,3.1089545831918817,4.435355869322144
2022-01-09,2.655708089913563,3.212002154922134
2022-01-10,4.662846267944348,4.975854489685146
2022-01-11,3.0880423904762537,3.552243246963138
2022-01-12,2.525336177622175,3.0224271314407787
2022-01-13,2.9156945431144052,3.5420750053516534
2022-01-14,2.731946763338312,3.1211160589045597
2022-01-15,1.907458731769085,2.2102778714778113
2022-01-16,1.9226382176328412,2.5083200359661406
2022-01-17,2.4756197223965697,3.3431393816946064
2022-01-18,2.567479987368555,3.455267580624853
2022-01-19,2.83852077872568,3.635923410239334
2022-01-20,3.0088855773812617,3.6077205494949
2022-01-21,6.9583701089988415,8.861323313699073
2022-01-22,7.035397254304947,10.335275787370762
2022-01-23,4.1045705840675755,5.638305045413544
2022-01-24,6.577936992464503,8.389849309137484
2022-01-25,4.269077775071767,5.533410614438505
2022-01-26,5.753785322029123,8.407585447985145
2022-01-27,4.608819283648213,6.347022139807404
2022-01-28,3.709570017239265,5.776140460363604
2022-01-29,2.921700604930114,3.974029235804216
2022-01-30,2.317599561122343,3.60481014899309
2022-01-31,3.09182904455252,4.52780470698166
2022-02-01,3.1676027237065454,4.009291861509785
2022-02-02,2.859327246904311,4.7077320223349
2022-02-03,3.2595117391638153,4.785269167709302
2022-02-04,4.140439193694014,4.84261063053607
2022-02-05,2.574900561921612,3.4840497421780374
2022-02-06,2.587024627163808,3.009738555592035
2022-02-07,3.107222305071981,3.217282669581376
2022-02-08,3.8274929986598623,3.7933081993769977
2022-02-09,3.095035482309778,3.47163022402154
2022-02-10,4.697776581684842,5.310554863582418
2022-02-11,4.211389014493762,5.014287995572816
2022-02-12,2.736278636622568,4.14289845883386
2022-02-13,2.1643773874618413,3.3121545900410276
2022-02-14,2.3956933941831267,3.309274450901172
2022-02-15,2.354017015894899,3.3969843565819833
2022-02-16,2.090337256252215,3.1996211434357895
2022-02-17,3.311713725060378,4.243919399591423
2022-02-18,3.5936106554960636,4.409245971025128
2022-02-19,1.9511508808590352,3.146128081149831
2022-02-20,2.6352283543312427,3.926117200591158
2022-02-21,5.360137155739142,6.537764656916647
2022-02-22,4.184275565376122,5.333452306049288
2022-02-23,3.2532446972574567,4.320084007457739
2022-02-24,7.565240626078454,9.362252628066042
2022-02-25,4.285935999665709,5.769358133628424
2022-02-26,2.936076706916994,4.116120748368531
2022-02-27,4.336497500559181,5.750698051522197
2022-02-28,6.210017118128599,5.763475684763506
2022-03-01,3.7950015149262057,4.870699724676885
2022-03-02,4.060114094685597,5.150193321306327
2022-03-03,3.282732045398555,3.6110980037886495
2022-03-04,4.422305761918841,4.731686879654048
2022-03-05,2.233807528050119,2.4818367941949258
2022-03-06,3.319474627195972,3.112303353296294
2022-03-07,4.331628792073467,4.33537225050734
2022-03-08,3.889082024928634,4.816383663252287
2022-03-09,3.7993664960722833,3.722822045379421
2022-03-10,4.946514835500805,4.401307071705891
2022-03-11,4.0208917983774155,3.973152228074192
2022-03-12,1.83402617189352,1.993812074103742
2022-03-13,2.6530056647948004,2.7713917968349624
2022-03-14,3.5996502121423086,3.451904404261277
2022-03-15,2.7576917315872156,3.0214927675242356
2022-03-16,6.481253795583585,5.05368412402886
2022-03-17,2.3337680780313197,2.582959034953398
2022-03-18,2.4772541534959687,2.982725199827299
2022-03-19,1.6675032071192315,2.236072573401408
2022-03-20,1.936751991207484,2.5801292795869757
2022-03-21,2.632947533840306,3.177841808992365
2022-03-22,3.376447565871308,3.356219500227505
2022-03-23,2.3509793312388383,2.9385817573262214
2022-03-24,2.3372752727633337,3.1250705992996335
2022-03-25,2.0756561370045152,2.7719454846715585
2022-03-26,1.444414847834462,1.740592203635548
2022-03-27,3.598039371369117,2.749515805196408
2022-03-28,2.632188966595275,3.0671602050187814
2022-03-29,2.1759833255262717,3.256437614127027
2022-03-30,2.0938332592272664,2.7180991471596743
2022-03-31,2.5864970701147003,3.011629352368864
2022-04-01,2.815489874396812,3.259417760906714
2022-04-02,2.686728102941838,3.0510253096300355
2022-04-03,2.624014838877142,2.703361980402246
2022-04-04,2.2423623438613314,2.6032458212127385
2022-04-05,2.2510239566761134,2.848692945497772
2022-04-06,3.3541852949969018,4.639474335114404
2022-04-07,2.6083156475692864,3.392056369288117
2022-04-08,2.815714114492733,3.2999229382614037
2022-04-09,1.5648846238222345,2.362262767783638
2022-04-10,1.8722220541876693,1.9657585453640471
2022-04-11,3.544666748772144,3.9127308875978346
2022-04-12,2.8605236937143395,3.3434303209576273
2022-04-13,2.9528276647731757,2.924772706156962
2022-04-14,2.220118239164837,2.436934354262074
2022-04-15,2.2256248794673876,2.2232192745812904
2022-04-16,1.4456461263640796,1.6215266141083615
2022-04-17,1.7555241583668817,2.2471877005270917
2022-04-18,3.239940379903483,3.636965752333104
2022-04-19,1.8674335635209287,2.38886718095895
2022-04-20,2.181227938223831,2.8541314192802982
2022-04-21,3.127364136386763,3.1114443106016254
2022-04-22,2.8664243357778396,3.002649999374795
2022-04-23,1.5002481604126583,1.8871625436944457
2022-04-24,1.9532653212258673,2.0950218650342407
2022-04-25,3.925874700273449,3.6800014636640914
2022-04-26,3.4819658422623627,3.732209839530319
2022-04-27,2.9540863275375924,3.413698584303334
2022-04-28,3.4173385075707228,3.660528295383981
2022-04-29,2.6710917484974326,3.079649832916363
2022-04-30,1.9958974196607475,2.7681216800842003
2022-05-01,2.3874117030504607,2.9431069164264536
2022-05-02,2.7124535165206116,3.0324519385350626
2022-05-03,2.0026152022294874,2.479866178551702
2022-05-04,2.562480699241196,3.4216361359087775
2022-05-05,4.386382364400367,3.842184173319525
2022-05-06,3.265280613527307,4.024551699078536
2022-05-07,2.246330860657895,2.636791163159336
2022-05-08,3.323142258000711,3.707548766446496
2022-05-09,7.0076285424414895,7.36759174383301
2022-05-10,6.551265322979718,7.273519332017687
2022-05-11,10.563317425100903,12.332561937113258
2022-05-12,10.55265652569123,14.18919836209238
2022-05-13,5.5963325173804925,7.120408819447902
2022-05-14,3.6368961314239647,4.523677522961393
2022-05-15,3.7680811442644457,3.997483678527285
2022-05-16,4.315596849852291,4.929388061877223
2022-05-17,3.574036775418974,4.2224017378302285
2022-05-18,3.5828959402186547,4.413427633094407
2022-05-19,3.6136619830665886,4.620059946143843
2022-05-20,3.4034021589831274,4.044537737457134
2022-05-21,2.1528298877350536,2.7914410170568713
2022-05-22,2.572991181754681,2.613530780404644
2022-05-23,3.0767807461606744,3.443188309612135
2022-05-24,2.6704968144328936,3.1378230467662025
2022-05-25,2.6978948765434443,3.2663852627388827
2022-05-26,3.9987696093198375,5.729568824052545
2022-05-27,3.5616923910846516,5.985388275712072
2022-05-28,1.9366971039891592,3.723994297223411
2022-05-29,1.6555487914934492,2.662245037143798
2022-05-30,3.749323789662347,4.122259506994714
2022-05-31,2.9937818349035745,3.895848909742578
2022-06-01,3.425035463401261,4.443511944457973
2022-06-02,3.0838140642786556,4.3810242937247255
2022-06-03,2.4472101784219036,3.5054778167988667
2022-06-04,1.55019969799587,2.344809264276821
2022-06-05,1.7468715734811218,2.4349054962653884
2022-06-06,2.677892445259875,3.24138803540441
2022-06-07,6.088011495675243,7.154892757368126
2022-06-08,3.944151131770389,4.422325228843335
2022-06-09,2.3701283232807864,2.941891864260506
2022-06-10,3.719154065250312,5.152355673473393
2022-06-11,2.831976654401254,5.927620863449267
2022-06-12,4.468507347602634,6.897762221269886
2022-06-13,8.808897166576775,12.619686815065691
2022-06-14,8.967814386220791,11.007696934847935
2022-06-15,10.102841391827774,14.840389037616694
2022-06-16,5.810362351276115,8.42453257793639
2022-06-17,4.589124820996198,6.333516713140325
2022-06-18,8.654986107461356,10.597984290358022
2022-06-19,8.254605939698562,10.248824194115048
2022-06-20,5.774277338192372,7.4362632601425425
2022-06-21,4.78921531528747,5.8091268931367015
2022-06-22,4.866397216738681,5.9079109521627915
2022-06-23,4.056704451795409,5.103524585299648
2022-06-24,3.5722534731796785,5.106492696871216
2022-06-25,2.642179322296551,4.437528196975338
2022-06-26,2.725688044266052,4.127153558312918
2022-06-27,2.9240244808042046,4.1362315056560215
2022-06-28,2.6092547218678046,4.178261729500786
2022-06-29,2.977100555846986,4.781964762065857
2022-06-30,4.948849526608438,7.056530740928202
2022-07-01,6.08791270455859,7.024785001652464
2022-07-02,2.1902567925917182,3.6846084837976174
2022-07-03,3.4287312748973453,4.198569399391553
2022-07-04,3.0838702272584437,4.3360435231801455
2022-07-05,3.818629319119957,4.814057094069181
2022-07-06,3.8127157698189538,5.340309924694978
2022-07-07,3.0534511245603,3.853190812789465
2022-07-08,5.1782825244557875,5.320070813180192
2022-07-09,2.8439139020212383,2.937795262540789
2022-07-10,2.7763624852298703,3.3427464399551834
2022-07-11,2.816749590888812,3.5389096175523376
2022-07-12,2.9401516056101693,3.6317700023282815
2022-07-13,5.655666501946593,7.233578785480155
2022-07-14,3.550001617989208,4.8032827735912305
2022-07-15,3.30131718989847,5.408845715396262
2022-07-16,3.077267145763136,8.329200151056982
2022-07-17,3.0369469005517944,5.714993083164628
2022-07-18,4.961144391106695,6.935502103650229
2022-07-19,5.487482621464876,7.140719097760642
2022-07-20,4.952533651613372,6.499340191950467
2022-07-21,3.969462400576265,5.684746588645158
2022-07-22,3.6427344356679097,5.1520602229868135
2022-07-23,2.9598798051962065,4.460969379420223
2022-07-24,3.197977836958503,5.886152853341767
2022-07-25,3.5494714778585887,5.910660240298934
2022-07-26,2.6493147661064707,4.694549979221711
2022-07-27,3.7416706774198354,5.811953772026038
2022-07-28,4.199622076003356,6.082456750662568
2022-07-29,3.8260897167017847,6.172967996119488
2022-07-30,3.309207777787335,4.840763267766021
2022-07-31,3.324359629406718,4.423117443526315
2022-08-01,2.6322727212348145,3.8130097870492903
2022-08-02,3.6452937612062217,6.029125845635329
2022-08-03,2.507486408447675,3.836209440030761
2022-08-04,2.8026284197200515,4.007618665501248
2022-08-05,2.8083417170272114,4.565844434576652
2022-08-06,1.658877820433386,2.8704818440288
2022-08-07,1.564289519615495,2.3845860608959484
2022-08-08,2.471927504612899,3.81967123400693
2022-08-09,2.066242369787501,3.206846791657978
2022-08-10,3.478041365359307,5.2708451823630735
2022-08-11,3.020371608089455,4.200524732763392
2022-08-12,2.2041235526855414,3.147506826824216
2022-08-13,2.2154938757145453,3.12606605646639
2022-08-14,2.0194068134000527,2.9471425809916587
2022-08-15,3.136220531202349,4.504724553146906
2022-08-16,2.3669545110092516,3.728429729889633
2022-08-17,2.6740727758000125,3.938529423457107
2022-08-18,1.8098717068244512,3.093423538074121
2022-08-19,4.649796199862079,5.042672395706703
2022-08-20,2.637086374523603,4.675573207675262
2022-08-21,2.5781538145068237,4.5792655789036045
2022-08-22,2.6174620939026165,4.675075884354721
2022-08-23,2.665420432973266,4.5551324589494
2022-08-24,2.422330099141294,3.665957278724579
2022-08-25,1.9035599178391889,3.1066812743672148
2022-08-26,4.122501109660166,6.044594346094699
2022-08-27,2.189356075316165,4.1204022710869666
2022-08-28,1.830286595397028,3.2933577431487846
2022-08-29,2.4429353560088063,4.220517435198489
2022-08-30,2.8660535134676457,5.447614590228602
2022-08-31,3.0093720484393827,5.45701984474682
2022-09-01,2.633701068645301,4.526311693935059
2022-09-02,2.625778177845351,4.476485267442788
2022-09-03,1.4617371645964945,2.6428929544987256
2022-09-04,1.5262578057243277,2.410421462365465
2022-09-05,1.641430554798029,2.693326537542855
2022-09-06,3.1964570669207535,4.8222720910630645
2022-09-07,2.6140157446786145,4.980262559999639
2022-09-08,2.4552597297567527,4.177452058515296
2022-09-09,3.5367092469004366,3.883516787306616
2022-09-10,2.6466403632067292,3.26929310501008
2022-09-11,2.465946631309037,3.194195291240603
2022-09-12,3.3463956131504324,3.850859740951966
2022-09-13,5.189252442985247,6.452840285251046
2022-09-14,3.1699021645830383,4.358754479788607
2022-09-15,3.2179695517370184,6.411101712043979
2022-09-16,2.396023024688063,4.718996999337906
2022-09-17,1.8946312907950316,2.810797001857766
2022-09-18,2.5403625342987497,4.645257291352564
2022-09-19,4.644730244777397,5.374635099520344
2022-09-20,3.438653396368058,4.5195545519055
2022-09-21,6.705953465556604,7.830619128059975
2022-09-22,3.548372482747407,4.989685831942773
2022-09-23,3.293822599197158,5.5174207156381705
2022-09-24,2.475568182201883,3.1899303338435927
2022-09-25,2.11058927654614,3.38949242770775
2022-09-26,2.8636732312373576,3.885782006954961
2022-09-27,4.180258282997792,3.8695668142033233
2022-09-28,4.090925708844682,4.754314428806892
2022-09-29,3.766307712845584,4.153960697496575
2022-09-30,3.6054785100917144,3.875533590818317
2022-10-01,1.373835982518017,1.7827811293753753
2022-10-02,1.8425307300193632,2.5943557510875443
2022-10-03,2.1810810353175425,2.6541282963512822
2022-10-04,2.39487429962263,2.332866736048754
2022-10-05,2.5135738393721896,2.5575412598147316
2022-10-06,2.559397458261226,3.0701096825398535
2022-10-07,2.119618147412085,2.2990329975759147
2022-10-08,1.1489129973661334,1.358182226296829
2022-10-09,1.3404594367661362,1.555280277528385
2022-10-10,1.9083837089565336,2.2632421336652975
2022-10-11,1.875314754544456,2.317526092380241
2022-10-12,1.392844040205082,2.059664250408818
2022-10-13,3.82251614364038,5.106802661821072
2022-10-14,2.7542781857911907,3.1691430492845987
2022-10-15,1.0625217003323977,1.7392549274336704
2022-10-16,1.4473204556735737,2.0773049136932995
2022-10-17,1.7673670696628625,2.161253560323902
2022-10-18,1.8000794357168983,2.2821865163081863
2022-10-19,1.4434296045946036,1.9711408922370648
2022-10-20,1.7398830524306736,2.197530339839284
2022-10-21,1.9671581250016483,2.4438748807203203
2022-10-22,0.5925765671365859,1.3074606024429831
2022-10-23,1.3793793784259778,2.051675052896759
2022-10-24,1.5829713240918868,2.5313916821148372
2022-10-25,2.8491523654976976,5.953941132247765
2022-10-26,3.2936530005101146,5.077155716081191
2022-10-27,2.302154414305526,3.830025782419602
2022-10-28,2.0116521351733354,3.526587016534074
2022-10-29,1.933459997209952,3.804212823397706
2022-10-30,1.4885034968583928,2.6997684008331793
2022-10-31,2.280836294434523,4.464824038193278
2022-11-01,1.347025735338785,2.683999913307304
2022-11-02,2.380861936535074,4.893407582081145
2022-11-03,1.506371329564529,2.7772960784870913
2022-11-04,2.7976813976614343,3.966556010516932
2022-11-05,1.480625882819585,2.093190244875578
2022-11-06,1.405274204327348,2.853955404582903
2022-11-07,1.8750077848560285,2.987118327782941
2022-11-08,8.594907338298315,11.068526191485532
2022-11-09,9.036351710108049,12.678781134119763
2022-11-10,9.537147202001789,12.78943157694783
2022-11-11,6.09943272278049,8.763965790951147
2022-11-12,2.3057276702977187,4.092672137753079
2022-11-13,2.891735706347533,3.944144489464184
2022-11-14,5.907602694451701,6.479712443195725
2022-11-15,3.1423220798624363,3.722755677245307
2022-11-16,2.4320827573574193,3.368588418489308
2022-11-17,1.9742706477982648,3.4683377136251035
2022-11-18,1.81929951297583,2.229417359354985
2022-11-19,1.0307933628290047,1.551583090413664
2022-11-20,1.8675470213747123,3.7520455986671704
2022-11-21,3.531397414293421,4.792100268032895
2022-11-22,2.563827982873673,3.7117771379732583
2022-11-23,2.467685592751605,3.5737961038759356
2022-11-24,1.7719184959489258,2.621313944658306
2022-11-25,1.4722868340331252,2.4904372967762813
2022-11-26,1.2000666636455124,2.057798820181098
2022-11-27,1.1185841835777453,1.900869543621261
2022-11-28,2.093230365996769,2.7398434030509233
2022-11-29,1.533675350075912,2.4422185844743027
2022-11-30,2.8208823838232715,4.484620584935875
2022-12-01,1.58663023154095,2.3166354949157717
2022-12-02,1.535784948031431,2.224546090487521
2022-12-03,0.9158371386571188,2.1223244143399653
2022-12-04,1.3194567929598966,1.924353849536914
2022-12-05,1.7048085741630266,2.1431836261962283
2022-12-06,1.2182433749628323,1.9063422452637329
2022-12-07,1.371747964189072,2.24707148734568
2022-12-08,1.436386299989484,2.274083389388376
2022-12-09,1.0619303358026797,1.980473259674009
2022-12-10,0.6435287846735891,1.2167674382276212
2022-12-11,0.8298710050514375,1.3904643319453172
2022-12-12,1.1524816540659593,1.972527894013084
2022-12-13,2.681592410811304,3.9751741815228017
2022-12-14,2.5137032942094844,2.642352995061739
2022-12-15,1.6375935136989452,2.0995535404066428
2022-12-16,2.3545676089980216,4.1781604412895454
2022-12-17,1.2817423048551688,2.0467884031211105
2022-12-18,1.006433053520089,1.8731835477643557
2022-12-19,1.7722334041548242,2.359873955932529
2022-12-20,1.9118336062962935,2.628748173657083
2022-12-21,1.147453030566448,1.6132475315720085
2022-12-22,1.4077338964539146,2.6875644459595245
2022-12-23,1.0256322842521253,1.499049051262689
2022-12-24,0.5137838546331726,0.7129916853127803
2022-12-25,0.8250395280344996,2.1362963301275375
2022-12-26,0.6320595199081609,1.048188617999524
2022-12-27,0.99853823121268,1.197076378113196
2022-12-28,1.2816148912904637,2.0587601248835985
2022-12-29,0.8331990500074221,1.3711534978677946
2022-12-30,1.1346278391494875,1.3402319788277477
2022-12-31,0.622054059109276,0.8903213947919547
2023-01-01,0.5420260455636012,0.8090889082122297
2023-01-02,0.9485934516048472,1.231901300726588
2023-01-03,0.8197565882346923,0.9946455276214003
2023-01-04,1.1468495121047086,2.192523064430558
2023-01-05,0.7033840336924754,1.096242958327339
2023-01-06,1.1314071869400473,1.63274513122587
2023-01-07,0.4060066182323868,0.6537289007066702
2023-01-08,0.7556228530374348,1.5947742677389976
2023-01-09,1.2438584997970663,2.10681408101556
2023-01-10,1.077534680423491,1.6910649520077956
2023-01-11,2.2959384683322877,2.908529249980091
2023-01-12,4.290829538061946,3.8573571479206854
2023-01-13,2.685735389977869,2.393186136821289
2023-01-14,5.034615997445373,6.219985963569502
2023-01-15,2.5716959020443153,2.962138592813485
2023-01-16,3.422163181151622,4.02279720385331
2023-01-17,2.5852517382194384,2.890765127012619
2023-01-18,3.46077440137098,4.167214228144407
2023-01-19,1.570449953969132,2.248013361264433
2023-01-20,2.9225484548064835,2.891522417308417
2023-01-21,3.7406573974749806,3.6797058715412354
2023-01-22,2.559034821079771,2.708537776043639
2023-01-23,2.987412576957337,3.5759511217596054
2023-01-24,2.3251021972940205,3.99652748309783
2023-01-25,3.2340090024936083,3.199756868163689
2023-01-26,1.9613242667044204,2.515861962942755
2023-01-27,2.3835324806703317,3.0503279327852453
2023-01-28,1.0213737934263527,1.8856366753445992
2023-01-29,2.321991185755312,3.1071387576106653
2023-01-30,2.3471277049488215,2.741804523559526
2023-01-31,1.9021384930502236,2.3857688485069537
2023-02-01,2.3206970503448563,3.1577805170460245
2023-02-02,2.807610992091783,4.09561272499648
2023-02-03,1.9286362340579812,2.5778905160028796
2023-02-04,1.1187766684469564,1.992186652140393
2023-02-05,1.4379968170635924,2.1134466057739156
2023-02-06,1.8279750227121367,2.3641605000892256
2023-02-07,2.1619281873688037,2.86888287604564
2023-02-08,1.6536972631006754,2.6070201557628048
2023-02-09,2.5671820857758005,3.647779828923212
2023-02-10,1.6647278644715682,2.7403900411092015
2023-02-11,1.0598607794146235,1.6565552699429895
2023-02-12,1.2801928395262014,1.7471074260371626
2023-02-13,1.997806866092526,3.135733260600168
2023-02-14,2.379901605030836,3.078447935298806
2023-02-15,3.0801833459723396,3.2098127634466964
2023-02-16,3.903201972540632,4.392952173699557
2023-02-17,3.869419985464606,3.332706058115811
2023-02-18,1.6122331127052023,1.743433955208538
2023-02-19,2.3080102711950023,2.0076930680240728
2023-02-20,2.831917565695662,2.4310659235814
2023-02-21,2.6575218542976757,2.868757367292516
2023-02-22,2.8055997883955035,3.057886733898356
2023-02-23,2.8211379824578384,2.937351501721336
2023-02-24,2.8855352836058414,3.082368918518426
2023-02-25,1.5470789338400666,1.8318976021407387
2023-02-26,1.741314900968766,1.961087813239231
2023-02-27,2.281352458790442,2.195519736604022
2023-02-28,2.0053001685262606,2.189210578569794
2023-03-01,2.558500930740683,2.5199176136749126
2023-03-02,1.7036040273556343,2.1106716639024925
2023-03-03,2.9853738349565364,3.1278990986981996
2023-03-04,0.9176838143223944,1.4042620452425614
2023-03-05,1.89243723550333,1.945399139398176
2023-03-06,1.2735110551672095,1.6723922957658783
2023-03-07,2.123205585445356,2.292599037398332
2023-03-08,1.9759623588485005,2.108575799471651
2023-03-09,3.288196969662749,3.7435947665449567
2023-03-10,3.773371919815886,4.324354306554013
2023-03-11,3.189585639167425,4.131554883632176
2023-03-12,4.0074906883584624,4.790499343908084
2023-03-13,5.643710709453524,4.828229764288427
2023-03-14,6.541380142774736,5.353598512584227
2023-03-15,4.487706431872953,4.276699300008418
2023-03-16,3.5696533701668023,3.482953025353324
2023-03-17,4.641485423372985,4.223657754737587
2023-03-18,3.6488205547089767,4.015345847084975
2023-03-19,3.0992776016018686,3.5129725779004763
2023-03-20,3.676816868219496,3.304889272316541
2023-03-21,2.830794500241574,3.149169404848983
2023-03-22,4.354644524349157,3.7119815884035976
2023-03-23,3.460631108852066,3.263991207536386
2023-03-25,1.832420564696184,1.966604890386772
2023-03-26,2.0334369904588603,2.3847091200760304
2023-03-27,2.94550070796958,2.8572737357551827
2023-03-28,2.6086517240909166,2.865694414965097
2023-03-29,2.709548583093048,2.292620700049066
2023-03-30,3.139917603187533,2.7187144662403218
2023-03-31,2.5966174404373037,2.34395889149581
2023-04-01,1.4951764828519378,1.3288206715858044
2023-04-02,1.4362866002145904,1.4928493885489105
2023-04-03,2.964044262947608,2.9717273779176248
2023-04-04,2.1250424178672436,2.8657185086066557
2023-04-05,2.4083412010811833,3.0089514541344538
2023-04-06,1.597249139088993,1.8548673968381435
2023-04-07,1.235629046514387,1.6985407649837796
2023-04-08,0.8199135060651637,1.1380048807367962
2023-04-09,1.3903765033794018,1.9265123132358704
2023-04-10,2.385532437668435,2.020396186149486
2023-04-11,2.3460948011587512,1.9982419939602325
2023-04-12,2.272149610653154,2.776582442761094
2023-04-13,1.5788398590342554,2.4425562651449773
2023-04-14,2.3963486954450115,5.004816493265833
2023-04-15,0.9950816867287744,1.7232377553551348
2023-04-16,1.1868272499029198,2.1340214133577033
2023-04-17,2.010167117164668,1.91002605953916
2023-04-18,1.9306267992103043,1.8046346897891024
2023-04-19,2.6818961543501665,3.3074250173232103
2023-04-20,2.403887401622171,2.8049627538950896
2023-04-21,2.4296073206427207,3.0594339769909924
2023-04-22,1.4052247409523002,1.5858290761760083
2023-04-23,2.051000376697892,2.3025975124029427
2023-04-24,2.3601694934389883,2.6442537817847076
2023-04-25,2.0984754322415817,2.339725401086673
2023-04-26,5.223269080677994,4.654740440829499
2023-04-27,4.478984236799404,4.048674053901981
2023-04-28,2.2647952394008755,2.0534286749461947
2023-04-29,0.9996008798233776,1.2294432357212586
2023-04-30,2.33335505360341,2.3860084471061938
2023-05-01,3.0192901313632543,2.9601679015715785
2023-05-02,2.3092681476711574,1.956390082689497
2023-05-03,2.458741838830724,2.377453014274155
2023-05-04,2.001801660828245,1.7085979850922508
2023-05-05,2.398146134160408,3.1511076108795235
2023-05-06,2.1442145501071934,2.864601005030104
2023-05-07,1.7207974624548552,2.2868405837466996
2023-05-08,3.0057885801760693,3.4513270907536713
2023-05-09,1.8234769786815537,1.808427338409014
2023-05-10,4.031845894914911,3.9716745772391886
2023-05-11,2.2482275767522415,2.5631335572630443
2023-05-12,2.732679452107879,2.6188814121599044
2023-05-13,1.5923721470993275,1.5955847713505331
2023-05-14,1.3170567087525662,1.4546837388865914
2023-05-15,1.888916736306711,1.8836818277583096
2023-05-16,1.7436467213179756,1.5867266608351902
2023-05-17,1.856418411180379,1.7307040073403743
2023-05-18,2.222268809506818,1.8964046952517184
2023-05-19,1.7909146966064355,1.5720423956034772
2023-05-20,0.8291454599288357,0.8785642142536862
2023-05-21,1.3708738815849089,1.1896505923481728
2023-05-22,1.5146264217647405,1.3649620244405938
2023-05-23,1.4127441419887108,1.6647868379962418
2023-05-24,2.0395492735599996,1.9826841740358183
2023-05-25,1.82152544240629,1.9911323673640815
2023-05-26,1.456079168185873,1.3583526262156262
2023-05-27,0.8490333445334832,0.906204133888133
2023-05-28,1.9770837609139087,2.3768053443456996
2023-05-29,1.7458518307889723,1.5559895165723892
2023-05-30,1.7453176742083203,1.6817260469953532
2023-05-31,1.7708565954876545,1.5624781212849037
2023-06-01,1.9797275238820664,1.8445864019310156
2023-06-02,1.6652921627367014,1.5958213335703673
2023-06-03,0.9307984843611248,0.837376153508033
2023-06-04,1.2205750991087168,1.2752306167663798
2023-06-05,3.1080246179158215,3.331018767367744
2023-06-06,2.92776567617306,2.570302369952924
2023-06-07,2.8847448302173064,2.3272128709805155
2023-06-08,1.799164326354525,1.3937769200569143
2023-06-09,1.605874901709286,1.4550691794085038
2023-06-10,3.190203885468137,3.358097273397256
2023-06-11,1.6345758330004254,1.7265885023117673
2023-06-12,1.7340039636755396,2.1653771932140664
2023-06-13,1.8324546869153409,2.015436997245509
2023-06-14,2.6977868247012675,3.141710695438296
2023-06-15,1.992430346091291,1.9824251446277208
2023-06-16,2.172908687147588,2.359084045369392
2023-06-17,1.6970440672827558,2.079270285620476
2023-06-18,1.2889882282009344,1.3930010340423586
2023-06-19,2.001687780115704,2.0479488672190533
2023-06-20,2.7624887974723085,2.175071239813824
2023-06-21,3.603704518590349,2.987384652012239
2023-06-22,2.5861978378605297,2.5835468529548744
2023-06-23,2.959847453733224,2.624720121064829
2023-06-24,1.641816991433256,1.5861777186873642
2023-06-25,1.6588947577939115,2.07884747005852
2023-06-26,2.2795911246686726,2.5528190015604677
2023-06-27,2.1033639485519973,2.157136623282895
2023-06-28,2.0390845859670126,2.1960343014693096
2023-06-29,1.8385502390586128,1.907980506258716
2023-06-30,4.1616117368419685,3.911301592503296
2023-07-01,0.9150491822540266,1.2863639656598151
2023-07-02,1.6642788508289623,2.499111299220313
2023-07-03,1.5831438712923944,1.8321890447673523
2023-07-04,1.3253788278746248,1.1881207690160271
2023-07-05,1.3824627774644769,1.5643522963434693
2023-07-06,2.581413220489922,2.4454065063021795
2023-07-07,1.7564184929094322,1.7155544988816538
2023-07-08,0.871135506883316,1.0296930634504862
2023-07-09,0.8962080121543642,1.2270073764533171
2023-07-10,1.859263641314497,1.725615136643848
2023-07-11,1.4554084495182522,1.200642324009228
2023-07-12,1.5823670695491971,1.4867555112055597
2023-07-13,2.409811453133803,2.728723850961755
2023-07-14,2.2979670016061853,2.577370912532403
2023-07-15,0.6934310492999156,1.018240299479196
2023-07-16,0.957449841053206,1.1756702176628546
2023-07-17,1.9293811955591595,2.1932294730183917
2023-07-18,1.5796701741297812,1.6104297997562758
2023-07-19,1.291354491832682,1.4912901922482231
2023-07-20,1.5614900827625962,1.4676394465331182
2023-07-21,1.1478675414100528,1.137971866330623
2023-07-22,0.7602828239558896,1.5090004299743394
2023-07-23,1.0122524724387856,1.1971667051420871
2023-07-24,1.9876363902609255,1.6734284429443649
2023-07-25,1.069125158481374,1.184555395686406
2023-07-26,1.416475629282454,1.4440215803810723
2023-07-27,0.9774634297377884,0.9986624197008792
2023-07-28,0.9160673389777854,0.9049971369352416
2023-07-29,0.4467151844205492,0.6101075586389902
2023-07-30,0.9101086251478272,1.0536578305117814
2023-07-31,1.1279991727346113,1.0332612048828191
2023-08-01,1.6607330655015993,1.8987579469874256
2023-08-02,1.8119205895760224,1.570855667349728
2023-08-03,1.1643732036414025,1.267301009978832
2023-08-04,1.056689779915604,1.327799657941048
2023-08-05,0.4650322653733446,0.5824844303080369
2023-08-06,0.5700132525121199,0.6892931584590243
2023-08-07,1.285724439669247,1.3803267125987675
2023-08-08,1.7389016599860572,1.4841417130030958
2023-08-09,1.483320559444731,1.124165712566464
2023-08-10,1.041120108091304,0.9374377121535854
2023-08-11,0.8063391084905968,0.7249825757045507
2023-08-12,0.2879735815686579,0.3616586235505612
2023-08-13,0.4161513511513942,0.6418020423447447
2023-08-14,1.0783618887066444,0.8322797162436394
2023-08-15,1.0198452936069369,1.4126640440962217
2023-08-16,1.1594512800099703,1.2802361498320345
2023-08-17,10.097652214960355,10.49293298348993
2023-08-18,2.9170928536863685,3.0769169167384613
2023-08-19,1.3755194240485524,1.5392222675146914
2023-08-20,1.1039837948531896,1.2728956969064076
2023-08-21,1.318887724448678,1.6014220843737412
2023-08-22,1.816864212741439,2.6097553021651874
2023-08-23,2.1109484252835298,2.451907643228878
2023-08-24,1.427065936195662,1.5019777359339963
2023-08-25,1.3187072144538776,1.6050437818064354
2023-08-26,0.5516143055902537,0.696885620000891
2023-08-27,0.5885638441968047,0.8457234326705103
2023-08-28,1.1924032270400349,1.600510129475454
2023-08-29,3.5033722573072303,2.9863969325210604
2023-08-30,1.6791721367127557,1.4716130444084523
2023-08-31,2.23775363808398,2.004720218664064
2023-09-01,2.138729759173403,1.9489565259617037
2023-09-02,0.801452726487154,0.9749632685966726
2023-09-03,1.0468931134056976,1.0755004943791302
2023-09-04,1.1483841293283406,1.1296042640766233
2023-09-05,1.190077100342052,1.40277829308644
2023-09-06,1.4943489579205016,1.805380312977091
2023-09-07,1.6860315879078314,1.4777847128508206
2023-09-08,1.57496313279768,1.3621063130942292
2023-09-09,0.5411315560716156,0.4768416175141655
2023-09-10,1.0437281500082016,1.4189952204548364
2023-09-11,1.9493059286993557,2.9180804592535723
2023-09-12,2.7333002109581206,2.671997709642379
2023-09-13,1.7583799635611113,1.9601336106084637
2023-09-14,1.8421394397132116,1.821644050574407
2023-09-15,1.406386402688557,1.4582991364635989
2023-09-16,0.955074000326387,0.9764804023223772
2023-09-17,0.7503644037311915,1.0417950989028757
2023-09-18,2.0612663610438764,1.8278214267041553
2023-09-19,2.01672480793481,1.5768709933033351
2023-09-20,1.944307921872292,1.9223248711618148
2023-09-21,1.37322793626762,1.6287621881061725
2023-09-22,1.091259286509858,1.2658202011826576
2023-09-23,0.4664963114776516,0.6732071601175034
2023-09-24,1.0310849562432822,1.0572058506202542
2023-09-25,1.4358450944735903,1.4347723619276789
2023-09-26,1.0409383877066252,1.1589929663581116
2023-09-27,1.4201414348042969,1.6120294889037423
2023-09-28,1.9963109005846915,1.926667593369218
2023-09-29,1.7353045334541777,1.9484264670308484
2023-09-30,0.6968455080761646,1.1065932095324185
2023-10-01,2.6160682058011404,3.0401253951019487
2023-10-02,2.9102317864890077,3.0907332750109946
2023-10-03,1.6148359221065465,1.5382379552021603
2023-10-04,1.7264390501820344,1.73111131770058
2023-10-05,1.8502606574768887,1.6770745318184317
2023-10-06,2.522977118499936,1.968411561721776
2023-10-07,0.8580180724818454,0.8565627249917688
2023-10-08,1.2610605916143771,1.3573317417866395
2023-10-09,1.6726081028887168,2.374082871456258
2023-10-10,1.3509386274283668,1.7304529112600775
2023-10-11,2.023459428810322,2.452575552639968
2023-10-12,1.1926210899687917,1.708664425126483
2023-10-13,1.4313187918595849,1.8659869654723087
2023-10-14,0.5884740624902889,0.8069951986356377
2023-10-15,0.9402883130484772,1.0774881467359247
2023-10-16,6.148308153849216,3.696462423076864
2023-10-17,1.995123569524336,1.661412619496485
2023-10-18,1.843677745431876,1.5747437602876198
2023-10-19,1.8090089754847536,1.7973893113196346
2023-10-20,2.5438240483776795,2.03040080870807
2023-10-21,1.4678152455377866,1.5644173383913205
2023-10-22,1.4065137098750162,1.9700509274285092
2023-10-23,6.4192541863668975,3.794160020003759
2023-10-24,5.247958921254173,4.516613744859096
2023-10-25,3.001489508679487,2.819274841643494
2023-10-26,2.25600906162513,3.3908555171920054
2023-10-27,1.7834891333562937,2.2059202922837353
2023-10-28,1.2777956208808672,1.2436198325734402
2023-10-29,1.3048784529095383,1.6398685615441435
2023-10-30,1.737356052724542,2.2923556005604624
2023-10-31,1.5845937365688505,1.9077422127135424
2023-11-01,2.581748989172185,2.8842170284937385
2023-11-02,2.2233285375025376,2.1245835978696785
2023-11-03,1.903457726279133,1.9649793486792348
2023-11-04,1.267349311098126,1.4321976142351005
2023-11-05,1.981230053423068,2.5245112744408864
2023-11-06,1.569960546630524,2.123976206421074
2023-11-07,2.144426296832445,2.184819676562306
2023-11-08,1.8333060812174475,1.5372569500383513
2023-11-09,3.760390800473929,5.167666742743622
2023-11-10,2.416831512746584,2.9575176628704956
2023-11-11,1.4168753845985531,2.3436508606072657
2023-11-12,1.2079639706908951,1.9639720323105545
2023-11-13,1.9093463002793325,3.5510978807249143
2023-11-14,2.7532321060037637,3.5564652665951053
2023-11-15,3.1666880169731217,2.752058019337296
2023-11-16,2.9315574283642976,3.6286842134037136
2023-11-17,2.641244754517679,2.74810858679586
2023-11-18,1.1249012821128876,1.700987525574378
2023-11-19,1.484008282703169,1.7541468646426832
2023-11-20,2.4072252573578217,2.6375078846640645
2023-11-21,2.6531245353208126,3.1912127800072994
2023-11-22,2.3503110791072177,2.7812008068553293
2023-11-23,1.4585947014039222,1.848963267773136
2023-11-24,2.335430476189956,2.446484859044709
2023-11-25,0.7251782525455036,1.1193079877302483
2023-11-26,1.2966296717313184,1.8180873196551448
2023-11-27,1.8313939185039227,2.2328290721093196
2023-11-28,1.953228997615277,2.153239755826281
2023-11-29,1.72602188780972,1.8396503367264736
2023-11-30,1.4662321407611096,1.698940546034662
2023-12-01,1.7939712090030024,1.919062292146802
2023-12-02,1.7806256605306596,2.3496267146368814
2023-12-03,1.4497038859080391,1.7315345002964433
2023-12-04,3.0339289361562156,3.1584434428234656
2023-12-05,2.909050592013482,3.2098182760596257
2023-12-06,2.5370398646082504,2.700551985996176
2023-12-07,1.9667506382561657,2.478556617983738
2023-12-08,1.7851122837612563,2.1010162543979147
2023-12-09,1.4449869713239245,2.321265163271085
2023-12-10,1.0801930837882388,1.5272787324362544
2023-12-11,4.3274486053716,6.009481717670844
2023-12-12,2.878187981095554,2.6552905708456436
2023-12-13,2.9172975744266862,2.772543674362359
2023-12-14,2.8257881396599784,2.785096624024675
2023-12-15,1.889711590506626,2.2793511848660297
2023-12-16,1.4240115384303582,1.6675320657017885
2023-12-17,1.951340518557327,2.0690715722503454
2023-12-18,2.6743318445244704,2.5714013163394247
2023-12-19,2.319129473890113,2.480319045546314
2023-12-20,2.6395142454864495,3.1653589011900416
2023-12-21,2.051633902043975,2.517024396992836
2023-12-22,1.9663356908401548,3.4687799977550733
2023-12-23,1.1706205964893297,1.8109375362256075
2023-12-24,1.791931583272424,2.2476707852140807
2023-12-25,1.7152851399809224,1.8478104497964043
2023-12-26,2.1849912526233792,2.2718585355277856
2023-12-27,1.9652960829862152,2.7379183494007657
2023-12-28,2.0387827593698393,3.5531058456667273
2023-12-29,2.2416889448147295,2.859486394677907
2023-12-30,1.5784447570715368,1.818416241485573
2023-12-31,1.6363274647773585,1.90640354231096
2024-01-01,1.7698854336773908,1.7817338057561822
2024-01-02,3.2412613619443835,2.9115468208054422
2024-01-03,7.019025014193538,7.121564604702388
2024-01-04,2.87717058389573,2.8027851860013544
2024-01-05,3.3538820334324217,2.8386274776262854
2024-01-06,1.369857841950835,1.5121396106574794
2024-01-07,1.8191289769005303,1.9140381369573791
2024-01-08,3.462112632249676,2.9595987425011923
2024-01-09,5.26193957054235,4.839854803532855
2024-01-10,4.701018090277255,5.076349122979358
2024-01-11,4.100528579353398,4.375745816908914
2024-01-12,4.768993233219704,5.510317377342761
2024-01-13,2.3273951603540537,2.60915847483198
2024-01-14,2.1142573894888614,2.374669427209758
2024-01-15,2.249987806590637,2.0906632544086627
2024-01-16,2.6859148054468993,2.4837378563136223
2024-01-17,1.9801967482260916,2.1922031799404116
2024-01-18,2.5324535608990675,2.298111854120921
2024-01-19,2.632011076976662,2.4742540371552124
2024-01-20,1.1259727185016537,1.2199569216717463
2024-01-21,0.8674699936244245,0.9756657612895548
2024-01-22,3.162345043503562,3.1605458001415605
2024-01-23,2.9070333304369416,3.883478130979519
2024-01-24,2.3070420812860215,2.5707191737711637
2024-01-25,1.6762792877648829,2.1227665074287225
2024-01-26,2.306547635818272,2.2602118615553835
2024-01-27,1.1293283994466554,1.1414445156470985
2024-01-28,1.835891612558974,1.803237306276191
2024-01-29,2.0737380408433697,1.8901157485075568
2024-01-30,2.1292484984368545,2.4673719777261827
2024-01-31,2.4577078143804827,2.8371236514926874
2024-02-01,2.0941647153527527,2.1228335196694386
2024-02-02,1.7871542196756007,1.7793687647861112
2024-02-03,0.9102969401478286,1.1791169074763292
2024-02-04,1.3121085074185728,1.8589358720249352
2024-02-05,1.815098346149108,1.731572743704643
2024-02-06,1.5887186067485288,2.1222545900104266
2024-02-07,1.9149391483299267,1.9801722204697223
2024-02-08,1.901661788939148,1.7958738094480775
2024-02-09,2.86563887636201,2.3325804255227607
2024-02-10,1.487801690109093,1.4073065894050096
2024-02-11,1.6514339705606218,1.5283427783131958
2024-02-12,2.6290388013111494,2.614940582994854
2024-02-13,2.681586154421769,2.9581355000669247
2024-02-14,2.547519602831706,2.51683723913463
2024-02-15,2.6130551698008,3.217553359635492
2024-02-16,2.0115969070566764,2.612172864633271
2024-02-17,1.76420670489978,1.8411558154587129
2024-02-18,1.5865375349233404,2.3276215749120666
2024-02-19,1.6603825464367936,2.66378212831689
2024-02-20,2.621321040188565,3.4218827629537616
2024-02-21,2.10559516641913,3.0219418601130332
2024-02-22,2.2203344589960277,3.3120691739140464
2024-02-23,1.755023149547539,2.433732673391549
2024-02-24,1.0512422946293989,1.5413766970935003
2024-02-25,1.1747218104433426,2.2891952510310203
2024-02-26,2.5809082123540272,2.7400291979935036
2024-02-27,3.733251871208924,3.5562595197572127
2024-02-28,5.108481482659853,5.553324452850583
2024-02-29,4.2706086327151,4.319147347421552
2024-03-01,2.8860354266477652,2.6514441260953103
2024-03-02,1.6398406479901064,1.9191150055093875
2024-03-03,1.7682986383566637,2.061405410699026
2024-03-04,4.882369245042259,4.26832364329432
2024-03-05,7.080046672824778,7.651820688101322
2024-03-06,5.084737610471326,5.226714192372336
2024-03-07,3.0681574467298236,3.958935197417658
2024-03-08,4.08915649991536,4.398769465986596
2024-03-09,1.2195209816679269,1.633230795931235
2024-03-10,2.1845183737188183,2.367614655899031
2024-03-11,3.3930880099903233,3.366533857568796
2024-03-12,3.420396742905423,3.627127788147407
2024-03-13,2.4353087655526853,2.8223766860014416
2024-03-14,3.9720031031245138,4.146638355545892
2024-03-15,6.126208893535119,5.888274324299419
2024-03-16,3.487031724058523,3.914792729947147
2024-03-17,3.6115778514134256,3.998339394507475
2024-03-18,3.63217185451312,4.037031129104981
2024-03-19,5.424334487593075,6.420647242095244
2024-03-20,5.212875864421542,6.640381392694418
2024-03-21,3.809523210141293,4.344194729938796
2024-03-22,3.676984450867135,4.302172387341675
2024-03-23,2.82331709514496,3.2022242346077916
2024-03-24,2.876559578458626,3.036709379109864
2024-03-25,3.0148353197449675,3.1862371630802957
2024-03-26,2.910637704044569,3.0678103261851373
2024-03-27,3.1330162147935816,3.31753888322179
2024-03-28,2.450801393447481,2.71046720912406
2024-03-29,1.8307463738592489,2.297563477866719
2024-03-30,1.1420163890484043,1.7961792732739683
2024-03-31,1.5690549558124194,2.0403855308599703
2024-04-01,2.3204367200058083,2.883690465049989
2024-04-02,4.310022261967685,4.53612227580232
2024-04-03,2.6930669726893828,3.5792471439724673
2024-04-04,2.6641513010247,3.2558342950008567
2024-04-05,3.1099935775384884,3.288124534754381
2024-04-06,1.7089590946548792,1.955660057806282
2024-04-07,1.9344137329638356,2.2098398071189007
2024-04-08,2.5973210405138794,3.3528129960402655
2024-04-09,2.801584599262694,3.1570327496828408
2024-04-10,3.3019538170320177,4.057528559950571
2024-04-11,2.7323925984645685,2.8809940229574584
2024-04-12,3.1854636656706368,4.40655351053562
2024-04-13,6.426356169464889,8.614159042981019
2024-04-14,4.607379420033012,5.784439475480267
2024-04-15,3.5993185762726996,4.1355872455873754
2024-04-16,4.0043200119019895,4.5206661695002754
2024-04-17,4.252205497880132,4.4473345128963055
2024-04-18,3.596199745020693,3.5197619013007686
2024-04-19,5.164096008033416,5.0355667374312265
2024-04-20,2.309715301437957,2.5646313758083377
2024-04-21,1.9210467581496016,2.378327259426431
2024-04-22,2.593260707189301,2.7820568095718907
2024-04-23,1.838397291223598,2.103517116949224
2024-04-24,2.553393676146828,2.9119962771742123
2024-04-25,2.460797259490781,2.7375574912901905
2024-04-26,2.1425690100456833,2.5079980822120125
2024-04-27,2.1354747831440126,2.8802171478187777
2024-04-28,1.547796821545764,2.229651328524962
2024-04-29,2.3285212879343415,2.952859909648116
2024-04-30,3.354639178966406,4.143894541967506
2024-05-01,4.663921845173437,4.721014693182727
2024-05-02,3.1076436052517713,3.0632598497952954
2024-05-03,3.0286835092795195,2.513501189879575
2024-05-04,2.3915213325702074,2.123315231659692
2024-05-05,1.9389084535865135,2.387796277229242
2024-05-06,2.5419919518409637,2.654419406448525
2024-05-07,2.4944935044825565,2.835034828439749
2024-05-08,2.422237377629375,2.946911299126965
2024-05-09,2.1854392537911544,2.145577341386704
2024-05-10,2.4748488466703873,2.276963909217551
2024-05-11,1.3365647798012044,1.7257017933594898
2024-05-12,1.361430651089767,1.38240076516232
2024-05-13,2.3821071219649808,2.725311640021811
2024-05-14,2.55599707586206,2.578727645755189
2024-05-15,3.1452540811750063,2.894794465017321
2024-05-16,2.1128566973162233,1.940716423696451
2024-05-17,2.1596981643378097,2.6369950608649018
2024-05-18,1.2960114312746798,1.6944633995065173
2024-05-19,1.638144407676749,1.8211726968636883
2024-05-20,2.9458192344362786,6.5282394172769225
2024-05-21,2.2917694284507264,4.273195327766597
2024-05-22,1.9988062278524004,3.1084302749795873
2024-05-23,2.9232202243476215,5.900061091824392
2024-05-24,2.01043965224657,3.2290429452248457
2024-05-25,1.061821232518117,1.7137599439341775
2024-05-26,1.190920243150968,2.3465311662776815
2024-05-27,2.0644892182693666,2.795278577527319
2024-05-28,2.6100525563287933,2.992380815621499
2024-05-29,1.9906227696941197,2.743633489752098
2024-05-30,2.1073588631628812,2.4416209639086555
2024-05-31,2.011767875674265,2.2361973782617524
2024-06-01,0.7782625050120421,1.235630974325968
2024-06-02,1.3808348748929502,1.6057108860490308
2024-06-03,2.286783284942052,2.0190589402877177
2024-06-04,2.0655088496085137,1.991175251210333
2024-06-05,1.93804492414144,1.898456095841752
2024-06-06,1.5301554216862971,1.61867010240465
2024-06-07,2.8093906843449967,4.332916090293126
2024-06-08,0.7111711875872836,1.097040669455716
2024-06-09,0.7864342463173919,0.9429440637770096
2024-06-10,1.2650883875949477,1.5173427189298423
2024-06-11,2.5954368277210165,3.1770794045058217
2024-06-12,3.1647659160307167,3.387227199123245
2024-06-13,2.215238977729481,2.584385170195591
2024-06-14,2.2601296739738177,3.2390200632580357
2024-06-15,0.8777843299905339,1.9477904675047113
2024-06-16,1.0419936555523246,1.9835425951215304
2024-06-17,2.404828944714062,3.0150105874641433
2024-06-18,3.0951196663390017,4.039047677167174
2024-06-19,1.583070587350981,2.3377436782270236
2024-06-20,1.955751322433826,2.616264458735414
2024-06-21,2.0968563006847427,2.696590478353684
2024-06-22,0.7181060255016621,1.1668469829980692
2024-06-23,1.0897674012065934,1.6149999569144549
2024-06-24,3.2449827530170485,3.803078228181196
2024-06-25,2.657088482500315,2.3624657707097008
2024-06-26,1.9562566328165032,2.0776786249967483
2024-06-27,1.8514345632199192,1.9829705679786689
2024-06-28,1.974940700505559,2.2290114534012693
2024-06-29,1.052467514168263,1.0460267660182936
2024-06-30,1.7888464921860456,1.6221805155681563
2024-07-01,1.8246762699087251,2.000468127651466
2024-07-02,1.4889206352934383,1.3896656276651995
2024-07-03,2.248533379564124,2.3924925027925283
2024-07-04,3.410533262137056,3.4051048655969516
2024-07-05,4.92928715750366,6.2540805354038485
2024-07-06,2.0121137435714394,2.357593761462595
2024-07-07,2.2395900057683793,2.458753781166813
2024-07-08,4.507645712502603,5.612744370097399
2024-07-09,2.8287456483234723,3.277167563885667
2024-07-10,2.529928330637706,2.6223936336196174
2024-07-11,3.0696359168911513,3.42875366653879
2024-07-12,2.399404171732849,2.7060532238448056
2024-07-13,1.8308587629984636,1.6755645788343791
2024-07-14,2.3570319146435224,2.0563647233204896
2024-07-15,2.87187162485869,3.2315016654707978
2024-07-16,3.22217955064688,3.255427297035919
2024-07-17,2.635126158837088,2.852329956661761
2024-07-18,2.2517451648939093,2.525465707113194
2024-07-19,2.522396111426204,2.717924346498408
2024-07-20,1.6722531336148407,1.6327720827648435
2024-07-21,2.305313559091238,2.339872587562321
2024-07-22,1.993065346870019,2.16667441336351
2024-07-23,2.346718022230107,3.318593474022135
2024-07-24,2.112782708195311,2.547913149226627
2024-07-25,2.8590515498980142,4.394716387234646
2024-07-26,2.0955199957657,2.5007170229667883
2024-07-27,3.553770734840299,2.959998575009836
2024-07-28,1.6514387096644163,1.7978974909554062
2024-07-29,2.705739918798618,2.7668445542100035
2024-07-30,2.2742773278901014,2.388207933712943
2024-07-31,2.312196995966703,2.7259094980112364
2024-08-01,2.823962473588381,3.063441017583636
2024-08-02,3.4641642035220586,3.8948360738157097
2024-08-03,2.871633632190208,3.3257823099223094
2024-08-04,3.1723077024124446,4.922234000156724
2024-08-05,11.466896134601669,15.354896274528144
2024-08-06,4.676753933710149,5.888267594696085
2024-08-07,3.751496696788683,5.564583243903736
2024-08-08,5.285957797774046,6.006276501007486
2024-08-09,3.779724332357506,4.495009788383307
2024-08-10,1.6994305084135803,2.519215142247123
2024-08-11,2.5389644441330383,3.369385838560256
2024-08-12,4.282831120147363,5.292675641147667
2024-08-13,2.976045326353616,3.646168107234214
2024-08-14,2.817988105748231,3.556244153012389
2024-08-15,3.3663967547194735,3.5310586091373186
2024-08-16,3.0309559354522277,3.4613055669907355
2024-08-17,1.1489165375814263,1.379565200159966
2024-08-18,1.7506664653240116,2.0095720935277863
2024-08-19,2.4791683640143005,2.950515997554791
2024-08-20,2.6613264871705855,2.568642070109211
2024-08-21,2.843238677889626,2.931872444874307
2024-08-22,2.1667293966612435,2.0363522388939215
2024-08-23,3.253245272428157,3.3880685528445142
2024-08-24,1.5797005409566127,2.4758069472457724
2024-08-25,1.363702554516811,1.8431637484777836
2024-08-26,1.9846355844105616,2.2294309679805537
2024-08-27,3.729049995045182,5.022003330201714
2024-08-28,3.6450029422465806,4.29040891893889
2024-08-29,2.704634554604004,2.8475356940595633
2024-08-30,2.530469404169277,3.173440742631465
2024-08-31,0.9800405449625176,1.322335303980625
2024-09-01,2.4391478098260184,2.8629541912948273
2024-09-02,2.261710647338562,2.6849701789044262
2024-09-03,2.011211596438498,2.391098445006538
2024-09-04,3.882000260001292,4.918403155210696
2024-09-05,3.1121568878842676,3.4451457155028944
2024-09-06,3.835134045699625,4.711944977191431
2024-09-07,1.6091827097724003,2.289398958243387
2024-09-08,2.130355430989401,2.728615444390818
2024-09-09,2.817830083014561,3.2327100317425432
2024-09-10,2.4087198287139393,2.6652593478310607
2024-09-11,3.0878066806159623,3.2105439471940285
2024-09-12,2.503763402914855,2.4658678954876883
2024-09-13,2.1912534426085983,2.62735668679264
2024-09-14,1.2475059524905758,1.4987368579615843
2024-09-15,1.6391687264139834,2.2878828160762548
2024-09-16,2.348387467209308,3.031476716407965
2024-09-17,2.7248642108422834,2.889380871552909
2024-09-18,3.0189656913583196,3.0436627663776075
2024-09-19,2.4729149014018037,2.900270767684164
2024-09-20,2.2091013970454227,2.9067417871800867
2024-09-21,1.0560303535879894,2.1560900760355337
2024-09-22,1.6483898636214542,2.3672980670183494
2024-09-23,2.24977045183823,3.10140943949789
2024-09-24,2.1323101433667926,2.4480686799586144
2024-09-25,1.9156190296835631,2.4237699507253967
2024-09-26,2.295540221664693,2.6627959798325085
2024-09-27,1.6959816622175985,2.4912856090306015
2024-09-28,1.0395854569626293,1.4934223015582742
2024-09-29,0.9951508092835362,1.5420805169438625
2024-09-30,2.1751861717032743,2.6713081133711616
2024-10-01,2.7818178749013227,3.600946627521441
2024-10-02,3.2174656594125883,3.7458365955812982
2024-10-03,2.5139660154698142,3.2388102335339086
2024-10-04,2.0626634893870586,2.4245910720022112
2024-10-05,0.9225403837117268,1.4870924607062252
2024-10-06,1.19522973561085,1.600198478102995
2024-10-07,2.5291974608984047,3.1183959291798
2024-10-08,2.1126144642630016,2.5798888961715094
2024-10-09,1.885136491082384,2.6568590309406876
2024-10-10,2.2523171791431063,2.7307368572746804
2024-10-11,2.008011322498684,2.100106776258245
2024-10-12,1.2621628638477866,1.4965524214324355
2024-10-13,1.4710969671328225,1.6503695744784774
2024-10-14,2.339952263016553,2.7864258482092557
2024-10-15,3.2078453222765098,3.657572077178898
2024-10-16,2.2810445115467632,2.437742280668597
2024-10-17,1.8808451207709107,2.300068608855605
2024-10-18,1.926005953658876,2.2454242757594103
2024-10-19,0.7464930137978971,1.130830388496206
2024-10-20,1.110990078600979,2.03457801239193
2024-10-21,2.102956687489424,2.2748113076238203
2024-10-22,2.050533912904488,2.350201500524663
2024-10-23,1.9622187066058387,2.667695090273468
2024-10-24,1.8150300551812892,2.243629084311008
2024-10-25,3.1774816189340727,3.968685226746694
2024-10-26,1.1567081004777724,1.7871391544288695
2024-10-27,1.0676415144740408,1.603942521294261
2024-10-28,2.0404468244993463,2.8861343288668593
2024-10-29,2.5151707730966475,2.7474856044244564
2024-10-30,2.3388800642762893,3.0267171011034923
2024-10-31,2.1584840671117824,2.8868722735115675
2024-11-01,3.0231659661390906,3.330357833819217
2024-11-02,1.2277958298319018,1.6737971652070094
2024-11-03,2.0415291236162014,2.372043914286644
2024-11-04,2.345304966106529,2.6354698562354755
2024-11-05,2.5729291502527225,2.792990610097216
2024-11-06,4.16767245037501,4.925669867313518
2024-11-07,2.345910074342848,4.05952700816989
2024-11-08,1.9440963306536456,3.308514407890512
2024-11-09,1.1422613921695437,3.020588194436757
2024-11-10,3.051564539277994,4.161387103902726
2024-11-11,3.672771388002533,4.6423470734521475
2024-11-12,5.264171291996133,6.410397435832632
2024-11-13,5.056967023427048,5.724708917410768
2024-11-14,4.2910598021374575,4.539683146376337
2024-11-15,3.5497888783964227,4.020535516828316
2024-11-16,1.8704720803526875,3.038997228020862
2024-11-17,2.1081142404473767,3.5471401968191483
2024-11-18,3.3148038592952775,3.945151302328061
2024-11-19,2.8416891622788985,2.9976838083555912
2024-11-20,2.5377268040609424,3.072642074064027
2024-11-21,3.1308726215058527,4.817352482467488
2024-11-22,2.1932556052178036,3.567711241744915
2024-11-23,1.4607118956076854,3.7025783447600658
2024-11-24,1.9192134153183569,2.9912283358343754
2024-11-25,3.265898526361533,5.2396223362364465
2024-11-26,3.5023211897584803,3.964821792985898
2024-11-27,2.450729814786701,3.754750835898329
2024-11-28,2.0491151965354772,3.012291483575758
2024-11-29,2.03308170022929,2.431577999701851
2024-11-30,1.1514502366217398,2.9040094551852156
2024-12-01,1.411355731432952,2.462257824105953
2024-12-02,2.6946923235234936,3.51324110906167
2024-12-03,2.3779546289998716,3.329134263554369
2024-12-04,2.5330031093150875,3.997636647685867
2024-12-05,6.326899018757877,4.886602758724717
2024-12-06,2.9655513737468,3.197250938899775
2024-12-07,1.589869400085122,1.7331509933975888
2024-12-08,1.698554783097192,1.8060841453507632
2024-12-09,3.9745607443646103,7.224144094277392
2024-12-10,3.5700680729184566,5.233117196696878
2024-12-11,2.499515459778623,3.0934723305648744
2024-12-12,2.5396728650498113,3.66697952657451
2024-12-13,2.0249086525173143,2.650185022314278
2024-12-14,1.5538234198515055,2.018523016750466
2024-12-15,1.8751873016631413,2.1712902517851833
2024-12-16,2.780046591680987,3.231870224250356
2024-12-17,2.398266896320913,3.1992050266186136
2024-12-18,3.591864567511585,4.657869997861245
2024-12-19,4.486291102358283,6.035036995469506
2024-12-20,4.442961160901306,7.384904072461852
2024-12-21,2.386867774922802,4.17946482991391
2024-12-22,2.5382242851718155,3.9421697797228794
2024-12-23,3.270714467429578,4.608150772178233
2024-12-24,2.510431308364995,2.9643890776413535
2024-12-25,2.1119668457741643,2.470749045962386
2024-12-26,2.6145677402892584,2.944563478762472
2024-12-27,2.8639854116127945,3.4650608097360966
2024-12-28,1.3389496003243924,1.810295236374902
2024-12-29,1.5613553129078768,1.955645920702609
2024-12-30,2.536195547599695,2.956713570697353
2024-12-31,2.629336397052273,2.6647605233181846
2025-01-01,1.627986501888871,1.7022052780475436
2025-01-02,2.5155003998561414,2.7028180379283193
2025-01-03,1.744317281578308,2.018529376971776
2025-01-04,1.0068230638246325,1.9031327138626075
2025-01-05,1.236581065112816,1.742330707403838
2025-01-06,2.4551454213254877,2.771328720852661
2025-01-07,2.251141817444073,3.2966175838697307
2025-01-08,3.1740167223876585,4.066455280334559
2025-01-09,3.0702394018192725,3.758808328880776
2025-01-10,3.492401221758372,3.748836400969012
2025-01-11,1.1134799675457003,1.6280955626369542
2025-01-12,1.1967073891016458,1.7895895361964282
2025-01-13,3.7754776467993425,5.611329448894224
2025-01-14,2.5951678187237004,3.149909209685743
2025-01-15,2.5836918655100063,3.397582918161911
2025-01-16,2.483494109308274,3.5398327991031384
2025-01-17,2.3394175859100383,3.1071825537212914
2025-01-18,2.4288775285202258,4.25855375298496
2025-01-19,4.625710667685473,8.195262162248344
2025-01-20,7.386806917435463,7.022197130814321
2025-01-21,4.206680511158143,4.174369474904958
2025-01-22,2.2469471603898308,2.4634190080305416
2025-01-23,5.0041337278242635,3.9696965523759062
2025-01-24,2.5285688191960825,3.176757921696618
2025-01-25,1.240393079951536,1.8817354902131591
2025-01-26,1.341404191796566,1.8524012467021571
2025-01-27,3.7901602623638184,5.09770471596282
2025-01-28,2.5934446877384887,3.184039330529518
2025-01-29,2.5351733990214944,3.77625118369434
2025-01-30,1.9592615725218532,2.897918734694724
2025-01-31,2.19049245327876,3.5205800336163877
2025-02-01,1.5068737208806262,2.812242556477588
2025-02-02,2.96630201055167,4.950433694638328
2025-02-03,5.11525852630666,13.13484536152366
2025-02-04,3.726858260168558,6.912909240925076
2025-02-05,2.7115965128887094,4.867662415524391
2025-02-06,2.4108824971604816,4.136927187964841
2025-02-07,2.8839616329828464,4.123093380865427
2025-02-08,1.2224000115121698,2.6903885279172024
2025-02-09,1.7355136794329602,3.671181020264268
2025-02-10,2.066713942388917,3.3698549732040735
2025-02-11,1.746409297937199,3.159306509214485
2025-02-12,3.079124862135462,4.844536654156688
2025-02-13,1.982728528302156,3.087970340068284
2025-02-14,2.2317918522200504,3.1080162574577717
2025-02-15,0.9523153375203014,1.907024163366624
2025-02-16,0.9315222274609084,1.9095565615259404
2025-02-17,1.5548437305156275,3.612498734516096
2025-02-18,2.092862941957839,3.2822453191113614
2025-02-19,1.766034575565889,2.730368230159516
2025-02-20,1.5086551721063497,2.2704809994648456
2025-02-21,2.446180574511062,5.195966548432435
2025-02-22,0.9494725144800278,2.3849899923812896
2025-02-23,0.9436113185407256,2.718280870002451
2025-02-24,2.513748681098211,4.807299785738124
2025-02-25,4.415337259626557,6.508811957902402
2025-02-26,4.775092823023978,6.1490923009056
2025-02-27,3.208945049708175,4.303216971141991
2025-02-28,6.118748090742242,7.617351238414208
2025-03-01,2.373685494964103,3.5101205186681304
2025-03-02,4.912719397579415,9.026578731133188
2025-03-03,4.973962946987658,6.2598489721530415
2025-03-04,5.415241757424494,7.733931903233704
2025-03-05,3.829106167290363,4.02795082484673
2025-03-06,4.051498737179573,4.2446582818131295
2025-03-07,5.931444515948123,6.048309923451367
2025-03-08,2.0048497909006677,3.1315998272881207
2025-03-09,2.8500500537387685,4.04334298830527
2025-03-10,5.149286539021583,7.575085965273229
2025-03-11,4.5184997877893,6.745241473782928
2025-03-12,3.1438210731661163,5.092469571775881
2025-03-13,2.6686483788590927,3.6300739112700104
2025-03-14,2.4204200058193592,2.529401542261397
2025-03-15,1.172626382292394,1.8404485061324296
2025-03-16,2.561206762213189,2.6463540943034767
2025-03-17,2.1608668695172835,2.4273761189766754
2025-03-18,2.220542752299787,2.4026135770145793
2025-03-19,2.3858987724966316,3.9341303154474554
2025-03-20,2.48042315027424,2.7562325430555767
2025-03-21,1.8582927444490496,2.334248509333367
2025-03-22,0.7403962537710799,1.519054744950192
2025-03-23,1.2433756984702728,1.8436147529349496
2025-03-24,2.091050391684411,2.689808362420666
2025-03-25,1.934634424749197,2.3887147130550535
2025-03-26,1.9020734318533496,2.432160270003025
2025-03-27,1.6931251386284742,2.3560289594075
2025-03-28,1.9844696517531355,3.7247986110342417
2025-03-29,1.8292734273369873,3.102124008276117
2025-03-30,1.685798631186653,3.084372406423749
2025-03-31,2.659056795451989,3.5576368798245204
2025-04-01,2.070030745320862,2.7566320945891194
2025-04-02,3.7115408810830233,4.779041354715917
2025-04-03,2.6718356444895313,3.6336476297065214
2025-04-04,3.624796364221495,4.241637124419791
2025-04-05,1.3103081072027531,1.7419386500389216
2025-04-06,2.748559655244667,4.894376787649852
2025-04-07,6.047085656699694,8.77862168935401
2025-04-08,3.124235958970663,4.827889918409647
2025-04-09,5.190251624914025,8.280265259768173
2025-04-10,2.973271005433837,5.140620857631584
2025-04-11,2.972008347080352,3.8716613604957506
2025-04-12,2.0265478394566587,3.63093135686899
2025-04-13,2.615735178950531,4.43538067677826
2025-04-14,2.77786125335166,4.067702776413199
2025-04-15,2.0495251091191853,3.4790776226584317
2025-04-16,2.4561210403993496,4.368807344137406
2025-04-17,1.6027035987977718,2.84425062141381
2025-04-18,0.7935634844330799,1.493235170277728
2025-04-19,1.0196045691203588,1.7579052315613175
2025-04-20,1.1024941984645211,1.8117856487615789
2025-04-21,2.4035151674500757,3.2374214662486938
2025-04-22,3.0516578663887963,5.506769015613887
2025-04-23,2.4765091095229765,4.712580308878809
2025-04-24,1.8177914729640936,3.0064463012031255
2025-04-25,2.0281674121942435,3.359700854840286
2025-04-26,1.1687905189680974,2.6390260082286003
2025-04-27,1.3712137381367724,2.897466436948914
2025-04-28,1.9068407113249295,3.2248054902320797
2025-04-29,1.755596516010106,2.8826465656916187
2025-04-30,1.812346189337397,2.9451467332158843
2025-05-01,1.7483879234045496,2.7853232261665575
2025-05-02,1.583461215875512,2.7217048405526354
2025-05-03,0.880289578986311,1.6605056036275812
2025-05-04,1.3601314186199718,2.002203207983277
2025-05-05,1.685687419479824,2.421266201793034
2025-05-06,1.8193729746967664,2.8022245214462767
2025-05-07,1.932343157421024,2.7957641265896984
2025-05-08,2.3817283004767553,5.36070505976557
2025-05-09,2.0740759245431177,7.851186516128335
2025-05-10,1.422923323062033,4.752481467457291
2025-05-11,1.9312716255824327,4.932572703588166
2025-05-12,2.7727711013075886,5.272569265380075
2025-05-13,1.9354763782662312,4.432963998359071
2025-05-14,1.5647923856101864,4.313897055960302
2025-05-15,2.1127392074539855,4.693610316612222
2025-05-16,1.6217098197172466,3.5794118415070177
2025-05-17,1.1763786613323026,3.272542513996271
2025-05-18,1.9149239855371911,4.657309733655176
2025-05-19,2.3864491344592977,4.885916152418661
2025-05-20,2.4586820843457033,3.886510944383064
2025-05-21,3.167046355253712,5.237552359747956
2025-05-22,2.244477438419768,4.16873521532868
2025-05-23,2.4240873402030907,4.181847889863769
2025-05-24,1.6791562106263358,2.2575313882110306
2025-05-25,1.667779651146705,2.7688640196750427
2025-05-26,1.5872283395244522,2.277137259505686
2025-05-27,1.888943354302556,3.0314642195097066
2025-05-28,1.5498072421075626,2.9323527058742846
2025-05-29,2.0602127371316374,3.6310572398191048
2025-05-30,2.1023128730921408,3.811906045820864
2025-05-31,1.4839470696406862,2.9400287185168095
2025-06-01,1.2642962027264444,2.353058473668613
2025-06-02,1.6702358039986738,2.7195253790130622
2025-06-03,1.5541616728223049,2.5607479302183616
2025-06-04,1.2861075721438795,2.5901656864007134
2025-06-05,2.3288743941254535,4.400237873590954
2025-06-06,1.5420911254707566,2.796496136938475
2025-06-07,1.0824872259668157,1.875225825825772
2025-06-08,0.9173823209665252,1.716028792375321
2025-06-09,1.8602054098699063,2.7298550646566104
2025-06-10,1.722550643284539,4.261587259430829
2025-06-11,1.6652375176877792,3.919892604224166
2025-06-12,1.900311807499333,3.5246347963929705
2025-06-13,2.558579511162536,4.833165373160534
2025-06-14,1.0810830858820872,2.0933409621334573
2025-06-15,1.1379824691656089,2.1053067301120754
2025-06-16,1.7330021872996724,3.906897455625459
2025-06-17,2.027176176821333,3.562020581427376
2025-06-18,1.9587550309965096,3.555999023790165
2025-06-19,1.3348130975412442,2.310318295341926
2025-06-20,1.9258663115150347,3.525230474157869
2025-06-21,1.8623906519465936,6.203732157245878
2025-06-22,3.006977599207646,5.65342923289767
2025-06-23,2.6938383984349303,5.054303881876576
2025-06-24,1.6997115768004074,3.3557131987858355
2025-06-25,1.6775087227530394,3.2450137458498256
2025-06-26,1.5180329385356297,3.6964725720932146
2025-06-27,1.3968429432495608,2.483510787172206
2025-06-28,0.4955999388306735,1.149929140919721
2025-06-29,0.9483221026863357,2.124519063021576
2025-06-30,1.3432299272564805,2.6408025954622634
2025-07-01,1.328281090634205,2.2769867183349177
2025-07-02,1.5700149817834217,3.088019544069909
2025-07-03,1.5847066068889706,2.795793986738683
2025-07-04,1.1691073432142791,2.176279844866676
2025-07-05,0.678211911753384,1.3762149035332802
2025-07-06,0.924832735104666,2.094924640210937
2025-07-07,1.2822702981006553,2.3830400962420963
2025-07-08,1.1663840509596533,2.3175489693820785
2025-07-09,1.5820943143206838,3.494154053166488
2025-07-10,2.719909066076748,3.9577134837452266
2025-07-11,1.9565984693207823,3.775992318727853
2025-07-12,0.9296031417410332,2.0549563122052255
2025-07-13,1.2443610318472142,2.2643463111726825
2025-07-14,2.374888415716044,3.022152577542089
2025-07-15,2.6590367609721546,4.016455408557656
2025-07-16,1.924584419246575,3.8513878651113593
2025-07-17,2.075713972738567,4.4805426795713394
2025-07-18,1.907516850404562,4.456699578721911
2025-07-19,1.009290040526733,2.5550958517087445
2025-07-20,1.259138587863795,3.400465436017682
2025-07-21,1.776348816269099,3.527253810776082
2025-07-22,2.0864246355201654,3.619359705760973
2025-07-23,1.789301733081855,3.903216517975583
2025-07-24,1.6175561446869526,3.991745615810538
2025-07-25,2.232864036209855,4.080228364673175
2025-07-26,0.8309387227141989,2.3590154043979674
2025-07-27,1.1217377642747226,2.425783815717132
2025-07-28,1.5729112206645284,3.280760732290861
2025-07-29,1.60261226685772,3.3305585472731156
2025-07-30,1.5085879547381968,3.2890304997474065
2025-07-31,1.4121457935742332,2.565761251718812
2025-08-01,2.312458572060625,4.376214866713534
2025-08-02,1.3798772198254132,3.2760900991512916
2025-08-03,1.1059922075204576,2.3895373302306018
2025-08-04,1.3250555859416242,2.778909331093661
2025-08-05,1.5551548045975752,3.160408757622352
2025-08-06,1.4165641612918434,2.82329939117551
2025-08-07,1.404018660244814,2.94827503243737
2025-08-08,1.3233134939766054,3.490095853074291
2025-08-09,0.9438207167670511,3.2877898365240363
2025-08-10,1.4699037621782414,3.0031972441977035
2025-08-11,2.0139912842809924,3.649259457385421
2025-08-12,1.5788630880047307,3.717878573833075
2025-08-13,2.0663335905399354,3.8012570256778297
2025-08-14,3.086668750640138,6.073072074803046
2025-08-15,1.4993833881809255,3.8341264213927855
2025-08-16,0.7454579391419895,2.3538399573131623
2025-08-17,0.841340283873434,2.553182436080092
2025-08-18,1.693634267455495,4.092680434706588
2025-08-19,1.7060640145049304,3.8293388204468655
2025-08-20,1.7513575950518625,3.939185209994099
2025-08-21,1.679186837292234,3.377681140402787
2025-08-22,2.4833582071852462,5.98739277826859
2025-08-23,1.028763633333328,2.653204465179172
2025-08-24,2.1055461171642347,4.040129689769806
2025-08-25,2.5602522344109735,4.557624509013465
2025-08-26,2.223396847352156,4.64120759492305
2025-08-27,1.760144529113023,3.510291326124907
2025-08-28,1.5003168564315557,2.9103209964444585
2025-08-29,1.8285228824246824,3.472582435003842
2025-08-30,1.0439901269189251,2.484433665054812
2025-08-31,1.016415876940582,2.2041881535475576
2025-09-01,1.8793510387358137,3.2984301808890852
2025-09-02,1.955098572553215,3.1893159859090208
2025-09-03,1.673108464551561,2.8245512426882327
2025-09-04,1.582519766884342,2.5993070329826393
2025-09-05,1.7870064357008268,2.904307171261966
2025-09-06,0.7557016653792258,1.5190152273113304
2025-09-07,0.851216076850252,1.394393509074463
2025-09-08,1.3076054419836045,2.1249834648881523
2025-09-09,1.4972297576687987,2.1920679576109294
2025-09-10,1.6472362524702755,2.534614895438101
2025-09-11,1.4266710384654413,2.8534072158214987
2025-09-12,1.3515304211798334,2.5179589192349523
2025-09-13,0.7331946603503631,1.9725755716234328
2025-09-14,0.8447006585974633,1.8123306860808148
2025-09-15,1.4727531377269705,2.553066541648762
2025-09-16,1.2342214271574783,2.082136925238696
2025-09-17,1.7413456267624163,3.746625400993264
2025-09-18,1.251669972751765,2.004286095295423
2025-09-19,0.9721912857165224,1.841319941742916
2025-09-20,0.497974687800277,1.1503071374154326
2025-09-21,0.6302951054341852,1.275564539998822
2025-09-22,1.934014178525132,3.767964830671117
2025-09-23,1.296812936246873,2.3952521299172393
2025-09-24,1.2809952517474217,2.1539420339566804
2025-09-25,2.028357475126953,4.531972583512754
2025-09-26,1.663851822918262,3.37381175191453
2025-09-27,0.5828407370271935,1.5148268325266363
2025-09-28,0.9787350243925216,2.042249168884813
2025-09-29,1.397438116340372,2.178501301738817
2025-09-30,1.3551258597793614,2.3733233132344593
2025-10-01,1.630586318039137,2.703439754413434
2025-10-02,1.6268667329591,2.556578067460366
2025-10-03,2.0059340802033256,2.9681818135893856
2025-10-04,0.8907347857895656,1.5593489762519532
2025-10-05,2.1337481575411266,2.4073716082416605
2025-10-06,1.8194816977460844,2.686529246206793
2025-10-07,1.9815336715590512,3.319873712369239
2025-10-08,1.841653457795441,2.589454340948669
2025-10-09,1.821478005056044,2.84197211482117
2025-10-10,10.088209421080109,11.75974629377034
2025-10-11,2.849973149933638,5.040705246374038
2025-10-12,2.8384989771517537,5.177027615593841
2025-10-13,2.238624123454323,4.216565018593695
2025-10-14,2.5425305937961293,4.87496389051197
2025-10-15,2.2476495896695545,3.768296917791583
2025-10-16,3.166963397078697,4.364218285885599
2025-10-17,2.9425683957133795,4.485977699451052
2025-10-18,1.3281300137997012,2.336418247934695
2025-10-19,1.8809394168829825,2.9163443110437717
2025-10-20,2.141615877617681,2.941846842966234
2025-10-21,3.315599929287351,4.378445451020552
2025-10-22,2.5649009587554987,3.83814515720258
2025-10-23,2.348280009536559,3.129160388121034
2025-10-24,1.816416541251087,2.758096226123844
2025-10-25,0.8933046375592949,1.3930497161776008
2025-10-26,1.7190697378306796,2.4974549430486785
2025-10-27,1.577530962700735,2.9983497464608466
2025-10-28,1.952381398540326,3.1750049721947566
2025-10-29,2.939400698704311,4.796447110353469
2025-10-30,2.955601098975273,3.7392060948728583
2025-10-31,2.601389721400226,3.3178120049373026
2025-11-01,1.0660349249937553,1.3942762127466402
2025-11-02,1.354644503504132,1.810669876085624
2025-11-03,2.6366098608584823,4.205347605085652
2025-11-04,3.796379712593336,7.385893421087817
2025-11-05,2.832184556359203,4.413997289995891
2025-11-06,2.788830240334349,4.0558137089217245
2025-11-07,2.968947714099287,4.969838635984253
2025-11-08,1.65208947370938,2.7510877192083933
2025-11-09,1.9387880908270156,3.344039999410161
2025-11-10,2.142117375620608,3.2842454912501826
2025-11-11,2.420830468074784,3.999284310608774
2025-11-12,2.2759958355311447,4.007271803876586
2025-11-13,3.0201356176199385,4.957064516708639
2025-11-14,4.1103436901758545,6.553448871650655
2025-11-15,2.1524241138030624,2.902080969625155
2025-11-16,2.7666128898686697,4.947612136764649
2025-11-17,3.0307891219608223,4.951776658370665
2025-11-18,3.413869804015098,5.149017242399541
2025-11-19,3.052224841572046,4.820062152674368
2025-11-20,3.268120888804476,4.548979807885916
2025-11-21,5.539768408872001,7.252041278999504
2025-11-22,2.2976566239091136,3.161821266993672
2025-11-23,2.250785206752413,3.0811143176082156
2025-11-24,3.075746566363679,4.734034206819212
2025-11-25,2.6935117402598485,3.983485816879171
2025-11-26,2.5310503369897392,3.2975315364800832
2025-11-27,1.9464265631610067,2.485070267823699
2025-11-28,2.139743091612002,2.9323165034751337
2025-11-29,1.2107142021460708,1.872338356007365
2025-11-30,1.3824884035286928,1.866350057215929
2025-12-01,3.5247295257743616,4.325794275441753
2025-12-02,2.7784063649906674,3.43719260884211
2025-12-03,3.3381712091910987,4.480656746220752
2025-12-04,2.6278581764154914,3.9715916398860815
2025-12-05,2.4961985178928043,3.735782762377625
2025-12-06,1.247016566257715,1.926797919988095
2025-12-07,2.4556557362288447,3.87990938162991
2025-12-08,2.4030109214352553,3.4684613792296703
2025-12-09,2.655792512000825,4.16394562856086
2025-12-10,2.932008680180697,4.072076631151182
2025-12-11,2.5377923324667924,3.541883856734282
2025-12-12,2.2813032034621004,3.4836267361216833
2025-12-13,0.7986078977896262,1.570180205384906
2025-12-14,1.5843912447613653,2.2833285271794588
2025-12-15,2.6981742410683087,4.036730646085162
2025-12-16,2.116509412371189,3.388039956022082
2025-12-17,3.5506684311192895,4.370983939079834
2025-12-18,3.4387328134807404,5.022642239323612
2025-12-19,2.9900340475266836,4.033253946488915
2025-12-20,0.819960874870681,1.139998196952277
2025-12-21,1.337853942265508,1.8444004898094264
2025-12-22,2.3145817770158614,3.007087539717839
2025-12-23,2.171551240487425,2.7580260604118063
2025-12-24,1.635559783542056,2.187734867853022
2025-12-25,1.328348272922359,1.7459371614690498
2025-12-26,1.9870340904051624,2.2615356437033043
2025-12-27,0.6297861768099456,0.9351076147634104
2025-12-28,0.7389795938800903,1.143310785949856
2025-12-29,2.085735220677585,2.812424601931135
2025-12-30,1.7688383863646309,2.2751003655356214
2025-12-31,1.34351828276748,1.6644485025592144
