date,symbol,open,high,low,close,volume,number_of_bars,number_of_valid_returns,realized_variance,daily_log_return,complete,realized_volatility,realized_volatility_percent,log_realized_variance,daily_log_variance,weekly_log_variance,monthly_log_variance,target_log_variance,usable_for_model
2020-01-01,BTCUSDT,7195.24,7255.0,7175.15,7200.85,16792.388165,288,287,,,False,,,,,,,,False
2020-01-02,BTCUSDT,7200.77,7212.5,6924.74,6965.71,31951.483932,288,288,0.0003889552480747,-0.0331995343103963,True,0.0197219483843437,1.9721948384343797,-7.852046264473609,,,,-7.852046264473609,False
2020-01-03,BTCUSDT,6965.49,7405.0,6871.04,7344.96,68428.500451,288,288,0.0018563860174654,0.0530148234303003,True,0.0430857983268899,4.308579832688998,-6.28912368269554,-7.852046264473609,,,-6.28912368269554,False
2020-01-04,BTCUSDT,7345.0,7404.0,7272.21,7354.11,29987.974977,288,288,0.0004096880744894,0.001244976883823,True,0.0202407528142954,2.0240752814295493,-7.8001144817447825,-6.28912368269554,,,-7.8001144817447825,False
2020-01-05,BTCUSDT,7354.19,7495.0,7318.0,7358.75,38331.085604,288,288,0.0003177176396193,0.0006307407470514,True,0.0178246357499763,1.7824635749976336,-8.054347495349122,-7.8001144817447825,,,-8.054347495349122,False
2020-01-06,BTCUSDT,7357.64,7795.34,7346.76,7758.0,54635.695316,288,288,0.0005016165823937,0.0528344876574413,True,0.0223967984853575,2.239679848535759,-7.597674510193396,-8.054347495349122,,,-7.597674510193396,False
2020-01-07,BTCUSDT,7758.9,8207.68,7723.71,8145.28,91171.684661,288,288,0.0012483680637345,0.0487140493637142,True,0.0353322524576985,3.533225245769858,-6.685918129651918,-7.597674510193396,-7.51866128689129,,-6.685918129651918,False
2020-01-08,BTCUSDT,8145.92,8455.0,7870.0,8055.98,112622.64264,288,288,0.00217740010866,-0.0110239455899593,True,0.0466626200363855,4.666262003638552,-6.129623724613641,-6.685918129651918,-7.285435659926952,,-6.129623724613641,False
2020-01-09,BTCUSDT,8054.72,8055.96,7750.0,7817.76,64239.51983,288,288,0.0010309028259642,-0.0300166042803074,True,0.0321076754992355,3.2107675499235553,-6.877320330606405,-6.129623724613641,-7.253535668310572,,-6.877320330606405,False
2020-01-10,BTCUSDT,7817.74,8199.0,7672.0,8197.02,82406.777448,288,288,0.0014837231315283,0.0473726050737368,True,0.0385191268271798,3.851912682717984,-6.51320072069413,-6.877320330606405,-7.068976838082897,,-6.51320072069413,False
2020-01-11,BTCUSDT,8198.86,8286.34,8003.16,8020.01,54810.032667,288,288,0.0013000546681564,-0.0218310048245182,True,0.0360562708575978,3.605627085759782,-6.645348962970824,-6.51320072069413,-6.760747483151898,,-6.645348962970824,False
2020-01-12,BTCUSDT,8020.01,8197.0,7960.0,8184.98,38131.494336,288,288,0.0005127925913347,0.0203610985654776,True,0.0226449241847863,2.2644924184786315,-7.575639099937414,-6.645348962970824,-6.570282373707383,,-7.575639099937414,False
2020-01-13,BTCUSDT,8184.97,8196.0,8055.89,8110.34,31159.755683,288,288,0.0002718471375195,-0.0091609765261919,True,0.0164877875265161,1.6487787526516189,-8.210270644059932,-7.575639099937414,-6.748226567764483,,-8.210270644059932,False
2020-01-14,BTCUSDT,8110.34,8880.0,8105.54,8810.01,120399.126742,288,288,0.0019584047282388,0.0827487842214993,True,0.0442538668167978,4.4253866816797895,-6.235625051311559,-8.210270644059932,-7.164355951653741,,-6.235625051311559,False
2020-01-15,BTCUSDT,8814.64,8916.48,8564.0,8821.41,84816.29760600001,288,288,0.0014734996516288,0.0012931461661761,True,0.0383861908976238,3.838619089762384,-6.520114992210848,-6.235625051311559,-7.036016895794772,,-6.520114992210848,False
2020-01-16,BTCUSDT,8820.01,8859.81,8586.0,8720.01,51991.074284,288,288,0.0008891470373835,-0.0115613364781774,True,0.0298185686675866,2.9818568667586627,-7.025247939744953,-6.520114992210848,-7.037399750098116,,-7.025247939744953,False
2020-01-17,BTCUSDT,8720.15,9041.65,8672.44,8913.28,70897.737377,288,288,0.0009206568849873,0.0219219147333137,True,0.0303423282723556,3.0342328272355665,-6.990423137280811,-7.025247939744953,-7.113379545452941,,-6.990423137280811,False
2020-01-18,BTCUSDT,8913.27,8988.88,8806.38,8915.96,38294.746545,288,288,0.0004868437491814,0.0003006297542892,True,0.022064536006484,2.20645360064841,-7.627567329933015,-6.990423137280811,-6.996336352921621,,-7.627567329933015,False
2020-01-19,BTCUSDT,8915.09,9198.98,8466.0,8701.7,70676.889259,288,288,0.0026141934516685,-0.0243245203259789,True,0.0511291839526952,5.112918395269526,-5.946799660524345,-7.627567329933015,-6.879795690096238,,-5.946799660524345,False
2020-01-20,BTCUSDT,8701.72,8746.99,8521.28,8642.35,38896.639746,288,288,0.0004997405975005,-0.0068438722969155,True,0.0223548786062591,2.235487860625915,-7.601421399166961,-5.946799660524345,-6.822030611938795,,-7.601421399166961,False
2020-01-21,BTCUSDT,8642.35,8789.0,8488.0,8736.03,36494.687659,288,288,0.000575960345356,0.010781316488657,True,0.0239991738473657,2.3999173847365713,-7.459471744506355,-7.601421399166961,-7.038291893330017,,-7.459471744506355,False
2020-01-22,BTCUSDT,8736.04,8818.0,8590.0,8682.36,29080.557138,288,288,0.0002327540819283,-0.0061624719446317,True,0.0152562800816045,1.525628008160459,-8.365528104137898,-7.459471744506355,-7.125136654282298,,-8.365528104137898,False
2020-01-23,BTCUSDT,8682.77,8691.81,8306.39,8404.52,48165.944597,288,288,0.0006683178875162,-0.0325237247519219,True,0.025851844953818,2.585184495381807,-7.310746618107105,-8.365528104137898,-7.400157647653716,,-7.310746618107105,False
2020-01-24,BTCUSDT,8404.52,8528.02,8238.0,8439.0,41687.529529,288,288,0.0005435881696516,0.0040941618097945,True,0.0233149773675993,2.331497736759931,-7.517318638890254,-7.310746618107105,-7.336793505288533,-7.150617001087025,-7.517318638890254,True
2020-01-25,BTCUSDT,8438.99,8451.26,8254.9,8340.58,25521.157932,288,288,0.0003951152262538,-0.0117310598587614,True,0.0198775055339916,1.987750553399165,-7.836333123567899,-7.517318638890254,-7.650897300961715,-7.135402109015055,-7.836333123567899,True
2020-01-26,BTCUSDT,8340.01,8618.13,8293.66,8615.0,31130.485164,288,288,0.0004380227901114,0.0323721116628276,True,0.0209289940061985,2.092899400619859,-7.733239616723648,-7.836333123567899,-7.697879645841903,-7.2057298108728896,-7.733239616723648,True
2020-01-27,BTCUSDT,8614.39,9000.0,8535.0,8907.57,53973.542996,288,288,0.0006136368987052,0.0333966070332503,True,0.0247716955153498,2.4771695515349834,-7.396107174932419,-7.733239616723648,-7.752633220285361,-7.202690044281021,-7.396107174932419,True
2020-01-28,BTCUSDT,8907.57,9400.0,8862.4,9374.21,74584.853765,288,288,0.0013672636298281,0.0510608246260277,True,0.0369765280932133,3.6976528093213377,-6.5949438869971,-7.396107174932419,-7.558749034444264,-7.172770029716625,-6.5949438869971,True
2020-01-29,BTCUSDT,9375.34,9449.24,9216.0,9301.53,53864.065122,288,288,0.0006918750807852,-0.0077833988822244,True,0.0263035184107602,2.6303518410760223,-7.27610513773867,-6.5949438869971,-7.415588488222264,-7.127191365025883,-7.27610513773867,True
2020-01-30,BTCUSDT,9301.57,9578.0,9204.44,9513.21,60626.744259,288,288,0.0006724637032369,0.0225024562789084,True,0.0259319051216257,2.5931905121625727,-7.304562420826802,-7.27610513773867,-7.367345787991948,-7.154018047211644,-7.304562420826802,True
2020-01-31,BTCUSDT,9511.52,9530.22,9210.01,9352.89,45552.022352,288,288,0.0005418501451091,-0.0169959725849253,True,0.0232776748217941,2.327767482179419,-7.520521079792224,-7.304562420826802,-7.260991647443729,-7.2074243515849705,-7.520521079792224,True
2020-02-01,BTCUSDT,9351.71,9464.53,9281.0,9384.61,28578.067354,288,288,0.0002898376568797,0.0033857270501313,True,0.0170246191405186,1.7024619140518653,-8.146189595595542,-7.520521079792224,-7.218447940057443,-7.236660749275234,-8.146189595595542,True
2020-02-02,BTCUSDT,9384.41,9477.03,9120.0,9331.51,45690.91254,288,288,0.0003794243909817,-0.0056742682215185,True,0.0194788190345769,1.9478819034576944,-7.876855214227972,-8.146189595595542,-7.368464424190067,-7.310887516316209,-7.876855214227972,True
2020-02-03,BTCUSDT,9331.59,9618.79,9234.0,9292.24,50892.133451,288,288,0.0007252777317758,-0.0042172020351132,True,0.0269309808914544,2.6930980891454404,-7.228955898153914,-7.876855214227972,-7.624846689636241,-7.3668650731915335,-7.228955898153914,True
2020-02-04,BTCUSDT,9291.35,9350.0,9093.01,9197.02,53308.175266,288,288,0.0004559615533958,-0.0103001247040759,True,0.0213532562714871,2.135325627148712,-7.693102064732915,-7.228955898153914,-7.6154168417192905,-7.351106745837737,-7.693102064732915,True
2020-02-05,BTCUSDT,9197.02,9744.45,9177.22,9612.04,64870.415615,288,288,0.0005915294228307,0.044136960790043,True,0.0243213778974532,2.432137789745324,-7.432799133042979,-7.693102064732915,-7.693124770500513,-7.327599083141055,-7.432799133042979,True
2020-02-06,BTCUSDT,9612.03,9862.57,9526.35,9772.0,64949.706588,288,288,0.0007457922791381,0.0165046740650936,True,0.0273091977022052,2.730919770220526,-7.2010634427294296,-7.432799133042979,-7.675580381150664,-7.38201608685612,-7.2010634427294296,True
2020-02-07,BTCUSDT,9772.0,9885.0,9730.0,9813.73,43966.114632,288,288,0.00037844163725,0.0042612721758082,True,0.0194535764642407,1.9453576464240772,-7.879448691824103,-7.2010634427294296,-7.486555150577442,-7.41296828915242,-7.879448691824103,True
2020-02-08,BTCUSDT,9813.87,9940.0,9667.11,9895.05,43600.843666,288,288,0.0003426075812011,0.0082522065275596,True,0.0185096618337876,1.8509661833787692,-7.978924843886219,-7.879448691824103,-7.487073846096668,-7.451795596065107,-7.978924843886219,True
2020-02-09,BTCUSDT,9895.04,10166.0,9880.75,10151.75,43408.475616,276,275,,,False,,,,-7.978924843886219,-7.637067635243129,-7.496727491819898,,False
2020-02-10,BTCUSDT,10151.72,10188.0,9756.0,9851.83,59573.084619,288,288,0.0009609124273938,-0.0299888796895533,True,0.0309985875064302,3.099858750643022,-6.947627279687568,,,,-6.947627279687568,False
2020-02-11,BTCUSDT,9851.74,10323.59,9700.0,10223.08,62422.395224,288,288,0.0008601812743084,0.036990684506,True,0.0293288471356854,2.9328847135685456,-7.058367406849029,-6.947627279687568,,,-7.058367406849029,False
2020-02-12,BTCUSDT,10223.08,10450.0,10223.08,10326.46,61008.06393,288,288,0.0006437711924565,0.0100616239729969,True,0.0253726465402523,2.5372646540252366,-7.348167186207413,-7.058367406849029,,,-7.348167186207413,False
2020-02-13,BTCUSDT,10325.33,10500.0,10080.0,10229.63,79344.358759,288,288,0.001622207381585,-0.0094211220322861,True,0.0402766356785795,4.027663567857959,-6.423967475983925,-7.348167186207413,,,-6.423967475983925,False
2020-02-14,BTCUSDT,10227.78,10381.56,10111.37,10344.36,47038.480173,288,288,0.0004685020426937,0.0111530324716666,True,0.0216449080084379,2.164490800843793,-7.66597009622337,-6.423967475983925,,,-7.66597009622337,False
2020-02-15,BTCUSDT,10344.36,10375.0,9801.0,9904.72,57657.202947,288,288,0.0013519196500053,-0.0434300324484604,True,0.0367684599895794,3.67684599895794,-6.606229733596877,-7.66597009622337,-7.088819888990261,,-6.606229733596877,False
2020-02-16,BTCUSDT,9904.46,10050.0,9638.12,9917.27,60023.999537,288,288,0.0007267227378335,0.0012662706092507,True,0.0269577954928359,2.6957795492835985,-7.226965531669903,-6.606229733596877,-7.0205403797721235,,-7.226965531669903,False
2020-02-17,BTCUSDT,9910.7,9964.16,9452.67,9706.0,70261.011901,288,288,0.0009736434527454,-0.0215334308259417,True,0.0312032602903194,3.1203260290319412,-6.934465386282987,-7.226965531669903,-7.054260004736298,,-6.934465386282987,False
2020-02-18,BTCUSDT,9706.0,10250.0,9576.01,10164.71,70604.124019,288,288,0.0009725482490657,0.0461776664232243,True,0.0311857058452393,3.1185705845239324,-6.9355908702672115,-6.934465386282987,-6.971519644751413,,-6.9355908702672115,False
2020-02-19,BTCUSDT,10164.78,10250.0,9350.0,9593.79,55162.586895,218,217,,,False,,,,-6.9355908702672115,-7.0738443236080695,,,False
2020-02-20,BTCUSDT,9594.65,9699.0,9400.0,9596.42,60152.342914,288,288,0.000943201175396,0.000274098096526,True,0.0307115804770123,3.0711580477012337,-6.966230962562924,,,,-6.966230962562924,False
2020-02-21,BTCUSDT,9597.21,9755.51,9550.21,9677.05,42181.554524,288,288,0.0005099397655982,0.0083669905196099,True,0.0225818459298216,2.258184592982163,-7.5812179458912405,-6.966230962562924,,,-7.5812179458912405,False
2020-02-22,BTCUSDT,9677.05,9709.17,9560.02,9650.86,24636.757623,288,288,0.0002130242362803,-0.0027100722250199,True,0.0145953498169918,1.4595349816991878,-8.45410461337439,-7.5812179458912405,,,-8.45410461337439,False
2020-02-23,BTCUSDT,9650.85,9990.0,9645.0,9936.4,37702.089843,288,288,0.000480416565786,0.0291577514787565,True,0.0219184070084044,2.191840700840445,-7.6408569850349135,-8.45410461337439,,,-7.6408569850349135,False
2020-02-24,BTCUSDT,9936.4,9990.0,9473.56,9656.13,55796.59612,288,288,0.0008428631245208,-0.0286118351934243,True,0.0290321050652696,2.903210506526965,-7.078705980261875,-7.6408569850349135,,,-7.078705980261875,False
2020-02-25,BTCUSDT,9655.52,9675.0,9250.0,9315.84,54379.344552,288,288,0.0007356927021874,-0.0358767697148399,True,0.0271236557673813,2.7123655767381396,-7.214698050624799,-7.078705980261875,-7.544223297425068,,-7.214698050624799,False
2020-02-26,BTCUSDT,9316.48,9377.44,8633.63,8785.25,92130.345482,288,288,0.0015985784877038,-0.0586419982891647,True,0.0399822271478701,3.998222714787018,-6.438640489822866,-7.214698050624799,-7.593916715037443,,-6.438640489822866,False
2020-02-27,BTCUSDT,8786.0,8971.77,8531.0,8823.21,72483.578762,288,288,0.0014576611039606,0.0043115705524736,True,0.038179328228252,3.8179328228252087,-6.530922111398297,-6.438640489822866,-7.365401223823769,,-6.530922111398297,False
2020-02-28,BTCUSDT,8823.25,8900.0,8445.0,8692.91,71155.208977,288,288,0.0016156499257602,-0.0148779984991851,True,0.0401951480375457,4.019514803754571,-6.428017972449808,-6.530922111398297,-6.98076472342855,,-6.428017972449808,False
2020-02-29,BTCUSDT,8690.8,8790.0,8523.55,8523.61,36748.183035,288,288,0.0006676066459712,-0.0196677908634846,True,0.0258380851839141,2.58380851839141,-7.311811411206373,-6.428017972449808,-6.738196920911529,,-7.311811411206373,False
2020-03-01,BTCUSDT,8523.61,8750.0,8411.0,8531.88,43892.201779,288,288,0.0009804003853806,0.0009697757904516,True,0.0313113459528757,3.1311345952875778,-6.927549513225326,-7.311811411206373,-6.784818007100429,,-6.927549513225326,False
2020-03-02,BTCUSDT,8530.3,8965.75,8498.0,8915.24,60401.31773,288,288,0.0006243982829188,0.0439524360599545,True,0.0249879627604746,2.498796276047463,-7.378722119296669,-6.927549513225326,-6.727388299620534,,-7.378722119296669,False
2020-03-03,BTCUSDT,8911.18,8919.65,8651.0,8760.07,55154.997282,288,288,0.0009769749374371,-0.0175582760885874,True,0.0312565983023921,3.12565983023921,-6.931049558822582,-7.378722119296669,-6.915404625515295,,-6.931049558822582,False
2020-03-04,BTCUSDT,8760.07,8848.29,8660.0,8750.87,38696.482578,263,262,,,False,,,,-6.931049558822582,-6.995430115000152,,,False
2020-03-05,BTCUSDT,8750.99,9159.42,8746.54,9054.68,58201.866355,288,288,0.0005318237858845,0.0341286271212744,True,0.0230613049475641,2.306130494756414,-7.539198353031664,,,,-7.539198353031664,False
2020-03-06,BTCUSDT,9054.64,9170.0,8985.5,9131.88,43782.948044,288,288,0.0003179758075824,0.008489836857211,True,0.0178318761655211,1.7831876165521194,-8.053535254862988,-7.539198353031664,,,-8.053535254862988,False
2020-03-07,BTCUSDT,9130.89,9188.0,8835.0,8886.66,45422.204525,288,288,0.0005557626427975,-0.0272203120821183,True,0.0235746186140433,2.357461861404333,-7.4951692563054,-8.053535254862988,,,-7.4951692563054,False
2020-03-08,BTCUSDT,8885.25,8886.76,8000.0,8033.31,77537.315166,288,288,0.001378074680365,-0.1009546286346592,True,0.0371224282660098,3.712242826600988,-6.587067913109515,-7.4951692563054,,,-6.587067913109515,False
2020-03-09,BTCUSDT,8034.76,8179.31,7632.01,7929.87,116968.863268,288,288,0.0025890082341051,-0.0129600051902061,True,0.0508822978461578,5.088229784615786,-5.956480397798675,-6.587067913109515,,,-5.956480397798675,False
2020-03-10,BTCUSDT,7929.87,8149.0,7728.01,7894.56,86783.443875,288,288,0.0016658452700413,-0.0044627273908264,True,0.0408147677935493,4.08147677935493,-6.397422614675918,-5.956480397798675,-7.1262902350216475,,-6.397422614675918,False
2020-03-11,BTCUSDT,7894.57,7980.0,7590.0,7934.52,79942.41117200001,288,288,0.0013997744379214,0.0050489459763736,True,0.0374135595462587,3.7413559546258703,-6.571444171111892,-6.397422614675918,-6.897935087350499,,-6.571444171111892,False
2020-03-12,BTCUSDT,7934.58,7966.17,4410.0,4800.0,261505.608653,288,288,0.0490271830080003,-0.5026069427414599,True,0.2214208278550152,22.142082785501525,-3.015380379426015,-6.571444171111892,-6.60151687060028,,-3.015380379426015,False
2020-03-13,BTCUSDT,4800.01,5955.0,3782.13,5578.6,402201.673764,288,288,0.1105561034092377,0.1503219309423461,True,0.3324997795626904,33.24997795626904,-2.2022321637116002,-3.015380379426015,-5.7055590952244035,,-2.2022321637116002,False
2020-03-14,BTCUSDT,5576.05,5640.52,5055.13,5172.06,136910.135974,288,288,0.0075666709789722,-0.0756667870857952,True,0.086986613791849,8.698661379184902,-4.884002073254832,-2.2022321637116002,-4.8285919453448205,,-4.884002073254832,False
2020-03-15,BTCUSDT,5172.48,5940.0,5093.1,5361.3,139916.146534,288,288,0.0091917371668801,0.0359354212183302,True,0.0958735477954169,9.587354779541696,-4.689450332525941,-4.884002073254832,-4.614096280436051,,-4.689450332525941,False
2020-03-16,BTCUSDT,5360.33,5365.42,4442.12,5028.97,227276.92276,288,288,0.0205423161839962,-0.0639912912173651,True,0.1433259089766964,14.33259089766964,-3.8852683162823927,-4.689450332525941,-4.2725018240060555,,-3.8852683162823927,False
2020-03-17,BTCUSDT,5028.86,5525.0,4921.45,5312.64,150089.926318,288,288,0.0064037537819956,0.05487369507312,True,0.0800234576983251,8.002345769832514,-5.050870932120273,-3.8852683162823927,-3.7352666530401564,,-5.050870932120273,False
2020-03-18,BTCUSDT,5312.64,5436.17,5009.37,5393.04,137127.634894,288,288,0.0062152185016646,0.015020346505171,True,0.0788366570934143,7.88366570934144,-5.080754397491105,-5.050870932120273,-4.142364763579008,,-5.080754397491105,False
2020-03-19,BTCUSDT,5393.26,6400.0,5252.53,6162.37,199020.873439,288,288,0.006016692626423,0.133352210461964,True,0.0775673425252086,7.756734252520868,-5.113217568239723,-5.080754397491105,-4.7180692103349084,,-5.113217568239723,False
2020-03-20,BTCUSDT,6162.05,6900.0,5670.0,6208.36,219298.329514,288,288,0.0116485576175543,0.0074353270786885,True,0.107928483810134,10.7928483810134,-4.452572916287466,-5.113217568239723,-4.763912309331888,,-4.452572916287466,False
2020-03-21,BTCUSDT,6204.57,6456.98,5860.02,6186.98,128913.668363,288,288,0.0061964593622863,-0.0034496869311265,True,0.0787175924573811,7.871759245738115,-5.083777220652996,-4.452572916287466,-4.716536826084193,,-5.083777220652996,False
2020-03-22,BTCUSDT,6187.04,6407.87,5734.01,5816.19,119115.990527,288,288,0.00447143657322,-0.0618016757608722,True,0.0668688011947281,6.686880119472814,-5.410045540954925,-5.083777220652996,-4.956238606958313,,-5.410045540954925,False
2020-03-23,BTCUSDT,5816.05,6600.0,5688.0,6467.31,164674.215785,288,288,0.0059648440035979,0.1061148487906957,True,0.0772324025496938,7.723240254969388,-5.121872375727637,-5.410045540954925,-5.028073528725242,,-5.121872375727637,False
2020-03-24,BTCUSDT,6465.25,6833.0,6371.33,6744.72,151138.009878,288,288,0.004601286737492,0.0419997195777825,True,0.0678327851226236,6.783278512262362,-5.381419289061244,-5.121872375727637,-5.03629712437255,,-5.381419289061244,False
2020-03-25,BTCUSDT,6744.69,6957.96,6450.0,6677.43,132155.734989,288,288,0.0039113089675889,-0.010026793584929,True,0.0625404586454953,6.254045864549535,-5.54388318668987,-5.381419289061244,-5.089937468536853,,-5.54388318668987,False
2020-03-26,BTCUSDT,6677.42,6780.0,6510.0,6737.36,83026.555211,288,288,0.0015768331541155,0.0089349738165947,True,0.0397093585205747,3.970935852057475,-6.452336776144693,-5.54388318668987,-5.308199522617334,,-6.452336776144693,False
2020-03-27,BTCUSDT,6737.27,6842.59,6261.0,6359.11,82914.968354,288,288,0.0026167470532483,-0.0577797263454436,True,0.051154149912283,5.115414991228302,-5.945823315341198,-6.452336776144693,-5.581911433715674,-5.453063701339399,-5.945823315341198,True
2020-03-28,BTCUSDT,6359.11,6360.0,6024.0,6236.65,93159.693429,288,288,0.0025778125381641,-0.0194452512064025,True,0.0507721630242812,5.077216302428125,-5.960814093104384,-5.945823315341198,-5.689066988592929,-5.380637563262559,-5.960814093104384,True
2020-03-29,BTCUSDT,6236.65,6266.0,5866.56,5881.42,63311.627714,288,288,0.0013984414574557,-0.0586449498930349,True,0.0373957411673548,3.739574116735482,-6.572396907152547,-5.960814093104384,-5.856855332068278,-5.285513874091714,-6.572396907152547,True
2020-03-30,BTCUSDT,5880.5,6599.0,5857.76,6394.38,118889.549992,288,288,0.0021061347920991,0.0836212502344477,True,0.0458926442046994,4.589264420469944,-6.162900863472785,-6.572396907152547,-6.095050855686539,-5.243569676402948,-6.162900863472785,True
2020-03-31,BTCUSDT,6394.45,6523.23,6321.4,6410.44,72337.595259,288,288,0.0010456116646535,0.0025084317344726,True,0.0323359191094608,3.2335919109460898,-6.863153239773967,-6.162900863472785,-6.218854391043122,-5.224289355964914,-6.863153239773967,True
2020-04-01,BTCUSDT,6412.14,6679.94,6150.11,6642.92,97500.7524,288,288,0.0017820473717368,0.0356237145363363,True,0.0422143029284721,4.221430292847214,-6.329992366820636,-6.863153239773967,-6.301017683768976,-5.265501757872882,-6.329992366820636,True
2020-04-02,BTCUSDT,6643.36,7198.0,6551.0,6794.09,149299.90687099998,288,288,0.0045060706760342,0.0225014907744606,True,0.0671272722225046,6.712727222250464,-5.402329752222876,-6.329992366820636,-6.377851494064864,-5.262436746606732,-5.402329752222876,True
2020-04-03,BTCUSDT,6793.86,7048.0,6602.1,6734.1,104080.276939,288,288,0.0018927920887015,-0.008868945989812,True,0.0435062304584245,4.350623045842453,-6.2697022444289905,-5.402329752222876,-6.2661546258885625,-5.209295182111777,-6.2697022444289905,True
2020-04-04,BTCUSDT,6732.97,6990.41,6650.01,6856.99,72990.861139,288,288,0.0016245078611286,0.0180843992939759,True,0.0403051840478203,4.03051840478204,-6.422550363760272,-6.2697022444289905,-6.2056156933438515,-5.357218903248277,-6.422550363760272,True
2020-04-05,BTCUSDT,6857.41,6895.54,6677.52,6772.78,49685.356983,288,288,0.000716553818787,-0.0123569321457107,True,0.0267685229100726,2.676852291007268,-7.241057200066817,-6.422550363760272,-6.257545593401348,-5.549051548705035,-7.241057200066817,True
2020-04-06,BTCUSDT,6772.78,7355.14,6765.0,7329.9,118052.000832,288,288,0.0011305465037579,0.0790502354489578,True,0.0336236003984988,3.3623600398498836,-6.785054131525818,-7.241057200066817,-6.333126385459918,-5.656190418105579,-6.785054131525818,True
2020-04-07,BTCUSDT,7329.9,7459.69,7077.0,7197.32,103585.168918,288,288,0.0013515636377163,-0.018253138732796,True,0.0367636183980345,3.676361839803451,-6.606493106625796,-6.785054131525818,-6.424138738400954,-5.751445136241937,-6.606493106625796,True
2020-04-08,BTCUSDT,7197.32,7420.0,7150.0,7361.28,76059.145838,288,288,0.0009831667554425,0.0225250961552422,True,0.0313554900367147,3.1355490036714757,-6.924731812893445,-6.606493106625796,-6.664971409281539,-5.875137172166637,-6.924731812893445,True
2020-04-09,BTCUSDT,7360.26,7371.92,7108.08,7283.54,61094.872417,288,288,0.0007805583623043,-0.0106168229061846,True,0.0279384745880002,2.7938474588000246,-7.155501045270322,-6.924731812893445,-6.795977322974428,-5.960312666747236,-7.155501045270322,True
2020-04-10,BTCUSDT,7283.54,7295.75,6739.98,6858.92,104674.623375,288,288,0.0017599718237294,-0.0600670128155946,True,0.041952018112714,4.1952018112714,-6.342457479304885,-7.155501045270322,-6.9425674592764395,-6.054619332555382,-6.342457479304885,True
2020-04-11,BTCUSDT,6858.92,6944.3,6760.0,6876.83,45470.293206,288,288,0.0005507468035434,0.0026077950093569,True,0.0234679953030388,2.3467995303038864,-7.50423537612363,-6.342457479304885,-6.7628475151240535,-6.110493873967436,-7.50423537612363,True
2020-04-12,BTCUSDT,6876.84,7177.0,6780.0,6903.79,73868.666501,288,288,0.0009535805396012,0.0039127462183137,True,0.0308800994104823,3.0880099410482305,-6.95528666915882,-7.50423537612363,-6.906683764043615,-6.249205803959989,-6.95528666915882,True
2020-04-13,BTCUSDT,6903.79,6903.79,6575.0,6837.91,96415.476573,288,288,0.0020523703539826,-0.0095884067817428,True,0.0453030943091379,4.5303094309138,-6.188759883561985,-6.95528666915882,-6.97644247655022,-6.334274415255706,-6.188759883561985,True
2020-04-14,BTCUSDT,6838.04,6978.0,6754.28,6868.7,69068.623285,288,288,0.0007932377837279,0.0044927304111491,True,0.0281644773380925,2.81644773380925,-7.139387527899542,-6.188759883561985,-6.829248090683929,-6.369670521737846,-7.139387527899542,True
2020-04-15,BTCUSDT,6868.57,6933.0,6605.0,6621.24,61571.384994,288,288,0.0006604999104098,-0.0366921962118244,True,0.0257001928088076,2.5700192808807634,-7.322513569641873,-7.139387527899542,-6.826025387209772,-6.461375755927478,-7.322513569641873,True
2020-04-16,BTCUSDT,6621.25,7190.0,6468.27,7101.94,125009.857539,288,288,0.0024643058430283,0.0700853225741774,True,0.0496417751800669,4.964177518006691,-6.005845116408044,-7.322513569641873,-7.02203660527717,-6.549607314135688,-6.005845116408044,True
2020-04-17,BTCUSDT,7101.99,7148.12,6972.98,7027.55,54126.509763,288,288,0.0006853560256812,-0.0105298474818263,True,0.0261793052940919,2.6179305294091972,-7.2855721092029695,-6.005845116408044,-6.722358553334052,-6.570605583668333,-7.2855721092029695,True
2020-04-18,BTCUSDT,7026.78,7293.08,7014.4,7248.6,49488.542819,288,288,0.0003761836144325,0.0309702080924703,True,0.0193954534474602,1.939545344746028,-7.885433197515076,-7.2855721092029695,-6.7884156413428824,-6.608479916989165,-7.885433197515076,True
2020-04-19,BTCUSDT,7248.6,7266.15,7055.6,7120.74,45664.86393,288,288,0.0004361704804266,-0.0177966941638991,True,0.0208846948846923,2.0884694884692347,-7.737477380887036,-7.885433197515076,-7.127750304133501,-6.696644002542522,-7.737477380887036,True
2020-04-20,BTCUSDT,7121.4,7220.0,6751.0,6826.83,90149.49137,288,288,0.0012463969836313,-0.0421512156093079,True,0.0353043479423048,3.530434794230485,-6.687498302915465,-7.737477380887036,-7.2473682747309995,-6.77740142471446,-6.687498302915465,True
2020-04-21,BTCUSDT,6828.98,6940.0,6762.0,6841.37,60109.710808,288,288,0.0006440527635377,0.0021275669780439,True,0.0253781946469346,2.5378194646934653,-7.347729904256917,-6.687498302915465,-7.120365221385718,-6.782633306340048,-7.347729904256917,True
2020-04-22,BTCUSDT,6841.36,7156.38,6818.0,7125.14,61486.377334,288,288,0.0003863086771274,0.0406413711082036,True,0.0196547367605747,1.965473676057477,-7.858873826397272,-7.347729904256917,-7.388742178955492,-6.8364891718302365,-7.858873826397272,True
2020-04-23,BTCUSDT,7125.12,7738.0,7020.0,7482.39,102773.569561,288,288,0.001587425536051,0.0489228845832495,True,0.0398425091585738,3.984250915857388,-6.445641734722135,-7.858873826397272,-7.503402522394353,-6.88174919849493,-6.445641734722135,True
2020-04-24,BTCUSDT,7483.96,7615.96,7388.0,7505.0,60182.119939,288,288,0.0005434616535306,0.0030172054176963,True,0.0233122640155488,2.331226401554889,-7.517551408573617,-6.445641734722135,-7.215444229835765,-6.887005987945,-7.517551408573617,True
2020-04-25,BTCUSDT,7505.0,7705.0,7431.07,7538.67,43874.427726,258,257,,,False,,,,-7.517551408573617,-7.171459035373081,-6.983152426870034,,False
2020-04-26,BTCUSDT,7539.03,7700.0,7480.0,7693.1,50522.616209,288,288,0.0005026238933566,0.020278049334499,True,0.0224192750408349,2.2419275040834905,-7.59566839447699,,,,-7.59566839447699,False
2020-04-27,BTCUSDT,7693.1,7792.02,7606.0,7774.62,65441.339576,288,288,0.0005326190637636,0.010540759050406,True,0.0230785411966113,2.3078541196611337,-7.537704091451836,-7.59566839447699,,,-7.537704091451836,False
2020-04-28,BTCUSDT,7773.51,7780.0,7659.12,7738.98,46302.752638,288,288,0.0002685561242584,-0.0045946863010601,True,0.0163876820892542,1.6387682089254274,-8.222450636963506,-7.537704091451836,,,-8.222450636963506,False
2020-04-29,BTCUSDT,7738.58,8952.89,7710.05,8778.57,183546.887514,288,288,0.0031809362484186,0.126043628251024,True,0.0563997894359429,5.639978943594291,-5.7505797077807514,-8.222450636963506,,,-5.7505797077807514,False
2020-04-30,BTCUSDT,8778.58,9460.0,8401.0,8620.0,206277.214124,288,288,0.0046050868036074,-0.0182284395471869,True,0.0678607898834622,6.786078988346224,-5.380593759592068,-5.7505797077807514,,,-5.380593759592068,False
2020-05-01,BTCUSDT,8620.0,9059.18,8613.56,8826.96,91468.815059,288,288,0.0012037797966786,0.023725589801302,True,0.0346955299235888,3.469552992358887,-6.722288841946581,-5.380593759592068,-6.89739931805303,,-6.722288841946581,False
2020-05-02,BTCUSDT,8825.67,9010.0,8753.0,8972.05,59002.08755,288,288,0.0006103449381569,0.0163035150589748,True,0.0247051601524255,2.4705160152425516,-7.401486288227821,-6.722288841946581,-6.722723407546948,,-7.401486288227821,False
2020-05-03,BTCUSDT,8972.58,9200.0,8712.0,8894.16,90126.065643,288,288,0.0014978667606282,-0.0087193079532389,True,0.038702283661668,3.870228366166802,-6.503713342683924,-7.401486288227821,-6.6954798469021455,,-6.503713342683924,False
2020-05-04,BTCUSDT,8894.15,8950.0,8522.0,8871.96,84418.512331,288,288,0.0011616654332411,-0.0024991401110147,True,0.0340832133643692,3.408321336436922,-6.757900585210691,-6.503713342683924,-6.351732388046229,,-6.757900585210691,False
2020-05-05,BTCUSDT,8871.92,9118.58,8760.0,9021.83,76480.765342,288,288,0.0012175195184692,0.0167514545084089,True,0.0348929723364074,3.4892972336407495,-6.710939671539155,-6.757900585210691,-6.553196563532216,,-6.710939671539155,False
2020-05-06,BTCUSDT,9021.36,9395.0,8906.21,9142.92,105925.30242,288,288,0.0011648975951139,0.0133326133006918,True,0.0341305961728464,3.4130596172846404,-6.755122097017795,-6.710939671539155,-6.819265745921635,,-6.755122097017795,False
2020-05-07,BTCUSDT,9143.4,10067.0,9021.0,9986.4,147154.611378,288,288,0.0017231870922984,0.0882443580739776,True,0.0415112887332889,4.151128873328891,-6.363579742131987,-6.755122097017795,-6.825832396935877,,-6.363579742131987,False
2020-05-08,BTCUSDT,9986.3,10035.96,9705.0,9800.01,100683.7964,288,288,0.0011462666822645,-0.0188407612705359,True,0.0338565604021521,3.38565604021521,-6.771244980724586,-6.363579742131987,-6.61825108771671,,-6.771244980724586,False
2020-05-09,BTCUSDT,9800.02,9914.25,9520.0,9539.4,81950.679567,288,288,0.0009513323721404,-0.0269528156835873,True,0.0308436763719971,3.084367637199718,-6.9576470589600925,-6.771244980724586,-6.6717574153248425,,-6.9576470589600925,False
2020-05-10,BTCUSDT,9539.1,9574.83,8117.0,8722.77,183865.182028,288,288,0.0126339617414439,-0.0894937423726646,True,0.1124008974227695,11.240089742276954,-4.371366714732162,-6.9576470589600925,-6.711706710074722,,-4.371366714732162,False
2020-05-11,BTCUSDT,8722.77,9168.0,8200.0,8561.52,168807.251832,288,288,0.0061859503499759,-0.0186591035445118,True,0.0786508127737783,7.865081277377835,-5.085474630943532,-4.371366714732162,-6.2437921187133245,,-5.085474630943532,False
2020-05-12,BTCUSDT,8562.04,8978.26,8528.78,8810.79,86522.780066,288,288,0.0015135678058809,0.0286993622730975,True,0.0389045987754783,3.8904598775478383,-6.49328562979185,-5.085474630943532,-5.909862625498472,,-6.49328562979185,False
2020-05-13,BTCUSDT,8810.99,9398.0,8792.99,9309.37,92466.274018,288,288,0.0009739250823904,0.0550443130698773,True,0.0312077727880481,3.1207772788048196,-6.934176174743694,-6.49328562979185,-5.935803803030445,,-6.934176174743694,False
2020-05-14,BTCUSDT,9309.35,9939.0,9256.76,9791.98,129565.37747,288,288,0.002154724953977,0.0505422634578429,True,0.0464190150043815,4.641901500438156,-6.140092195137225,-6.934176174743694,-5.968390041834267,,-6.140092195137225,False
2020-05-15,BTCUSDT,9791.97,9845.62,9150.0,9316.42,115890.761516,288,288,0.0023638706738925,-0.0497852485514486,True,0.0486196531650782,4.861965316507829,-6.047454887409993,-6.140092195137225,-5.804879069069693,,-6.047454887409993,False
2020-05-16,BTCUSDT,9315.96,9588.0,9220.0,9381.27,59587.627862,288,288,0.0009586779039219,0.0069367135766449,True,0.0309625241852464,3.0962524185246405,-6.94995540610573,-6.047454887409993,-6.140096703605258,,-6.94995540610573,False
2020-05-17,BTCUSDT,9380.81,9888.0,9322.1,9680.04,68647.764323,288,288,0.000838251745607,0.031350885201933,True,0.0289525775295926,2.89525775295926,-7.084192090178112,-6.94995540610573,-6.5129928586376975,,-7.084192090178112,False
2020-05-18,BTCUSDT,9681.11,9950.0,9464.23,9733.93,82006.603583,288,288,0.0011515250228381,0.0055516865857847,True,0.0339341277011532,3.393412770115329,-6.766668108294309,-7.084192090178112,-6.63117415071495,-6.569859860352276,-6.766668108294309,True
2020-05-19,BTCUSDT,9733.93,9897.21,9474.0,9775.53,78539.760454,288,288,0.0011183583537035,0.0042646042532933,True,0.0334418652844539,3.3441865284453947,-6.795893424567631,-6.766668108294309,-6.5976725374250735,-6.5321780291621545,-6.795893424567631,True
2020-05-20,BTCUSDT,9775.13,9842.0,9326.0,9511.43,74923.73809,288,288,0.0010065189128121,-0.0273880910636231,True,0.0317256822276866,3.1725682227686596,-6.901257522388243,-6.795893424567631,-6.728832783311155,-6.498459362485599,-6.901257522388243,True
2020-05-21,BTCUSDT,9511.43,9578.47,8815.0,9068.65,108928.780969,288,288,0.0014131924254812,-0.0476708225752578,True,0.0375924517088369,3.759245170883694,-6.561904002328633,-6.901257522388243,-6.8995933103068054,-6.438405130004906,-6.561904002328633,True
2020-05-22,BTCUSDT,9067.51,9271.0,8933.52,9170.0,58943.131024,288,288,0.0008209718204252,0.0111138755568234,True,0.0286526058226001,2.8652605822600132,-7.105021772578133,-6.561904002328633,-6.821983029551386,-6.475283507029809,-7.105021772578133,True
2020-05-23,BTCUSDT,9170.0,9307.85,9070.0,9179.15,43526.296966,288,288,0.0004402987258851,0.0009973214844745,True,0.0209832963541267,2.0983296354126706,-7.728057138949429,-7.105021772578133,-6.82614896603139,-6.553666598529176,-7.728057138949429,True
2020-05-24,BTCUSDT,9179.01,9298.0,8700.0,8720.34,70379.86645,288,288,0.0011594405033402,-0.0512763797663927,True,0.034050558047413,3.405055804741309,-6.759817714926565,-7.728057138949429,-7.018426772162414,-6.599383339302034,-6.759817714926565,True
2020-05-25,BTCUSDT,8718.14,8979.66,8642.72,8900.35,62833.910949,288,288,0.0008390747207381,0.0204323738210972,True,0.028966786510384,2.896678651038402,-7.083210796180012,-6.759817714926565,-7.0112116302342,-6.570216585970158,-7.083210796180012,True
2020-05-26,BTCUSDT,8900.35,9017.67,8700.0,8841.18,58299.770138,288,288,0.0006097918695763,-0.0066702499033206,True,0.0246939642337216,2.46939642337216,-7.4023928564339005,-7.083210796180012,-7.047602284992554,-6.596557379310888,-7.4023928564339005,True
2020-05-27,BTCUSDT,8841.0,9225.0,8811.73,9204.07,68910.355514,288,288,0.0006998085948234,0.04022542562893,True,0.0264538956455077,2.6453895645507775,-7.264703696277871,-7.4023928564339005,-7.215700055813608,-6.625852482548308,-7.264703696277871,True
2020-05-28,BTCUSDT,9204.07,9625.47,9110.0,9575.89,74110.787662,288,288,0.0006071224252571,0.0396027036055744,True,0.024639854408198,2.463985440819807,-7.406780098185101,-7.264703696277871,-7.2476364405535545,-6.6510235745818855,-7.406780098185101,True
2020-05-29,BTCUSDT,9575.87,9605.26,9330.0,9427.07,57374.362961,288,288,0.0006564299405319,-0.0156631432722852,True,0.0256208887537476,2.56208887537476,-7.328694586546817,-7.406780098185101,-7.183381032400689,-6.680644392816763,-7.328694586546817,True
2020-05-30,BTCUSDT,9426.6,9740.0,9331.23,9697.72,55665.27254,288,288,0.0007789672237264,0.028305468467553,True,0.0279099843017948,2.7909984301794877,-7.157541587784343,-7.328694586546817,-7.297156406724741,-6.724513249381075,-7.157541587784343,True
2020-05-31,BTCUSDT,9697.72,9700.0,9381.41,9448.27,48333.786403,288,288,0.0005658703480106,-0.0260591503705529,True,0.0237880295108834,2.3788029510883475,-7.477145573120052,-7.157541587784343,-7.3120225650456065,-6.742072186065608,-7.477145573120052,True
2020-06-01,BTCUSDT,9448.27,10380.0,9421.67,10200.77,76649.12696,288,288,0.0012292540288081,0.0766315516736141,True,0.0350607191712911,3.5060719171291193,-6.70134777422541,-7.477145573120052,-7.326973108382836,-6.76568575489106,-6.70134777422541,True
2020-06-02,BTCUSDT,10202.71,10228.99,9266.0,9518.04,108970.773151,288,288,0.004531480512287,-0.0692742623834111,True,0.0673162722696901,6.731627226969014,-5.396706568978078,-6.70134777422541,-7.214301923972345,-6.871593984868027,-5.396706568978078,True
2020-06-03,BTCUSDT,9518.02,9690.0,9365.21,9666.24,46252.644939,288,288,0.0003594064438697,0.015450457159571,True,0.0189580179309376,1.8958017930937692,-7.931056654254958,-5.396706568978078,-6.81228721813094,-6.885740891142325,-7.931056654254958,True
2020-06-04,BTCUSDT,9666.32,9881.63,9450.0,9789.06,57456.100969,288,288,0.0006289758717119,0.0126260331761255,True,0.0250793913744331,2.5079391374433166,-7.371417661758094,-7.931056654254958,-6.9327596316725675,-6.951094119527011,-7.371417661758094,True
2020-06-05,BTCUSDT,9788.14,9854.75,9581.0,9621.16,47788.05005,288,288,0.0005257002328295,-0.0173005960605891,True,0.0229281537161095,2.2928153716109545,-7.550779407244733,-7.371417661758094,-6.975534846467317,-6.97096873257312,-7.550779407244733,True
2020-06-06,BTCUSDT,9621.17,9735.0,9531.05,9666.3,32752.950893,288,288,0.0002675575190559,0.0046807700357249,True,0.0163571855481286,1.635718554812868,-8.226175990234632,-7.550779407244733,-6.990261613292255,-7.035090878578006,-8.226175990234632,True
2020-06-07,BTCUSDT,9666.85,9802.0,9372.46,9746.99,57952.848385,288,288,0.0004941743257551,0.0083129098333588,True,0.0222300320682433,2.223003206824338,-7.612622216882095,-8.226175990234632,-7.2952272564940985,-7.134123655979125,-7.612622216882095,True
2020-06-08,BTCUSDT,9746.99,9800.0,9633.0,9782.01,40664.664125,288,288,0.0002654221921456,0.0035864650046334,True,0.0162917829639877,1.6291782963987709,-8.234188821831715,-7.612622216882095,-7.738410386074902,-7.164244874650779,-8.234188821831715,True
2020-06-09,BTCUSDT,9782.0,9877.0,9570.0,9772.43,46024.001289,288,288,0.0006981322852822,-0.0009798287004332,True,0.0264221930445273,2.6422193044527327,-7.267101952697031,-8.234188821831715,-7.7990368195902535,-7.216517453362306,-7.267101952697031,True
2020-06-10,BTCUSDT,9772.44,9992.72,9704.18,9885.0,47130.762982,288,288,0.0005886895956888,0.0114533009205408,True,0.0242629263628462,2.4262926362846224,-7.437611515453314,-7.267101952697031,-7.778173677778041,-7.239264446289703,-7.437611515453314,True
2020-06-11,BTCUSDT,9885.22,9964.0,9113.0,9280.4,94418.98473,288,288,0.0016977731510415,-0.0631138073051226,True,0.0412040428968027,4.120404289680275,-6.378437797755587,-7.437611515453314,-7.7555400994197585,-7.268433450420872,-6.378437797755587,True
2020-06-12,BTCUSDT,9278.88,9557.12,9232.51,9465.13,50119.066932,288,288,0.0004389595399624,0.0197098700619728,True,0.0209513612913923,2.0951361291392376,-7.731103313231235,-6.378437797755587,-7.385992460923949,-7.244668917483023,-7.731103313231235,True
2020-06-13,BTCUSDT,9464.96,9494.73,9351.0,9473.34,27759.784851,288,288,0.0002291781549318,0.0008670183509336,True,0.015138631210642,1.5138631210642035,-8.381010887736664,-7.731103313231235,-7.409688680193776,-7.297814340705869,-8.381010887736664,True
2020-06-14,BTCUSDT,9473.34,9480.99,9245.0,9342.1,30055.506608,288,288,0.0003338883673872,-0.0139504713617748,True,0.0182726124948576,1.827261249485769,-8.004703850234302,-8.381010887736664,-7.439053093374767,-7.3558138459403475,-8.004703850234302,True
2020-06-15,BTCUSDT,9342.1,9495.0,8910.45,9426.02,86107.924707,288,288,0.0008709856135555,0.0089428839214898,True,0.0295124653927043,2.951246539270438,-7.045885098406045,-8.004703850234302,-7.58657347288222,-7.368388696453295,-7.045885098406045,True
2020-06-16,BTCUSDT,9426.05,9589.0,9373.09,9525.59,52052.446927,288,288,0.0005265096512231,0.0105079110615592,True,0.0229457981169354,2.294579811693544,-7.549240895650181,-7.045885098406045,-7.508228189472767,-7.381391759338727,-7.549240895650181,True
2020-06-17,BTCUSDT,9526.97,9565.0,9236.61,9465.14,48046.411152,288,288,0.0002839176355304,-0.0063662854632406,True,0.0168498556531033,1.6849855653103338,-8.166826377603794,-7.549240895650181,-7.742388809051685,-7.402574945678281,-8.166826377603794,True
2020-06-18,BTCUSDT,9465.13,9489.0,9280.0,9386.32,37381.953765,288,288,0.0002471439402309,-0.0083622657668446,True,0.0157208123273226,1.572081232732266,-8.305539637100198,-8.166826377603794,-7.829533421926198,-7.437321923913275,-8.305539637100198,True
2020-06-19,BTCUSDT,9386.32,9438.3,9215.79,9310.23,45330.983673,288,288,0.0003162332608637,-0.0081395145190439,True,0.0177829485986913,1.7782948598691397,-8.059030449398646,-8.305539637100198,-7.814439171798904,-7.484632648496108,-8.059030449398646,True
2020-06-20,BTCUSDT,9310.23,9395.0,9170.95,9358.95,30329.065384,288,288,0.0001528466679076,0.0052193091072211,True,0.012363117240713,1.236311724071308,-8.786075309619056,-8.059030449398646,-7.8253044916317736,-7.514280391733087,-8.786075309619056,True
2020-06-21,BTCUSDT,9358.95,9422.0,9281.54,9294.69,24316.926234,288,288,9.576639279168908e-05,-0.006889835356611,True,0.0097860304920682,0.9786030492068226,-9.253598740466519,-8.786075309619056,-8.173342533874376,-7.580524970054554,-9.253598740466519,True
2020-06-22,BTCUSDT,9294.69,9780.0,9277.09,9685.69,57895.468343,288,288,0.0002742960807118,0.0412062691601402,True,0.0165618863874812,1.6561886387481204,-8.201302448450175,-9.253598740466519,-8.514214102837643,-7.675800295176471,-8.201302448450175,True
2020-06-23,BTCUSDT,9685.69,9720.0,9577.03,9624.89,41031.02938,288,288,0.0001825361517067,-0.0062970869761493,True,0.0135105940545481,1.3510594054548195,-8.608562313015705,-8.201302448450175,-8.52110931700692,-7.708716516782386,-8.608562313015705,True
2020-06-24,BTCUSDT,9624.33,9670.0,9208.0,9296.49,61571.561464,288,288,0.0005561763796047,-0.0347155419733503,True,0.0235833920292389,2.358339202923898,-7.494425084515476,-8.608562313015705,-8.58171385219002,-7.795408086727398,-7.494425084515476,True
2020-06-25,BTCUSDT,9298.33,9340.0,9009.69,9249.49,55831.619156,288,288,0.0006694378525621,-0.0050684946945604,True,0.0258734971073134,2.587349710731347,-7.309072223785321,-7.494425084515476,-8.468792779213386,-7.890758928342734,-7.309072223785321,True
2020-06-26,BTCUSDT,9249.49,9298.0,9045.45,9162.21,50292.298277,288,288,0.0005461869454355,-0.0094809989076696,True,0.0233706428117744,2.337064281177441,-7.51254924991425,-7.309072223785321,-8.173392162046639,-7.862486908775934,-7.51254924991425,True
2020-06-27,BTCUSDT,9162.21,9196.24,8833.0,9012.0,46290.930113,288,288,0.0005544280326616,-0.0165303933915351,True,0.0235462955188637,2.354629551886376,-7.49757354740297,-7.51254924991425,-7.8251822639361865,-7.868901980964849,-7.49757354740297,True
2020-06-28,BTCUSDT,9012.0,9191.0,8948.06,9116.35,30688.176421,246,245,,,False,,,,-7.49757354740297,-7.684436483726745,-7.866483532790224,,False
2020-06-29,BTCUSDT,9116.16,9238.0,9024.67,9192.56,42120.293261,288,288,0.0002344040153212,0.0083249565532158,True,0.0153102584994903,1.5310258499490317,-8.35846437019824,,,,-8.35846437019824,False
2020-06-30,BTCUSDT,9192.93,9205.0,9064.89,9138.55,31463.162801,288,288,0.0001637710662545,-0.0058927316772561,True,0.0127973069922756,1.279730699227561,-8.717041042841029,-8.35846437019824,,,-8.717041042841029,False
2020-07-01,BTCUSDT,9138.08,9292.0,9080.1,9232.0,38488.528699,288,288,0.0002050995456196,0.0101739802109086,True,0.0143212969251979,1.43212969251979,-8.492015108297462,-8.717041042841029,,,-8.492015108297462,False
2020-07-02,BTCUSDT,9231.99,9261.96,8940.0,9086.54,45725.168076,288,288,0.0004094776766706,-0.0158815121012194,True,0.0202355547655775,2.0235554765577524,-7.80062816978198,-8.492015108297462,,,-7.80062816978198,False
2020-07-03,BTCUSDT,9086.54,9125.0,9037.47,9058.26,28943.420177,288,288,0.0001250061341181,-0.003117149034304,True,0.0111806142102363,1.118061421023634,-8.98714774892121,-7.80062816978198,,,-8.98714774892121,False
2020-07-04,BTCUSDT,9057.79,9190.0,9040.04,9135.46,26441.968484,288,288,0.0001541957092863,0.0084864957064341,True,0.012417556494187,1.2417556494187088,-8.777287922862262,-8.98714774892121,-8.471059288007984,,-8.777287922862262,False
2020-07-05,BTCUSDT,9135.0,9145.24,8893.03,9069.41,34073.653627,288,288,0.0002383309923378,-0.0072563319395403,True,0.0154379724166684,1.5437972416668453,-8.341850126345497,-8.777287922862262,-8.554823998540789,,-8.341850126345497,False
2020-07-06,BTCUSDT,9069.41,9375.0,9055.92,9344.2,54463.132277,288,288,0.0002241794599176,0.0298486175692804,True,0.0149726236818284,1.4972623681828474,-8.403063666520449,-8.341850126345497,-8.479785815241682,,-8.403063666520449,False
2020-07-07,BTCUSDT,9342.47,9379.42,9203.0,9257.39,34587.336678,288,288,0.0001598408533641,-0.0093336784889887,True,0.0126428182524365,1.2642818252436576,-8.741331904213792,-8.403063666520449,-8.46199552688628,,-8.741331904213792,False
2020-07-08,BTCUSDT,9257.4,9470.0,9231.0,9436.06,56140.517781,288,288,0.0002326336628688,0.019116368674344,True,0.0152523330303559,1.525233303035593,-8.366045604065791,-8.741331904213792,-8.650136273772642,,-8.366045604065791,False
2020-07-09,BTCUSDT,9436.06,9440.79,9160.0,9232.43,48044.450645,288,288,0.0002183446927148,-0.0218162343476369,True,0.014776491217972,1.4776491217972043,-8.429435584649152,-8.366045604065791,-8.525915844801558,,-8.429435584649152,False
2020-07-10,BTCUSDT,9232.42,9317.48,9125.0,9288.34,38295.494006,288,288,0.0001673323355593,0.006037564295295,True,0.0129357000413346,1.2935700041334677,-8.69552868975146,-8.429435584649152,-8.456345377158936,,-8.69552868975146,False
2020-07-11,BTCUSDT,9288.34,9299.28,9178.25,9234.03,22561.366,288,288,0.0001152130499862,-0.0058642771569917,True,0.0107337342051218,1.0733734205121872,-9.068727534988097,-8.69552868975146,-8.527081089840129,,-9.068727534988097,False
2020-07-12,BTCUSDT,9234.02,9345.0,9157.5,9302.75,30872.702286,288,288,0.0002434069884874,0.0074144824312149,True,0.0156015059685754,1.5601505968575478,-8.320775665878081,-9.068727534988097,-8.66021386353366,,-8.320775665878081,False
2020-07-13,BTCUSDT,9303.31,9343.82,9200.89,9242.62,42740.069115,288,288,0.0001301632729185,-0.0064846601291309,True,0.0114089119953919,1.1408911995391988,-8.946720950021598,-8.320775665878081,-8.576102615866516,,-8.946720950021598,False
2020-07-14,BTCUSDT,9242.61,9279.54,9113.0,9255.85,45772.552509,288,288,0.0001724914277759,0.0014303888111534,True,0.0131335991935184,1.3133599193518426,-8.665163016780404,-8.946720950021598,-8.692237685057677,,-8.665163016780404,False
2020-07-15,BTCUSDT,9255.85,9276.49,9160.57,9197.6,39053.579665,288,288,9.058011531038994e-05,-0.0063132035982606,True,0.0095173586309642,0.9517358630964262,-9.309275846814385,-8.665163016780404,-8.739383171483928,,-9.309275846814385,False
2020-07-16,BTCUSDT,9197.6,9226.15,9047.25,9133.72,43375.571191,288,288,0.0001524919356958,-0.0069695208611879,True,0.0123487625167825,1.2348762516782548,-8.78839884399832,-9.309275846814385,-8.862132602896512,,-8.78839884399832,False
2020-07-17,BTCUSDT,9133.72,9186.83,9089.81,9154.32,28054.358741,288,288,7.368136590237016e-05,0.0022528394199241,True,0.0085837850568598,0.8583785056859833,-9.515760627883271,-8.78839884399832,-8.806066864698558,,-9.515760627883271,False
2020-07-18,BTCUSDT,9154.31,9219.3,9121.1,9170.28,22554.541457,288,288,6.15220095470367e-05,0.0017419211372267,True,0.0078435967226162,0.7843596722616271,-9.696115568361545,-9.515760627883271,-9.045063857099596,,-9.696115568361545,False
2020-07-19,BTCUSDT,9170.3,9232.27,9101.35,9208.99,26052.019417,288,288,6.674047162269842e-05,0.0042123606910525,True,0.0081694841711517,0.8169484171151714,-9.614699018098761,-9.696115568361545,-9.194942780767585,,-9.614699018098761,False
2020-07-20,BTCUSDT,9208.99,9221.52,9131.0,9160.78,35458.764082,288,288,6.134724168412736e-05,-0.0052488529452362,True,0.0078324480007292,0.7832448000729233,-9.698960348142021,-9.614699018098761,-9.384849981031257,,-9.698960348142021,False
2020-07-21,BTCUSDT,9160.78,9437.73,9152.8,9390.0,60413.582486,288,288,0.0001963342235529,0.024713965321,True,0.0140119314711758,1.4011931471175856,-8.53569212876578,-9.698960348142021,-9.462786881296784,-8.806110789064308,-8.53569212876578,True
2020-07-22,BTCUSDT,9390.0,9544.0,9261.0,9518.16,48815.004107,288,288,0.0001722580121763,0.013556259591712,True,0.0131247099844664,1.312470998446649,-8.666517134340676,-8.53569212876578,-9.412245538250275,-8.814166596271924,-8.666517134340676,True
2020-07-23,BTCUSDT,9518.16,9664.0,9440.33,9603.27,51856.2335,288,288,0.0001461207288556,0.0089021126623837,True,0.0120880407368464,1.2088040736846433,-8.831077367987765,-8.666517134340676,-9.242396839541758,-8.811870054976454,-8.831077367987765,True
2020-07-24,BTCUSDT,9603.27,9637.0,9463.44,9537.8,43931.136205,288,288,0.0001685935479435,-0.0068408145746323,True,0.0129843578179106,1.2984357817910657,-8.68801978155404,-8.831077367987765,-9.069389199467,-8.827281975871468,-8.68801978155404,True
2020-07-25,BTCUSDT,9538.1,9732.9,9513.0,9700.42,40679.545416,288,288,0.0002463600658263,0.016906332641403,True,0.01569586142352,1.5695861423520034,-8.3087164099499,-8.68801978155404,-8.884053352158057,-8.867617958224743,-8.3087164099499,True
2020-07-26,BTCUSDT,9700.42,10111.0,9650.0,9931.54,65279.269319,288,288,0.0007295586097125,0.0235463680907107,True,0.0270103426433755,2.701034264337555,-7.22307085092233,-8.3087164099499,-8.606004564519631,-8.836780170089684,-7.22307085092233,True
2020-07-27,BTCUSDT,9931.54,11394.86,9917.21,11029.96,150188.933144,288,288,0.0035350178011474,0.1048996551538339,True,0.0594560156851047,5.945601568510479,-5.645036943961018,-7.22307085092233,-8.343480308950943,-8.76613393954696,-5.645036943961018,True
2020-07-28,BTCUSDT,11029.96,11242.23,10565.0,10906.27,97267.734187,288,288,0.0024603086874585,-0.0112773535736726,True,0.0496014988428636,4.96014988428636,-6.007468454203455,-5.645036943961018,-7.73918427087501,-8.643551522165847,-6.007468454203455,True
2020-07-29,BTCUSDT,10906.27,11342.82,10812.0,11100.53,76838.094233,288,288,0.0011740098265761,0.0176550017142402,True,0.0342638267941015,3.4263826794101524,-6.747330187444226,-6.007468454203455,-7.174462488118148,-8.534660830696893,-6.747330187444226,True
2020-07-30,BTCUSDT,11100.52,11170.0,10831.0,11099.61,60794.826456,288,288,0.0006729311568367,-8.288236024949912e-05,True,0.0259409166537497,2.5940916653749757,-7.303867526513641,-6.747330187444226,-6.786324569296186,-8.444024389025548,-7.303867526513641,True
2020-07-31,BTCUSDT,11099.79,11444.0,10960.0,11335.46,70063.660974,288,288,0.0006580181737731,0.0210258928374675,True,0.0256518649180361,2.5651864918036154,-7.326278007304417,-7.303867526513641,-6.585354792608934,-8.395743567318632,-7.326278007304417,True
2020-08-01,BTCUSDT,11335.46,11861.0,11220.0,11801.17,85087.485126,288,288,0.0010994578628149,0.040262813695334,True,0.0331580738707019,3.315807387070198,-6.812938072655727,-7.326278007304417,-6.605996223885351,-8.34560004107569,-6.812938072655727,True
2020-08-02,BTCUSDT,11801.17,12123.46,10518.5,11071.35,97553.077604,288,288,0.0053547685286061,-0.0638379885940911,True,0.0731762839218155,7.317628392181549,-5.229767801300306,-6.812938072655727,-6.8395764496242935,-8.26002774029861,-5.229767801300306,True
2020-08-03,BTCUSDT,11071.36,11473.0,10936.0,11219.81,56931.841475,288,288,0.0007124630003068,0.0133202754002108,True,0.0266920025533277,2.66920025533277,-7.246782576563811,-5.229767801300306,-6.684036319043663,-8.08552957058553,-7.246782576563811,True
2020-08-04,BTCUSDT,11219.68,11414.98,11000.0,11191.97,58629.113709,288,288,0.0006230167222082,-0.0024844090312944,True,0.0249603029270121,2.4960302927012163,-7.380937198111363,-7.246782576563811,-6.78392679686758,-8.036711702889427,-7.380937198111363,True
2020-08-05,BTCUSDT,11191.99,11780.93,11093.0,11744.91,74970.256852,288,288,0.0007004249371921,0.0482233983727414,True,0.0264655424503661,2.6465542450366115,-7.263823353971515,-7.380937198111363,-6.799340731187125,-7.965539714166234,-7.263823353971515,True
2020-08-06,BTCUSDT,11744.91,11900.0,11562.5,11762.46,63529.08502,288,288,0.0005656218437313,0.0014931490218292,True,0.0237828056320386,2.3782805632038677,-7.47758482366921,-7.263823353971515,-6.786849800520545,-7.901842456765831,-7.47758482366921,True
2020-08-07,BTCUSDT,11762.47,11909.94,11322.0,11594.23,65755.926022,288,288,0.0006825153139584,-0.014405543700161,True,0.0261249940470514,2.6124994047051415,-7.289725593122602,-7.47758482366921,-6.919779150723241,-7.818583773895594,-7.289725593122602,True
2020-08-08,BTCUSDT,11594.36,11808.27,11512.0,11761.41,41858.16104,288,288,0.0004708467364222,0.014316272674542,True,0.0216990031204723,2.169900312047237,-7.660977917279542,-7.289725593122602,-7.331770709087701,-7.750462262492155,-7.660977917279542,True
2020-08-09,BTCUSDT,11761.02,11797.11,11521.97,11681.68,41493.067342,288,288,0.0004168725024732,-0.0068020305693094,True,0.0204174558276312,2.041745582763127,-7.782730132381118,-7.660977917279542,-7.414609777230846,-7.6661539574647115,-7.782730132381118,True
2020-08-10,BTCUSDT,11681.69,12067.35,11450.0,11892.92,84952.337887,288,288,0.0021517588913717,0.0179214624033879,True,0.0463870552134077,4.638705521340778,-6.1414696822848915,-7.782730132381118,-7.494968364084798,-7.579181892192874,-6.1414696822848915,True
2020-08-11,BTCUSDT,11892.9,11935.0,11125.0,11392.08,90748.284634,288,288,0.0013938099434317,-0.0430248879596841,True,0.037333764120857,3.733376412085708,-6.575714314940462,-6.1414696822848915,-7.270497629747473,-7.421307831474062,-6.575714314940462,True
2020-08-12,BTCUSDT,11392.09,11617.52,11150.0,11564.33,64909.613644,288,288,0.0006692174620555,0.0150069834685231,True,0.0258692377555958,2.5869237755595837,-7.309401495265716,-6.575714314940462,-7.090123528001723,-7.279342102692173,-7.309401495265716,True
2020-08-13,BTCUSDT,11564.34,11792.96,11270.36,11780.0,70132.491502,288,288,0.0007752519243971,0.0184778176380438,True,0.0278433461422494,2.784334614224949,-7.162322517694504,-7.309401495265716,-7.094058708430346,-7.22360161935126,-7.162322517694504,True
2020-08-14,BTCUSDT,11779.77,11850.0,11634.03,11760.54,59818.852697,288,288,0.0004671420398794,-0.0016533184398265,True,0.0216134689459947,2.1613468945994763,-7.668877192623458,-7.162322517694504,-6.994327628513338,-7.155229136776435,-7.668877192623458,True
2020-08-15,BTCUSDT,11760.55,11980.0,11680.0,11852.4,56237.90505,288,288,0.0005700222856459,0.0077805189363316,True,0.0238751394895598,2.387513948955983,-7.469835100275584,-7.668877192623458,-6.971557040561807,-7.102401856078057,-7.469835100275584,True
2020-08-16,BTCUSDT,11852.4,11931.72,11686.0,11911.0,41368.236906,288,288,0.0003141041170855,0.0049319641788187,True,0.0177229827367044,1.772298273670448,-8.0657860439427,-7.469835100275584,-7.237230124159945,-7.0470298251108545,-8.0657860439427,True
2020-08-17,BTCUSDT,11910.99,12468.0,11769.78,12281.13,84734.21154,288,288,0.0013949490399095,0.0306015951306675,True,0.0373490165855748,3.73490165855748,-6.5748973949068885,-8.0657860439427,-7.535244469960392,-7.03598753574689,-6.5748973949068885,True
2020-08-18,BTCUSDT,12281.15,12387.77,11817.93,11945.01,75923.835527,288,288,0.0009700213136546,-0.0277503200816452,True,0.031145165173019,3.11451651730191,-6.938192513868451,-6.5748973949068885,-7.388343649888627,-7.006525105928007,-6.938192513868451,True
2020-08-19,BTCUSDT,11945.1,12020.08,11561.0,11754.59,73940.169606,288,288,0.0008381557667883,-0.0160698153390226,True,0.0289509199644557,2.8950919964455797,-7.0843065955332785,-6.938192513868451,-7.343517649123416,-7.065304904560164,-7.0843065955332785,True
2020-08-20,BTCUSDT,11754.38,11888.0,11668.0,11853.55,46085.254351,288,288,0.0002956062796878,0.0083835981669006,True,0.0171932044624561,1.7193204462456184,-8.126482125246458,-7.0843065955332785,-7.226603529705381,-7.1142520928024275,-8.126482125246458,True
2020-08-21,BTCUSDT,11853.54,11878.0,11485.81,11531.34,64448.306142,288,288,0.0004126072083576,-0.0275588546872732,True,0.0203127351274431,2.0312735127443178,-7.793014486908718,-8.126482125246458,-7.357932934699555,-7.176940817247984,-7.793014486908718,True
2020-08-22,BTCUSDT,11531.23,11686.0,11376.81,11662.96,43678.701646,288,288,0.0003201296245363,0.011349461965323,True,0.0178921665690986,1.7892166569098609,-8.046784567515973,-7.793014486908718,-7.303378623292758,-7.199174769993215,-8.046784567515973,True
2020-08-23,BTCUSDT,11663.51,11718.07,11514.13,11648.13,37900.00469,288,288,0.0002113948611586,-0.001272355947378,True,0.0145394243750806,1.4539424375080636,-8.46178279343949,-8.046784567515973,-7.597756057814576,-7.23192506818465,-8.46178279343949,True
2020-08-24,BTCUSDT,11648.12,11824.9,11585.09,11748.2,46212.391867,288,288,0.0001807225026472,0.0085543852594565,True,0.0134433069832984,1.3443306983298442,-8.618547837697667,-8.46178279343949,-7.9024741137287835,-7.306872555493002,-8.618547837697667,True
2020-08-25,BTCUSDT,11748.19,11767.85,11117.64,11318.42,69590.923272,288,288,0.0006421341691812,-0.0372685503041192,True,0.0253403663979289,2.534036639792897,-7.350713289845348,-8.618547837697667,-8.209322362161661,-7.460908011692882,-7.350713289845348,True
2020-08-26,BTCUSDT,11318.42,11539.32,11244.0,11461.43,53998.231231,288,288,0.0004595304358754,0.012555998290226,True,0.0214366610244089,2.143666102440896,-7.685305381418902,-7.350713289845348,-8.054168595081439,-7.465632135023861,-7.685305381418902,True
2020-08-27,BTCUSDT,11461.42,11592.2,11125.0,11330.38,63246.036383,288,288,0.0006468687089065,-0.0114998715981544,True,0.02543361376027,2.543361376027,-7.343367206919765,-7.685305381418902,-8.032626773983477,-7.479467052446932,-7.343367206919765,True
2020-08-28,BTCUSDT,11330.38,11542.65,11276.89,11526.91,45953.908365,288,288,0.0002688665137019,0.0171966880789474,True,0.0163971495602722,1.6397149560272242,-8.221295533117528,-7.343367206919765,-7.8919433018642335,-7.483082682126397,-8.221295533117528,True
2020-08-29,BTCUSDT,11526.9,11580.02,11417.04,11465.84,32973.7992,288,288,0.0001810451309528,-0.0053121217435293,True,0.0134553012211851,1.3455301221185112,-8.616764215498405,-8.221295533117528,-7.843845849799843,-7.516887714374048,-8.616764215498405,True
2020-08-30,BTCUSDT,11465.84,11719.0,11458.0,11711.16,43177.879054,288,288,0.0002319881834972,0.0211700532462229,True,0.0152311583110832,1.5231158311083288,-8.368824120796829,-8.616764215498405,-7.843489125359989,-7.577207651754765,-8.368824120796829,True
2020-08-31,BTCUSDT,11711.17,11800.77,11570.0,11649.51,55353.617744,288,288,0.0002512324300357,-0.005278114294062,True,0.015850313247243,1.5850313247243082,-8.289132031242389,-8.368824120796829,-8.047111291550285,-7.609382479187371,-8.289132031242389,True
2020-09-01,BTCUSDT,11649.51,12050.85,11515.0,11921.97,78148.193668,288,288,0.000453229656634,0.0231187973969299,True,0.0212891910751459,2.128919107514593,-7.6991115926592695,-8.289132031242389,-8.167876621514981,-7.632400747317428,-7.6991115926592695,True
2020-09-02,BTCUSDT,11921.97,11954.57,11160.1,11388.54,87221.845602,288,288,0.0008087964231644,-0.0457753298115853,True,0.0284393463913018,2.8439346391301874,-7.119963312665912,-7.6991115926592695,-8.239025498662885,-7.7032026523344435,-7.119963312665912,True
2020-09-03,BTCUSDT,11388.54,11462.6,9960.8,10140.85,121950.106015,288,288,0.0031666627903032,-0.1160357655468887,True,0.0562731089447104,5.627310894471041,-5.75507699315928,-7.119963312665912,-8.018759054572559,-7.7279412431401475,-5.75507699315928,True
2020-09-04,BTCUSDT,10138.29,10627.05,9875.5,10446.25,92733.599113,288,288,0.0025875005905122,0.0296712412537298,True,0.050867480677858,5.086748067785803,-5.957062892173401,-5.75507699315928,-7.446421610104736,-7.657290129408036,-5.957062892173401,True
2020-09-05,BTCUSDT,10446.25,10565.68,9825.0,10166.69,90001.605568,288,288,0.0034118915490615,-0.0271263723089186,True,0.058411399136312,5.841139913631207,-5.680488435009827,-5.957062892173401,-6.96406936438005,-7.60250560097526,-5.680488435009827,True
2020-09-06,BTCUSDT,10166.69,10347.14,9994.86,10256.2,56368.788815,288,288,0.0010466573713469,0.0087657107436179,True,0.0323520844977094,3.235208449770941,-6.862153648648278,-5.680488435009827,-6.442340645133538,-7.512124293811004,-6.862153648648278,True
2020-09-07,BTCUSDT,10255.89,10410.75,9875.0,10373.44,62620.230676,288,288,0.0010371394626514,0.011366292597356,True,0.0322046497054602,3.220464970546028,-6.871288872131749,-6.862153648648278,-6.274949056331339,-7.484502409646126,-6.871288872131749,True
2020-09-08,BTCUSDT,10373.45,10438.0,9850.0,10126.65,73491.878418,288,288,0.0019306418086719,-0.0240781306870195,True,0.0439390692740745,4.393906927407453,-6.249902787992313,-6.871288872131749,-6.225214168224507,-7.430207083654719,-6.249902787992313,True
2020-09-09,BTCUSDT,10126.66,10343.0,9981.01,10219.2,49347.113776,288,288,0.000563499829765,0.0090977411466434,True,0.023738151355257,2.3738151355257053,-7.481343526587417,-6.249902787992313,-6.324179327191113,-7.415434601522237,-7.481343526587417,True
2020-09-10,BTCUSDT,10219.29,10483.35,10070.83,10336.87,58253.75375,288,288,0.0006234850811455,0.0114488114994347,True,0.024969683240793,2.4969683240793024,-7.380185720723876,-7.481343526587417,-6.629035454073917,-7.440123283918553,-7.380185720723876,True
2020-09-11,BTCUSDT,10336.86,10397.6,10200.0,10387.89,43830.254467,288,288,0.0003103755386017,0.0049235892784974,True,0.0176174782134603,1.761747821346033,-8.077727578811794,-7.380185720723876,-6.968974911216726,-7.4535723350635825,-8.077727578811794,True
2020-09-12,BTCUSDT,10387.89,10477.97,10269.25,10440.92,35379.153096,288,288,0.0001582021856287,0.0050919965741699,True,0.0125778450311945,1.257784503119455,-8.751636687121225,-8.077727578811794,-7.21208969724943,-7.451356219316551,-8.751636687121225,True
2020-09-13,BTCUSDT,10440.67,10580.11,10200.0,10332.83,43837.609865,288,288,0.0003659985379478,-0.010406496224025,True,0.0191310882583252,1.9131088258325264,-7.912881219249028,-8.751636687121225,-7.588159260247325,-7.494929955689846,-7.912881219249028,True
2020-09-14,BTCUSDT,10332.84,10750.0,10212.34,10671.77,67059.291361,288,288,0.0004726079562699,0.0322757322636255,True,0.0217395482075862,2.1739548207586235,-7.657244358249705,-7.912881219249028,-7.920754946498668,-7.488843439859531,-7.657244358249705,True
2020-09-15,BTCUSDT,10671.77,10930.04,10606.48,10785.31,61822.452786,288,288,0.0005963350309801,0.0105830858365476,True,0.024419971969274,2.4419971969274075,-7.424707916319276,-7.657244358249705,-7.955935112831126,-7.452273510987268,-7.424707916319276,True
2020-09-16,BTCUSDT,10785.23,11093.0,10661.22,10954.01,64991.51244,288,288,0.0005256035529828,0.0155205762162033,True,0.022926045297496,2.2926045297496014,-7.550963330955991,-7.424707916319276,-7.964839551950206,-7.398008060015524,-7.550963330955991,True
2020-09-17,BTCUSDT,10954.01,11045.46,10745.83,10939.99,55601.614529,288,288,0.0003508110679847,-0.0012807163530043,True,0.0187299510940309,1.8729951094030923,-7.955262747266411,-7.550963330955991,-7.859486702379046,-7.407110334611462,-7.955262747266411,True
2020-09-18,BTCUSDT,10940.0,11038.03,10812.84,10933.39,47266.728275,288,288,0.0002386387328937,-0.0006034732812479,True,0.0154479362017641,1.5447936201764192,-8.34055972746975,-7.955262747266411,-7.700211914408082,-7.419381123968166,-8.34055972746975,True
2020-09-19,BTCUSDT,10933.4,11179.79,10887.37,11080.65,38440.036858,288,288,0.0002555014062932,0.0133789342229989,True,0.0159844113527304,1.5984411352730437,-8.272282644252687,-8.34055972746975,-7.785747616052227,-7.464708056720439,-8.272282644252687,True
2020-09-20,BTCUSDT,11080.64,11080.64,10723.0,10920.28,39157.922565,288,288,0.0003417212541839,-0.0145787328447103,True,0.0184857040489112,1.8485704048911236,-7.9815151994783555,-8.272282644252687,-7.908755273252822,-7.467025652681129,-7.9815151994783555,True
2020-09-21,BTCUSDT,10920.28,10988.86,10296.35,10417.22,70683.431179,288,288,0.0006750443309432,-0.0471614049101917,True,0.0259816152489256,2.5981615248925687,-7.300732193776876,-7.9815151994783555,-8.020116729884638,-7.4381506974074885,-7.300732193776876,True
2020-09-22,BTCUSDT,10417.22,10572.71,10353.0,10529.61,43991.235476,288,288,0.0003781808851516,0.0107310823194754,True,0.0194468734029835,1.944687340298359,-7.880137944657591,-7.300732193776876,-7.970070502448816,-7.389601064361128,-7.880137944657591,True
2020-09-23,BTCUSDT,10529.61,10537.15,10136.82,10241.46,51876.568079,288,288,0.0004030843417936,-0.0277471008498915,True,0.0200769604719848,2.007696047198489,-7.816364733066967,-7.880137944657591,-7.955045541927052,-7.371010424061819,-7.816364733066967,True
2020-09-24,BTCUSDT,10241.46,10795.24,10190.93,10736.32,57676.619427,288,288,0.0004828266778426,0.0471881984713748,True,0.0219733174064047,2.1973317406404766,-7.635852813758369,-7.816364733066967,-7.850206543046495,-7.376340112262169,-7.635852813758369,True
2020-09-25,BTCUSDT,10736.33,10760.53,10556.24,10686.67,48101.117008,288,288,0.0003500224863485,-0.0046352156160366,True,0.0187088878971604,1.8708887897160464,-7.957513158834546,-7.635852813758369,-7.722920576947632,-7.399789635039098,-7.957513158834546,True
2020-09-26,BTCUSDT,10686.57,10820.94,10644.68,10728.6,28420.836659,288,288,0.0001872491932391,0.0039159023986668,True,0.0136839027049716,1.3683902704971642,-8.583070244045652,-7.957513158834546,-7.718120168818869,-7.49990036984252,-8.583070244045652,True
2020-09-27,BTCUSDT,10728.59,10799.0,10594.82,10774.25,30549.483253,288,288,0.0001973217006937,0.0042459551717103,True,0.0140471242855504,1.4047124285550463,-8.530675162673282,-8.583070244045652,-7.9745877788726265,-7.619264340382167,-8.530675162673282,True
2020-09-28,BTCUSDT,10774.26,10950.0,10626.0,10696.12,50095.251734,288,288,0.0004186050752958,-0.0072779691147329,True,0.0204598405491318,2.0459840549131805,-7.778582623573414,-8.530675162673282,-8.104695222475764,-7.748818282548688,-7.778582623573414,True
2020-09-29,BTCUSDT,10696.11,10867.54,10635.87,10840.48,41874.898399,288,288,0.0002221667134715,0.013406216589901,True,0.0149052579136219,1.4905257913621968,-8.412082496339224,-7.778582623573414,-8.097138800577053,-7.790474145045286,-8.412082496339224,True
2020-09-30,BTCUSDT,10840.58,10849.34,10665.13,10776.59,39596.027322,288,288,0.0002286824950422,-0.0059110865655053,True,0.0151222516525248,1.5122251652524856,-8.383176001000948,-8.412082496339224,-8.252384737093223,-7.860510218872898,-8.383176001000948,True
2020-10-01,BTCUSDT,10776.59,10920.0,10437.0,10619.13,60866.332893,288,288,0.0006069228321467,-0.0147190973543126,True,0.0246358038664622,2.4635803866462256,-7.407108904893057,-8.383176001000948,-8.337517305526504,-7.957477183100564,-7.407108904893057,True
2020-10-02,BTCUSDT,10619.13,10664.64,10374.0,10570.4,50130.393705,288,288,0.0004721920502266,-0.0045994494362668,True,0.0217299804469914,2.172998044699142,-7.6581247690611045,-7.407108904893057,-8.102325037695985,-7.954102882114456,-7.6581247690611045,True
2020-10-03,BTCUSDT,10570.4,10603.56,10496.46,10542.06,22298.221341,288,288,0.0001129676072566,-0.0026846721814159,True,0.0106286220770443,1.062862207704438,-9.088409441793198,-7.6581247690611045,-7.927814958973551,-7.966736475220693,-9.088409441793198,True
2020-10-04,BTCUSDT,10542.07,10696.87,10517.87,10666.63,23212.001595,288,288,0.0001054057913145,0.0117472066892548,True,0.0102667322607786,1.0266732260778624,-9.157692977308617,-9.088409441793198,-8.189780322617505,-8.012676559901665,-9.157692977308617,True
2020-10-05,BTCUSDT,10666.62,10798.0,10615.64,10792.21,34025.761653,288,288,0.0001200680399304,0.0117044009488385,True,0.0109575562937397,1.0957556293739714,-9.027451976445663,-9.157692977308617,-8.338902418811385,-8.031133664001093,-9.027451976445663,True
2020-10-06,BTCUSDT,10792.2,10800.0,10525.0,10599.66,48674.740471,288,288,0.0002534540212281,-0.0180026524426527,True,0.0159202393583801,1.5920239358380106,-8.280328127209655,-9.027451976445663,-8.467757613900329,-8.081795971146393,-8.280328127209655,True
2020-10-07,BTCUSDT,10599.65,10681.87,10546.17,10666.39,32811.990279,288,288,9.952442641421173e-05,0.006275751163339,True,0.0099761929820052,0.9976192982005296,-9.215107452327741,-8.280328127209655,-8.642401458363647,-8.110117960644574,-9.215107452327741,True
2020-10-08,BTCUSDT,10666.4,10950.0,10530.41,10925.57,51959.691572,288,288,0.000258426333727,0.0240082372384519,True,0.0160756441154632,1.6075644115463237,-8.260899880540167,-9.215107452327741,-8.953797995016975,-8.191499757735867,-8.260899880540167,True
2020-10-09,BTCUSDT,10925.44,11104.64,10829.0,11050.64,48240.073237,288,288,0.000209562975315,0.011382431304898,True,0.0144762901088316,1.447629010883161,-8.470486265610367,-8.260899880540167,-8.788296082766369,-8.223769600898784,-8.470486265610367,True
2020-10-10,BTCUSDT,11050.64,11491.0,11050.51,11293.22,43648.036943,288,288,0.0007621101386874,0.0217142008076798,True,0.0276063423634405,2.7606342363440537,-7.179419473762534,-8.470486265610367,-8.65085474042672,-8.247188851732602,-7.179419473762534,True
2020-10-11,BTCUSDT,11293.22,11445.0,11221.0,11369.02,29043.851339,288,288,0.0002184267535452,0.0066895666688321,True,0.0147792676931331,1.477926769313318,-8.429059823678198,-7.179419473762534,-8.281248239890093,-8.194409749291365,-8.429059823678198,True
2020-10-12,BTCUSDT,11369.02,11720.01,11172.0,11528.25,52825.28371,288,288,0.0004985563933481,0.01390843247592,True,0.0223283764154072,2.232837641540723,-7.603793848886229,-8.429059823678198,-8.310994579183802,-8.201535984719795,-7.603793848886229,True
2020-10-13,BTCUSDT,11528.24,11557.0,11300.0,11420.56,42205.283709,288,288,0.0003565480249501,-0.0093853049878307,True,0.0188824793115238,1.8882479311523863,-7.93904161484032,-7.603793848886229,-7.988731858495498,-8.184366832420155,-7.93904161484032,True
2020-10-14,BTCUSDT,11420.57,11547.98,11280.0,11417.89,41415.106015,288,288,0.0003347762848788,-0.0002338162188921,True,0.0182968927656817,1.8296892765681765,-8.00204805555312,-7.93904161484032,-7.924360205355529,-8.213380897013947,-8.00204805555312,True
2020-10-15,BTCUSDT,11417.89,11617.34,11250.83,11505.12,48760.717679,288,288,0.0003071405300055,0.0076107300963609,True,0.0175254252446417,1.752542524464176,-8.088205162652862,-8.00204805555312,-7.830672563344081,-8.218922265691019,-8.088205162652862,True
2020-10-16,BTCUSDT,11505.13,11541.15,11200.0,11319.32,48797.749502,288,288,0.0003302003209295,-0.0162811533813094,True,0.0181714149402181,1.817141494021812,-8.015811054554128,-8.088205162652862,-8.012429701122146,-8.231278648854014,-8.015811054554128,True
2020-10-17,BTCUSDT,11319.24,11402.42,11255.0,11360.2,22368.915241,288,288,0.0001378857790531,0.0036050184724855,True,0.011742477551741,1.1742477551741066,-8.88908490355094,-8.015811054554128,-7.929779947297331,-8.248549477981094,-8.88908490355094,True
2020-10-18,BTCUSDT,11360.31,11505.0,11346.22,11503.14,23284.041191,288,288,8.774193592256358e-05,0.0125040228060501,True,0.0093670665590975,0.9367066559097548,-9.341110598159572,-8.88908490355094,-8.186838158230275,-8.290893648195475,-9.341110598159572,True
2020-10-19,BTCUSDT,11503.14,11823.99,11407.96,11751.47,47414.534692,288,288,0.0002459643385847,0.0213582975701159,True,0.0156832502557595,1.5683250255759538,-8.310323997643213,-9.341110598159572,-8.467251954894124,-8.325350027927925,-8.310323997643213,True
2020-10-20,BTCUSDT,11751.46,12038.38,11677.59,11909.99,62134.750663,288,288,0.0004247983408136,0.0133992045882983,True,0.0206106365940911,2.0610636594091147,-7.763895993850199,-8.310323997643213,-8.528907143312143,-8.315334065881103,-7.763895993850199,True
2020-10-21,BTCUSDT,11910.0,13217.68,11886.95,12780.96,114584.456767,288,288,0.0016943706464662,0.0705790197628191,True,0.0411627337098279,4.116273370982795,-6.380443907118584,-7.763895993850199,-8.464045309551611,-8.314666491802775,-6.380443907118584,True
2020-10-22,BTCUSDT,12780.75,13185.0,12678.08,12968.52,70038.824144,288,288,0.0008164797756188,0.0145683188348345,True,0.0285741102331966,2.8574110233196643,-7.110508415463955,-6.380443907118584,-8.1369718800645,-8.222319283201836,-7.110508415463955,True
2020-10-23,BTCUSDT,12968.84,13027.69,12720.08,12923.07,50386.999841,288,288,0.0004141154284031,-0.0035107961066525,True,0.0203498262499497,2.0349826249949716,-7.789365810432086,-7.110508415463955,-7.781256582447105,-8.16447075658652,-7.789365810432086,True
2020-10-24,BTCUSDT,12923.06,13166.73,12870.0,13111.73,35952.20907,288,288,0.0003272254737367,0.0144931631779382,True,0.0180893746087798,1.8089374608779831,-8.024861102547606,-7.789365810432086,-7.470907624901608,-8.181846070474656,-8.024861102547606,True
2020-10-25,BTCUSDT,13111.73,13350.0,12888.0,13028.83,38481.579504,288,288,0.000560727954913,-0.0063426550859689,True,0.0236796949919774,2.367969499197749,-7.486274698911432,-8.024861102547606,-7.413815045882487,-8.198515903814952,-7.486274698911432,True
2020-10-26,BTCUSDT,13029.64,13238.81,12765.0,13052.19,60951.672986,288,288,0.0005562514291082,0.0017913414618499,True,0.023584983127157,2.358498312715708,-7.494290155303844,-7.486274698911432,-7.358290786894733,-8.125691597320328,-7.494290155303844,True
2020-10-27,BTCUSDT,13052.15,13789.29,13019.87,13636.17,80796.553996,288,288,0.0006013583398106,0.0437698854159525,True,0.024522608748064,2.4522608748064014,-7.4163195618235624,-7.494290155303844,-7.581060036531784,-8.050082378138292,-7.4163195618235624,True
2020-10-28,BTCUSDT,13636.16,13859.48,12888.0,13266.4,94440.561226,288,288,0.0011709474680131,-0.0274912982793123,True,0.0342191096905385,3.42191096905386,-6.749942056164378,-7.4163195618235624,-7.642222265803706,-7.97684908656456,-6.749942056164378,True
2020-10-29,BTCUSDT,13266.4,13642.91,12920.77,13455.7,74872.602132,288,288,0.0008675846665072,0.0141682851772655,True,0.029454790213262,2.945479021326202,-7.049797452626469,-6.749942056164378,-7.434337514950164,-7.9072860833352285,-7.049797452626469,True
2020-10-30,BTCUSDT,13455.69,13669.98,13115.0,13560.1,70657.778881,288,288,0.0008659841995171,0.0077288490213077,True,0.0294276094767675,2.942760947676758,-7.051643894929604,-7.049797452626469,-7.2393247849659375,-7.808862901530626,-7.051643894929604,True
2020-10-31,BTCUSDT,13560.1,14100.0,13411.5,13791.0,67339.238515,288,288,0.0010981326487342,0.0168845483758736,True,0.0331380845664652,3.3138084566465227,-6.814144133779828,-7.051643894929604,-7.152398624169573,-7.75389672036651,-6.814144133779828,True
2020-11-01,BTCUSDT,13791.0,13895.0,13603.0,13761.5,36285.648526,288,288,0.0004819831182871,-0.0021413673004319,True,0.0219541139262586,2.1954113926258683,-7.637601468827661,-6.814144133779828,-7.016369419864769,-7.678608441646938,-7.637601468827661,True
2020-11-02,BTCUSDT,13761.49,13830.0,13195.05,13549.37,64566.421908,288,288,0.0006328944115117,-0.0155347864119046,True,0.0251573927804884,2.5157392780488483,-7.365206956192452,-7.637601468827661,-7.060625801265589,-7.699434895968081,-7.365206956192452,True
2020-11-03,BTCUSDT,13549.63,14066.11,13284.99,14023.53,74115.630787,288,288,0.000802678376406,0.0343965813014226,True,0.028331579137175,2.833157913717502,-7.127556451764403,-7.365206956192452,-7.183678781271203,-7.651077947446002,-7.127556451764403,True
2020-11-04,BTCUSDT,14023.53,14259.0,13525.0,14144.01,93016.988262,288,288,0.0011690648876693,0.0085545798273262,True,0.0341915908911729,3.419159089117297,-6.751551091044381,-7.127556451764403,-7.19923058109879,-7.629430793031374,-6.751551091044381,True
2020-11-05,BTCUSDT,14144.01,15750.0,14093.56,15590.02,143741.522673,288,288,0.0019700860442767,0.0973397530338862,True,0.0443856513332489,4.438565133324898,-6.229678059888248,-6.751551091044381,-7.139212020321745,-7.5754539510406484,-6.229678059888248,True
2020-11-06,BTCUSDT,15590.02,15960.0,15166.0,15579.92,122618.197695,288,288,0.0020736950903853,-0.0006480603012703,True,0.0455378423993209,4.553784239932092,-6.178423195225948,-6.229678059888248,-7.02231880554343,-7.494891678510428,-6.178423195225948,True
2020-11-07,BTCUSDT,15579.93,15753.52,14344.22,14818.3,101431.206553,288,288,0.0015842301746244,-0.0501200022045182,True,0.0398023890567449,3.9802389056744985,-6.447656683883828,-6.178423195225948,-6.730483150823086,-7.408083407263749,-6.447656683883828,True
2020-11-08,BTCUSDT,14818.3,15650.0,14703.88,15475.1,65547.178574,288,288,0.0008206715691469,0.0433693771486118,True,0.0286473658326022,2.8647365832602225,-7.105387566128127,-6.447656683883828,-6.546973096361361,-7.336803663142373,-7.105387566128127,True
2020-11-09,BTCUSDT,15475.1,15840.0,14805.54,15328.41,108976.334134,288,288,0.0018177743965785,-0.0095243112803136,True,0.042635365561685,4.2635365561685,-6.3101423852184375,-7.105387566128127,-6.542539319234106,-7.255726511441335,-6.3101423852184375,True
2020-11-10,BTCUSDT,15328.41,15460.0,15072.46,15297.21,61681.919606,288,288,0.00064710397559,-0.0020375104761153,True,0.0254382384529681,2.543823845296817,-7.343003572217253,-6.3101423852184375,-6.454257578068917,-7.11795522903492,-7.343003572217253,True
2020-11-11,BTCUSDT,15297.21,15965.0,15272.68,15684.24,78469.746458,288,288,0.0007334736813322,0.0249859277029348,True,0.0270827192381461,2.708271923814615,-7.21771884196267,-7.343003572217253,-6.676922680534719,-7.073986118788285,-7.21771884196267,True
2020-11-12,BTCUSDT,15684.25,16340.7,15440.64,16291.86,102196.356592,288,288,0.0012993171693914,0.0380092100428498,True,0.03604604235407,3.604604235407009,-6.645916406823325,-7.21771884196267,-6.884781809882064,-7.04915988461158,-6.645916406823325,True
2020-11-13,BTCUSDT,16291.85,16480.0,15952.35,16320.7,75691.881014,288,288,0.0006474199745343,0.0017686441983007,True,0.0254444487960416,2.5444448796041623,-7.342515363481453,-6.645916406823325,-6.9244337544699635,-7.061226816416342,-7.342515363481453,True
2020-11-14,BTCUSDT,16320.04,16326.99,15670.0,16070.45,59116.347179,288,288,0.0005080666080166,-0.0154520589265131,True,0.0225403329171658,2.2540332917165826,-7.584898000838111,-7.342515363481453,-6.971859313940627,-7.071772586780771,-7.584898000838111,True
2020-11-15,BTCUSDT,16069.56,16180.0,15774.72,15957.0,43596.841513,288,288,0.00047104397392,-0.0070845774181788,True,0.0217035474962059,2.170354749620591,-7.660559105418426,-7.584898000838111,-7.226810437064562,-7.062478595435593,-7.660559105418426,True
2020-11-16,BTCUSDT,15957.0,16880.0,15864.0,16713.57,81300.675924,288,288,0.0006169590506145,0.0463233598845078,True,0.0248386604029797,2.483866040297978,-7.39070790479541,-7.660559105418426,-7.290321543704796,-7.045919413747901,-7.39070790479541,True
2020-11-17,BTCUSDT,16713.08,17858.82,16538.0,17659.38,115221.403102,288,288,0.0011219661349455,0.0550461226589615,True,0.0334957629401927,3.3495762940192733,-6.792672655095163,-7.39070790479541,-7.324919356271346,-7.041575468560809,-6.792672655095163,True
2020-11-18,BTCUSDT,17659.38,18476.93,17214.45,17776.12,149019.788134,288,288,0.0037858927330284,0.0065888965777955,True,0.0615296085882919,6.152960858829192,-5.576473559129819,-6.792672655095163,-7.354270605925713,-7.00968376400587,-5.576473559129819,True
2020-11-19,BTCUSDT,17777.75,18179.8,17335.65,17802.82,93009.561008,288,288,0.0012310520943733,0.0015008881665491,True,0.0350863519673011,3.5086351967301184,-6.699886113931692,-5.576473559129819,-7.001062245055385,-6.9260544002470645,-6.699886113931692,True
2020-11-20,BTCUSDT,17802.81,18815.22,17740.04,18655.67,88423.018489,288,288,0.0011603832265336,0.0467932496162853,True,0.0340643982265006,3.406439822650064,-6.759004960721877,-6.699886113931692,-6.824059867674103,-6.923779130145578,-6.759004960721877,True
2020-11-21,BTCUSDT,18655.66,18965.9,18308.58,18703.8,75577.458394,288,288,0.0008890305107963,0.0025765904402391,True,0.0298166146769938,2.98166146769938,-7.025379002683507,-6.759004960721877,-6.643749038734792,-6.91056128960446,-7.025379002683507,True
2020-11-22,BTCUSDT,18703.8,18750.0,17610.86,18414.43,81645.737778,288,288,0.0012551179695097,-0.0155921153820777,True,0.0354276441428122,3.5427644142812222,-6.680525711206753,-7.025379002683507,-6.570683258312411,-6.909367430866001,-6.680525711206753,True
2020-11-23,BTCUSDT,18413.88,18766.0,18000.0,18368.0,82961.506093,288,288,0.0015103863530022,-0.0025245762533958,True,0.0388636893899978,3.8863689389997886,-6.495389797967273,-6.680525711206753,-6.54825386953473,-6.9032938662035885,-6.495389797967273,True
2020-11-24,BTCUSDT,18368.01,19418.97,18018.0,19160.01,113581.509241,288,288,0.0015861570914145,0.0422152743260897,True,0.0398265877450551,3.982658774505518,-6.44644111186333,-6.495389797967273,-6.732037117302221,-6.851375153891753,-6.44644111186333,True
2020-11-25,BTCUSDT,19160.0,19484.21,18500.27,18719.11,93266.576887,288,288,0.0014071103390725,-0.0232803672790341,True,0.0375114694336622,3.751146943366224,-6.5662170824090555,-6.44644111186333,-6.6813481168885485,-6.809613070058611,-6.5662170824090555,True
2020-11-26,BTCUSDT,18718.83,18915.03,16188.0,17149.47,181005.246693,288,288,0.0070125251855347,-0.0875776578398817,True,0.0837408215002384,8.374082150023842,-4.960057416619672,-6.5662170824090555,-6.642790541225983,-6.784097644178822,-4.960057416619672,True
2020-11-27,BTCUSDT,17149.47,17457.62,16438.08,17139.52,85297.024787,288,288,0.0023995088471286,-0.0005803612342772,True,0.048984781791171,4.898478179117101,-6.032491209601048,-4.960057416619672,-6.229726224013216,-6.702666113523154,-6.032491209601048,True
2020-11-28,BTCUSDT,17139.53,17880.49,16865.56,17719.85,64910.69997,288,288,0.0008110598776908,0.0332985720197688,True,0.0284791130074447,2.847911300744472,-7.117168674649766,-6.032491209601048,-6.100119323692075,-6.693703074873735,-7.117168674649766,True
2020-11-29,BTCUSDT,17719.84,18360.05,17517.0,18184.99,55329.016303,288,288,0.0008257430808534,0.0259110484052139,True,0.0287357456985791,2.8735745698579183,-7.099226872955366,-7.117168674649766,-6.224475099028574,-6.736373323938454,-7.099226872955366,True
2020-11-30,BTCUSDT,18185.0,19863.16,18184.99,19695.87,115463.466888,276,275,,,False,,,,-7.099226872955366,-6.355032251246981,-6.765990150714433,,False
2020-12-01,BTCUSDT,19695.87,19888.0,18001.12,18764.96,127698.762652,288,288,0.0042156429091867,-0.0484176681386949,True,0.06492798248203,6.492798248202999,-5.468953170289747,,,,-5.468953170289747,False
2020-12-02,BTCUSDT,18764.96,19342.0,18330.0,19204.09,75911.013478,288,288,0.0020423222891214,0.0231319762246725,True,0.0451920600229888,4.519206002298888,-6.193667741565516,-5.468953170289747,,,-6.193667741565516,False
2020-12-03,BTCUSDT,19204.08,19598.0,18867.2,19421.9,66689.391279,288,288,0.0012015688098252,0.011278018177225,True,0.0346636525747827,3.4663652574782695,-6.724127234494027,-6.193667741565516,,,-6.724127234494027,False
2020-12-04,BTCUSDT,19422.34,19527.0,18565.31,18650.52,71283.6682,288,288,0.0009711639494635,-0.0405272676199162,True,0.0311635034850633,3.1163503485063324,-6.937015257928405,-6.724127234494027,,,-6.937015257928405,False
2020-12-05,BTCUSDT,18650.51,19177.0,18500.0,19147.66,42922.748573,288,288,0.0005172240619538,0.0263064872103069,True,0.022742560584811,2.274256058481105,-7.56703438864953,-6.937015257928405,,,-7.56703438864953,False
2020-12-06,BTCUSDT,19147.66,19420.0,18857.0,19359.4,37043.091861,288,288,0.0004431913725855,0.0109975746836729,True,0.0210521108819423,2.10521108819423,-7.72150888890862,-7.56703438864953,-6.578159558585445,,-7.72150888890862,False
2020-12-07,BTCUSDT,19358.67,19420.91,18902.88,19166.9,41372.296293,288,288,0.0004011485394319,-0.0099932566585024,True,0.0200286929037311,2.002869290373114,-7.821178776723749,-7.72150888890862,-7.028670702309219,,-7.821178776723749,False
2020-12-08,BTCUSDT,19166.9,19294.84,18200.0,18324.11,61626.947614,288,288,0.0009095815875371,-0.0449671539115585,True,0.0301592703415909,3.0159270341590987,-7.002525858106289,-7.821178776723749,-7.354172909340866,,-7.002525858106289,False
2020-12-09,BTCUSDT,18324.11,18639.57,17650.0,18541.28,79585.553801,288,288,0.0012934847911715,0.0117819186056856,True,0.0359650495783279,3.596504957832796,-6.650415314295603,-7.002525858106289,-7.409852634063318,,-6.650415314295603,False
2020-12-10,BTCUSDT,18541.29,18557.32,17911.12,18254.63,52890.675094,288,288,0.0007431769320652,-0.0155808511856822,True,0.0272612716516533,2.7261271651653383,-7.204576409609971,-6.650415314295603,-7.352532645336758,,-7.204576409609971,False
2020-12-11,BTCUSDT,18254.81,18292.73,17572.33,18036.53,72610.724259,288,288,0.0011429476802638,-0.0120196006823956,True,0.0338075092289246,3.3807509228924686,-6.774144669264547,-7.204576409609971,-7.280041049528846,,-6.774144669264547,False
2020-12-12,BTCUSDT,18036.53,18948.66,18020.7,18808.69,49519.978432,288,288,0.000492866003183,0.0419198512810239,True,0.0222005856495514,2.2200585649551448,-7.615273219683021,-6.774144669264547,-7.090568205600031,,-7.615273219683021,False
2020-12-13,BTCUSDT,18808.69,19411.0,18711.12,19174.99,56560.821744,288,288,0.0005779887218569,0.0192878286595876,True,0.0240413960047439,2.4041396004743976,-7.45595620184057,-7.615273219683021,-7.049387094191886,,-7.45595620184057,False
2020-12-14,BTCUSDT,19174.99,19349.0,19000.0,19273.14,47257.201294,288,288,0.0004725062959181,0.0051055909978839,True,0.0217372099386786,2.1737209938678603,-7.657459486424858,-7.45595620184057,-7.140073162938743,,-7.657459486424858,False
2020-12-15,BTCUSDT,19273.69,19570.0,19050.0,19426.43,61834.366011,288,288,0.0004721778266471,0.0079220932790867,True,0.0217296531644467,2.172965316444671,-7.658154891960721,-7.657459486424858,-7.3414819973645935,,-7.658154891960721,False
2020-12-16,BTCUSDT,19426.43,21560.0,19278.6,21335.52,114306.33557,288,288,0.0018390194164048,0.0937387794210281,True,0.0428837896693477,4.288378966934779,-6.2985227752836614,-7.658154891960721,-7.432197693834743,,-6.2985227752836614,False
2020-12-17,BTCUSDT,21335.52,23800.0,21230.0,22797.16,184882.476748,288,288,0.0060120002544219,0.0662626773596751,True,0.077537089540567,7.753708954056704,-5.113997764772398,-6.2985227752836614,-7.337073315038566,,-5.113997764772398,False
2020-12-18,BTCUSDT,22797.15,23285.18,22350.0,23107.39,79646.134315,288,288,0.0015506755031537,0.0135165129878059,True,0.0393786173342051,3.9378617334205126,-6.4690646345016605,-5.113997764772398,-6.836818224056442,,-6.4690646345016605,False
2020-12-19,BTCUSDT,23107.39,24171.47,22750.0,23821.61,86045.064677,288,288,0.0012545002133944,0.0304406721170456,True,0.035418924509285,3.5418924509285064,-6.681018022054663,-6.4690646345016605,-6.639439910588659,,-6.681018022054663,False
2020-12-20,BTCUSDT,23821.6,24295.0,23060.0,23455.52,76690.145685,288,288,0.0013488678439224,-0.0154872902556711,True,0.0367269362174742,3.6726936217474258,-6.608489672513687,-6.681018022054663,-6.444151617714621,,-6.608489672513687,False
2020-12-21,BTCUSDT,23455.54,24102.77,21815.0,22719.71,87175.188425,242,241,,,False,,,,-6.608489672513687,-6.234218573825214,,,False
2020-12-22,BTCUSDT,22719.88,23837.1,22353.4,23810.79,87033.12616,288,288,0.0014709399991475,0.0469060095977808,True,0.038352835607651,3.835283560765107,-6.521853627353472,,,,-6.521853627353472,False
2020-12-23,BTCUSDT,23810.79,24100.0,22600.0,23232.76,119047.259733,288,288,0.0021573109090779,-0.0245754876788296,True,0.0464468611326746,4.644686113267465,-6.138892782380449,-6.521853627353472,,,-6.138892782380449,False
2020-12-24,BTCUSDT,23232.39,23794.43,22703.42,23729.2,69013.834252,288,288,0.0012982771800069,0.0211430056733716,True,0.0360316136192498,3.60316136192498,-6.646717139578467,-6.138892782380449,,,-6.646717139578467,False
2020-12-25,BTCUSDT,23728.99,24789.86,23433.6,24712.47,79519.943569,276,275,,,False,,,,-6.646717139578467,,,,False
2020-12-26,BTCUSDT,24712.47,26867.03,24500.0,26493.39,97806.513386,288,288,0.0013728993744012,0.0695872933806338,True,0.0370526567792542,3.70526567792542,-6.590830443737707,,,,-6.590830443737707,False
2020-12-27,BTCUSDT,26493.4,28422.0,25700.0,26281.66,148455.586214,288,288,0.0041284971262386,-0.0080239103889275,True,0.0642533822163368,6.4253382216336865,-5.489841830185851,-6.590830443737707,,,-5.489841830185851,False
2020-12-28,BTCUSDT,26281.54,27500.0,26101.0,27079.41,79721.742496,288,288,0.0017854171737555,0.0299023029826702,True,0.0422541971140801,4.225419711408019,-6.328103180269252,-5.489841830185851,,,-6.328103180269252,False
2020-12-29,BTCUSDT,27079.42,27410.0,25880.0,27385.0,69411.592606,288,288,0.0015271557416813,0.0112217577258549,True,0.0390788400759461,3.907884007594616,-6.484348266013721,-6.328103180269252,,,-6.484348266013721,False
2020-12-30,BTCUSDT,27385.0,28996.0,27320.0,28875.54,95356.057826,288,288,0.0020743530846372,0.0529994517301071,True,0.0455450665235792,4.554506652357924,-6.1781059403486385,-6.484348266013721,,,-6.1781059403486385,False
2020-12-31,BTCUSDT,28875.55,29300.0,27850.0,28923.63,75508.505152,288,288,0.0019974668149333,0.0016640381201619,True,0.0446930287062014,4.469302870620147,-6.215875493761822,-6.1781059403486385,-6.214245932111035,,-6.215875493761822,False
2021-01-01,BTCUSDT,28923.63,29600.0,28624.57,29331.69,54182.925011,288,288,0.0009222394304257,0.0140095934275392,True,0.0303683952560177,3.0368395256017786,-6.988705682192143,-6.215875493761822,-6.139254942115857,,-6.988705682192143,False
2021-01-02,BTCUSDT,29331.7,33300.0,28946.53,32178.33,129993.873362,288,288,0.0051296656185922,0.0926247431168003,True,0.0716216839971825,7.162168399718253,-5.272714803484844,-6.988705682192143,-6.439027712517115,,-5.272714803484844,False
2021-01-03,BTCUSDT,32176.45,34778.11,31962.99,33000.05,120957.56675,288,288,0.0041313780132302,0.0252158319865534,True,0.0642757964807147,6.42757964807147,-5.489144268283335,-5.272714803484844,-6.227950037160233,,-5.489144268283335,False
2021-01-04,BTCUSDT,33000.05,33600.0,28130.0,31988.71,140899.88569,288,288,0.009153796681371,-0.0311260485700942,True,0.0956754758617432,9.56754758617432,-4.693586547902858,-5.489144268283335,-6.028909237614156,,-4.693586547902858,False
2021-01-05,BTCUSDT,31989.75,34360.0,29900.0,33949.53,116049.997038,288,288,0.0057041807857372,0.0594919819740538,True,0.0755260272074286,7.552602720742866,-5.166555901818197,-4.693586547902858,-5.732005359125,,-5.166555901818197,False
2021-01-06,BTCUSDT,33949.53,36939.21,33288.0,36769.36,127139.20131,288,288,0.0053266947808513,0.0797898796472883,True,0.0729842091198592,7.298420911985922,-5.235024349318919,-5.166555901818197,-5.522141440736275,,-5.235024349318919,False
2021-01-07,BTCUSDT,36769.36,40365.0,36300.0,39432.28,132825.700437,288,288,0.0059792854424434,0.0699198805415826,True,0.0773258394228179,7.732583942281796,-5.119454209389443,-5.235024349318919,-5.17140517416163,,-5.119454209389443,False
2021-01-08,BTCUSDT,39432.48,41950.0,36500.0,40582.81,139789.957499,288,288,0.00866605074583,0.0287598077245613,True,0.0930916255408084,9.309162554080844,-4.748342099943046,-5.119454209389443,-5.14075305534255,,-4.748342099943046,False
2021-01-09,BTCUSDT,40586.96,41380.0,38720.0,40088.22,75785.979675,288,288,0.0036397777159664,-0.0122620523653104,True,0.060330570326879,6.033057032687903,-5.615832666240353,-4.748342099943046,-4.9925926216744925,,-5.615832666240353,False
2021-01-10,BTCUSDT,40088.22,41350.0,35111.11,38150.02,118209.544503,288,288,0.0067303999890808,-0.0495562435922016,True,0.0820390150421178,8.203901504211784,-5.001120703350041,-5.615832666240353,-5.177041845341991,,-5.001120703350041,False
2021-01-11,BTCUSDT,38150.02,38264.74,30420.0,35404.47,249131.539943,288,288,0.0286596837736893,-0.0746881986220904,True,0.169291712064381,16.929171206438106,-3.552263890359337,-5.001120703350041,-5.14395480564836,,-3.552263890359337,False
2021-01-12,BTCUSDT,35410.37,36628.0,32531.0,34051.24,133948.151996,288,288,0.0097576719309358,-0.0389716343884235,True,0.0987809289839686,9.87809289839686,-4.6297014386767525,-3.552263890359337,-4.807402713856444,,-4.6297014386767525,False
2021-01-13,BTCUSDT,34049.15,37850.0,32380.0,37371.38,124477.914938,288,288,0.0067922800931714,0.0930387218664857,True,0.0824152904088281,8.241529040882819,-4.991968592135014,-4.6297014386767525,-4.709452159713907,,-4.991968592135014,False
2021-01-14,BTCUSDT,37371.38,40100.0,36701.23,39144.5,102950.389421,288,288,0.0031747716561158,0.0463547564222298,True,0.0563451120871709,5.634511208717098,-5.752519568557408,-4.991968592135014,-4.7581774581523,,-5.752519568557408,False
2021-01-15,BTCUSDT,39145.21,39747.76,34408.0,36742.22,118300.920916,288,288,0.0059833858296903,-0.0633334246881052,True,0.077352348572557,7.7352348572557,-5.118768678990053,-5.752519568557408,-4.78551483861571,,-5.118768678990053,False
2021-01-16,BTCUSDT,36737.43,37950.0,35357.8,35994.98,86348.431508,288,288,0.0041741137151619,-0.020547018278435,True,0.0646073812746033,6.460738127460335,-5.478853227008269,-5.118768678990053,-4.809044433743713,,-5.478853227008269,False
2021-01-17,BTCUSDT,35994.98,36852.5,33850.0,35828.61,80157.727384,288,288,0.0036143545856856,-0.0046327480304888,True,0.0601195025402376,6.011950254023761,-5.622841977157495,-5.478853227008269,-5.194362301073499,-5.460984626453046,-5.622841977157495,True
2021-01-18,BTCUSDT,35824.99,37469.83,34800.0,36631.27,70698.11875,288,288,0.0027761498839892,0.0221555109664702,True,0.052689181849686,5.268918184968603,-5.8866902450036385,-5.622841977157495,-5.392990408769647,-5.4169851506994,-5.8866902450036385,True
2021-01-19,BTCUSDT,36622.46,37850.0,35844.06,35891.49,79611.307769,288,288,0.0019976803123885,-0.0204020271840599,True,0.044695417129596,4.469541712959602,-6.21576861536731,-5.8866902450036385,-5.571934739343372,-5.435023715009299,-6.21576861536731,True
2021-01-20,BTCUSDT,35901.94,36415.31,33400.0,35468.23,89368.422918,288,288,0.0030755656474174,-0.0118628538249539,True,0.0554577825685222,5.545778256852222,-5.78426644426081,-6.21576861536731,-5.664584548705353,-5.429917598422847,-5.78426644426081,True
2021-01-21,BTCUSDT,35468.23,35600.0,30071.0,30850.13,135004.076658,288,288,0.0075747393911246,-0.1394964019344247,True,0.0870329787558985,8.703297875589858,-4.882936331990463,-5.78426644426081,-5.797684101759504,-5.398095697434079,-4.882936331990463,True
2021-01-22,BTCUSDT,30851.99,33826.53,28850.0,32945.17,142971.684049,288,288,0.0066774023987309,0.0657037001868836,True,0.0817153743106581,8.171537431065818,-5.009026229525632,-4.882936331990463,-5.678500722755943,-5.339224351599616,-5.009026229525632,True
2021-01-23,BTCUSDT,32950.0,33456.0,31390.16,32078.0,64595.287675,288,288,0.0028274994263966,-0.0266742275526263,True,0.0531742364909611,5.317423649096118,-5.868362552839943,-5.009026229525632,-5.555737573229571,-5.284367566861607,-5.868362552839943,True
2021-01-24,BTCUSDT,32078.0,33071.0,30900.0,32259.9,57978.037966,288,288,0.0016717728131135,0.0056545359630628,True,0.0408873184876874,4.0887318487687425,-6.393870650876249,-5.868362552839943,-5.552072034796831,-5.23344287916378,-6.393870650876249,True
2021-01-25,BTCUSDT,32259.45,34875.0,31910.0,32254.2,88499.226921,288,288,0.0026050700592024,-0.0001767055578492,True,0.0510398869434725,5.1039886943472546,-5.950295710010846,-6.393870650876249,-5.58769244189862,-5.284404508590662,-5.950295710010846,True
2021-01-26,BTCUSDT,32254.19,32921.88,30837.37,32467.77,84972.20691,288,288,0.0033472888175533,0.0065996376554491,True,0.0578557587242044,5.785575872420442,-5.699604569004883,-5.950295710010846,-5.620898295048626,-5.305365937760095,-5.699604569004883,True
2021-01-27,BTCUSDT,32464.01,32557.29,29241.72,30366.15,95911.961711,288,288,0.0046005219486296,-0.0669194037928199,True,0.0678271475784558,6.782714757845583,-5.3815855148306,-5.699604569004883,-5.784231942451511,-5.351094029628368,-5.3815855148306,True
2021-01-28,BTCUSDT,30362.19,33783.98,29842.1,33364.86,92621.145617,288,288,0.0028498665839931,0.0941747491499536,True,0.0533841416901422,5.338414169014228,-5.860483098431324,-5.3815855148306,-5.858743799512505,-5.360868102947114,-5.860483098431324,True
2021-01-29,BTCUSDT,33368.18,38531.9,31915.4,34252.2,231827.005626,288,288,0.0149613390035262,0.026247545889009,True,0.1223165524511147,12.231655245111469,-4.2022858048578895,-5.860483098431324,-5.85716790863078,-5.389298046088586,-4.2022858048578895,True
2021-01-30,BTCUSDT,34246.28,34933.0,32825.0,34262.88,84889.68134,288,288,0.0033149085001094,0.0003117561881723,True,0.0575752420759952,5.757524207599525,-5.709325257502201,-4.2022858048578895,-5.4188509394271085,-5.347608573155334,-5.709325257502201,True
2021-01-31,BTCUSDT,34262.89,34342.69,32171.67,33092.98,68742.280384,288,288,0.0017493240094011,-0.0347413771124033,True,0.0418249209132686,4.1824920913268695,-6.348525846014413,-5.709325257502201,-5.37065684892538,-5.391289625771659,-6.348525846014413,True
2021-02-01,BTCUSDT,33092.97,34717.27,32296.16,33526.37,82718.276882,288,288,0.0021034224213614,0.0130111180611356,True,0.0458630834262317,4.586308342623176,-6.164189536354765,-6.348525846014413,-5.500441104327285,-5.424593861215935,-6.164189536354765,True
2021-02-02,BTCUSDT,33517.09,35984.33,33418.0,35466.24,78056.65988,288,288,0.0017450637930769,0.0562489647329943,True,0.0417739607061256,4.177396070612562,-6.350964166358769,-6.164189536354765,-5.656961908632118,-5.477460626352514,-6.350964166358769,True
2021-02-03,BTCUSDT,35472.71,37662.63,35362.38,37618.87,80784.333663,288,288,0.0015975592976119,0.0589245281156241,True,0.0399694795764461,3.996947957644612,-6.439278253395593,-6.350964166358769,-5.755058122217608,-5.604674275261579,-6.439278253395593,True
2021-02-04,BTCUSDT,37620.26,38708.27,36161.95,36936.66,92080.735898,288,288,0.0024019421649175,-0.0183012324165286,True,0.049009612984776,4.900961298477608,-6.031477633500359,-6.439278253395593,-6.2024566119251485,-5.686927766839708,-6.031477633500359,True
2021-02-05,BTCUSDT,36936.65,38310.12,36570.0,38290.24,66681.334275,288,288,0.0012902738802097,0.0359904796336563,True,0.0359203825175873,3.5920382517587344,-6.652900772903108,-6.031477633500359,-6.26688708712478,-5.73417817781086,-6.652900772903108,True
2021-02-06,BTCUSDT,38289.32,40955.51,38215.94,39186.94,98757.311183,288,288,0.0017533955052091,0.0231484945952608,True,0.0418735657092774,4.187356570927744,-6.3462010822845585,-6.652900772903108,-6.3277620725025185,-5.77510459619021,-6.3462010822845585,True
2021-02-07,BTCUSDT,39181.01,39700.0,37351.0,38795.69,84363.679763,288,288,0.0023666506785069,-0.0100343700350147,True,0.0486482340738793,4.864823407387935,-6.04627953918626,-6.3462010822845585,-6.364164381688478,-5.830896978158142,-6.04627953918626,True
2021-02-08,BTCUSDT,38795.69,46794.45,37988.89,46374.87,138597.536914,288,288,0.006774493651688,0.1784485597042841,True,0.0823073122613539,8.230731226135397,-4.994590652767607,-6.04627953918626,-6.303227456253976,-5.856689083257141,-4.994590652767607,True
2021-02-09,BTCUSDT,46374.86,48142.19,44961.09,46420.42,115499.861712,288,288,0.004979846738842,0.0009817309404034,True,0.0705680291551498,7.056802915514987,-5.302356163752077,-4.994590652767607,-6.014289936128378,-5.828132204875782,-5.302356163752077,True
2021-02-10,BTCUSDT,46420.42,47310.0,43727.0,44807.58,97154.1822,288,288,0.0028928129734133,-0.0353621270921641,True,0.053784876809502,5.378487680950201,-5.84552590305119,-5.302356163752077,-5.868465642178722,-5.801571564818894,-5.84552590305119,True
2021-02-11,BTCUSDT,44807.58,48678.9,43994.02,47969.51,89561.081454,273,272,,,False,,,,-5.84552590305119,-5.706990668208339,-5.7847423506227065,,False
2021-02-12,BTCUSDT,47968.66,48985.8,46125.0,47287.6,85870.035697,288,288,0.0020991051961946,-0.0143174960635934,True,0.0458159927993995,4.58159927993995,-6.166244122108094,,,,-6.166244122108094,False
2021-02-13,BTCUSDT,47298.15,48150.0,46202.53,47153.69,63768.097399,288,288,0.001241347652037,-0.0028358377938677,True,0.0352327639000552,3.523276390005526,-6.691557673363446,-6.166244122108094,,,-6.691557673363446,False
2021-02-14,BTCUSDT,47156.78,49707.43,47014.17,48577.79,73735.475533,288,288,0.0012218791613609,0.029754163680422,True,0.0349553881592082,3.495538815920824,-6.707365309078982,-6.691557673363446,,,-6.707365309078982,False
2021-02-15,BTCUSDT,48580.47,49010.92,45570.79,47911.1,79398.156784,288,288,0.0022075380926538,-0.0138192202196349,True,0.0469844452202413,4.698444522024132,-6.115877369619731,-6.707365309078982,,,-6.115877369619731,False
2021-02-16,BTCUSDT,47911.1,50689.18,47003.62,49133.45,88813.266298,288,288,0.0028825989445432,0.0251928552278919,True,0.0536898402357772,5.368984023577721,-5.849062980462844,-6.115877369619731,,,-5.849062980462844,False
2021-02-17,BTCUSDT,49133.45,52618.74,48947.0,52119.71,85743.637818,288,288,0.0017764851218794,0.0590031225827915,True,0.0421483703347997,4.214837033479972,-6.333118517500604,-5.849062980462844,-6.30602149092662,,-6.333118517500604,False
2021-02-18,BTCUSDT,52117.67,52530.0,50901.9,51552.6,60758.046954,288,288,0.0008245420194108,-0.0109405424977389,True,0.0287148397072121,2.8714839707212154,-7.100682453757091,-6.333118517500604,-6.3393963700051215,,-7.100682453757091,False
2021-02-19,BTCUSDT,51552.61,56368.0,50710.2,55906.0,79659.77802,288,288,0.0016791760013137,0.0810690632665134,True,0.0409777500762757,4.097775007627576,-6.38945208129789,-7.100682453757091,-6.42122132608385,,-6.38945208129789,False
2021-02-20,BTCUSDT,55906.0,57700.46,53863.93,55841.19,80948.205314,288,288,0.0020131364501541,-0.0011599398117589,True,0.0448679891476562,4.4867989147656235,-6.208061350143803,-6.38945208129789,-6.357638680527632,,-6.208061350143803,False
2021-02-21,BTCUSDT,55841.19,58352.8,55477.59,57408.57,58166.708511,288,288,0.0010709156555108,0.0276818262015089,True,0.0327248476774271,3.2724847677427102,-6.839241243642171,-6.208061350143803,-6.376075476632446,,-6.839241243642171,False
2021-02-22,BTCUSDT,57412.35,57508.47,47622.0,54087.67,134019.434944,288,288,0.006029110372603,-0.0595873467155058,True,0.0776473462045099,7.764734620450994,-5.111155812692198,-6.839241243642171,-6.574111129268312,,-5.111155812692198,False
2021-02-23,BTCUSDT,54087.67,54183.59,44892.56,48891.0,169375.025051,288,288,0.0194892487048685,-0.1010129181393365,True,0.1396038993182802,13.960389931828022,-3.937892313929175,-5.111155812692198,-6.329718588306631,,-3.937892313929175,False
2021-02-24,BTCUSDT,48891.0,51374.99,46988.69,49676.2,91881.209252,288,288,0.0053522188679077,0.0159326147047776,True,0.0731588604880348,7.315886048803484,-5.230244062390783,-3.937892313929175,-5.697160560341047,,-5.230244062390783,False
2021-02-25,BTCUSDT,49676.21,52041.73,46674.34,47073.73,83310.673121,288,288,0.0036964084358685,-0.0538108492136764,True,0.060798095659885,6.0798095659885,-5.600393623768029,-5.230244062390783,-5.465318956559626,,-5.600393623768029,False
2021-02-26,BTCUSDT,47073.73,48424.11,44106.78,46276.87,109423.200663,288,288,0.006594566377614,-0.0170728277211157,True,0.0812069355265548,8.120693552655482,-5.021509245146748,-5.600393623768029,-5.343785411284471,,-5.021509245146748,False
2021-02-27,BTCUSDT,46276.88,48394.0,45000.0,46106.43,66060.834292,288,288,0.0030597598441014,-0.0036898485630637,True,0.0553150959874559,5.531509598745597,-5.78941884841755,-5.021509245146748,-4.980239011585387,,-5.78941884841755,False
2021-02-28,BTCUSDT,46103.67,46638.46,43000.0,45135.66,83055.369042,288,288,0.0045677265175294,-0.0212797982274051,True,0.0675849577755984,6.758495777559846,-5.388739677612998,-5.78941884841755,-5.115891618730457,,-5.388739677612998,False
2021-03-01,BTCUSDT,45134.11,49790.0,44950.53,49587.03,85086.111648,288,288,0.0022617632871141,0.0940566861589428,True,0.0475579991916618,4.755799919166181,-6.09161055437065,-5.388739677612998,-5.406061091467221,,-6.09161055437065,False
2021-03-02,BTCUSDT,49595.76,50200.0,47047.6,48440.65,64221.06214,288,288,0.002700498464656,-0.0233899703432959,True,0.0519663204840987,5.196632048409874,-5.914318906472131,-6.09161055437065,-5.578334389863195,,-5.914318906472131,False
2021-03-03,BTCUSDT,48436.61,52640.0,48100.71,50349.37,81035.913705,288,288,0.0021809817192927,0.0386467694160573,True,0.0467009819949516,4.670098199495162,-6.12798017359846,-5.914318906472131,-5.641119446404016,,-6.12798017359846,False
2021-03-04,BTCUSDT,50349.37,51773.88,47500.0,48374.09,82649.716829,288,288,0.0037506810101571,-0.0400217668696808,True,0.0612428037418044,6.124280374180441,-5.585817852779034,-6.12798017359846,-5.862413632094357,,-5.585817852779034,False
2021-03-05,BTCUSDT,48374.09,49448.93,46300.0,48751.71,78192.496372,288,288,0.0028491523275762,0.0077759339482508,True,0.0533774514900835,5.337745149008359,-5.860733757862963,-5.585817852779034,-5.821693432966654,,-5.860733757862963,False
2021-03-06,BTCUSDT,48746.81,49200.0,47070.0,48882.2,44399.234242,270,269,,,False,,,,-5.860733757862963,-5.916092249016648,-5.9118399059097895,,False
2021-03-07,BTCUSDT,48882.2,51450.03,48882.2,50971.75,55235.028032,288,288,0.0014949891758013,0.0418582356506622,True,0.0386650898848216,3.86650898848216,-6.5056363124323875,,,,-6.5056363124323875,False
2021-03-08,BTCUSDT,50959.11,52402.78,49274.67,52375.17,66987.359664,288,288,0.0015832541182107,0.0271610663759543,True,0.0397901258883494,3.979012588834949,-6.448272981459038,-6.5056363124323875,,,-6.448272981459038,False
2021-03-09,BTCUSDT,52375.18,54895.0,51789.41,54884.5,71656.737076,288,288,0.0012670926240374,0.0467983530801789,True,0.035596244521542,3.5596244521542024,-6.6710302753132815,-6.448272981459038,,,-6.6710302753132815,False
2021-03-10,BTCUSDT,54874.67,57387.69,53005.0,55851.59,84749.238943,288,288,0.0023240940510262,0.017467017083068,True,0.0482088586364189,4.8208858636418945,-6.06442497135084,-6.6710302753132815,,,-6.06442497135084,False
2021-03-11,BTCUSDT,55851.59,58150.0,54272.82,57773.16,81914.812859,288,288,0.0021658370896302,0.0338263137446427,True,0.0465385548726024,4.65385548726024,-6.134948345775711,-6.06442497135084,,,-6.134948345775711,False
2021-03-12,BTCUSDT,57773.15,58081.51,54962.84,57221.72,73405.406047,288,288,0.0021753391128602,-0.0095907613783388,True,0.0466405307952245,4.664053079522454,-6.130570712636095,-6.134948345775711,-6.364862577266251,,-6.130570712636095,False
2021-03-13,BTCUSDT,57221.72,61844.0,56078.23,61188.39,83245.091346,288,288,0.0018694199501718,0.0670239190495179,True,0.0432367893138684,4.3236789313868425,-6.282127083307507,-6.130570712636095,-6.289849457306993,,-6.282127083307507,False
2021-03-14,BTCUSDT,61188.38,61724.79,58966.78,58968.31,52601.05275,288,288,0.001026517037291,-0.0369572846777303,True,0.0320393045694036,3.2039304569403666,-6.881583724184669,-6.282127083307507,-6.256620277676687,,-6.881583724184669,False
2021-03-15,BTCUSDT,58976.08,60633.43,54600.0,55605.2,102771.427298,288,288,0.0040295696144965,-0.0587234588985755,True,0.0634788910937845,6.347889109378454,-5.514095704136879,-6.881583724184669,-6.298730967450965,,-5.514095704136879,False
2021-03-16,BTCUSDT,55605.2,56938.29,53271.34,56900.75,77986.694355,288,288,0.0028112338596562,0.0230318000015632,True,0.0530210699595572,5.302106995955729,-5.874131796047844,-5.514095704136879,-6.188665114008172,,-5.874131796047844,False
2021-03-17,BTCUSDT,56900.74,58974.73,54123.69,58912.97,70421.620841,288,288,0.0019552931464174,0.0347527480866535,True,0.044218696796914,4.421869679691404,-6.237215149769165,-5.874131796047844,-6.136501804062599,,-6.237215149769165,False
2021-03-18,BTCUSDT,58912.97,60129.97,57023.0,57648.16,66580.406675,288,288,0.0015125261038871,-0.0217029406846259,True,0.0388912085680959,3.889120856809595,-6.493974109439878,-6.237215149769165,-6.157830691489212,,-6.493974109439878,False
2021-03-19,BTCUSDT,57641.0,59468.0,56270.74,58030.01,52392.652961,288,288,0.0015628631069961,0.0066019610603852,True,0.0395330634658653,3.953306346586535,-6.461235814874233,-6.493974109439878,-6.200200096715687,,-6.461235814874233,False
2021-03-20,BTCUSDT,58030.01,59880.0,57820.17,58102.28,44476.941776,288,288,0.0007554922869477,0.0012446152457558,True,0.0274862199465061,2.748621994650615,-7.188140985505844,-6.461235814874233,-6.1161305148536,,-7.188140985505844,False
2021-03-21,BTCUSDT,58100.02,58589.1,55450.11,57351.56,48564.470274,288,288,0.0012066220308955,-0.013004861172546,True,0.0347364654346924,3.4736465434692434,-6.71993053346733,-7.188140985505844,-6.4509395711273925,,-6.71993053346733,False
2021-03-22,BTCUSDT,57351.56,58430.73,53650.0,54083.25,62581.626169,288,288,0.0019372875878765,-0.0586755185175169,True,0.0440146292484273,4.401462924842731,-6.246466434810548,-6.71993053346733,-6.62009931861129,,-6.246466434810548,False
2021-03-23,BTCUSDT,54083.25,55830.9,53000.0,54340.89,59789.365427,288,288,0.0014865703340587,0.004752456139707,True,0.0385560674091482,3.8556067409148262,-6.5112836014361,-6.246466434810548,-6.621949575619567,,-6.5112836014361,False
2021-03-24,BTCUSDT,54342.8,57200.0,51700.0,52303.65,83537.465021,288,288,0.0027638372361865,-0.0382108239119176,True,0.0525722097327717,5.25722097327717,-5.8911352618632655,-6.5112836014361,-6.62541147401881,,-5.8911352618632655,False
2021-03-25,BTCUSDT,52303.66,53287.0,50427.56,51293.78,87400.534538,288,288,0.0031756585937267,-0.0194966610483517,True,0.0563529821191988,5.635298211919882,-5.752240237053313,-5.8911352618632655,-6.511391363416618,,-5.752240237053313,False
2021-03-26,BTCUSDT,51293.78,55073.46,51214.6,55025.59,63813.774692,288,288,0.0014055930489407,0.0702288524916585,True,0.0374912396292888,3.749123962928888,-6.567295966364926,-5.752240237053313,-6.224211213726112,,-6.567295966364926,False
2021-03-27,BTCUSDT,55025.59,56700.36,53950.0,55817.14,50105.475055,288,288,0.0010450431827765,0.0142826409255255,True,0.0323271276604741,3.2327127660474173,-6.863697071188043,-6.567295966364926,-6.193684300305631,,-6.863697071188043,False
2021-03-28,BTCUSDT,55817.14,56559.75,54691.84,55777.63,39050.387511,288,288,0.0008451734930525,-0.0007080977298645,True,0.0290718677255618,2.907186772556182,-7.075968634459903,-6.863697071188043,-6.317130427581129,,-7.075968634459903,False
2021-03-29,BTCUSDT,55777.65,58405.82,54800.01,57635.47,67857.937398,288,288,0.0012374680025206,0.0327652838371842,True,0.035177663403368,3.5177663403368022,-6.694687920404725,-7.075968634459903,-6.430067434185891,-6.3870638957671275,-6.694687920404725,True
2021-03-30,BTCUSDT,57635.46,59368.0,57071.35,58746.57,55122.443122,288,288,0.0007575858376326,0.0190945915543981,True,0.0275242772408772,2.75242772408772,-7.185373709993904,-6.694687920404725,-6.590777965894182,-6.39565715067496,-7.185373709993904,True
2021-03-31,BTCUSDT,58746.57,59800.0,56769.0,58740.55,60975.542666,288,288,0.0015134919367622,-0.000102479318674,True,0.0389036236970577,3.8903623697057736,-6.493335757060663,-7.185373709993904,-6.8774046604823,-6.4291617292447265,-6.493335757060663,True
2021-04-01,BTCUSDT,58739.46,59490.0,57935.45,58720.44,47415.61722,288,288,0.0006714624269168,-0.0003424115563227,True,0.0259125920532248,2.5912592053224865,-7.306052497525063,-6.493335757060663,-6.862612618621448,-6.4210847056877896,-7.306052497525063,True
2021-04-02,BTCUSDT,58720.45,60200.0,58428.57,58950.01,47382.418781,288,288,0.0005449462003251,0.0039019191524532,True,0.0233440827689836,2.3344082768983645,-7.514823483173493,-7.306052497525063,-6.951083703888851,-6.4775223205138905,-7.514823483173493,True
2021-04-03,BTCUSDT,58950.01,59791.72,56880.0,57051.94,47409.852113,288,288,0.0008103652743472,-0.0327277156301859,True,0.0284669154343638,2.846691543436387,-7.118025455963683,-7.514823483173493,-7.038854673631571,-6.540243917668335,-7.118025455963683,True
2021-04-04,BTCUSDT,57051.95,58492.85,56388.0,58202.01,41314.081973,288,288,0.0005869931305613,0.0199578092350459,True,0.0242279411127192,2.4227941112719273,-7.440497440825949,-7.118025455963683,-7.123522180743362,-6.585128224183226,-7.440497440825949,True
2021-04-05,BTCUSDT,58202.01,59272.0,56777.77,59129.99,54258.01579,288,288,0.0005995198926665,0.0158183504903252,True,0.0244850953166734,2.448509531667342,-7.419381401951306,-7.440497440825949,-7.17454692690977,-6.637781422252247,-7.419381401951306,True
2021-04-06,BTCUSDT,59129.99,59495.24,57413.02,57991.15,54201.000727,288,288,0.0005711432973247,-0.0194478280167709,True,0.0238986045058028,2.3898604505802856,-7.467870421255962,-7.419381401951306,-7.3597560558879,-6.662226771241638,-7.467870421255962,True
2021-04-07,BTCUSDT,57990.03,58655.0,55473.0,55953.45,71228.405659,288,288,0.0014012977838224,-0.0357703176417732,True,0.0374339122163643,3.7433912216364345,-6.570356483304803,-7.467870421255962,-7.392119640634078,-6.75103471292887,-6.570356483304803,True
2021-04-08,BTCUSDT,55953.44,58153.31,55700.0,58077.52,44283.147019,288,288,0.0005917399327727,0.0372585748250723,True,0.0243257051855186,2.432570518551868,-7.4324433223508075,-6.570356483304803,-7.2032262406603405,-6.782681289622369,-7.4324433223508075,True
2021-04-09,BTCUSDT,58077.52,58894.9,57654.0,58142.54,40831.884911,288,288,0.0003918274301396,0.0011189119465867,True,0.0197946313463931,1.9794631346393103,-7.844689044338864,-7.4324433223508075,-7.266109813937765,-6.837009842921533,-7.844689044338864,True
2021-04-10,BTCUSDT,58142.55,61500.0,57900.01,59769.13,69906.424117,288,288,0.0009141231062706,0.0275917251060513,True,0.0302344688438656,3.023446884386562,-6.99754530600599,-7.844689044338864,-7.346948134640348,-6.898405976326033,-6.99754530600599,True
2021-04-11,BTCUSDT,59769.13,60699.0,59232.52,60002.43,41156.715391,288,288,0.0006937619741329,0.0038957544689946,True,0.0263393616880317,2.6339361688031713,-7.273381633041195,-6.99754530600599,-7.262580915451285,-6.9227836804683855,-7.273381633041195,True
2021-04-12,BTCUSDT,59998.8,61300.0,59350.59,59860.0,56375.037117,288,288,0.0007312998024847,-0.0023765589774447,True,0.02704255539857,2.704255539857001,-7.220687055775331,-7.273381633041195,-7.223683157808331,-6.926658255356355,-7.220687055775331,True
2021-04-13,BTCUSDT,59860.01,63777.77,59805.15,63575.0,82848.688746,288,288,0.0011554672960788,0.0602118088836306,True,0.0339921652161032,3.399216521610325,-6.763250431481354,-7.220687055775331,-7.353749272302437,-6.949419915461264,-6.763250431481354,True
2021-04-14,BTCUSDT,63575.01,64854.0,61301.0,62959.53,82616.343993,288,288,0.0019344616034593,-0.0097281722840784,True,0.0439825147468786,4.398251474687864,-6.247926232322936,-6.763250431481354,-7.219910694128546,-6.97291009712812,-6.247926232322936,True
2021-04-15,BTCUSDT,62959.53,63800.0,62020.0,63159.98,51649.70034,288,288,0.0006862850130423,0.003178733707174,True,0.0261970420666598,2.6197042066659826,-7.284217545615385,-6.247926232322936,-6.9005581317253615,-6.960939307622976,-7.284217545615385,True
2021-04-16,BTCUSDT,63158.74,63520.61,60000.0,61334.8,91764.139884,288,288,0.0013964497074273,-0.0293234910328383,True,0.0373691009716233,3.736910097162338,-6.573822186527,-7.284217545615385,-6.957892579647241,-7.024261229611709,-6.573822186527,True
2021-04-17,BTCUSDT,61334.81,62506.05,59580.91,60006.66,58912.256128,288,288,0.0008699618860111,-0.0218918256363853,True,0.0294951163078089,2.949511630780895,-7.047061156457938,-6.573822186527,-6.817980690344401,-7.061605863678696,-7.047061156457938,True
2021-04-18,BTCUSDT,60006.67,60499.0,50931.3,56150.01,124882.131824,288,288,0.0110368214143868,-0.0664286967832286,True,0.1050562773678319,10.505627736783191,-4.506518194952288,-7.047061156457938,-6.783255510480923,-7.083413372319286,-4.506518194952288,True
2021-04-19,BTCUSDT,56150.01,57526.81,54221.58,55633.14,78229.042267,288,288,0.0020370771163256,-0.0092477924199961,True,0.045133990697983,4.513399069798305,-6.196239284660439,-4.506518194952288,-6.331909063175109,-6.976268877944933,-6.196239284660439,True
2021-04-20,BTCUSDT,55633.14,57076.24,53329.96,56425.0,72744.482151,258,257,,,False,,,,-6.196239284660439,-6.32157167364261,-6.936281180226775,,False
2021-04-21,BTCUSDT,56425.0,56757.91,53536.02,53787.63,66984.756909,288,288,0.0015961009415239,-0.0478688076233727,True,0.0399512320401259,3.99512320401259,-6.44019153538564,,,,-6.44019153538564,False
2021-04-22,BTCUSDT,53787.62,55521.48,50500.0,51690.96,104580.788554,288,288,0.0037817900250158,-0.0397606037870503,True,0.0614962602522773,6.149626025227736,-5.5775578298493285,-6.44019153538564,,,-5.5775578298493285,False
2021-04-23,BTCUSDT,51690.95,52131.85,47500.0,51125.14,131098.97697,288,288,0.0050024488769566,-0.0110065585476513,True,0.070727992173938,7.072799217393806,-5.297827711057535,-5.5775578298493285,,,-5.297827711057535,False
2021-04-24,BTCUSDT,51110.56,51166.22,48657.14,50047.84,55361.512573,288,288,0.0018028731088454,-0.0212970047587343,True,0.0424602532828697,4.246025328286977,-6.318373715027163,-5.297827711057535,,,-6.318373715027163,False
2021-04-25,BTCUSDT,50047.84,50567.91,46930.0,49066.77,58255.645004,232,231,,,False,,,,-6.318373715027163,,,,False
2021-04-26,BTCUSDT,49066.76,54356.62,48753.44,54001.39,86310.802124,288,288,0.0026191204843827,0.0958277633710182,True,0.0511773434674242,5.117734346742427,-5.944916710550336,,,,-5.944916710550336,False
2021-04-27,BTCUSDT,54001.38,55460.0,53222.0,55011.97,54064.034675,288,288,0.0009389922822245,0.0185410109430215,True,0.030642980961789,3.0642980961789057,-6.970703297933026,-5.944916710550336,,,-6.970703297933026,False
2021-04-28,BTCUSDT,55011.97,56428.0,53813.16,54846.22,55130.459015,288,288,0.0013506203135812,-0.0030175287936102,True,0.0367507865709192,3.675078657091921,-6.607191300524081,-6.970703297933026,,,-6.607191300524081,False
2021-04-29,BTCUSDT,54846.23,55195.84,52330.94,53555.0,52486.019455,288,288,0.0011432835365374,-0.0238241059065459,True,0.0338124760486049,3.381247604860492,-6.773850861469825,-6.607191300524081,,,-6.773850861469825,False
2021-04-30,BTCUSDT,53555.0,57963.0,53013.01,57694.27,68578.910045,288,288,0.0010017980159895,0.0744486986071199,True,0.0316511929631345,3.1651192963134505,-6.905958877488416,-6.773850861469825,,,-6.905958877488416,False
2021-05-01,BTCUSDT,57697.25,58458.07,56956.14,57800.37,42600.351836,288,288,0.0007337101133521,0.0018373152182134,True,0.0270870838842451,2.708708388424512,-7.217396548296664,-6.905958877488416,-6.640524209593137,,-7.217396548296664,False
2021-05-02,BTCUSDT,57797.35,57911.02,56035.25,56578.21,36812.878863,288,288,0.0007388696153725,-0.0213712482896678,True,0.0271821561943217,2.718215619432179,-7.210389086449069,-7.217396548296664,-6.895020177142402,,-7.210389086449069,False
2021-05-03,BTCUSDT,56578.21,58981.44,56435.0,57169.39,57649.931286,288,288,0.0010686446944644,0.0103946865349151,True,0.0326901314537652,3.269013145376526,-6.841364074063149,-7.210389086449069,-6.9429573348456115,,-6.841364074063149,False
2021-05-04,BTCUSDT,57169.39,57200.0,53046.69,53200.01,85324.62590300001,288,288,0.0020788812308299,-0.071960030969667,True,0.0455947500358313,4.559475003583137,-6.175925399766075,-6.841364074063149,-6.989791889553425,,-6.175925399766075,False
2021-05-05,BTCUSDT,53205.05,58069.82,52900.0,57436.11,77263.923439,288,288,0.0017044617994544,0.0766146152879414,True,0.0412851280663443,4.128512806634439,-6.3745058782218535,-6.175925399766075,-6.870206797212674,,-6.3745058782218535,False
2021-05-06,BTCUSDT,57436.11,58360.0,55200.0,56393.68,70181.671908,288,288,0.0017309182218133,-0.0183161041178493,True,0.041604305327854,4.1604305327854085,-6.359103247223938,-6.3745058782218535,-6.763916197359362,,-6.359103247223938,False
2021-05-07,BTCUSDT,56393.68,58650.0,55241.63,57314.75,74542.747829,288,288,0.0013943053926486,0.0162009122099646,True,0.0373403989353172,3.734039893531729,-6.5753589141321065,-6.359103247223938,-6.5922575371448175,,-6.5753589141321065,False
2021-05-08,BTCUSDT,57315.49,59500.0,56900.0,58862.05,69709.906028,288,288,0.0013376559181172,0.0266385629076557,True,0.036573978702313,3.657397870231306,-6.6168365116951335,-6.5753589141321065,-6.465251502681424,,-6.6168365116951335,False
2021-05-09,BTCUSDT,58866.53,59300.0,56235.66,58240.84,69806.11991,288,288,0.0011794766282085,-0.0106097437438785,True,0.0343435092587898,3.434350925878983,-6.742684474312016,-6.6168365116951335,-6.420345990207821,,-6.742684474312016,False
2021-05-10,BTCUSDT,58240.83,59500.0,53400.0,55816.14,89586.34925,288,288,0.0027816528272844,-0.0425237519861874,True,0.0527413768049755,5.274137680497556,-5.884709985761144,-6.742684474312016,-6.53369780511701,,-5.884709985761144,False
2021-05-11,BTCUSDT,55816.14,56862.43,54370.0,56670.02,64329.54055,288,288,0.0016283915350456,0.0151822482267276,True,0.0403533336298959,4.035333362989594,-6.420162539675172,-5.884709985761144,-6.435738626624868,,-6.420162539675172,False
2021-05-12,BTCUSDT,56670.02,58000.01,48600.0,49631.32,99842.789836,288,288,0.0041994835695052,-0.1326232370397796,True,0.0648034225138246,6.480342251382464,-5.47279372089459,-6.420162539675172,-6.447950485115115,,-5.47279372089459,False
2021-05-13,BTCUSDT,49537.15,51367.19,46000.0,49670.97,147332.002121,288,288,0.0109289696388623,0.0007985717571497,True,0.104541712435096,10.4541712435096,-4.516338250325836,-5.47279372089459,-6.2274374464676105,,-4.516338250325836,False
2021-05-14,BTCUSDT,49671.92,51483.0,48799.75,49841.45,80082.204306,288,288,0.0019287737907246,0.0034263093346636,True,0.0439178072167161,4.391780721671619,-6.250870819573812,-4.516338250325836,-5.807337794193751,,-6.250870819573812,False
2021-05-15,BTCUSDT,49844.16,50700.0,46555.0,46762.99,89437.449359,288,288,0.0032600923715754,-0.0637548890528597,True,0.0570972185975412,5.709721859754124,-5.725999749165865,-6.250870819573812,-5.70897506324611,,-5.725999749165865,False
2021-05-16,BTCUSDT,46762.99,49795.89,43825.39,46431.5,114269.812775,288,288,0.0051780918889843,-0.0071139698928201,True,0.0719589597547407,7.195895975474071,-5.26331865177234,-5.725999749165865,-5.677233015927055,,-5.26331865177234,False
2021-05-17,BTCUSDT,46426.83,46686.0,42001.0,43538.04,166657.172736,288,288,0.007387981468684,-0.0643430694922597,True,0.085953367989184,8.595336798918405,-4.907900724947694,-5.26331865177234,-5.445864238346489,,-4.907900724947694,False
2021-05-18,BTCUSDT,43538.02,45799.29,42250.02,42849.78,116979.860784,288,288,0.0044840253267576,-0.0159345278743995,True,0.0669628652818683,6.696286528186833,-5.4072341255371486,-4.907900724947694,-5.33288563915711,-6.261739982920097,-5.4072341255371486,True
2021-05-19,BTCUSDT,42849.78,43584.9,30000.0,36690.09,354347.243161,288,288,0.0704392581372373,-0.1551938194929315,True,0.265403952753604,26.540395275360407,-2.653004527248926,-5.4072341255371486,-5.511064814199371,-6.237299865419498,-2.653004527248926,True
2021-05-20,BTCUSDT,36671.23,42451.67,34850.0,40526.64,203017.596923,288,288,0.0132999080731614,0.0994528443006421,True,0.1153252273926282,11.532522739262822,-4.3199981555706914,-2.653004527248926,-4.791491555734395,-6.041040830388402,-4.3199981555706914,True
2021-05-21,BTCUSDT,40525.39,42200.0,33488.0,37252.01,202100.888258,288,288,0.0178339274149965,-0.0842536325479504,True,0.13354372847497,13.354372847497006,-4.026652601312693,-4.3199981555706914,-4.51029123701536,-5.937077505617794,-4.026652601312693,True
2021-05-22,BTCUSDT,37263.35,38829.0,35200.62,37449.73,126542.243689,288,288,0.0072448003136958,0.0052935972230841,True,0.0851163927436768,8.511639274367685,-4.927471265536078,-4.026652601312693,-4.262958026923431,-5.812204857428832,-4.927471265536078,True
2021-05-23,BTCUSDT,37458.51,38270.64,31111.01,34655.25,217136.046593,288,288,0.0170122455996524,-0.0775502710142565,True,0.1304309993814829,13.043099938148297,-4.0738218648473,-4.927471265536078,-4.266872135041107,-5.722273602340091,-4.0738218648473,True
2021-05-24,BTCUSDT,34681.44,39920.0,34031.0,38796.29,161630.893971,288,288,0.009227010217281,0.1128753941906143,True,0.0960573277646273,9.60573277646274,-4.685620203062066,-4.0738218648473,-4.000189682903138,-5.579383844001483,-4.685620203062066,True
2021-05-25,BTCUSDT,38810.99,39791.77,36419.62,38324.72,111996.228404,288,288,0.0051008099487484,-0.0122295047056661,True,0.0714199548358051,7.141995483580518,-5.278355938381305,-4.685620203062066,-4.406712818065765,-5.464621622029346,-5.278355938381305,True
2021-05-26,BTCUSDT,38324.72,40841.0,37800.44,39241.91,104780.773396,288,288,0.0034421799502368,0.0236501895390761,True,0.0586700941727287,5.867009417272877,-5.671650301839797,-5.278355938381305,-4.598384374627889,-5.393575797680172,-5.671650301839797,True
2021-05-27,BTCUSDT,39241.92,40411.14,37134.27,38529.98,86547.158794,288,288,0.0035086245927864,-0.018308668772308,True,0.0592336440951125,5.9233644095112545,-5.652531172206175,-5.671650301839797,-4.927383914733309,-5.370654202319886,-5.652531172206175,True
2021-05-28,BTCUSDT,38529.99,38877.83,34684.0,35663.49,135377.62972,288,288,0.0060799202062633,-0.0773091631552107,True,0.0779738430902526,7.797384309025269,-5.102763707060033,-5.652531172206175,-5.072395896067329,-5.337837170228265,-5.102763707060033,True
2021-05-29,BTCUSDT,35661.79,37338.58,33632.76,34605.15,112663.092689,288,288,0.0052706328727437,-0.0301249614885197,True,0.0725991244626524,7.259912446265247,-5.245604833934371,-5.102763707060033,-5.278184264509875,-5.280730827493542,-5.245604833934371,True
2021-05-30,BTCUSDT,34605.15,36488.0,33379.0,35641.27,73535.386967,288,288,0.0026398981045031,0.0295017211685392,True,0.0513799387358832,5.13799387358832,-5.937014959347916,-5.245604833934371,-5.390181190684336,-5.220287460211827,-5.937014959347916,True
2021-05-31,BTCUSDT,35641.26,37499.0,34153.84,37253.81,94160.735289,288,288,0.0027607627569662,0.0442499853876343,True,0.0525429610601294,5.254296106012949,-5.892248276214168,-5.937014959347916,-5.521912994877658,-5.18938648055968,-5.892248276214168,True
2021-06-01,BTCUSDT,37253.82,37894.81,35666.0,36693.09,81234.66377,288,288,0.0026846975723855,-0.0151657675200925,True,0.0518140673213904,5.181406732139044,-5.920187193348272,-5.892248276214168,-5.566032589752533,-5.1507302897370515,-5.920187193348272,True
2021-06-02,BTCUSDT,36694.85,38225.0,35920.0,37568.68,67587.372495,288,288,0.0012482524172331,0.023582270598654,True,0.035330615862636,3.533061586263602,-6.686010772087854,-5.920187193348272,-5.619563793980952,-5.152342890081921,-6.686010772087854,True
2021-06-03,BTCUSDT,37568.68,39476.0,37170.0,39246.79,75889.106011,288,288,0.0012512794595038,0.0436989328915855,True,0.0353734287213411,3.537342872134116,-6.68358868355302,-6.686010772087854,-5.936213206986517,-5.164426900646133,-6.68358868355302,True
2021-06-04,BTCUSDT,39246.78,39289.07,35555.15,36829.0,91317.799245,288,288,0.002598012354147,-0.0635840791345649,True,0.0509707009383537,5.097070093835378,-5.9530086054921485,-6.68358868355302,-6.223809976910246,-5.219463035312426,-5.9530086054921485,True
2021-06-05,BTCUSDT,36829.15,37925.0,34800.0,35513.2,70459.62149,288,288,0.0026761234714168,-0.0363811199546409,True,0.0517312620319358,5.173126203193588,-5.923385997490302,-5.9530086054921485,-6.227008706139093,-5.284766233274531,-5.923385997490302,True
2021-06-06,BTCUSDT,35516.07,36480.0,35222.0,35796.31,47650.206637,288,288,0.0011563141883902,0.0079403571133317,True,0.0340046201036018,3.4004620103601884,-6.762517756395083,-5.923385997490302,-6.233236250394318,-5.269880559543463,-6.762517756395083,True
2021-06-07,BTCUSDT,35796.31,36900.0,33300.0,33552.79,77574.952573,288,288,0.0018842854175909,-0.0647247960449875,True,0.0434083565410046,4.340835654100468,-6.274206618765684,-6.762517756395083,-6.401702363003682,-5.316995014417518,-6.274206618765684,True
2021-06-08,BTCUSDT,33556.96,34068.01,31000.0,33380.81,123251.189037,288,288,0.0035494837129878,-0.0051388354567858,True,0.0595775436971667,5.957754369716678,-5.640953119032394,-6.274206618765684,-6.319341532339247,-5.362944467462669,-5.640953119032394,True
2021-06-09,BTCUSDT,33380.8,37534.79,32396.82,37388.05,136607.597517,288,288,0.0047960069653627,0.1133699506800922,True,0.0692532090618388,6.925320906183884,-5.339971589490422,-5.640953119032394,-6.110814419435123,-5.396265030830157,-5.339971589490422,True
2021-06-10,BTCUSDT,37388.05,38491.0,35782.0,36675.72,109527.284943,288,288,0.0036087547848152,-0.0192361789087456,True,0.0600729122385064,6.007291223850646,-5.624392501095331,-5.339971589490422,-5.988207016234777,-5.393207642828032,-5.624392501095331,True
2021-06-11,BTCUSDT,36677.83,37680.4,35936.77,37331.98,78466.0053,288,288,0.0019887079673387,0.0177353762317541,True,0.0445949320813336,4.459493208133368,-6.22027011375187,-5.624392501095331,-5.9284083169557835,-5.5282707325483225,-6.22027011375187,True
2021-06-12,BTCUSDT,37331.98,37463.63,34600.36,35546.11,87717.54999,288,288,0.0021635026122221,-0.0490196050552582,True,0.0465134669985176,4.651346699851762,-6.136026790894425,-6.22027011375187,-5.819958788427141,-5.614646730647467,-6.136026790894425,True
2021-06-13,BTCUSDT,35546.12,39380.0,34757.0,39020.57,86921.025555,288,288,0.0020234151296292,0.0932582160669764,True,0.0449823868823033,4.49823868823033,-6.202968536890598,-6.136026790894425,-5.7923228228528885,-5.710527375628455,-6.202968536890598,True
2021-06-14,BTCUSDT,39020.56,41064.05,38730.0,40516.29,108522.391949,288,288,0.0019496759433187,0.037615172483383,True,0.0441551349598068,4.415513495980685,-6.2400921031298795,-6.202968536890598,-5.904725906424529,-5.768504524326388,-6.2400921031298795,True
2021-06-15,BTCUSDT,40516.28,41330.0,39506.4,40144.04,80679.622838,288,288,0.0015476018056013,-0.0092301294285569,True,0.0393395704806409,3.9339570480640926,-6.4710487684280125,-6.2400921031298795,-6.084750009152421,-5.866971353339232,-6.4710487684280125,True
2021-06-16,BTCUSDT,40143.8,40527.14,38116.01,38349.01,87771.976937,288,288,0.0015601884077361,-0.0457452734195303,True,0.0394992203433962,3.949922034339625,-6.462948690823499,-6.4710487684280125,-6.254081262618957,-5.948127197219503,-6.462948690823499,True
2021-06-17,BTCUSDT,38349.0,39559.88,37365.0,38092.97,79541.307119,288,288,0.0012038689080654,-0.0066989619448766,True,0.0346968140909999,3.4696814090999992,-6.722214818367755,-6.462948690823499,-6.302616978033283,-6.001972322330511,-6.722214818367755,True
2021-06-18,BTCUSDT,38092.97,38202.84,35129.29,35819.84,95228.042935,288,288,0.0018796522062076,-0.0615278208278241,True,0.0433549559590091,4.33549559590091,-6.276668515952364,-6.722214818367755,-6.419854583527949,-6.049725254899965,-6.276668515952364,True
2021-06-19,BTCUSDT,35820.48,36457.0,34803.52,35483.72,68712.449461,288,288,0.0016840271804742,-0.0094279300974421,True,0.0410369002298452,4.103690022984525,-6.386567222868148,-6.276668515952364,-6.434594579340302,-6.078095134161154,-6.386567222868148,True
2021-06-20,BTCUSDT,35483.72,36137.72,33336.0,35600.16,89878.17085,288,288,0.0018507322055472,0.003276132483097,True,0.0430201372097683,4.302013720976837,-6.292173931412561,-6.386567222868148,-6.463889603287956,-6.136449839425159,-6.292173931412561,True
2021-06-21,BTCUSDT,35600.17,35750.0,31251.23,31608.93,168778.873159,288,288,0.0076893514554494,-0.11891045662276,True,0.0876889471680975,8.768894716809756,-4.867918835113478,-6.292173931412561,-6.4281146358848655,-6.184021162037805,-4.867918835113478,True
2021-06-22,BTCUSDT,31614.12,33298.78,28805.0,32509.56,204208.179762,288,288,0.0079308201103145,0.0280945243199384,True,0.0890551520705825,8.905515207058256,-4.836998829979763,-4.867918835113478,-6.109108664742862,-6.135425883663513,-4.836998829979763,True
2021-06-23,BTCUSDT,32509.56,34881.0,31683.0,33678.07,126966.100563,288,288,0.0039603290772025,0.0353126837670983,True,0.0629311455259045,6.293114552590451,-5.531428156864726,-4.836998829979763,-5.732065467065263,-6.087459999743766,-5.531428156864726,True
2021-06-24,BTCUSDT,33675.07,35298.0,32286.57,34663.09,86625.80426,288,288,0.0021383976826158,0.0288285483794508,True,0.0462428122265054,4.624281222650546,-6.147698476840208,-5.531428156864726,-5.583017395247735,-6.069789134449061,-6.147698476840208,True
2021-06-25,BTCUSDT,34663.08,35500.0,31275.0,31584.45,116061.130356,288,288,0.0037917866845768,-0.0930105212036941,True,0.0615774852082872,6.1577485208287275,-5.574917950238981,-6.147698476840208,-5.535243646042147,-6.045320393755985,-5.574917950238981,True
2021-06-26,BTCUSDT,31576.09,32730.0,30151.0,32283.65,107820.375287,288,288,0.0041190964566873,0.0218959992498114,True,0.0641801874154891,6.418018741548915,-5.492121446301214,-5.574917950238981,-5.391792449807431,-5.994926269514438,-5.492121446301214,True
2021-06-27,BTCUSDT,32283.65,34749.0,31973.45,34700.34,96613.244211,288,288,0.0027027068695008,0.0721885750559537,True,0.0519875645659694,5.1987564565969455,-5.913501463924162,-5.492121446301214,-5.516632972044978,-5.973976853187577,-5.913501463924162,True
2021-06-28,BTCUSDT,34702.49,35297.71,33862.72,34494.89,82222.267819,288,288,0.0014728292587813,-0.0059382880506685,True,0.0383774576904374,3.837745769043744,-6.520570062150053,-5.913501463924162,-5.731933498833858,-5.973527556207298,-6.520570062150053,True
2021-06-29,BTCUSDT,34494.89,36600.0,34225.43,35911.73,90788.79622,288,288,0.0016588075825265,0.0402527859480744,True,0.0407284615781953,4.072846157819535,-6.401656258511044,-6.520570062150053,-5.929761879890924,-5.962529933741615,-6.401656258511044,True
2021-06-30,BTCUSDT,35911.72,36100.0,34017.55,35045.0,77152.197634,288,288,0.001596743335667,-0.0244310331208225,True,0.0399592709601546,3.995927096015467,-6.43978913921721,-6.401656258511044,-5.980553436225091,-5.968323099184587,-6.43978913921721,True
2021-07-01,BTCUSDT,35045.0,35057.57,32711.0,33504.69,71708.266112,288,288,0.0020118168569681,-0.0449475209203544,True,0.0448532814515076,4.485328145150768,-6.208717056251472,-6.43978913921721,-6.1535276740207365,-6.004633827374804,-6.208717056251472,True
2021-07-02,BTCUSDT,33502.33,33977.04,32699.0,33786.55,56172.181378,288,288,0.0012104835439679,0.0083773652682037,True,0.0347920040234528,3.479200402345285,-6.71673537608757,-6.208717056251472,-6.296846796010788,-6.044122257682125,-6.71673537608757,True
2021-07-03,BTCUSDT,33786.54,34945.61,33316.73,34669.13,43044.578641,288,288,0.0007052703540962,0.0257868713409531,True,0.0265569266688802,2.6556926668880285,-7.256929347674529,-6.71673537608757,-6.45749357844347,-6.093774206545408,-7.256929347674529,True
2021-07-04,BTCUSDT,34669.12,35967.85,34357.15,35286.51,43703.475789,288,288,0.0005100822544803,0.0176510722845989,True,0.0225850006526522,2.25850006526522,-7.580938561955949,-7.256929347674529,-6.604765435548364,-6.140895080814621,-7.580938561955949,True
2021-07-05,BTCUSDT,35288.13,35293.78,33125.55,33690.14,64123.874245,288,288,0.0012763953196708,-0.0462955249800954,True,0.0357266751835497,3.572667518354973,-6.663715330387028,-7.580938561955949,-6.840621896237346,-6.206572888590145,-6.663715330387028,True
2021-07-06,BTCUSDT,33690.15,35118.88,33532.0,34220.01,58210.596349,288,288,0.0015733995819982,0.0156053477451769,True,0.0396661011696168,3.9666101169616894,-6.454516661737021,-6.663715330387028,-6.8854071344713095,-6.227515924658164,-6.454516661737021,True
2021-07-07,BTCUSDT,34220.02,35059.09,33777.77,33862.12,53807.521675,288,288,0.0008197477158774,-0.0105135751956085,True,0.0286312367158222,2.8631236715822252,-7.1065139286082655,-6.454516661737021,-6.93456705556842,-6.237262495503942,-7.1065139286082655,True
2021-07-08,BTCUSDT,33862.11,33929.64,32077.0,32875.71,70136.48032,288,288,0.0015165261034655,-0.0295628982722734,True,0.0389426001117746,3.8942600111774657,-6.491333018016091,-7.1065139286082655,-7.012522766072559,-6.266147275512137,-6.491333018016091,True
2021-07-09,BTCUSDT,32875.71,34100.0,32261.07,33815.81,47153.939899,288,288,0.0008249056805939,0.0281943573837484,True,0.0287211712956478,2.872117129564783,-7.10024150471822,-6.491333018016091,-6.8594035001408695,-6.267437472202709,-7.10024150471822,True
2021-07-10,BTCUSDT,33815.81,34262.0,33004.78,33502.87,34761.175468,288,288,0.0006552176008587,-0.0092973378034342,True,0.0255972186156763,2.5597218615676307,-7.330543162448773,-7.10024150471822,-6.763264088693324,-6.284620503400458,-7.330543162448773,True
2021-07-11,BTCUSDT,33502.87,34666.0,33306.47,34258.99,31572.647448,288,288,0.0005143552342517,0.0223179052145442,True,0.0226794010999352,2.2679401099935292,-7.572596413999431,-7.330543162448773,-6.8966296551056745,-6.332523896423021,-7.572596413999431,True
2021-07-12,BTCUSDT,34259.0,34678.43,32658.34,33086.63,48181.403762,288,288,0.0006854359569723,-0.034819738727866,True,0.0261808318617338,2.6180831861733815,-7.2854554886037795,-7.572596413999431,-7.120245605558156,-6.386434314201717,-7.2854554886037795,True
2021-07-13,BTCUSDT,33086.94,33340.0,32202.25,32729.77,41126.361008,288,288,0.0007357446277834,-0.0108442119936665,True,0.0271246129517717,2.71246129517718,-7.214627472564879,-7.2854554886037795,-7.156033917557259,-6.431583475892225,-7.214627472564879,True
2021-07-14,BTCUSDT,32729.12,33114.03,31550.0,32820.02,46777.823484,288,288,0.0012038226483509,0.0027536337500606,True,0.0346961474568998,3.4696147456899853,-6.722253244979654,-7.214627472564879,-7.300692808467017,-6.5382520503218355,-6.722253244979654,True
2021-07-15,BTCUSDT,32820.03,33185.25,31133.0,31880.0,51639.576353,288,288,0.0011562852461194,-0.0290598411242647,True,0.0340041945371368,3.4004194537136865,-6.762542786471949,-6.722253244979654,-7.225095156519304,-6.62394543282183,-6.762542786471949,True
2021-07-16,BTCUSDT,31874.49,32249.18,31020.0,31383.87,48499.864154,288,288,0.0009669756760785,-0.0156847872614233,True,0.0310962325061823,3.10962325061823,-6.941337216830966,-6.762542786471949,-7.1114950813239375,-6.679905188713067,-6.941337216830966,True
2021-07-17,BTCUSDT,31383.86,31955.92,31164.31,31520.07,34012.242132,288,288,0.0006759033451278,0.0043304191388063,True,0.0259981411860118,2.5998141186011874,-7.299460472724185,-6.941337216830966,-6.985243241890245,-6.715979676894466,-7.299460472724185,True
2021-07-18,BTCUSDT,31520.07,32435.0,31108.97,31778.56,35923.716186,288,288,0.0005344522733614,0.0081673627659002,True,0.0231182238366504,2.3118223836650498,-7.534268123606814,-7.299460472724185,-6.988044238714326,-6.794367973371067,-7.534268123606814,True
2021-07-19,BTCUSDT,31778.57,31899.0,30407.44,30839.65,47340.468499,288,288,0.000642558836063,-0.0299906488321014,True,0.0253487442699437,2.5348744269943726,-7.350052171748598,-7.534268123606814,-7.051972368922714,-6.887192822339503,-7.350052171748598,True
2021-07-20,BTCUSDT,30839.65,31063.07,29278.0,29790.35,61034.049017,288,288,0.0011511440831477,-0.0346166841679912,True,0.0339285143079946,3.392851430799462,-6.766998976236112,-7.350052171748598,-7.177532154276503,-6.9524905817860665,-6.766998976236112,True
2021-07-21,BTCUSDT,29790.34,32858.0,29482.61,32144.51,82796.265128,288,288,0.0018161508244185,0.0760571584840483,True,0.0426163211037573,4.26163211037573,-6.311035949157865,-6.766998976236112,-7.178423392229336,-6.9636918960627066,-6.311035949157865,True
2021-07-22,BTCUSDT,32144.51,32591.35,31708.0,32287.83,46148.092433,288,288,0.000890150238635,0.0044487049941125,True,0.029835385679342,2.983538567934207,-7.024120302029408,-6.311035949157865,-7.052363138694714,-6.959572791092108,-7.024120302029408,True
2021-07-23,BTCUSDT,32287.58,33650.0,31924.32,33634.09,50112.863626,288,288,0.0006395927031715,0.0408497569173242,True,0.0252901700898111,2.529017008981117,-7.354678985494348,-7.024120302029408,-6.997295104555759,-6.986133298492661,-7.354678985494348,True
2021-07-24,BTCUSDT,33634.1,34500.0,33401.14,34258.14,47977.550138,288,288,0.0005964774694853,0.0183840647434533,True,0.0244228882298002,2.44228882298002,-7.424469088329427,-7.354678985494348,-6.961377276933265,-7.03822247709461,-7.424469088329427,True
2021-07-25,BTCUSDT,34261.51,35398.0,33851.12,35381.02,47852.928313,288,288,0.0007857898680149,0.0322513174592966,True,0.0280319437074011,2.8031943707401132,-7.148821144770203,-7.424469088329427,-6.976260660249432,-7.070392191287422,-7.148821144770203,True
2021-07-26,BTCUSDT,35381.02,40550.0,35205.78,37237.6,152452.512724,288,288,0.0079566317517875,0.0511434853372773,True,0.0891999537656134,8.91999537656135,-4.833749515438063,-7.148821144770203,-7.05262509395625,-7.065478182064498,-4.833749515438063,True
2021-07-27,BTCUSDT,37241.33,39542.61,36383.0,39457.87,88397.267015,288,288,0.002553390545663,0.0579145169242296,True,0.0505310849444478,5.053108494444782,-5.970333177231154,-4.833749515438063,-6.757167807212289,-6.940605952677322,-5.970333177231154,True
2021-07-28,BTCUSDT,39456.61,40900.0,38772.0,40019.56,101344.528441,288,288,0.0028568512430614,0.0141348141674516,True,0.0534495205129237,5.344952051292374,-5.858035224620949,-5.970333177231154,-6.546410382252638,-6.909088582079328,-5.858035224620949,True
2021-07-29,BTCUSDT,40019.57,40640.0,39200.0,40016.48,53998.439283,288,288,0.0010191755143068,-7.696532715723244e-05,True,0.0319245284116588,3.19245284116588,-6.8887612978592205,-5.858035224620949,-6.247081630077959,-6.8819757894831435,-6.8887612978592205,True
2021-07-30,BTCUSDT,40018.49,42316.71,38313.23,42206.37,73602.784805,288,288,0.001643663271893,0.0532797882525413,True,0.0405421172596236,4.054211725962367,-6.410827825776645,-6.8887612978592205,-6.139940071983918,-6.872077942630913,-6.410827825776645,True
2021-07-31,BTCUSDT,42206.36,42448.0,41000.15,41461.83,44849.791012,288,288,0.0009470286568521,-0.0177979125551527,True,0.0307738307146204,3.0773830714620405,-6.962181204568564,-6.410827825776645,-5.992341408185206,-6.8684186157109375,-6.962181204568564,True
2021-08-01,BTCUSDT,41461.84,42599.0,39422.01,39845.44,53953.186326,288,288,0.001403009289088,-0.0397652753830728,True,0.0374567655983279,3.745676559832795,-6.5691358570084635,-6.962181204568564,-6.418027746011306,-6.862143147522318,-6.5691358570084635,True
2021-08-02,BTCUSDT,39850.27,40480.01,38690.0,39147.82,50837.351954,288,288,0.0011008602557566,-0.0176632319625892,True,0.0331792142124652,3.317921421246527,-6.811663354132292,-6.5691358570084635,-6.537788281966767,-6.827533724547758,-6.811663354132292,True
2021-08-03,BTCUSDT,39146.86,39780.0,37642.03,38207.05,57117.435853,288,288,0.0017044990183375,-0.0243246840587869,True,0.0412855788180036,4.128557881800366,-6.374484042310507,-6.811663354132292,-6.728513907869036,-6.79294585819016,-6.374484042310507,True
2021-08-04,BTCUSDT,38207.04,39969.66,37508.56,39723.18,52329.35243,288,288,0.0008951415588926,0.0389148428370897,True,0.0299189164057226,2.991891640572264,-7.0185286858359515,-6.374484042310507,-6.625658456759294,-6.751538065176831,-7.0185286858359515,True
2021-08-05,BTCUSDT,39723.17,41350.0,37332.7,40862.46,84343.755621,288,288,0.002116753338837,0.028276896761954,True,0.0460081877369347,4.600818773693474,-6.157871808101924,-7.0185286858359515,-6.747198628771156,-6.742624483961879,-6.157871808101924,True
2021-08-06,BTCUSDT,40862.46,43392.43,39853.86,42836.87,75753.941347,288,288,0.0021274892831705,0.0471873871947696,True,0.0461247144508289,4.612471445082898,-6.152812734817093,-6.157871808101924,-6.5863367494778275,-6.716970782285619,-6.152812734817093,True
2021-08-07,BTCUSDT,42836.87,44700.0,42446.41,44572.54,73396.740808,288,288,0.0020775419627897,0.0397187939887173,True,0.0455800610222249,4.558006102222496,-6.176569832743259,-6.152812734817093,-6.503072125039553,-6.68925577993767,-6.176569832743259,True
2021-08-08,BTCUSDT,44572.54,45310.0,43261.0,43794.37,69329.092698,288,288,0.0015837213610634,-0.0176127040329166,True,0.039795996796958,3.979599679695801,-6.447977909483174,-6.176569832743259,-6.376053420761747,-6.654493626115502,-6.447977909483174,True
2021-08-09,BTCUSDT,43794.36,46454.15,42779.0,46253.4,74587.884845,288,288,0.0022075256041537,0.0546297044621687,True,0.0469843123196856,4.69843123196856,-6.115883026842801,-6.447977909483174,-6.3907521941962795,-6.61578987324091,-6.115883026842801,True
2021-08-10,BTCUSDT,46248.87,46700.0,44589.46,45584.99,53814.643421,288,288,0.0011102104198037,-0.0145564791035271,True,0.0333198202246619,3.3319820224661907,-6.803205714232801,-6.115883026842801,-6.210223062397651,-6.5513178233880005,-6.803205714232801,True
2021-08-11,BTCUSDT,45585.0,46743.47,45341.14,45511.0,52734.901977,288,288,0.0007819259946612,-0.0016244406865868,True,0.0279629396641565,2.7962939664156536,-7.15375045788035,-6.803205714232801,-6.339289843623826,-6.5264611662281915,-7.15375045788035,True
2021-08-12,BTCUSDT,45510.67,46218.12,43770.0,44399.0,55266.108781,288,288,0.0010698898924447,-0.0247371083178284,True,0.0327091713812008,3.2709171381200832,-6.840199540060619,-7.15375045788035,-6.539477388236477,-6.544040779030203,-6.840199540060619,True
2021-08-13,BTCUSDT,44400.06,47886.0,44217.39,47800.0,48239.370431,234,233,,,False,,,,-6.840199540060619,-6.672203329699949,-6.5680936695257826,,False
2021-08-14,BTCUSDT,47799.99,48144.0,45971.03,47068.51,46114.359022,288,288,0.0010585875318714,-0.0154214395673308,True,0.0325359421543536,3.253594215435363,-6.850819776550991,,,,-6.850819776550991,False
2021-08-15,BTCUSDT,47068.5,47372.27,45500.0,46973.82,42110.711334,288,288,0.0009498703253604,-0.0020137746906024,True,0.0308199663426235,3.0819966342623575,-6.95918508230724,-6.850819776550991,,,-6.95918508230724,False
2021-08-16,BTCUSDT,46973.82,48053.83,45660.0,45901.29,52480.574014,288,288,0.000980584093542,-0.0230972039927412,True,0.031314279387239,3.1314279387239017,-6.927362150026982,-6.95918508230724,,,-6.927362150026982,False
2021-08-17,BTCUSDT,45901.3,47160.0,44376.0,44695.95,57039.341629,288,288,0.0012882401077661,-0.0266103277588524,True,0.0358920619046346,3.5892061904634662,-6.654478249600793,-6.927362150026982,,,-6.654478249600793,False
2021-08-18,BTCUSDT,44695.95,46000.0,44203.28,44705.29,54099.415985,288,288,0.0012653170162029,0.0002089456484934,True,0.035571294834501,3.557129483450103,-6.672432582505023,-6.654478249600793,,,-6.672432582505023,False
2021-08-19,BTCUSDT,44699.37,47033.0,43927.7,46760.62,53411.75392,288,288,0.0011925914856989,0.0449495565754804,True,0.0345339179025344,3.4533917902534403,-6.731626620577209,-6.672432582505023,-6.812855568198207,,-6.731626620577209,False
2021-08-20,BTCUSDT,46760.62,49382.99,46622.99,49322.47,56850.352228,288,288,0.0008665697333959,0.0533383624332681,True,0.0294375565119796,2.9437556511979666,-7.050967974959704,-6.731626620577209,-6.78901693700345,,-7.050967974959704,False
2021-08-21,BTCUSDT,49322.47,49757.04,48222.0,48821.87,46745.136584,288,288,0.0007923024295996,-0.0102013899401118,True,0.028147867230034,2.8147867230034023,-7.140567383483075,-7.050967974959704,-6.807373515533942,,-7.140567383483075,False
2021-08-22,BTCUSDT,48821.88,49500.0,48050.0,49239.22,37007.887795,288,288,0.0005396626219536,0.0085120922059151,True,0.0232306397232974,2.32306397232974,-7.52456638781866,-7.140567383483075,-6.8500145622251605,,-7.52456638781866,False
2021-08-23,BTCUSDT,49239.22,50500.0,49029.0,49488.85,52462.541954,288,288,0.0005828885951921,0.0050569312652993,True,0.0241430858672232,2.414308586722329,-7.447514478737907,-7.52456638781866,-7.024032189868734,,-7.447514478737907,False
2021-08-24,BTCUSDT,49488.85,49860.0,47600.0,47674.01,51014.594748,288,288,0.0008434335724533,-0.0373610060057776,True,0.0290419278363773,2.904192783637736,-7.07802941135762,-7.447514478737907,-7.179048569115311,,-7.07802941135762,False
2021-08-25,BTCUSDT,47674.01,49264.3,47126.28,48973.32,44655.830342,288,288,0.0009015425600869,0.0268892743558552,True,0.030025698328048,3.0025698328048036,-7.011403306133665,-7.07802941135762,-7.248329127271393,,-7.011403306133665,False
2021-08-26,BTCUSDT,48973.32,49352.84,46250.0,46843.87,49371.277774,288,288,0.0012552558052842,-0.044455503018914,True,0.035429589403269,3.5429589403269,-6.680415898256967,-7.011403306133665,-7.240416193506185,,-6.680415898256967,False
2021-08-27,BTCUSDT,46843.86,49149.93,46348.0,49069.9,42068.104965,288,288,0.0009081141451716,0.0464256551873068,True,0.0301349323074015,3.0134932307401527,-7.004140476722479,-6.680415898256967,-7.1483858964609635,,-7.004140476722479,False
2021-08-28,BTCUSDT,49069.9,49299.0,48346.88,48895.35,26681.063786,288,288,0.0003602873424033,-0.0035635122599485,True,0.0189812365878349,1.8981236587834935,-7.928608671542562,-7.004140476722479,-7.044300714241727,,-7.928608671542562,False
2021-08-29,BTCUSDT,48895.35,49632.27,47762.54,48767.83,32652.283473,288,288,0.0006256233750668,-0.002611425769036,True,0.0250124643941136,2.5012464394113634,-7.376762005193986,-7.928608671542562,-7.140519552802658,,-7.376762005193986,False
2021-08-30,BTCUSDT,48767.84,48888.61,46853.0,46982.91,40288.35083,288,288,0.0007040111296362,-0.037286955601634,True,0.0265332080539883,2.6533208053988373,-7.258716392788865,-7.376762005193986,-7.200266071569932,,-7.258716392788865,False
2021-08-31,BTCUSDT,46982.91,48246.11,46700.0,47100.89,48645.52737,288,288,0.000753922397572,0.0025079782457927,True,0.0274576473422631,2.745764734226311,-7.190221116245089,-7.258716392788865,-7.249728688900971,,-7.190221116245089,False
2021-09-01,BTCUSDT,47100.89,49156.0,46512.0,48810.52,49904.65528,288,288,0.0007377591552549,0.0356539665870313,True,0.0271617222439034,2.7161722243903443,-7.211893134519953,-7.190221116245089,-7.351689732498596,,-7.211893134519953,False
2021-09-02,BTCUSDT,48810.51,50450.13,48584.06,49246.64,54410.770538,288,288,0.000740095115227,0.0088952785436168,True,0.027204689213939,2.7204689213938997,-7.208731845935317,-7.211893134519953,-7.393240264058091,,-7.208731845935317,False
2021-09-03,BTCUSDT,49246.63,51000.0,48316.84,49999.14,59025.644157,288,288,0.0010383246146228,0.015164663339699,True,0.032223044775794,3.2223044775794047,-6.870146812278058,-7.208731845935317,-7.249264898936642,,-6.870146812278058,False
2021-09-04,BTCUSDT,49998.0,50535.69,49370.0,49915.64,34664.65959,288,288,0.0005046831079397,-0.0016714247769785,True,0.0224651531919944,2.2465153191994407,-7.591579834685406,-6.870146812278058,-7.147941860353457,,-7.591579834685406,False
2021-09-05,BTCUSDT,49917.54,51900.0,49450.0,51756.88,40544.835873,288,288,0.0004912174002738,0.0362229896654871,True,0.0221634248317769,2.2163424831776983,-7.618623757748578,-7.591579834685406,-7.214514548732765,-7.107734981464888,-7.618623757748578,True
2021-09-06,BTCUSDT,51756.88,52780.0,50969.33,52663.9,49249.667081,288,288,0.0003449899194024,0.0173728411647218,True,0.0185739042584598,1.857390425845982,-7.971995360483279,-7.618623757748578,-7.300195077033462,-7.142635162428416,-7.971995360483279,True
2021-09-07,BTCUSDT,52666.2,52920.0,42843.05,46863.73,123048.802719,288,288,0.019874078523391,-0.1166861826166689,True,0.1409754536200933,14.097545362009331,-3.918338983119535,-7.971995360483279,-7.452215522226128,-7.188671993254599,-3.918338983119535,True
2021-09-08,BTCUSDT,46868.57,47340.99,44412.02,46048.31,65069.3152,288,288,0.0021762157975697,-0.0175529659288592,True,0.0466499281625361,4.664992816253618,-6.130167783228375,-3.918338983119535,-6.794136949662972,-7.051898212940623,-6.130167783228375,True
2021-09-09,BTCUSDT,46048.31,47399.97,45513.08,46395.14,50651.66002,288,288,0.0011678454032433,0.0075036495792128,True,0.0341737531337035,3.4173753133703513,-6.752594763573391,-6.130167783228375,-6.6461411438530344,-7.0280659190146055,-6.752594763573391,True
2021-09-10,BTCUSDT,46395.14,47033.0,44132.29,44850.91,49048.26618,288,288,0.0010801043611914,-0.0338508342130966,True,0.0328649412169171,3.2864941216917103,-6.830697611781679,-6.752594763573391,-6.478344129630632,-7.031709654517713,-6.830697611781679,True
2021-09-11,BTCUSDT,44842.2,45987.93,44722.22,45173.69,30440.4081,288,288,0.0005257025017844,0.0071709595639999,True,0.0229282031957251,2.2928203195725105,-7.550775091191854,-6.830697611781679,-6.3207589004372515,-7.036212881390643,-7.550775091191854,True
2021-09-12,BTCUSDT,45173.68,46460.0,44742.06,46025.24,32094.28052,288,288,0.0008400098819593,0.0186751039448087,True,0.0289829239718724,2.898292397187242,-7.082096901958851,-7.550775091191854,-6.236514846578967,-7.0589313866739225,-7.082096901958851,True
2021-09-13,BTCUSDT,46025.23,46880.0,43370.0,44940.73,65429.15056,288,288,0.0031479260589297,-0.0238454311568689,True,0.0561063816239268,5.610638162392686,-5.761011436971671,-7.082096901958851,-6.869266430346831,-7.05627363751373,-5.761011436971671,True
2021-09-14,BTCUSDT,44940.72,47250.0,44594.44,47111.52,44855.85099,288,288,0.0008809359090323,0.047173046597374,True,0.0296805644998938,2.9680564499893896,-7.034525682651315,-5.761011436971671,-6.79543516109549,-6.976112048838868,-7.034525682651315,True
2021-09-15,BTCUSDT,47103.28,48500.0,46682.32,48121.41,43204.71174,288,288,0.0004290572091881,0.0212096353194699,True,0.0207136961739851,2.0713696173985117,-7.753920293176396,-7.034525682651315,-6.851821344911075,-6.957339830834932,-7.753920293176396,True
2021-09-16,BTCUSDT,48121.4,48557.0,47021.1,47737.82,40725.08895,288,288,0.0007247882432031,-0.0080032365681816,True,0.026921891523501,2.6921891523501036,-7.2296310241133375,-7.753920293176396,-7.036465881190017,-6.988062143644876,-7.2296310241133375,True
2021-09-17,BTCUSDT,47737.81,48150.0,46699.56,47299.98,34461.92776,288,288,0.000580830526361,-0.0092140831898283,True,0.0241004258543505,2.4100425854350584,-7.451051536673371,-7.2296310241133375,-6.972237067774314,-6.997981585371225,-7.451051536673371,True
2021-09-18,BTCUSDT,47299.98,48843.2,47035.56,48292.74,30906.47038,288,288,0.0004794110948289,0.0207713661369383,True,0.0218954583151155,2.1895458315115515,-7.642952093075969,-7.451051536673371,-7.046027994717218,-7.033010478026515,-7.642952093075969,True
2021-09-19,BTCUSDT,48292.75,48372.83,46829.18,47241.75,29847.24349,288,288,0.0004989905845534,-0.0220032032815183,True,0.0223380971560574,2.233809715605748,-7.602923331021231,-7.642952093075969,-7.422416125938078,-7.062047369678948,-7.602923331021231,True
2021-09-20,BTCUSDT,47241.75,47347.25,42500.0,43015.62,78003.524443,288,288,0.0032120820638977,-0.0937147299741427,True,0.0566752332496102,5.6675233249610235,-5.74083593406531,-7.602923331021231,-7.536095655612061,-7.047243490564342,-5.74083593406531,True
2021-09-21,BTCUSDT,43016.64,43639.0,39600.0,40734.38,84534.080485,288,288,0.0060155894883518,-0.0544908522258227,True,0.0775602313582926,7.756023135829265,-5.113400931306474,-5.74083593406531,-7.133478783789843,-6.972883214603947,-5.113400931306474,True
2021-09-22,BTCUSDT,40734.09,44000.55,40565.39,43543.61,58349.05542,288,288,0.0020280552884391,0.0666905113136784,True,0.0450339348540531,4.5033934854053195,-6.2006779310808815,-5.113400931306474,-6.710232765228471,-6.875368875445656,-6.2006779310808815,True
2021-09-23,BTCUSDT,43546.37,44978.0,43069.09,44865.26,48699.47033,288,288,0.001220186807131,0.0299008112625432,True,0.03493117242709,3.493117242709006,-6.708751311359554,-6.2006779310808815,-6.460158044109974,-6.830389639756375,-6.708751311359554,True
2021-09-24,BTCUSDT,44865.26,45200.0,40675.0,42810.57,84113.426292,288,288,0.0025833787875759,-0.0468787411821693,True,0.0508269494222893,5.082694942228933,-5.958657129249114,-6.708751311359554,-6.27331788776669,-6.807519556885447,-5.958657129249114,True
2021-09-25,BTCUSDT,42810.58,42966.84,41646.28,42670.64,33594.57189,288,288,0.001323606527151,-0.0032739387986831,True,0.0363814035896225,3.6381403589622545,-6.627395050566782,-5.958657129249114,-5.944464647412267,-6.750697978854256,-6.627395050566782,True
2021-09-26,BTCUSDT,42670.63,43950.0,40750.0,43160.9,49879.99765,288,288,0.0021334282591089,0.011423896898212,True,0.0461890491254038,4.618904912540389,-6.150025081817262,-6.627395050566782,-6.121776470712561,-6.739663807867379,-6.150025081817262,True
2021-09-27,BTCUSDT,43160.9,44350.0,42098.0,42147.35,39776.84383,288,288,0.0013379040963317,-0.023763181042317,True,0.036577371369902,3.657737136990208,-6.616650996727149,-6.150025081817262,-6.3291013008147186,-6.674138591827918,-6.616650996727149,True
2021-09-28,BTCUSDT,42147.35,42787.38,40888.0,41026.54,43372.2624,288,288,0.0015670251946614,-0.0269526374133869,True,0.0395856690566347,3.958566905663477,-6.458576237459652,-6.616650996727149,-6.4122959139439715,-6.628594375417854,-6.458576237459652,True
2021-09-29,BTCUSDT,41025.01,42590.0,40753.88,41524.28,33511.53487,264,263,,,False,,,,-6.458576237459652,-6.362260899163992,-6.5598025970985985,,False
2021-09-30,BTCUSDT,41524.29,44141.37,41410.17,43824.1,46381.22781,288,288,0.0012343124897835,0.0539055779762127,True,0.0351327836896474,3.513278368964744,-6.697241152345146,,,,-6.697241152345146,False
2021-10-01,BTCUSDT,43820.01,48495.0,43283.03,48141.61,66244.87492,288,288,0.0022890864025103,0.0939629815441872,True,0.0478443978174079,4.784439781740798,-6.079602491886924,-6.697241152345146,,,-6.079602491886924,False
2021-10-02,BTCUSDT,48141.6,48336.59,47430.18,47634.9,30508.98131,288,288,0.0005029580166773,-0.0105811900571923,True,0.0224267255005563,2.2426725500556333,-7.595003857198301,-6.079602491886924,,,-7.595003857198301,False
2021-10-03,BTCUSDT,47634.89,49228.08,47088.0,48200.01,30825.05601,288,288,0.0006911279972127,0.0117935426656084,True,0.0262893133651827,2.6289313365182716,-7.277185516599791,-7.595003857198301,,,-7.277185516599791,False
2021-10-04,BTCUSDT,48200.01,49536.12,46891.0,49224.94,46796.49372,288,288,0.0014077316820736,0.0210411771061949,True,0.0375197505598541,3.75197505598542,-6.56577560611552,-7.277185516599791,,,-6.56577560611552,False
2021-10-05,BTCUSDT,49224.93,51886.3,49022.4,51471.99,52125.66793,288,288,0.0008092427093566,0.0446373705846603,True,0.028447191589973,2.844719158997305,-7.119411674334617,-6.56577560611552,-6.842961724829136,,-7.119411674334617,False
2021-10-06,BTCUSDT,51471.99,55750.0,50382.41,55315.0,79877.545181,288,288,0.002313133485166,0.0720063432706077,True,0.0480950463682699,4.809504636826993,-6.069152186561033,-7.119411674334617,-6.927395829227029,,-6.069152186561033,False
2021-10-07,BTCUSDT,55315.0,55332.31,53357.0,53785.22,54917.37766,288,288,0.0011919984243457,-0.0280454112515048,True,0.034525330184456,3.452533018445609,-6.732124032197487,-6.069152186561033,-6.925305768161851,,-6.732124032197487,False
2021-10-08,BTCUSDT,53785.22,56100.0,53617.61,53951.43,46160.25785,288,288,0.0008958496552714,0.003085489141594,True,0.0299307476564054,2.9930747656405474,-7.017737954524603,-6.732124032197487,-6.75272980316169,,-7.017737954524603,False
2021-10-09,BTCUSDT,53955.67,55489.0,53661.67,54949.72,55177.08013,288,288,0.0005386046717495,0.0183343879182842,True,0.0232078579741769,2.3207857974176984,-7.526528703748604,-7.017737954524603,-6.700840290746652,,-7.526528703748604,False
2021-10-10,BTCUSDT,54949.72,56561.31,54080.0,54659.0,89237.836128,288,288,0.0009964380255767,-0.0053046998766924,True,0.0315664065990538,3.156640659905384,-6.911323612341068,-7.526528703748604,-6.892990910273269,,-6.911323612341068,False
2021-10-11,BTCUSDT,54659.01,57839.04,54415.06,57471.35,52933.165751,288,288,0.0008735807338119,0.0501726773419887,True,0.0295563992024046,2.9556399202404604,-7.042910007003567,-6.911323612341068,-6.851373297874559,,-7.042910007003567,False
2021-10-12,BTCUSDT,57471.35,57680.0,53879.0,55996.93,53471.2855,288,288,0.0010045847052707,-0.0259896949567144,True,0.0316951842599275,3.1695184259927567,-6.903181051459926,-7.042910007003567,-7.046124861963065,,-6.903181051459926,False
2021-10-13,BTCUSDT,55996.91,57777.0,54167.19,57367.0,55808.44492,288,288,0.0013608086382728,0.0241723573039224,True,0.0368891398418676,3.6889139841867697,-6.599676168965674,-6.903181051459926,-7.0803362658155535,,-6.599676168965674,False
2021-10-14,BTCUSDT,57370.83,58532.54,56818.05,57347.94,43053.336781,288,288,0.0009548728024029,-0.0003323019682595,True,0.0309010162034021,3.0901016203402105,-6.953932417555431,-6.599676168965674,-6.9967239087037685,,-6.953932417555431,False
2021-10-15,BTCUSDT,57347.94,62933.0,56850.0,61672.42,82512.908022,288,288,0.0015342942418223,0.0726999062161002,True,0.0391700681876145,3.9170068187614504,-6.479684780987438,-6.953932417555431,-6.882204651465133,,-6.479684780987438,False
2021-10-16,BTCUSDT,61672.42,62378.42,60150.0,60875.57,35467.88096,288,288,0.0007155505491261,-0.0130048845469813,True,0.0267497766182483,2.674977661824837,-7.242458312789474,-6.479684780987438,-6.795876885194407,,-7.242458312789474,False
2021-10-17,BTCUSDT,60875.57,61718.39,58963.0,61528.33,39099.24124,288,288,0.0008746549418131,0.0106657743435406,True,0.0295745657924695,2.957456579246951,-7.0416811015975425,-7.242458312789474,-6.835786546351589,,-7.0416811015975425,False
2021-10-18,BTCUSDT,61528.32,62695.78,59844.45,62009.84,51798.44844,288,288,0.001176338710718,0.007795362977313,True,0.0342977945459764,3.429779454597643,-6.745348451657276,-7.0416811015975425,-6.8634865563791125,,-6.745348451657276,False
2021-10-19,BTCUSDT,62005.6,64486.0,61322.22,64280.59,53628.107744,288,288,0.0009484771552528,0.0359646372913786,True,0.0307973563029819,3.079735630298195,-6.9606528540107275,-6.745348451657276,-6.892621012917433,,-6.9606528540107275,False
2021-10-20,BTCUSDT,64280.59,67000.0,63481.4,66001.41,51428.934856,288,288,0.0009485602425943,0.0264183860137489,True,0.0307987052097059,3.079870520970593,-6.960565257064407,-6.9606528540107275,-6.893965100208492,,-6.960565257064407,False
2021-10-21,BTCUSDT,66001.4,66639.74,62000.0,62193.15,68538.64537,288,288,0.0030317036088315,-0.0594312403714212,True,0.0550609081729639,5.5060908172963945,-5.798630570323452,-6.960565257064407,-6.9901411954238855,,-5.798630570323452,False
2021-10-22,BTCUSDT,62193.15,63732.39,60000.0,60688.22,52119.35886,288,288,0.0012475722137812,-0.0244952550243308,True,0.0353209882899849,3.5320988289984987,-6.68655584521542,-5.798630570323452,-6.701375646930681,-6.832718534603091,-6.68655584521542,True
2021-10-23,BTCUSDT,60688.23,61747.64,59562.15,61286.75,27626.93678,288,288,0.0007078621123529,0.009814059457965,True,0.0266056781975759,2.6605678197575995,-7.253261239801777,-6.68655584521542,-6.6303505956542566,-6.832232838824467,-7.253261239801777,True
2021-10-24,BTCUSDT,61286.75,61500.0,59510.63,60852.22,31226.57676,288,288,0.0006317435127766,-0.0071153675734615,True,0.0251345084053105,2.513450840531055,-7.367027080404649,-7.253261239801777,-6.731933153283157,-6.885580963729688,-7.367027080404649,True
2021-10-25,BTCUSDT,60852.22,63710.63,60650.0,63078.78,36853.83806,288,288,0.000558076798016,0.0359361194644914,True,0.0236236491257398,2.3623649125739816,-7.491013974200174,-7.367027080404649,-6.813207998561941,-6.875218382966341,-7.491013974200174,True
2021-10-26,BTCUSDT,63078.78,63293.48,59817.55,60328.81,40217.50083,288,288,0.0008412433279756,-0.0445746539763761,True,0.0290041950065099,2.9004195006509983,-7.08062960812077,-7.491013974200174,-6.9192977419890935,-6.884937858311813,-7.08062960812077,True
2021-10-27,BTCUSDT,60328.81,61496.0,58000.0,58413.44,62124.49016,288,288,0.0018011109118729,-0.0322637670684283,True,0.0424394970737512,4.243949707375129,-6.319351631190389,-7.08062960812077,-7.175697549548557,-6.908340312948415,-6.319351631190389,True
2021-10-28,BTCUSDT,58413.44,62499.0,57820.0,60575.89,61056.35301,288,288,0.0044563755732418,0.036350958781548,True,0.0667560901584407,6.675609015844071,-5.413419495070098,-6.319351631190389,-7.102256706743551,-6.871973947350949,-5.413419495070098,True
2021-10-29,BTCUSDT,60575.9,62980.0,60174.81,62253.71,43973.90414,288,288,0.0011805099359141,0.0273211728379,True,0.0343585496771052,3.4358549677105277,-6.741808784774339,-5.413419495070098,-6.734288357797216,-6.842167915919543,-6.741808784774339,True
2021-10-30,BTCUSDT,62253.7,62359.25,60673.0,61859.19,31478.12566,288,288,0.0005717419074001,-0.0063574588746961,True,0.0239111251805549,2.3911125180554964,-7.466822879249704,-6.741808784774339,-6.609244698671153,-6.842608131945764,-7.466822879249704,True
2021-10-31,BTCUSDT,61859.19,62405.3,59945.36,61299.8,39267.63794,288,288,0.0005966963741283,-0.0090840927936777,True,0.0244273693657002,2.4427369365700264,-7.424102159995173,-7.466822879249704,-6.60440647968106,-6.863021083069632,-7.424102159995173,True
2021-11-01,BTCUSDT,61299.81,62437.74,59405.0,60911.11,44687.66672,288,288,0.0009861099008412,-0.0063609920031533,True,0.0314023868653515,3.1402386865351595,-6.921742748273596,-7.424102159995173,-6.67310099005594,-6.858365331080839,-6.921742748273596,True
2021-11-02,BTCUSDT,60911.12,64270.0,60624.68,63219.99,46368.2841,288,288,0.0008937634744746,0.0372049603187191,True,0.0298958772153389,2.98958772153389,-7.020069387734487,-6.921742748273596,-6.793579213472581,-6.858838928168683,-7.020069387734487,True
2021-11-03,BTCUSDT,63220.57,63500.0,60382.76,62896.48,43336.09049,288,288,0.0009187248341806,-0.0051303483133929,True,0.0303104740012533,3.0310474001253316,-6.992523899180433,-7.020069387734487,-7.11490919200546,-6.857800718201906,-6.992523899180433,True
2021-11-04,BTCUSDT,62896.49,63086.31,60677.01,61395.01,35930.93314,288,288,0.0006488573759482,-0.0241616388040993,True,0.0254726790100339,2.5472679010033925,-7.340297625120903,-6.992523899180433,-7.165052214886678,-6.861861756734656,-7.340297625120903,True
2021-11-05,BTCUSDT,61395.01,62595.72,60721.0,60937.12,31604.48749,288,288,0.0005932391338087,-0.0074860486509901,True,0.0243565008531347,2.4356500853134735,-7.429912979194235,-7.340297625120903,-7.1397471640609185,-6.895526368378075,-7.429912979194235,True
2021-11-06,BTCUSDT,60940.18,61560.49,60050.0,61470.61,25590.57408,288,288,0.0004587502378336,0.0087166615684321,True,0.0214184555426765,2.14184555426765,-7.687004640157263,-7.429912979194235,-7.140909327900731,-6.917161848452566,-7.687004640157263,True
2021-11-07,BTCUSDT,61470.62,63286.35,61322.78,63273.59,25515.6883,288,288,0.0004051108965015,0.0289088480909459,True,0.0201273668546469,2.012736685464693,-7.811349709816962,-7.687004640157263,-7.293961706277464,-6.9720400238693765,-7.811349709816962,True
2021-11-08,BTCUSDT,63273.58,67789.0,63273.58,67525.83,54442.094554,288,288,0.0008741214448183,0.065042168846371,True,0.0295655448929722,2.956554489297224,-7.042291239080446,-7.811349709816962,-7.4522177706939585,-6.997898723734263,-7.042291239080446,True
2021-11-09,BTCUSDT,67525.82,68524.25,66222.4,66947.66,44661.378068,288,288,0.0008051501510179,-0.0085990712768813,True,0.0283751678588499,2.837516785884995,-7.124481774935361,-7.042291239080446,-7.462171238673962,-6.997926457256213,-7.124481774935361,True
2021-11-10,BTCUSDT,66947.67,69000.0,62822.9,64882.43,65171.504046,288,288,0.0035420529679271,-0.0313342572034814,True,0.0595151490624625,5.95151490624626,-5.6430487854907625,-7.124481774935361,-7.419008068636853,-7.015159790132489,-5.6430487854907625,True
2021-11-11,BTCUSDT,64882.42,65600.07,64100.0,64774.26,37237.98058,288,288,0.0007728336057335,-0.001668560644209,True,0.0277998849949692,2.779988499496922,-7.165446790331446,-5.6430487854907625,-7.061635229896159,-6.955268696108854,-7.165446790331446,True
2021-11-12,BTCUSDT,64774.25,65450.7,62278.0,64122.23,44490.10816,288,288,0.0010484427190411,-0.0101171965455309,True,0.0323796652089106,3.2379665208910695,-6.860449340453606,-7.165446790331446,-6.957323659930995,-6.9645814930755385,-6.860449340453606,True
2021-11-13,BTCUSDT,64122.22,65000.0,63360.22,64380.0,22504.97383,288,288,0.0004820250886589,0.0040119201938331,True,0.0219550697712146,2.1955069771214606,-7.637514394108745,-6.860449340453606,-6.7671435860583244,-7.012845982626908,-7.637514394108745,True
2021-11-14,BTCUSDT,64380.01,65550.51,63576.27,65519.1,25705.07347,288,288,0.0004961730722625,0.017538677316072,True,0.0222749426994215,2.2274942699421594,-7.608585756090254,-7.637514394108745,-6.886188217063983,-7.056071371212969,-7.608585756090254,True
2021-11-15,BTCUSDT,65519.11,66401.82,63400.0,63606.74,37829.37124,288,288,0.0005464820450156,-0.0296222636128287,True,0.0233769554265666,2.3376955426566663,-7.512009105387676,-7.608585756090254,-6.983009013294963,-7.072222485589719,-7.512009105387676,True
2021-11-16,BTCUSDT,63606.73,63617.31,58574.07,60058.87,77455.15609,288,288,0.0024653947334192,-0.0573941917145324,True,0.0496527414491813,4.965274144918137,-6.005403349046428,-7.512009105387676,-7.356801077274346,-7.078812577634401,-6.005403349046428,True
2021-11-17,BTCUSDT,60058.87,60840.23,58373.0,60344.87,46289.38491,288,288,0.0017437967735685,0.0047506919286073,True,0.0417587927695302,4.175879276953022,-6.351690489202515,-6.005403349046428,-7.124792389017341,-7.011284821945594,-6.351690489202515,True
2021-11-18,BTCUSDT,60344.86,60976.0,56474.26,56891.62,62146.99931,288,288,0.002118641804265,-0.0589278854245324,True,0.0460287063066628,4.6028706306662865,-6.156980053973046,-6.351690489202515,-7.023040618767124,-6.978151225631128,-6.156980053973046,True
2021-11-19,BTCUSDT,56891.62,58320.0,55600.0,58052.24,50715.88726,288,288,0.0010456799632203,0.0201952404606087,True,0.0323369751711616,3.233697517116164,-6.863087922659976,-6.156980053973046,-6.726933750739984,-6.9707706993939755,-6.863087922659976,True
2021-11-20,BTCUSDT,58057.1,59845.0,57353.0,59707.51,33811.5901,288,288,0.00081262673865,0.0281145133077797,True,0.0285066086837774,2.8506608683777457,-7.115238669894168,-6.863087922659976,-6.577834184053929,-7.03666471882988,-7.115238669894168,True
2021-11-21,BTCUSDT,59707.52,60029.76,58486.65,58622.02,31902.22785,288,288,0.0006430654941195,-0.0183474142138649,True,0.0253587360513012,2.5358736051301225,-7.349263981807206,-7.115238669894168,-6.498480096955227,-7.053638804517146,-7.349263981807206,True
2021-11-22,BTCUSDT,58617.7,59444.0,55610.0,56247.18,51724.32047,288,288,0.0019365443921195,-0.0413544874234936,True,0.0440061858392612,4.400618583926121,-6.2468501353788515,-7.349263981807206,-6.767252223507382,-7.048295218269758,-6.2468501353788515,True
2021-11-23,BTCUSDT,56243.83,58009.99,55317.0,57541.27,49917.85017,288,288,0.0017021828208852,0.0227465229877119,True,0.0412575183558734,4.125751835587347,-6.375843839273363,-6.2468501353788515,-6.746284152742649,-6.99478376260538,-6.375843839273363,True
2021-11-24,BTCUSDT,57541.26,57735.0,55837.0,57138.29,39612.04964,288,288,0.0008740030146334,-0.0070279596236957,True,0.0295635419838936,2.956354198389369,-7.042426733077387,-6.375843839273363,-6.790056909802713,-6.969970175832643,-7.042426733077387,True
2021-11-25,BTCUSDT,57138.29,59398.9,57000.0,58960.36,42153.51522,288,288,0.000599607745232,0.0313908838384099,True,0.024486889251843,2.4486889251843036,-7.419234874487705,-7.042426733077387,-6.825924671886196,-6.970986418802775,-7.419234874487705,True
2021-11-26,BTCUSDT,58960.37,59150.0,53500.0,53726.53,65927.87066,288,288,0.0017118696241962,-0.0929584332118017,True,0.0413747462130731,4.1374746213073115,-6.370169158253462,-7.419234874487705,-6.886723912804902,-6.990382372225832,-6.370169158253462,True
2021-11-27,BTCUSDT,53723.72,55280.0,53610.0,54721.03,29716.99957,288,288,0.0008788723081671,0.0183411757514564,True,0.02964578061322,2.9645780613220083,-7.036870940266194,-6.370169158253462,-6.690904948094153,-6.946285623731859,-7.036870940266194,True
2021-11-28,BTCUSDT,54716.47,57445.05,53256.64,57274.88,36163.7137,288,288,0.0012459655566554,0.0456140369458522,True,0.0352982373023849,3.529823730238496,-6.687844502132662,-7.036870940266194,-6.848909109071622,-6.928420076507854,-6.687844502132662,True
2021-11-29,BTCUSDT,57274.89,58865.97,56666.67,57776.25,40125.28009,288,288,0.0007849729577888,0.0087156583995468,True,0.0280173688591351,2.801736885913515,-7.1498612894519225,-6.687844502132662,-6.911309241643482,-6.883003706597646,-7.1498612894519225,True
2021-11-30,BTCUSDT,57776.25,59176.99,55875.55,56950.56,49161.05194,288,288,0.0016508967244575,-0.0143942685501071,True,0.0406312284389429,4.063122843894291,-6.406436669327459,-7.1498612894519225,-6.93279615291839,-6.852936051126508,-6.406436669327459,True
2021-12-01,BTCUSDT,56950.56,59053.55,56458.01,57184.07,44956.63656,288,288,0.0012059269321268,0.0040918400630526,True,0.0347264586752937,3.472645867529371,-6.720506769472143,-6.406436669327459,-6.730236511886339,-6.8240335706831905,-6.720506769472143,True
2021-12-02,BTCUSDT,57184.07,57375.47,55777.77,56480.34,37574.05976,288,288,0.0011934139435723,-0.0123827500980069,True,0.0345458238224585,3.454582382245853,-6.730937219039488,-6.720506769472143,-6.800304034130076,-6.805671070434863,-6.730937219039488,True
2021-12-03,BTCUSDT,56484.26,57600.0,51680.0,53601.05,58927.69027,288,288,0.0016766255571765,-0.0523239555597724,True,0.0409466183851194,4.09466183851194,-6.390972102421789,-6.730937219039488,-6.739117289884734,-6.855120544687079,-6.390972102421789,True
2021-12-04,BTCUSDT,53601.05,53859.1,42000.3,49152.47,114203.373748,288,288,0.0076402548322026,-0.086641557783152,True,0.0874085512533106,8.740855125331061,-4.874324321359634,-6.390972102421789,-6.67974280994256,-6.819917149782094,-4.874324321359634,True
2021-12-05,BTCUSDT,49152.46,49699.05,47727.21,49396.33,45580.82012,288,288,0.0018100620672132,0.0049490302821829,True,0.0425448242118028,4.254482421180288,-6.314394143014324,-4.874324321359634,-6.224635416324102,-6.729638739823276,-6.314394143014324,True
2021-12-06,BTCUSDT,49396.32,50891.11,47100.0,50441.92,58571.21575,288,288,0.003039908709675,0.0209464454638683,True,0.0551353671401132,5.513536714011329,-5.795927793727079,-6.314394143014324,-6.206226911061476,-6.669496910228076,-5.795927793727079,True
2021-12-07,BTCUSDT,50441.91,51936.33,50039.74,50588.95,38253.46877,288,288,0.0010233184891018,0.0029105975984961,True,0.0319893496198641,3.1989349619864105,-6.884704511920064,-5.795927793727079,-6.021311115912463,-6.587103366484294,-6.884704511920064,True
2021-12-08,BTCUSDT,50588.95,51200.0,48600.0,50471.19,38425.92466,288,288,0.0014721873802494,-0.0023304945609253,True,0.0383690940764763,3.8369094076476338,-6.521005970411866,-6.884704511920064,-6.052064574488578,-6.558589521326676,-6.521005970411866,True
2021-12-09,BTCUSDT,50471.19,50797.76,47320.0,47545.59,37692.68665,288,288,0.0013110310725029,-0.0597136382267206,True,0.0362081630644659,3.620816306446596,-6.636941373106238,-6.521005970411866,-6.078071348086593,-6.582026004116014,-6.636941373106238,True
2021-12-10,BTCUSDT,47535.9,50125.0,46852.0,47140.54,44233.57391,288,288,0.0023553117210999,-0.0085556875287816,True,0.0485315538706518,4.853155387065187,-6.051082194625799,-6.636941373106238,-6.430594758435914,-6.594991953384365,-6.051082194625799,True
2021-12-11,BTCUSDT,47140.54,49485.71,46751.0,49389.99,28889.19358,288,288,0.0014202591581918,0.0466144194002913,True,0.0376863258781197,3.768632587811976,-6.556915918252246,-6.051082194625799,-6.377932368758209,-6.590178414323126,-6.556915918252246,True
2021-12-12,BTCUSDT,49389.99,50777.0,48638.0,50053.9,26017.93421,288,288,0.0005447675777652,0.0133526527210075,True,0.0233402565916759,2.3340256591675903,-7.515151317078305,-6.556915918252246,-6.530129993663243,-6.576261505031866,-7.515151317078305,True
2021-12-13,BTCUSDT,50053.9,50189.97,45672.75,46702.75,50869.52093,288,288,0.0016063424423252,-0.0692973753526389,True,0.0400792021168745,4.007920211687456,-6.433795459334628,-7.515151317078305,-6.656219354694892,-6.594439352631144,-6.433795459334628,True
2021-12-14,BTCUSDT,46702.76,48700.41,46290.0,48343.28,39955.98445,288,288,0.0017021312092713,0.0345241762326722,True,0.0412568928698145,4.125689286981454,-6.3758741605736,-6.433795459334628,-6.638777252479443,-6.552827147064209,-6.3758741605736,True
2021-12-15,BTCUSDT,48336.95,49500.0,46547.0,48864.98,51629.181,288,288,0.0018208445066534,0.0107337588163939,True,0.0426713546381349,4.267135463813496,-6.308454870870213,-6.3758741605736,-6.586563809972915,-6.558691875482153,-6.308454870870213,True
2021-12-16,BTCUSDT,48864.98,49436.43,47511.0,47632.38,31949.86739,288,288,0.0007915657417196,-0.0255482024281844,True,0.0281347781530192,2.813477815301925,-7.141497622434099,-6.308454870870213,-6.638038345221799,-6.555628740554735,-7.141497622434099,True
2021-12-17,BTCUSDT,47632.38,47995.96,45456.0,46131.2,43104.4887,288,288,0.0015461299590217,-0.0320232713999659,True,0.0393208590829565,3.932085908295652,-6.472000270886937,-7.141497622434099,-6.75495468605817,-6.5601319627982235,-6.472000270886937,True
2021-12-18,BTCUSDT,46133.83,47392.37,45500.0,46834.48,25020.05271,288,288,0.0007233565277074,0.0151301731200662,True,0.0268952882064392,2.68952882064392,-7.231608334657049,-6.472000270886937,-6.546324476819896,-6.517075844452734,-7.231608334657049,True
2021-12-19,BTCUSDT,46834.47,48300.01,46406.91,46681.23,29305.70665,288,288,0.0010147219028888,-0.0032775271061209,True,0.0318546998555763,3.185469985557634,-6.893140691331439,-7.231608334657049,-6.705887051884379,-6.556232170652897,-6.893140691331439,True
2021-12-20,BTCUSDT,46681.24,47537.57,45558.85,46914.16,35848.50609,288,288,0.0009317233533796,0.0049773921748104,True,0.0305241437779933,3.0524143777993387,-6.978474618479533,-6.893140691331439,-6.809340358035948,-6.5496989775195,-6.978474618479533,True
2021-12-21,BTCUSDT,46914.17,49328.96,46630.0,48889.88,37713.92924,288,288,0.0007262332241895,0.0412508732374528,True,0.0269487147038502,2.6948714703850216,-7.227639349287664,-6.978474618479533,-6.943344307557811,-6.562909437353449,-7.227639349287664,True
2021-12-22,BTCUSDT,48887.59,49576.13,48421.87,48588.16,27004.2022,288,288,0.0004829452216172,-0.0061905422711146,True,0.021976014689138,2.1976014689138035,-7.635607323544248,-7.227639349287664,-6.960572652928525,-6.566444803709618,-7.635607323544248,True
2021-12-23,BTCUSDT,48588.17,51375.0,47920.42,50838.81,35192.54046,288,288,0.0006598727452416,0.0452801594542282,True,0.0256879883455607,2.5687988345560777,-7.323463551774087,-7.635607323544248,-7.193294063459986,-6.622316197083109,-7.323463551774087,True
2021-12-24,BTCUSDT,50838.82,51810.0,50384.43,50820.0,31661.91885,288,288,0.0006324929529142,-0.0003700613889681,True,0.025149412575928,2.5149412575928074,-7.365841479062296,-7.323463551774087,-7.211665106883393,-6.649723323551378,-7.365841479062296,True
2021-12-25,BTCUSDT,50819.99,51156.23,50142.32,50399.66,19135.51613,288,288,0.0003582939077893,-0.0083055488691958,True,0.0189286530896762,1.8928653089676233,-7.934156936897836,-7.365841479062296,-7.306205264429565,-6.678582608097869,-7.934156936897836,True
2021-12-26,BTCUSDT,50399.67,51280.0,49412.0,50775.49,22569.88914,288,288,0.0005401403157045,0.007429328815576,True,0.0232409189944063,2.3240918994406328,-7.523681608262311,-7.934156936897836,-7.497341728113227,-6.748727373301326,-7.523681608262311,True
2021-12-27,BTCUSDT,50775.48,52088.0,50449.0,50701.44,28779.58212,288,288,0.0004708675500937,-0.0014594452777352,True,0.0216994827148883,2.169948271488836,-7.660933713486945,-7.523681608262311,-7.556550179908156,-6.869152704524175,-7.660933713486945,True
2021-12-28,BTCUSDT,50701.44,50704.05,47313.01,47543.74,45853.33924,288,288,0.0012461784599878,-0.0643041831297974,True,0.0353012529520964,3.530125295209643,-6.687673642558339,-7.660933713486945,-7.561615457896695,-6.930359048636567,-6.687673642558339,True
2021-12-29,BTCUSDT,47543.74,48139.08,46096.99,46464.66,39498.87,288,288,0.0010787428855329,-0.0229581057839609,True,0.0328442214937877,3.2844221493787766,-6.831958910691142,-6.687673642558339,-7.434457476053545,-6.970892950856169,-6.831958910691142,True
2021-12-30,BTCUSDT,46464.66,47900.0,45900.0,47120.87,30352.29569,288,288,0.0007021947408727,0.014023979023434,True,0.0264989573544469,2.6498957354446984,-7.261299783758559,-6.831958910691142,-7.327680962379314,-6.968495423527583,-7.261299783758559,True
2021-12-31,BTCUSDT,47120.88,48548.26,45678.0,46216.93,34937.99796,288,288,0.0010444823625185,-0.019369821492675,True,0.0323184523533931,3.231845235339311,-6.8642338631624025,-7.261299783758559,-7.193109531751459,-7.002145142316068,-6.8642338631624025,True
2022-01-01,BTCUSDT,46216.93,47954.63,46208.37,47722.65,19604.46325,288,288,0.000717919278524,0.0320599467817783,True,0.026794015722248,2.6794015722248075,-7.239153420690304,-6.8642338631624025,-7.061219982731477,-7.012476619136804,-7.239153420690304,True
2022-01-02,BTCUSDT,47722.66,47990.0,46654.0,47286.18,18340.4604,288,288,0.000540535965846,-0.0091880527435936,True,0.0232494293660313,2.3249429366031342,-7.522949381293083,-7.239153420690304,-6.976863924172148,-7.0664798566851905,-7.522949381293083,True
2022-01-03,BTCUSDT,47286.18,47570.0,45696.0,46446.1,27662.0771,288,288,0.0005660455084433,-0.017925574729596,True,0.0237917109187912,2.3791710918791247,-7.476836079383218,-7.522949381293083,-7.143919071919099,-7.110390468641592,-7.476836079383218,True
2022-01-04,BTCUSDT,46446.1,47557.54,45500.0,45832.01,35491.4136,288,288,0.0008360093049373,-0.0133097451918317,True,0.0289138254981477,2.891382549814775,-7.0868708146337385,-7.476836079383218,-7.272894505657513,-7.108648866928179,-7.0868708146337385,True
2022-01-05,BTCUSDT,45832.01,47070.0,42500.0,43451.13,51784.11857,288,288,0.0018223829506407,-0.0533458970167024,True,0.0426893774918394,4.268937749183942,-6.307610320758106,-7.0868708146337385,-7.238008711832549,-7.138334110350866,-6.307610320758106,True
2022-01-06,BTCUSDT,43451.14,43816.0,42430.58,43082.31,38880.37305,288,288,0.0008281693816603,-0.0085243862571763,True,0.0287779321991764,2.8777932199176415,-7.096292857277451,-6.307610320758106,-7.12668400335169,-7.135231208541071,-7.096292857277451,True
2022-01-07,BTCUSDT,43082.3,43145.83,40610.0,41566.48,54836.50818,288,288,0.0021183180512303,-0.0358183987906088,True,0.0460251893122703,4.602518931227037,-6.157132877245568,-7.096292857277451,-7.098111890669119,-7.171042026105036,-6.157132877245568,True
2022-01-08,BTCUSDT,41566.48,42300.0,40501.0,41679.74,32952.73111,288,288,0.0009665598600349,0.0027210861918857,True,0.0310895458319188,3.1089545831918817,-6.941767326381315,-6.157132877245568,-6.824948589859616,-7.126298174051012,-6.941767326381315,True
2022-01-09,BTCUSDT,41679.74,42786.7,41200.02,41864.62,22724.39426,288,288,0.0007052785458832,0.0044259193989267,True,0.0265570808991356,2.655708089913563,-7.256917732640126,-6.941767326381315,-6.717934839259236,-7.147651222028029,-7.256917732640126,True
2022-01-10,BTCUSDT,41864.62,42248.5,39650.0,41822.49,50729.17019,288,288,0.0021742135318482,-0.0010068457032172,True,0.0466284626794434,4.662846267944348,-6.131088274385116,-7.256917732640126,-6.751944222860513,-7.148801649209077,-6.131088274385116,True
2022-01-11,BTCUSDT,41822.49,43100.0,41268.93,42729.29,37296.43729,288,288,0.0009536005805378,0.0214504004396779,True,0.0308804239047625,3.0880423904762537,-6.955265652867929,-6.131088274385116,-6.716639813585914,-7.114162902984245,-6.955265652867929,True
2022-01-12,BTCUSDT,42729.29,44322.0,42450.0,43902.66,33943.2928,288,288,0.0006377322810007,0.0270902769434095,True,0.0252533617762217,2.525336177622175,-7.357591984941497,-6.955265652867929,-6.688434372704012,-7.113107950001899,-7.357591984941497,True
2022-01-13,BTCUSDT,43902.65,44500.0,42311.22,42560.11,34910.87762,288,288,0.0008501274668747,-0.0310574808840997,True,0.029156945431144,2.9156945431144052,-7.070124258693884,-7.357591984941497,-6.9285261942431955,-7.1190148879861646,-7.070124258693884,True
2022-01-14,BTCUSDT,42558.35,43448.78,41725.95,43059.96,32640.88292,288,288,0.0007463533117714,0.0116761333829014,True,0.0273194676333831,2.731946763338312,-7.2003114616048585,-7.070124258693884,-6.95419758070571,-7.093311112311147,-7.2003114616048585,True
2022-01-15,BTCUSDT,43059.96,43800.0,42555.0,43084.29,21936.05616,288,288,0.0003638398813402,0.0005648665034983,True,0.0190745873176908,1.907458731769085,-7.918796673533972,-7.2003114616048585,-6.9428763264986575,-7.087713290030729,-7.918796673533972,True
2022-01-16,BTCUSDT,43084.29,43475.0,42581.79,43071.66,20602.35271,288,288,0.0003696537715902,-0.0002931892710956,True,0.0192263821763284,1.9226382176328412,-7.902943742874572,-7.918796673533972,-7.300418006328428,-7.112847617052168,-7.902943742874572,True
2022-01-17,BTCUSDT,43071.66,43176.18,41540.42,42201.62,27562.08613,288,288,0.0006128693009918,-0.0204066313010856,True,0.0247561972239656,2.4756197223965697,-7.397358856846146,-7.902943742874572,-7.489953624329756,-7.111428835505657,-7.397358856846146,True
2022-01-18,BTCUSDT,42201.63,42691.0,41250.0,42352.12,29324.08257,288,288,0.0006591953485538,0.0035598699462947,True,0.0256747998736855,2.567479987368555,-7.324490635592633,-7.397358856846146,-7.497906998710687,-7.105686892259467,-7.324490635592633,True
2022-01-19,BTCUSDT,42352.12,42559.13,41138.56,41660.01,31685.72159,288,288,0.0008057200211257,-0.0164768030058271,True,0.0283852077872568,2.83852077872568,-7.123774244134396,-7.324490635592633,-7.5487802740904355,-7.090394025082452,-7.123774244134396,True
2022-01-20,BTCUSDT,41660.0,43505.0,40553.31,40680.91,42330.33953,288,288,0.0009053392417772,-0.0237827352261952,True,0.0300888557738126,3.0088855773812617,-7.007200831711617,-7.123774244134396,-7.533472830596343,-7.110216779699547,-7.007200831711617,True
2022-01-21,BTCUSDT,40680.92,41100.0,35440.45,36445.31,88860.891999,288,288,0.0048418914573808,-0.1099461598791114,True,0.0695837010899884,6.9583701089988415,-5.330449837615344,-7.007200831711617,-7.351153662231873,-7.118182321564112,-5.330449837615344,True
2022-01-22,BTCUSDT,36445.31,36835.22,34008.0,35071.42,90471.338961,288,288,0.0049496814525881,-0.0384262269858507,True,0.0703539725430494,7.035397254304947,-5.308432057484787,-5.330449837615344,-6.836654881180027,-7.03041641492124,-5.308432057484787,True
2022-01-23,BTCUSDT,35071.42,36499.0,34601.01,36244.55,44279.52354,288,288,0.0016847499679592,0.0329024713901335,True,0.0410457058406757,4.1045705840675755,-6.386138113156081,-5.308432057484787,-6.418869521307755,-6.959698151026802,-6.386138113156081,True
2022-01-24,BTCUSDT,36244.55,37550.0,32917.17,36660.35,91904.753211,288,288,0.0043269255076832,0.011406764386203,True,0.065779369924645,6.577936992464503,-5.442898033583629,-6.386138113156081,-6.231199016820445,-6.920924727957066,-5.442898033583629,True
2022-01-25,BTCUSDT,36660.35,37545.14,35701.0,36958.32,49232.40183,288,288,0.0018225025049611,0.0080950016385572,True,0.0426907777507176,4.269077775071767,-6.307544719618153,-5.442898033583629,-5.895023774710292,-6.826376939424818,-6.307544719618153,True
2022-01-26,BTCUSDT,36958.32,38919.98,36234.63,36809.34,69830.16036,288,288,0.0033106045531997,-0.0040391738751031,True,0.0575378532202912,5.753785322029123,-5.710624461799428,-6.307544719618153,-5.7550925522915986,-6.773227332162768,-5.710624461799428,True
2022-01-27,BTCUSDT,36807.24,37234.47,35507.01,37160.1,53020.87934,288,288,0.0021241215189327,0.0094839876878431,True,0.0460881928364821,4.608819283648213,-6.154396964935475,-5.710624461799428,-5.831127477128415,-6.710670679761209,-6.154396964935475,True
2022-01-28,BTCUSDT,37160.11,38000.0,36155.01,37716.56,42154.26956,288,288,0.00137609097128,0.0148636502954719,True,0.0370957001723926,3.709570017239265,-6.588508428807506,-6.154396964935475,-6.000320458618553,-6.703706436314727,-6.588508428807506,True
2022-01-29,BTCUSDT,37716.57,38720.74,37268.44,38166.84,26129.49682,288,288,0.0008536334424848,0.0118678204974375,True,0.0292170060493011,2.921700604930114,-7.066008680575478,-6.588508428807506,-6.040794521748838,-6.680625325929729,-7.066008680575478,True
2022-01-30,BTCUSDT,38166.83,38359.26,37351.63,37881.76,21430.66527,288,288,0.0005371267725714,-0.0074973460488604,True,0.0231759956112234,2.317599561122343,-7.529276415764902,-7.066008680575478,-6.365416651147208,-6.721937862444724,-7.529276415764902,True
2022-01-31,BTCUSDT,37881.75,38744.0,36632.61,38466.9,36855.2458,288,288,0.0009559406840738,0.01532840149365,True,0.0309182904455252,3.09182904455252,-6.952814692785711,-7.529276415764902,-6.609762990376558,-6.74864282105307,-6.952814692785711,True
2022-02-01,BTCUSDT,38466.9,39265.2,38000.0,38694.59,34574.44663,288,288,0.0010033707015233,0.0059016657367136,True,0.0316760272370654,3.1676027237065454,-6.904390245539848,-6.952814692785711,-6.858201036573814,-6.734819955605141,-6.904390245539848,True
2022-02-02,BTCUSDT,38694.59,38855.92,36586.95,36896.36,35794.6813,288,288,0.0008175752304889,-0.0475868957877963,True,0.0285932724690431,2.859327246904311,-7.109167634364037,-6.904390245539848,-7.008199692694689,-6.769970045203085,-7.109167634364037,True
2022-02-03,BTCUSDT,36896.37,37387.0,36250.0,37311.61,32081.10999,288,288,0.0010624416777746,0.0111916370777339,True,0.0325951173916381,3.2595117391638153,-6.847185550178555,-7.109167634364037,-7.112331533805995,-6.776965589816544,-6.847185550178555,True
2022-02-04,BTCUSDT,37311.98,41772.33,37026.73,41574.25,64703.95874,288,288,0.0017143236716677,0.1081764469569337,True,0.0414043919369401,4.140439193694014,-6.368736636688418,-6.847185550178555,-7.068566907726611,-6.75376529732732,-6.368736636688418,True
2022-02-05,BTCUSDT,41571.7,41913.69,40843.01,41382.59,32532.34372,288,288,0.0006630112903784,-0.0046207242467875,True,0.0257490056192161,2.574900561921612,-7.318718538695052,-6.368736636688418,-6.836458951911314,-6.721884041781616,-7.318718538695052,True
2022-02-06,BTCUSDT,41382.6,42656.0,41116.56,42380.87,22405.16704,288,288,0.0006692696421552,0.0238368201984733,True,0.025870246271638,2.587024627163808,-7.309323526491027,-7.318718538695052,-6.909639721093183,-6.727266181649352,-7.309323526491027,True
2022-02-07,BTCUSDT,42380.87,44500.5,41645.85,43839.99,51060.62006,288,288,0.0009654830453136,0.0338493333568947,True,0.0310722230507198,3.107222305071981,-6.942882016774388,-7.309323526491027,-6.990626377283418,-6.699562856783763,-6.942882016774388,True
2022-02-08,BTCUSDT,43839.99,45492.0,42666.0,44042.99,64880.29387,288,288,0.001464970265479,0.0046197878370259,True,0.0382749299865986,3.8274929986598623,-6.5259203333204505,-6.942882016774388,-6.957369253765488,-6.655923687415572,-6.5259203333204505,True
2022-02-09,BTCUSDT,44043.0,44799.0,43117.92,44372.72,34428.16729,288,288,0.0009579244636756,0.0074586638193069,True,0.0309503548230977,3.095035482309778,-6.950741631039863,-6.5259203333204505,-6.893116210393868,-6.616312845437133,-6.950741631039863,True
2022-02-10,BTCUSDT,44372.71,45821.0,43174.01,43495.44,62357.29091,288,288,0.0022069104811426,-0.0199687611802406,True,0.0469777658168484,4.697776581684842,-6.116161713861118,-6.950741631039863,-7.009517209264156,-6.599324254321098,-6.116161713861118,True
2022-02-11,BTCUSDT,43495.44,43920.0,41938.51,42373.73,44975.1687,288,288,0.0017735797431398,-0.0261275102636215,True,0.0421138901449376,4.211389014493762,-6.33475532105137,-6.116161713861118,-6.76900584429737,-6.553523684763221,-6.33475532105137,True
2022-02-12,BTCUSDT,42373.73,43079.49,41688.88,42217.87,26556.85681,288,288,0.0007487220777237,-0.0036850036261703,True,0.0273627863662256,2.736278636622568,-7.197142701084799,-6.33475532105137,-6.574092203209437,-6.52295797973321,-7.197142701084799,True
2022-02-13,BTCUSDT,42217.87,42760.0,41870.0,42053.66,17732.08113,288,288,0.0004684529475356,-0.0038971692535807,True,0.0216437738746184,2.1643773874618413,-7.666074893483979,-7.197142701084799,-6.6249443400715196,-6.607807655345457,-7.666074893483979,True
2022-02-14,BTCUSDT,42053.65,42842.4,41550.56,42535.94,34010.1306,288,288,0.0005739346838932,0.0114029437609071,True,0.0239569339418312,2.3956933941831267,-7.462994959246238,-7.666074893483979,-6.852975252104225,-6.714973238799967,-7.462994959246238,True
2022-02-15,BTCUSDT,42535.94,44751.4,42427.03,44544.86,38095.19576,288,288,0.0005541396111122,0.0461474056472836,True,0.0235401701589489,2.354017015894899,-7.498093897347383,-7.462994959246238,-6.955425917745501,-6.7639212772586115,-7.498093897347383,True
2022-02-16,BTCUSDT,44544.85,44549.97,43307.0,43873.56,28471.8727,288,288,0.0004369509844876,-0.0151849105438509,True,0.0209033725625221,2.090337256252215,-7.735689532803431,-7.498093897347383,-7.231812354442754,-6.857339271066053,-7.735689532803431,True
2022-02-17,BTCUSDT,43873.56,44164.71,40073.21,40515.7,47245.99494,288,288,0.0010967447796753,-0.0796223074196477,True,0.0331171372506037,3.311713725060378,-6.815408777742089,-7.735689532803431,-7.511999196793167,-6.922254944392657,-6.815408777742089,True
2022-02-18,BTCUSDT,40515.71,40959.88,39450.0,39974.44,43845.92241,288,288,0.0012914037543294,-0.0134493034485346,True,0.0359361065549606,3.5936106554960636,-6.652025470598342,-6.815408777742089,-7.4356524121246235,-6.972472413299143,-6.652025470598342,True
2022-02-19,BTCUSDT,39974.45,40444.32,39639.03,40079.17,18042.0551,288,288,0.0003806989759876,0.0026164981129277,True,0.0195115088085903,1.9511508808590352,-7.873501584393992,-6.652025470598342,-7.232842527547495,-6.995091890829271,-7.873501584393992,True
2022-02-20,BTCUSDT,40079.17,40125.44,38000.0,38386.89,33439.29011,288,288,0.0006944428479471,-0.043140752928049,True,0.0263522835433124,2.6352283543312427,-7.272400691528865,-7.873501584393992,-7.314943852577048,-7.053500670628657,-7.272400691528865,True
2022-02-21,BTCUSDT,38386.89,39494.35,36800.0,37008.16,62347.68496,288,288,0.0028731070328335,-0.0365775661820252,True,0.0536013715573914,5.360137155739142,-5.85236124495094,-7.272400691528865,-7.269805211413344,-7.062882125671994,-5.85236124495094,True
2022-02-22,BTCUSDT,37008.16,38429.0,36350.0,38230.33,53785.94589,288,288,0.0017508162007003,0.0324907507662161,True,0.0418427556537612,4.184275565376122,-6.347673199377403,-5.85236124495094,-6.893139553842846,-6.9866587088168135,-6.347673199377403,True
2022-02-23,BTCUSDT,38230.33,39249.93,37036.79,37250.01,43560.732,288,288,0.0010583601060233,-0.0259769663535824,True,0.0325324469725745,3.2532446972574567,-6.851034638595666,-6.347673199377403,-6.799592438169908,-6.959152277298253,-6.851034638595666,True
2022-02-24,BTCUSDT,37250.02,39843.0,34322.28,38327.21,120476.29458,288,288,0.0057232865730467,0.0285078745231447,True,0.0756524062607845,7.565240626078454,-5.163212062888385,-6.851034638595666,-6.839394271769374,-6.956727022437153,-5.163212062888385,True
2022-02-25,BTCUSDT,38328.68,39683.53,38014.37,39219.17,56574.57125,288,288,0.001836924739323,0.0230055700671091,True,0.042859359996657,4.285935999665709,-6.299662442928099,-5.163212062888385,-6.297336367468252,-6.868274496460989,-6.299662442928099,True
2022-02-26,BTCUSDT,39219.16,40348.45,38573.18,39116.72,29361.2568,288,288,0.00086205464289,-0.0026156608014758,True,0.0293607670691699,2.936076706916994,-7.056191898486029,-6.299662442928099,-6.102788717748099,-6.843387082495059,-7.056191898486029,True
2022-02-27,BTCUSDT,39116.73,39855.7,37000.0,37699.07,46229.44719,288,288,0.0018805210572356,-0.0369145713560072,True,0.0433649750055918,4.336497500559181,-6.276206382437449,-7.056191898486029,-6.343554848455116,-6.874635048940405,-6.276206382437449,True
2022-02-28,BTCUSDT,37699.08,44225.84,37450.17,43160.0,73945.63858,288,288,0.003856431260745,0.1352787146752537,True,0.0621001711812859,6.210017118128599,-5.558013067008117,-6.276206382437449,-6.329261485067126,-6.8272481327468775,-5.558013067008117,True
2022-03-01,BTCUSDT,43160.0,44949.0,42809.98,44421.2,61743.09873,288,288,0.0014402036498292,0.0288026925696239,True,0.037950015149262,3.7950015149262057,-6.542970751901088,-5.558013067008117,-6.070657170749615,-6.747643111861291,-6.542970751901088,True
2022-03-02,BTCUSDT,44421.2,45400.0,43334.09,43892.98,57782.65081,288,288,0.0016484526461864,-0.0119624345490488,True,0.0406011409468559,4.060114094685597,-6.407918221260036,-6.542970751901088,-6.346608908552156,-6.7294653270943225,-6.407918221260036,True
2022-03-03,BTCUSDT,43892.99,44101.12,41832.28,42454.0,50940.61021,288,288,0.0010776329681886,-0.0333332615882568,True,0.0328273204539855,3.282732045398555,-6.8329883392486925,-6.407918221260036,-6.368260064218544,-6.72410159472794,-6.8329883392486925,True
2022-03-04,BTCUSDT,42454.0,42527.3,38550.0,39148.66,61964.68498,288,288,0.00195567882519,-0.0810549423019859,True,0.0442230576191884,4.422305761918841,-6.237017920652388,-6.8329883392486925,-6.323619352371077,-6.718749172373796,-6.237017920652388,True
2022-03-05,BTCUSDT,39148.65,39613.24,38407.59,39397.96,30363.13341,288,288,0.0004989896072373,0.0063478437934207,True,0.0223380752805011,2.233807528050119,-7.602925289609404,-6.237017920652388,-6.315781660014064,-6.724242636318854,-7.602925289609404,True
2022-03-06,BTCUSDT,39397.97,39693.87,38088.57,38420.81,39677.26158,288,288,0.0011018911800597,-0.0251147984261231,True,0.0331947462719597,3.319474627195972,-6.81072732080451,-7.602925289609404,-6.724764104534321,-6.781886725798764,-6.81072732080451,True
2022-03-07,BTCUSDT,38420.8,39547.57,37155.0,37988.0,63994.11559,288,288,0.0018763007992319,-0.0113289195068583,True,0.0433162879207346,4.331628792073467,-6.278453100509356,-6.81072732080451,-6.778315418315006,-6.764322390331478,-6.278453100509356,True
2022-03-08,BTCUSDT,37988.01,39362.08,37867.65,38730.63,55583.06638,288,288,0.0015124958996623,0.0193604394737651,True,0.0388908202492863,3.889082024928634,-6.493994079030027,-6.278453100509356,-6.75242239416487,-6.701248672468996,-6.493994079030027,True
2022-03-09,BTCUSDT,38730.63,42594.06,38656.45,41941.71,67392.58799,288,288,0.0014435185771476,0.0796500373203137,True,0.0379936649607228,3.7993664960722833,-6.540671689427227,-6.493994079030027,-6.6846235421211375,-6.657203177913712,-6.540671689427227,True
2022-03-10,BTCUSDT,41941.7,42039.63,38539.73,39422.0,71962.93154,288,288,0.0024468009017829,-0.0619567610700489,True,0.049465148355008,4.946514835500805,-6.0129738620399,-6.540671689427227,-6.745354295876105,-6.613683986644616,-6.0129738620399,True
2022-03-11,BTCUSDT,39422.01,40236.26,38223.6,38729.57,59018.7642,288,288,0.0016167570854258,-0.0177206451442289,True,0.0402089179837741,4.0208917983774155,-6.427332935135469,-6.0129738620399,-6.427364010362204,-6.535378728882637,-6.427332935135469,True
2022-03-12,BTCUSDT,38729.57,39486.71,38660.52,38807.36,24034.36432,288,288,0.000336365199919,0.0020065284013575,True,0.0183402617189352,1.83402617189352,-7.997313083733295,-6.427332935135469,-6.350685133228396,-6.517738917855062,-7.997313083733295,True
2022-03-13,BTCUSDT,38807.35,39310.0,37578.51,37777.34,32791.82359,288,288,0.0007038439057433,-0.0269004673903166,True,0.026530056647948,2.6530056647948004,-7.258953951187257,-7.997313083733295,-6.694457129873183,-6.578888354815742,-7.258953951187257,True
2022-03-14,BTCUSDT,37777.35,39947.12,37555.0,39671.37,46945.45375,288,288,0.0012957481649776,0.0489203168714043,True,0.035996502121423,3.5996502121423086,-6.6486670170809905,-7.258953951187257,-6.84744910430463,-6.550954371488164,-6.6486670170809905,True
2022-03-15,BTCUSDT,39671.37,39887.61,38098.33,39280.33,46015.54926,288,288,0.0007604863686464,-0.0099058841699847,True,0.0275769173158721,2.7576917315872156,-7.181552370624909,-6.6486670170809905,-6.8690481698353825,-6.522602840831442,-7.181552370624909,True
2022-03-16,BTCUSDT,39280.33,41718.0,38828.48,41114.0,88120.76167,288,288,0.0042006650762766,0.0456248114305101,True,0.0648125379558358,6.481253795583585,-5.47251241473466,-7.181552370624909,-7.1027638715523835,-6.583020619271167,-5.47251241473466,True
2022-03-17,BTCUSDT,41114.01,41478.82,40500.0,40917.9,37189.38087,288,288,0.0005446473442037,-0.004781075985048,True,0.0233376807803131,2.3337680780313197,-7.515372047599916,-5.47251241473466,-6.911799767472223,-6.543240583605589,-7.515372047599916,True
2022-03-18,BTCUSDT,40917.89,42325.02,40135.04,41757.51,45408.00969,288,288,0.0006136788141013,0.0203116952414406,True,0.0247725415349596,2.4772541534959687,-7.396038870753342,-7.515372047599916,-6.815411560245546,-6.573437738560329,-7.396038870753342,True
2022-03-19,BTCUSDT,41757.51,42400.0,41499.29,42201.13,29067.18108,288,288,0.0002780566945752,0.0105676825747718,True,0.0166750320711923,1.6675032071192315,-8.187685527745163,-7.396038870753342,-6.842828544158763,-6.674929866190553,-8.187685527745163,True
2022-03-20,BTCUSDT,42201.13,42296.26,40911.0,41262.11,30653.33468,288,288,0.0003751008275446,-0.0225023524813125,True,0.0193675199120748,1.936751991207484,-7.8883156946815856,-8.187685527745163,-7.1506322462915985,-6.760749097318601,-7.8883156946815856,True
2022-03-21,BTCUSDT,41262.11,41544.22,40467.94,41002.25,39426.24877,288,288,0.0006932412715955,-0.006317702205992,True,0.026329475338403,2.632947533840306,-7.274132464105889,-7.8883156946815856,-7.291984911102934,-6.798572906236581,-7.274132464105889,True
2022-03-22,BTCUSDT,41002.26,43361.0,40875.51,42364.13,59454.94294,288,288,0.0011400398165078,0.0326750703725591,True,0.033764475658713,3.376447565871308,-6.77669209042443,-7.274132464105889,-7.6523089209771795,-6.8439331826760545,-6.77669209042443,True
2022-03-23,BTCUSDT,42364.13,43025.96,41751.47,42882.76,40828.87039,288,288,0.0005527103815912,0.0121678667429051,True,0.0235097933123883,2.3509793312388383,-7.500676415890571,-6.77669209042443,-7.504572929542081,-6.899327683740433,-7.500676415890571,True
2022-03-24,BTCUSDT,42882.76,44220.89,42560.46,43991.46,56195.12374,288,288,0.000546285570067,0.0255256438082831,True,0.0233727527276333,2.3372752727633337,-7.512368696847023,-7.500676415890571,-7.525500438569527,-6.9428597593763195,-7.512368696847023,True
2022-03-25,BTCUSDT,43991.46,45094.14,43579.0,44313.16,54614.43648,288,288,0.0004308348399084,0.0072861742275435,True,0.0207565613700451,2.0756561370045152,-7.749785743369879,-7.512368696847023,-7.390437072389899,-6.993062053721181,-7.749785743369879,True
2022-03-26,BTCUSDT,44313.16,44792.99,44071.97,44511.27,23041.61741,288,288,0.0002086334252644,0.0044607171360222,True,0.0144441484783446,1.444414847834462,-8.474931792067219,-7.749785743369879,-7.362731082127558,-7.034734662999418,-8.474931792067219,True
2022-03-27,BTCUSDT,44511.27,46999.0,44421.46,46827.76,41874.91071,288,288,0.0012945887317922,0.0507337739308289,True,0.0359803937136911,3.598039371369117,-6.649562215898006,-8.474931792067219,-7.602890947719826,-7.136458020791,-6.649562215898006,True
2022-03-28,BTCUSDT,46827.76,48189.84,46663.56,47122.21,58949.2614,288,288,0.0006928418755865,0.0062682503060173,True,0.0263218896659527,2.632188966595275,-7.274708758566817,-6.649562215898006,-7.577464972814539,-7.093123335622301,-7.274708758566817,True
2022-03-29,BTCUSDT,47122.21,48096.47,46950.85,47434.8,36772.28457,288,288,0.0004734903432968,0.0066116967684658,True,0.0217598332552627,2.1759833255262717,-7.655379039850648,-7.274708758566817,-7.532271441349789,-7.1142134009751326,-7.655379039850648,True
2022-03-30,BTCUSDT,47434.79,47700.22,46445.42,47067.99,40947.2085,288,288,0.0004384137717446,-0.0077629843968782,True,0.0209383325922726,2.0938332592272664,-7.7323474091728635,-7.655379039850648,-7.560873509950514,-7.176800943672465,-7.7323474091728635,True
2022-03-31,BTCUSDT,47067.99,47600.0,45200.0,45510.34,48645.12667,288,288,0.0006689967093711,-0.0336535992569263,True,0.025864970701147,2.5864970701147003,-7.3097314165759455,-7.7323474091728635,-7.557385843111111,-7.23308973140623,-7.3097314165759455,True
2022-04-01,BTCUSDT,45510.35,46720.09,44200.0,46283.49,56271.06474,288,288,0.000792698323283,0.0168457571405921,True,0.0281548987439681,2.815489874396812,-7.140067833320828,-7.3097314165759455,-7.324345768012856,-7.268046991731172,-7.140067833320828,True
2022-04-02,BTCUSDT,46283.49,47213.0,45620.0,45811.0,37073.53582,288,288,0.0007218507899137,-0.0102610730714461,True,0.0268672810294183,2.686728102941838,-7.233692102598408,-7.140067833320828,-7.422446891497421,-7.319278535880304,-7.233692102598408,True
2022-04-03,BTCUSDT,45810.99,47444.11,45530.92,46407.35,33394.67794,288,288,0.0006885453874647,0.0129336149045399,True,0.0262401483887714,2.624014838877142,-7.280929319724767,-7.233692102598408,-7.414243560303738,-7.355931225310439,-7.280929319724767,True
2022-04-04,BTCUSDT,46407.36,46890.71,45118.0,46580.51,44641.87514,288,288,0.0005028188881167,0.0037243614415155,True,0.0224236234386133,2.2423623438613314,-7.595280516089202,-7.280929319724767,-7.339353616278562,-7.323368326946414,-7.595280516089202,True
2022-04-05,BTCUSDT,46580.5,47200.0,45353.81,45497.55,42192.74852,288,288,0.0005067108853529,-0.0235237349480628,True,0.0225102395667611,2.2510239566761134,-7.587569962877363,-7.595280516089202,-7.31194023766183,-7.33865589807832,-7.587569962877363,True
2022-04-06,BTCUSDT,45497.54,45507.14,43121.0,43170.47,60849.32936,288,288,0.0011250558993173,-0.0525017816550025,True,0.033541852949969,3.3541852949969018,-6.789922556278131,-7.587569962877363,-7.367507946922113,-7.3813333047054295,-6.789922556278131,True
2022-04-07,BTCUSDT,43170.47,43900.99,42727.35,43444.19,37396.54156,288,288,0.0006803310517354,0.0063204291562031,True,0.0260831564756928,2.6083156475692864,-7.292931037475296,-6.789922556278131,-7.297478891513575,-7.363531949507848,-7.292931037475296,True
2022-04-08,BTCUSDT,43444.2,43970.62,42107.14,42252.01,42375.04203,288,288,0.0007928245974553,-0.0278251992184263,True,0.0281571411449273,2.815714114492733,-7.1399085493761865,-7.292931037475296,-7.309326678488953,-7.446278250541513,-7.1399085493761865,True
2022-04-09,BTCUSDT,42252.02,42800.0,42125.48,42753.97,17891.66047,288,288,0.0002448863885875,0.011810129932038,True,0.0156488462382223,1.5648846238222345,-8.31471617502196,-7.1399085493761865,-7.281122524419236,-7.42921172789498,-8.31471617502196,True
2022-04-10,BTCUSDT,42753.96,43410.3,41868.0,42158.85,22771.09403,288,288,0.0003505215420186,-0.0140174297468782,True,0.0187222205418766,1.8722220541876693,-7.956088392554873,-8.31471617502196,-7.425009656205788,-7.470969787179917,-7.956088392554873,True
2022-04-11,BTCUSDT,42158.85,42414.71,39200.0,39530.45,63560.44721,288,288,0.001256466235985,-0.0643733658182636,True,0.0354466674877214,3.544666748772144,-6.679452072821975,-7.956088392554873,-7.498713342141289,-7.460442644671267,-6.679452072821975,True
2022-04-12,BTCUSDT,39530.45,40699.0,39254.63,40074.94,57751.01778,288,288,0.0008182595802301,0.0136799402987617,True,0.0286052369371433,2.8605236937143395,-7.108330936457086,-6.679452072821975,-7.476619245450058,-7.405494298223104,-7.108330936457086,True
2022-04-13,BTCUSDT,40074.95,41561.31,39588.54,41147.79,41341.39177,288,288,0.0008719191217849,0.0264190184253012,True,0.0295282766477317,2.9528276647731757,-7.044813888603539,-7.108330936457086,-7.439699225246416,-7.3979578651481575,-7.044813888603539,True
2022-04-14,BTCUSDT,41147.78,41500.0,39551.94,39942.38,36807.01401,288,288,0.0004928924995872,-0.0297323041306674,True,0.0222011823916483,2.220118239164837,-7.61521946127438,-7.044813888603539,-7.420680293091886,-7.410145219610845,-7.61521946127438,True
2022-04-15,BTCUSDT,39942.37,40870.36,39766.4,40551.9,24026.35739,288,288,0.0004953406104104,0.0151447196010201,True,0.0222562487946738,2.2256248794673876,-7.610264930189917,-7.61521946127438,-7.280780950342371,-7.415351721673744,-7.610264930189917,True
2022-04-16,BTCUSDT,40551.9,40709.35,39991.55,40378.71,15805.44718,288,288,0.0002089892722671,-0.0042799693311693,True,0.0144564612636407,1.4456461263640796,-8.473227636182385,-7.610264930189917,-7.2116162578693785,-7.41980155046206,-8.473227636182385,True
2022-04-17,BTCUSDT,40378.7,40595.67,39546.17,39678.12,19988.49259,288,288,0.0003081865070609,-0.0175027636042259,True,0.0175552415836688,1.7555241583668817,-8.084805415852003,-8.473227636182385,-7.570371370541461,-7.4526852728626265,-8.084805415852003,True
2022-04-18,BTCUSDT,39678.11,41116.73,38536.51,40801.13,54243.49575,288,288,0.0010497213665329,0.0279098748430261,True,0.0323994037990348,3.239940379903483,-6.859230515235043,-8.084805415852003,-7.765666266420444,-7.434952255761936,-6.859230515235043,True
2022-04-19,BTCUSDT,40801.13,41760.0,40571.0,41493.18,35788.85843,288,288,0.0003487308114164,0.0168192992773733,True,0.0186743356352092,1.8674335635209287,-7.961210247370655,-6.859230515235043,-7.728549591746746,-7.444482633004529,-7.961210247370655,True
2022-04-20,BTCUSDT,41493.19,42199.0,40820.0,41358.19,40877.35041,288,288,0.0004757755318488,-0.003258609228783,True,0.0218122793822383,2.181227938223831,-7.650564386703997,-7.961210247370655,-7.7977477489660005,-7.475687246131975,-7.650564386703997,True
2022-04-21,BTCUSDT,41358.19,42976.0,39751.0,40480.01,59316.27657,288,288,0.0009780406441558,-0.0214621951388565,True,0.0312736413638676,3.127364136386763,-6.929959330351472,-7.650564386703997,-7.8058076402688155,-7.475468398261672,-6.929959330351472,True
2022-04-22,BTCUSDT,40480.01,40795.06,39177.0,39709.18,46664.0196,288,288,0.0008216388472739,-0.019225876795201,True,0.0286642433577783,2.8664243357778396,-7.104209618001907,-6.929959330351472,-7.4971539791026345,-7.4389962128607,-7.104209618001907,True
2022-04-23,BTCUSDT,39709.19,39980.0,39285.0,39441.6,20291.42375,288,288,0.0002250744542821,-0.0067612983566563,True,0.0150024816041265,1.5002481604126583,-8.399079302577361,-7.104209618001907,-7.301034819532615,-7.429654312925518,-8.399079302577361,True
2022-04-24,BTCUSDT,39441.61,39940.0,38929.62,39450.13,26703.61186,288,288,0.0003815245415103,0.0002162457340782,True,0.0195326532122586,1.9532653212258673,-7.871335380317171,-8.399079302577361,-7.609004577001079,-7.486882106982633,-7.871335380317171,True
2022-04-25,BTCUSDT,39450.12,40616.0,38200.0,40426.08,63037.12784,288,288,0.0015412492162247,0.0244377786503277,True,0.0392587470027344,3.925874700273449,-6.47516201201808,-7.871335380317171,-7.591029603590381,-7.515865892333485,-6.47516201201808,True
2022-04-26,BTCUSDT,40426.08,40797.31,37702.26,38112.65,66650.258,288,288,0.0012124086126681,-0.0589288732240464,True,0.0348196584226236,3.4819658422623627,-6.715146308988554,-6.47516201201808,-7.355949128653198,-7.479240105619544,-6.715146308988554,True
2022-04-27,BTCUSDT,38112.64,39474.72,37881.31,39235.72,57083.12272,288,288,0.0008726626030544,0.0290413083499553,True,0.0295408632753759,2.9540863275375924,-7.0439615567191405,-6.715146308988554,-7.312986524380615,-7.439234005296789,-7.0439615567191405,True
2022-04-28,BTCUSDT,39235.72,40372.63,38881.43,39742.07,56086.6715,288,288,0.0011678202475325,0.0128227679696384,True,0.0341733850757072,3.4173385075707228,-6.752616304080092,-7.0439615567191405,-7.300936912124061,-7.414524532289596,-6.752616304080092,True
2022-04-29,BTCUSDT,39742.06,39925.25,38175.0,38596.11,51453.65715,288,288,0.0007134731128891,-0.0292588301525006,True,0.0267109174849743,2.6710917484974326,-7.245365805164428,-6.752616304080092,-6.971644312424607,-7.412828793553322,-7.245365805164428,True
2022-04-30,BTCUSDT,38596.11,38795.38,37578.2,37630.8,35321.18989,288,288,0.0003983606509808,-0.0253286301777137,True,0.0199589741966074,1.9958974196607475,-7.828152804750148,-7.245365805164428,-6.84645039739406,-7.4106667375391915,-7.828152804750148,True
2022-05-01,BTCUSDT,37630.8,38675.0,37386.38,38468.35,38812.24104,288,288,0.0005699734639862,0.0220129612676665,True,0.0238741170305046,2.3874117030504607,-7.469920752629544,-7.828152804750148,-7.117048555940473,-7.441950567328917,-7.469920752629544,True
2022-05-02,BTCUSDT,38468.35,39167.34,38052.0,38525.16,53200.92628,288,288,0.0007357404079285,0.0014757090645588,True,0.0271245351652061,2.7124535165206116,-7.214633208069893,-7.469920752629544,-7.26800344466867,-7.40355077540199,-7.214633208069893,True
2022-05-03,BTCUSDT,38525.16,38651.51,37517.8,37728.95,40316.45358,288,288,0.00040104676482,-0.0208838300694299,True,0.0200261520222948,2.0026152022294874,-7.821432516958594,-7.214633208069893,-7.302137774938821,-7.369848267016308,-7.821432516958594,True
2022-05-04,BTCUSDT,37728.95,40023.77,37670.0,39690.0,62574.61736,288,288,0.0006566307333983,0.0506715625195407,True,0.0256248069924119,2.562480699241196,-7.328388747110831,-7.821432516958594,-7.515901017514521,-7.421756469022517,-7.328388747110831,True
2022-05-05,BTCUSDT,39690.0,39845.51,35571.9,36552.97,88722.43355,288,288,0.0019240350246722,-0.0823368253505522,True,0.0438638236440036,4.386382364400367,-6.253330722812735,-7.328388747110831,-7.532505605903802,-7.431759096779505,-6.253330722812735,True
2022-05-06,BTCUSDT,36552.97,36675.63,35258.0,36013.77,68437.80187,288,288,0.0010662057485077,-0.0148610761227886,True,0.032652806135273,3.265280613527307,-6.843648962005361,-6.253330722812735,-7.21754118951632,-7.39578258924356,-6.843648962005361,True
2022-05-07,BTCUSDT,36013.77,36146.3,34785.0,35472.39,34281.70682,288,288,0.0005046002335544,-0.0151467179208369,True,0.0224633086065789,2.246330860657895,-7.5917440589068494,-6.843648962005361,-7.092286831391483,-7.360711202913151,-7.5917440589068494,True
2022-05-08,BTCUSDT,35472.4,35514.22,33713.95,34038.4,72445.64344,288,288,0.001104327446691,-0.0412653483255883,True,0.0332314225800071,3.323142258000711,-6.80851877484081,-7.5917440589068494,-7.167709001558874,-7.359869345127556,-6.80851877484081,True
2022-05-09,BTCUSDT,34038.39,34243.15,30033.33,30076.31,191876.926428,288,288,0.004910685778884,-0.1237514803908428,True,0.0700762854244149,7.0076285424414895,-5.316341677094822,-6.80851877484081,-6.965126253135317,-7.284200760521122,-5.316341677094822,True
2022-05-10,BTCUSDT,30074.23,32658.99,29730.4,31017.1,165532.00311,288,288,0.0042919077332076,0.0308008466215321,True,0.0655126532297971,6.551265322979718,-5.451023951833481,-5.316341677094822,-6.562716839132117,-7.158361499668522,-5.451023951833481,True
2022-05-11,BTCUSDT,31017.11,32162.59,27785.0,29103.94,207063.739278,288,288,0.011158367502344,-0.0636651051045494,True,0.105633174251009,10.563317425100903,-4.495565613881075,-5.451023951833481,-6.402255484936265,-7.094352110422997,-4.495565613881075,True
2022-05-12,BTCUSDT,29103.94,30243.0,26700.0,29029.75,204507.263138,288,288,0.0111358559749213,-0.0025523939828074,True,0.1055265652569123,10.55265652569123,-4.49758510876023,-4.495565613881075,-5.932638815311408,-6.936822808900743,-4.49758510876023,True
2022-05-13,BTCUSDT,29029.74,31083.37,28751.67,29287.05,97872.36957,288,288,0.003131893764509,0.0088242725805566,True,0.0559633251738049,5.5963325173804925,-5.7661174208065695,-4.49758510876023,-5.313807025282084,-6.793505568994209,-5.7661174208065695,True
2022-05-14,BTCUSDT,29287.05,30343.27,28630.0,30086.74,51095.87863,288,288,0.0013227013470766,0.0269391043317347,True,0.0363689613142396,3.6368961314239647,-6.6280791585033665,-5.7661174208065695,-5.105326754475236,-6.740603664014895,-6.6280791585033665,True
2022-05-15,BTCUSDT,30086.74,31460.0,29480.0,31328.89,46275.66912,288,288,0.0014198435509761,0.0404561319046466,True,0.0376808114426444,3.7680811442644457,-6.557208588807663,-6.6280791585033665,-5.367674250756944,-6.718961370401323,-6.557208588807663,True
2022-05-16,BTCUSDT,31328.89,31328.9,29087.04,29874.01,73082.19658,288,288,0.0018624376170455,-0.0475518034081958,True,0.0431559684985229,4.315596849852291,-6.285869102475261,-6.557208588807663,-5.588911178151781,-6.635239974320883,-6.285869102475261,True
2022-05-17,BTCUSDT,29874.01,30788.37,29450.38,30444.93,56724.13307,288,288,0.0012773738872047,0.0189306062024944,True,0.0357403677541897,3.574036775418974,-6.662948959190163,-6.285869102475261,-5.946971875870618,-6.563173325328069,-6.662948959190163,True
2022-05-18,BTCUSDT,30444.93,30709.99,28654.47,28715.32,59749.15799,288,288,0.0012837143318435,-0.0584886995742205,True,0.0358289594021865,3.5828959402186547,-6.657997581455308,-6.662948959190163,-6.3800446459566045,-6.571709095654074,-6.657997581455308,True
2022-05-19,BTCUSDT,28715.33,30545.18,28691.38,30319.23,67877.36415,288,288,0.001305855292786,0.0543513864177699,True,0.0361366198306658,3.6136619830665886,-6.640897056115268,-6.657997581455308,-6.558420678086352,-6.5691114262207435,-6.640897056115268,True
2022-05-20,BTCUSDT,30319.22,30777.33,28730.0,29201.01,60517.25325,288,288,0.0011583146255771,-0.0375788669561828,True,0.0340340215898312,3.4034021589831274,-6.7607892393448346,-6.640897056115268,-6.560984257608733,-6.550790312556931,-6.7607892393448346,True
2022-05-21,BTCUSDT,29201.01,29656.18,28947.28,29445.06,20987.13124,288,288,0.0004634676525525,0.008322856374715,True,0.0215282988773505,2.1528298877350536,-7.676773964924511,-6.7607892393448346,-6.601700387716167,-6.5511618096144195,-7.676773964924511,True
2022-05-22,BTCUSDT,29445.07,30487.99,29255.11,30293.94,36158.98748,288,288,0.0006620283621387,0.0284215384207964,True,0.0257299118175468,2.572991181754681,-7.320202159835187,-7.676773964924511,-6.879881360206016,-6.570771271421696,-7.320202159835187,True
2022-05-23,BTCUSDT,30293.93,30670.51,28866.35,29109.15,63901.49932,288,288,0.0009466579759945,-0.0398951347692117,True,0.0307678074616067,3.0767807461606744,-6.962572695806771,-7.320202159835187,-7.011332000335021,-6.547682605743744,-6.962572695806771,True
2022-05-24,BTCUSDT,29109.14,29845.86,28669.0,29654.58,59442.96036,288,288,0.0007131553235896,0.0185640245739113,True,0.0267049681443289,2.6704968144328936,-7.245811316128083,-6.962572695806771,-7.072247023205314,-6.524621330433617,-7.245811316128083,True
2022-05-25,BTCUSDT,29654.58,30223.74,29294.21,29542.15,59537.38659,288,288,0.0007278636764879,-0.0037985251950826,True,0.0269789487654344,2.6978948765434443,-7.225396784874042,-7.245811316128083,-7.1932298752078765,-6.526038517163536,-7.225396784874042,True
2022-05-26,BTCUSDT,29542.14,29886.64,28019.56,29201.35,94581.65463,288,288,0.0015990158388419,-0.0116031160400307,True,0.0399876960931983,3.9987696093198375,-6.4383669397122745,-7.225396784874042,-7.286151384313719,-6.498945983886966,-6.4383669397122745,True
2022-05-27,BTCUSDT,29201.35,29397.66,28282.9,28629.8,90998.5201,288,288,0.001268565268871,-0.0197668076759777,True,0.0356169239108465,3.5616923910846516,-6.669868726664867,-6.4383669397122745,-7.038469979271271,-6.458490447187031,-6.669868726664867,True
2022-05-28,BTCUSDT,28629.81,29266.0,28450.0,29031.33,34479.35127,288,288,0.0003750795672599,0.0139274582552876,True,0.0193669710398915,1.9366971039891592,-7.888372375140987,-6.669868726664867,-6.908403292637208,-6.477423992816673,-7.888372375140987,True
2022-05-29,BTCUSDT,29031.33,29587.78,28839.21,29468.1,27567.34764,288,288,0.0002740841801015,0.0149327306648635,True,0.0165554879149344,1.6555487914934492,-8.202075272112836,-7.888372375140987,-7.09356322850405,-6.524911420686474,-8.202075272112836,True
2022-05-30,BTCUSDT,29468.1,32222.0,29299.62,31734.22,96785.9476,288,288,0.0014057428879728,0.0740872715889187,True,0.0374932378966234,3.749323789662347,-6.567189370045166,-8.202075272112836,-7.284816019701,-6.552653748559473,-6.567189370045166,True
2022-05-31,BTCUSDT,31734.23,32399.0,31200.01,31801.04,62433.11632,288,288,0.0008962729674998,0.0021033997385355,True,0.0299378183490357,2.9937818349035745,-7.01726554015865,-6.567189370045166,-7.153174536735226,-6.541684230159671,-7.01726554015865,True
2022-06-01,BTCUSDT,31801.05,31982.97,29301.0,29805.83,103395.63382,288,288,0.0011730867925556,-0.0647949816931568,True,0.0342503546340126,3.425035463401261,-6.74811672009956,-7.01726554015865,-7.268954256824502,-6.618998951208027,-6.74811672009956,True
2022-06-02,BTCUSDT,29805.84,30689.0,29594.55,30452.62,56961.42928,288,288,0.0009509909183042,0.0214680211866707,True,0.0308381406427865,3.0838140642786556,-6.958006045092032,-6.74811672009956,-7.28460385551144,-6.6779577134019386,-6.958006045092032,True
2022-06-03,BTCUSDT,30452.63,30699.0,29282.36,29700.21,54067.44727,288,288,0.0005988837657371,-0.0250179166566574,True,0.024472101784219,2.4472101784219036,-7.420443025861888,-6.958006045092032,-7.0985305895016495,-6.789886823911529,-7.420443025861888,True
2022-06-04,BTCUSDT,29700.21,29988.88,29485.0,29864.04,25617.90113,288,288,0.0002403119103666,0.0055009645259632,True,0.0155019969799587,1.55019969799587,-8.333572851878348,-7.420443025861888,-6.94220414025146,-6.922744001961604,-8.333572851878348,True
2022-06-05,BTCUSDT,29864.03,30189.0,29531.42,29919.21,23139.9281,288,288,0.0003051560294236,0.001845667997686,True,0.0174687157348112,1.7468715734811218,-8.09468734028449,-8.333572851878348,-7.295480836618095,-7.039446521555775,-8.09468734028449,True
2022-06-06,BTCUSDT,29919.2,31765.64,29890.23,31373.1,68836.92456,288,288,0.0007171107948379,0.0474500888349518,True,0.0267789244525987,2.677892445259875,-7.240280203726629,-8.09468734028449,-7.510965196643264,-7.1061105298185545,-7.240280203726629,True
2022-06-07,BTCUSDT,31373.1,31589.6,29218.96,31125.33,110674.51658,288,288,0.0037063883971473,-0.0079288807110219,True,0.0608801149567524,6.088011495675243,-5.597697354357967,-7.240280203726629,-7.609397893368677,-7.137159239587598,-5.597697354357967,True
2022-06-08,BTCUSDT,31125.32,31327.22,29843.88,30204.77,68542.61276,288,288,0.0015556328150245,-0.0300220982099291,True,0.0394415113177038,3.944151131770389,-6.465872861134988,-5.597697354357967,-7.337336155221865,-7.105878705582267,-6.465872861134988,True
2022-06-09,BTCUSDT,30204.77,30700.0,29944.1,30109.93,46291.1865,288,288,0.0005617508268817,-0.0031448412464672,True,0.0237012832328078,2.3701283232807864,-7.484452174925375,-6.465872861134988,-7.146422122276485,-7.096920701125213,-7.484452174925375,True
2022-06-10,BTCUSDT,30109.93,30382.8,28850.0,29091.88,76204.2498,288,288,0.0013832106961067,-0.0343959202434374,True,0.0371915406525031,3.719154065250312,-6.583347890754429,-7.484452174925375,-6.976597986885889,-7.134486819010215,-6.583347890754429,True
2022-06-11,BTCUSDT,29091.87,29440.41,28099.99,28424.7,65901.39895,288,288,0.0008020091771073,-0.0232006119472745,True,0.0283197665440125,2.831976654401254,-7.128390507386046,-6.583347890754429,-6.674330096979878,-7.131870947857451,-7.128390507386046,True
2022-06-12,BTCUSDT,28424.71,28544.96,26560.0,26574.53,92474.598809,288,288,0.0019967557915578,-0.0673052472144998,True,0.0446850734760263,4.468507347602634,-6.216231519678782,-7.128390507386046,-6.6519521577117615,-7.148580096404777,-6.216231519678782,True
2022-06-13,BTCUSDT,26574.53,26895.84,21925.77,22487.41,254611.034966,288,288,0.0077596669291324,-0.1669976412315114,True,0.0880889716657677,8.808897166576775,-4.85881586721172,-6.216231519678782,-6.7756589907759235,-7.082191803439063,-4.85881586721172,True
2022-06-14,BTCUSDT,22485.27,23362.88,20846.0,22136.41,187201.64671,288,288,0.0080421694865708,-0.0157318328672524,True,0.0896781438622079,8.967814386220791,-4.823056395552461,-4.85881586721172,-6.454247591991271,-6.9703106083198145,-4.823056395552461,True
2022-06-15,BTCUSDT,22136.42,22800.0,20111.62,22583.72,200774.493467,288,288,0.0102067404188428,0.02000552853841,True,0.1010284139182777,10.102841391827774,-4.584706951564112,-4.823056395552461,-5.921968436116687,-6.8730598673991645,-4.584706951564112,True
2022-06-16,BTCUSDT,22583.72,22995.73,20232.0,20401.31,99673.59429,288,288,0.0033760310653126,-0.1016301782416359,True,0.0581036235127611,5.810362351276115,-5.691054500480158,-4.584706951564112,-5.522240248278624,-6.752100578100802,-5.691054500480158,True
2022-06-17,BTCUSDT,20400.6,21365.43,20246.66,20468.81,86694.33663,288,288,0.0021060066622683,0.003303149654233,True,0.0458912482099619,4.589124820996198,-6.162961701805129,-5.691054500480158,-5.2347730468974465,-6.682357746991989,-6.162961701805129,True
2022-06-18,BTCUSDT,20468.81,20792.06,17622.0,18970.79,196441.655524,288,288,0.0074908784520349,-0.076001836346971,True,0.0865498610746135,8.654986107461356,-4.894069205014418,-6.162961701805129,-5.224119083322716,-6.669839327087119,-4.894069205014418,True
2022-06-19,BTCUSDT,18970.79,20815.95,17960.41,20574.0,128320.87595,288,288,0.0068138519219706,0.0811277149268702,True,0.0825460593969856,8.254605939698562,-4.988797691419088,-4.894069205014418,-5.2311697508832555,-6.589121167012099,-4.988797691419088,True
2022-06-20,BTCUSDT,20574.0,21090.0,19637.03,20573.89,109028.94154,288,288,0.0033342278778361,-5.346568196493151e-06,True,0.0577427733819237,5.774277338192372,-5.703514147308374,-4.988797691419088,-5.264318010056581,-6.457322317752013,-5.703514147308374,True
2022-06-21,BTCUSDT,20573.9,21723.0,20348.4,20723.52,104371.0749,288,288,0.0022936583336184,0.0072464909918439,True,0.0478921531528747,4.78921531528747,-6.077607210505069,-5.703514147308374,-5.488079449205434,-6.343751357533628,-6.077607210505069,True
2022-06-22,BTCUSDT,20723.51,20900.0,19770.51,19987.99,92133.97938,288,288,0.0023681821871081,-0.0361376939508315,True,0.0486639721673868,4.866397216738681,-6.045632627796533,-6.077607210505069,-5.565389991210416,-6.321497623009079,-6.045632627796533,True
2022-06-23,BTCUSDT,19988.0,21233.0,19890.07,21110.13,83127.08716,288,288,0.0016456851009216,0.0546214268784676,True,0.040567044517954,4.056704451795409,-6.409598506741951,-6.045632627796533,-5.541924176408696,-6.277332490628981,-6.409598506741951,True
2022-06-24,BTCUSDT,21110.12,21558.41,20736.72,21237.69,77430.36622,288,288,0.0012760994876644,0.0060244133369916,True,0.0357225347317967,3.5722534731796785,-6.6639471287098875,-6.409598506741951,-5.845030036754203,-6.261945299112727,-6.6639471287098875,True
2022-06-25,BTCUSDT,21237.68,21614.5,20906.62,21491.19,51431.67794,288,288,0.0006981111571171,0.0118656503170237,True,0.0264217932229655,2.642179322296551,-7.26713221699688,-6.6639471287098875,-6.1800599242123635,-6.2485789847317195,-7.26713221699688,True
2022-06-26,BTCUSDT,21491.18,21888.0,20964.73,21038.07,53278.10464,288,288,0.0007429375314654,-0.0213094300901075,True,0.0272568804426605,2.725688044266052,-7.2048985928707445,-7.26713221699688,-6.492783538150064,-6.241610311601492,-7.2048985928707445,True
2022-06-27,BTCUSDT,21038.08,21539.85,20510.0,20742.56,64475.0013,288,288,0.0008549919164342,-0.0141460254601223,True,0.029240244808042,2.9240244808042046,-7.064418543535131,-7.2048985928707445,-6.7182418146232,-6.190306936192056,-7.064418543535131,True
2022-06-28,BTCUSDT,20742.57,21212.1,20202.01,20281.29,63801.0832,288,288,0.0006808210203589,-0.0224888419964653,True,0.026092547218678,2.6092547218678046,-7.292211105213931,-7.064418543535131,-6.921998997770919,-6.143476536339812,-7.292211105213931,True
2022-06-29,BTCUSDT,20281.28,20432.31,19854.92,20123.01,77309.04379,288,288,0.0008863127719624,-0.0078348497395384,True,0.0297710055584698,2.977100555846986,-7.02844065389568,-7.292211105213931,-7.098521517465315,-6.145837031861962,-7.02844065389568,True
2022-06-30,BTCUSDT,20123.0,20179.08,18626.0,19942.21,93846.64806,288,288,0.0024491111637012,-0.0090253455381863,True,0.0494884952660843,4.948849526608438,-6.012030110575873,-7.02844065389568,-7.171420222502474,-6.210870818204586,-6.012030110575873,True
2022-07-01,BTCUSDT,19942.21,20918.35,18975.0,19279.8,111844.59494,288,288,0.0037062681098325,-0.0337806752051056,True,0.0608791270455859,6.08791270455859,-5.597729808934729,-6.012030110575873,-6.920399801218272,-6.19024160227008,-5.597729808934729,True
2022-07-02,BTCUSDT,19279.8,19467.39,18977.01,19252.81,46180.3021,288,288,0.0004797224817494,-0.0014008915780153,True,0.0219025679259171,2.1902567925917182,-7.642302784285111,-5.597729808934729,-6.5989660444310685,-6.104481494725051,-7.642302784285111,True
2022-07-03,BTCUSDT,19252.82,19647.63,18781.0,19315.83,51087.46631,288,288,0.0011756198155459,0.0032679428719758,True,0.0342873127489734,3.4287312748973453,-6.745959767874344,-7.642302784285111,-6.714542892581065,-6.152615808067355,-6.745959767874344,True
2022-07-04,BTCUSDT,19315.83,20354.01,19055.31,20236.71,74814.04601,288,288,0.0009510255578571,0.0465733148209934,True,0.0308387022725844,3.0838702272584437,-6.957969621061706,-6.745959767874344,-6.605292625113148,-6.135232592635005,-6.957969621061706,True
2022-07-05,BTCUSDT,20236.71,20750.0,19304.4,20175.83,96041.13756,288,288,0.0014581929876842,-0.0030129284649949,True,0.0381862931911995,3.818629319119957,-6.530557289488296,-6.957969621061706,-6.591198418546353,-6.168947960879683,-6.530557289488296,True
2022-07-06,BTCUSDT,20175.84,20675.22,19761.25,20564.51,82439.5808,288,288,0.0014536801541426,0.0190814211736058,True,0.0381271576981895,3.8127157698189538,-6.533656900587349,-6.530557289488296,-6.694903854328837,-6.244936207346799,-6.533656900587349,True
2022-07-07,BTCUSDT,20564.51,21838.1,20251.68,21624.98,85014.58261,288,288,0.0009323563770078,0.0502823534538488,True,0.0305345112456029,3.0534511245603,-6.977795437603078,-6.533656900587349,-6.882089272659361,-6.322690775757478,-6.977795437603078,True
2022-07-08,BTCUSDT,21624.99,22527.37,21189.26,21594.75,403081.57349,288,288,0.0026814609903084,-0.0013988983702497,True,0.0517828252445578,5.1782825244557875,-5.921393487359811,-6.977795437603078,-6.749187803322954,-6.431467525122884,-5.921393487359811,True
2022-07-09,BTCUSDT,21594.75,21980.0,21322.12,21591.83,178417.84468,288,288,0.0008087846282109,-0.0001352271934682,True,0.0284391390202123,2.8439139020212383,-7.119977896112584,-5.921393487359811,-6.584274547220048,-6.441937479071959,-7.119977896112584,True
2022-07-10,BTCUSDT,21592.15,21607.65,20655.0,20862.47,192188.21556,288,288,0.0007708188649391,-0.0343631513982048,True,0.0277636248522987,2.7763624852298703,-7.1680571472306935,-7.119977896112584,-6.616676202230224,-6.485438215176843,-7.1680571472306935,True
2022-07-11,BTCUSDT,20861.11,20868.48,19875.23,19963.61,137535.40724,288,288,0.0007934078257772,-0.0440407347468471,True,0.0281674959088881,2.816749590888812,-7.139173186336521,-7.1680571472306935,-6.744176173778703,-6.588801303459402,-7.139173186336521,True
2022-07-12,BTCUSDT,19963.61,20059.42,19240.0,19328.75,139506.45862,288,288,0.0008644491463972,-0.0323174914457513,True,0.0294015160561016,2.9401516056101693,-7.0534180788658825,-7.139173186336521,-6.8652794309285365,-6.6865456441374675,-7.0534180788658825,True
2022-07-13,BTCUSDT,19331.28,20366.61,18910.94,20234.87,209250.24888,288,288,0.003198656358124,0.045813728987705,True,0.0565566650194659,5.655666501946593,-5.745024445440393,-7.0534180788658825,-6.8804039591810975,-6.747904913753718,-5.745024445440393,True
2022-07-14,BTCUSDT,20234.87,20900.0,19616.07,20588.84,174809.21696,288,288,0.0012602511487725,0.0173418276292753,True,0.035500016179892,3.550001617989208,-6.676444253458604,-5.745024445440393,-6.845130150797215,-6.732787515341687,-6.676444253458604,True
2022-07-15,BTCUSDT,20588.84,21200.0,20382.29,20830.04,143343.3049,288,288,0.0010898695188319,0.011646994153803,True,0.0330131718989847,3.30131718989847,-6.821697297400268,-6.676444253458604,-6.756423422266418,-6.761460771053598,-6.821697297400268,True
2022-07-16,BTCUSDT,20830.04,21588.94,20478.61,21195.6,121011.67393,288,288,0.0009469573086393,0.017397437388975,True,0.0307726714576313,3.077267145763136,-6.962256546428677,-6.821697297400268,-6.687151452300334,-6.780192534265342,-6.962256546428677,True
2022-07-17,BTCUSDT,21195.6,21684.54,20750.01,20798.16,118229.4525,288,288,0.0009223046476771,-0.0189290917114028,True,0.0303694690055179,3.0369469005517944,-6.988634968510425,-6.962256546428677,-6.651768124318766,-6.793752053252558,-6.988634968510425,True
2022-07-18,BTCUSDT,20799.58,22777.63,20762.45,22432.58,239942.73132,288,288,0.0024612953669409,0.0756498451821788,True,0.0496114439110669,4.961144391106695,-6.007067495701018,-6.988634968510425,-6.638811502247674,-6.781093087412265,-6.007067495701018,True
2022-07-19,BTCUSDT,22432.58,23800.0,21579.54,23396.62,263770.76574,288,288,0.0030112465520879,0.042077201048071,True,0.0548748262146487,5.487482621464876,-5.8054011490460935,-6.007067495701018,-6.691220112299798,-6.726646219359096,-5.8054011490460935,True
2022-07-20,BTCUSDT,23398.48,24276.74,22906.19,23223.3,238762.17094,288,288,0.0024527589570362,-0.007435482451241,True,0.0495253365161337,4.952533651613372,-6.010541783093297,-5.8054011490460935,-6.517011491417295,-6.66941815597323,-6.010541783093297,True
2022-07-21,BTCUSDT,23223.3,23442.77,22341.46,23152.19,184817.68191,288,288,0.0015756631749588,-0.0030667085449955,True,0.0396946240057626,3.969462400576265,-6.453079031860981,-6.010541783093297,-6.354780388555902,-6.611160459513202,-6.453079031860981,True
2022-07-22,BTCUSDT,23152.19,23756.49,22500.0,22684.83,171598.43966,288,288,0.00132695141688,-0.020392957340747,True,0.036427344356679,3.6427344356679097,-6.624871135545681,-6.453079031860981,-6.252944885642363,-6.585007658511623,-6.624871135545681,True
2022-07-23,BTCUSDT,22684.83,23000.77,21934.57,22451.07,122137.77375,288,288,0.0008760888461208,-0.0103581446266969,True,0.029598798051962,2.9598798051962065,-7.040043049658469,-6.624871135545681,-6.180192119049414,-6.612864068737525,-7.040043049658469,True
2022-07-24,BTCUSDT,22448.58,23014.64,22257.15,22579.68,115189.67277,288,288,0.0010227062245677,0.0057121122651904,True,0.031979778369585,3.197977836958503,-6.885303003764552,-7.040043049658469,-6.3867872298409045,-6.678423761497695,-6.885303003764552,True
2022-07-25,BTCUSDT,22577.13,22666.0,21250.0,21310.9,180344.76643,288,288,0.0012598747772131,-0.0578317078758042,True,0.0354947147785858,3.5494714778585887,-6.676742946121791,-6.885303003764552,-6.6027676007845955,-6.644014680564942,-6.676742946121791,True
2022-07-26,BTCUSDT,21310.9,21347.82,20706.5,21254.67,177817.24326,288,288,0.0007018868729909,-0.0026420429802298,True,0.0264931476610647,2.6493147661064707,-7.2617383165100655,-6.676742946121791,-6.736007833390294,-6.640868461394371,-7.2617383165100655,True
2022-07-27,BTCUSDT,21254.67,23112.63,21042.53,22952.45,210971.19796,288,288,0.0014000099458263,0.0768480486898252,True,0.0374167067741983,3.7416706774198354,-6.571275938224516,-7.2617383165100655,-6.897739690320111,-6.654676129369298,-6.571275938224516,True
2022-07-28,BTCUSDT,22954.31,24199.72,22582.13,23842.93,236029.0741,288,288,0.0017636825581254,0.0380630527083898,True,0.0419962207600335,4.199622076003356,-6.340351293302734,-6.571275938224516,-6.887020650855878,-6.656526977039125,-6.340351293302734,True
2022-07-29,BTCUSDT,23845.25,24442.66,23414.03,23773.75,198298.50623,288,288,0.0014638962520251,-0.0029057065160631,True,0.0382608971670178,3.8260897167017847,-6.526653732057212,-6.340351293302734,-6.747082299584731,-6.647740358526187,-6.526653732057212,True
2022-07-30,BTCUSDT,23777.28,24668.0,23502.25,23643.51,151060.13211,288,288,0.0010950856116568,-0.0054933721401188,True,0.0330920777778733,3.309207777787335,-6.816922734608434,-6.526653732057212,-6.675352445243263,-6.627233917365012,-6.816922734608434,True
2022-07-31,BTCUSDT,23644.64,24194.82,23227.31,23293.32,127743.32483,288,288,0.0011051366945629,-0.0149220344858802,True,0.0332435962940671,3.324359629406718,-6.807786246176526,-6.816922734608434,-6.703388402940592,-6.667939792239949,-6.807786246176526,True
2022-08-01,BTCUSDT,23296.36,23509.68,22850.0,23268.01,144210.16219,288,288,0.0006928859678956,-0.0010871683645165,True,0.0263227272123481,2.6322727212348145,-7.274645120805157,-6.807786246176526,-6.612597988873884,-6.653749262697402,-7.274645120805157,True
2022-08-02,BTCUSDT,23266.9,23459.89,22654.37,22987.79,158073.28225,288,288,0.0013288166605488,-0.0121162504204256,True,0.0364529376120622,3.6452937612062217,-6.623466461702851,-7.274645120805157,-6.753271825390013,-6.6585941705871505,-6.623466461702851,True
2022-08-03,BTCUSDT,22985.93,23647.68,22681.22,22818.37,145948.80995,288,288,0.0006287488088549,-0.0073972920914353,True,0.0250748640844767,2.507486408447675,-7.371778731017487,-6.623466461702851,-6.809894859070036,-6.6351529558310745,-7.371778731017487,True
2022-08-04,BTCUSDT,22816.91,23223.32,22400.0,22622.98,154854.67016,288,288,0.0007854726059022,-0.00859970947918,True,0.0280262841972005,2.8026284197200515,-7.149224975603406,-7.371778731017487,-6.97891985886209,-6.649623894565238,-7.149224975603406,True
2022-08-05,BTCUSDT,22622.41,23472.86,22586.95,23312.42,175251.69749,288,288,0.0007886783199595,0.0300200619305781,True,0.0280834171702721,2.8083417170272114,-7.1451520262613295,-7.149224975603406,-7.045380307061086,-6.71345119139083,-7.1451520262613295,True
2022-08-06,BTCUSDT,23313.56,23354.36,22909.52,22954.21,83911.80307,288,288,0.0002751875623125,-0.0154849038138839,True,0.0165887782043338,1.658877820433386,-8.198057648011806,-7.1451520262613295,-7.1128534630780464,-6.7347560901545895,-8.198057648011806,True
2022-08-07,BTCUSDT,22954.21,23402.0,22844.62,23174.39,88890.00877,288,288,0.0002447001701178,0.0095464276895315,True,0.0156428951961549,1.564289519615495,-8.315476892306245,-8.198057648011806,-7.297535968519375,-6.797317924273296,-8.315476892306245,True
2022-08-08,BTCUSDT,23174.39,24245.0,23154.25,23810.0,170958.44152,288,288,0.0006110425588061,0.0270578708603671,True,0.0247192750461289,2.471927504612899,-7.400343946871295,-8.315476892306245,-7.635938054640055,-6.858827939995003,-7.400343946871295,True
2022-08-09,BTCUSDT,23810.98,23933.25,22865.0,23149.95,143182.50858,288,288,0.0004269357530705,-0.0281130397960757,True,0.020662423697875,2.066242369787501,-7.7588770172492785,-7.400343946871295,-7.641651097810817,-6.877541984465952,-7.7588770172492785,True
2022-08-10,BTCUSDT,23151.32,24226.0,22664.69,23954.05,208916.54953,288,288,0.001209677173915,0.0341447911544969,True,0.034780413653593,3.478041365359307,-6.717401753387872,-7.7588770172492785,-7.763581506139991,-6.957169689990874,-6.717401753387872,True
2022-08-11,BTCUSDT,23954.05,24918.54,23852.13,23934.39,249759.79557,288,288,0.0009122644650952,-0.0008210750278978,True,0.0302037160808945,3.020371608089455,-6.99958062627006,-6.717401753387872,-7.6780314515653005,-6.998624262915499,-6.99958062627006,True
2022-08-12,BTCUSDT,23933.09,24456.5,23583.0,24403.68,174207.5704,288,288,0.0004858160635503,0.0194176037698507,True,0.0220412355268554,2.2041235526855414,-7.629680475762761,-6.99958062627006,-7.43833604721695,-7.043580573968989,-7.629680475762761,True
2022-08-13,BTCUSDT,24401.7,24888.0,24291.22,24441.38,152852.25435,288,288,0.0004908413113328,0.001543656921957,True,0.0221549387571454,2.2154938757145453,-7.61938967725001,-7.629680475762761,-7.301176763908254,-7.097062457782706,-7.61938967725001,True
2022-08-14,BTCUSDT,24443.06,25047.56,24144.0,24305.24,151206.14473,288,288,0.0004078003878006,-0.0055856325610185,True,0.0201940681340005,2.0194068134000527,-7.804732748866549,-7.61938967725001,-7.344985909983997,-7.142267846041992,-7.804732748866549,True
2022-08-15,BTCUSDT,24305.25,25211.32,23773.22,24094.82,242539.54758,288,288,0.0009835879220335,-0.00869508532524,True,0.0313622053120234,3.136220531202349,-6.924303527045432,-7.804732748866549,-7.35415705630745,-7.1770264687332705,-6.924303527045432,True
2022-08-16,BTCUSDT,24093.04,24247.49,23671.22,23854.74,179324.94821,288,288,0.0005602473657187,-0.0100139399087294,True,0.0236695451100925,2.3669545110092516,-7.487132147268946,-6.924303527045432,-7.395537411038963,-7.178799219791492,-7.487132147268946,True
2022-08-17,BTCUSDT,23856.15,24446.71,23180.4,23342.66,210668.68766,288,288,0.0007150665210274,-0.0217003519236225,True,0.0267407277580001,2.6740727758000125,-7.243134983195926,-7.487132147268946,-7.49304771523874,-7.215635092570907,-7.243134983195926,True
2022-08-18,BTCUSDT,23342.66,23600.0,23111.04,23191.2,144185.97011,288,288,0.0003275635595163,-0.0065096914314192,True,0.0180987170682445,1.8098717068244512,-8.023828446860126,-7.243134983195926,-7.415738616725372,-7.214789486511173,-8.023828446860126,True
2022-08-19,BTCUSDT,23191.45,23208.67,20783.57,20834.39,283995.87747,288,288,0.0021620604700251,-0.1071679095830393,True,0.0464979619986207,4.649796199862079,-6.136693590671939,-8.023828446860126,-7.496626370647396,-7.280814600540065,-6.136693590671939,True
2022-08-20,BTCUSDT,20834.39,21382.85,20761.9,21140.07,183041.68363,288,288,0.0006954224546698,0.014565304906857,True,0.026370863745236,2.637086374523603,-7.2709910486187646,-6.136693590671939,-7.1630185390084735,-7.271557432238666,-7.2709910486187646,True
2022-08-21,BTCUSDT,21140.07,21800.0,21069.11,21515.61,159200.6841,288,288,0.0006646877091256,0.0176084265060977,True,0.0257815381450682,2.5781538145068237,-7.316193237947332,-7.2709910486187646,-7.232356043323141,-7.305390946627827,-7.316193237947332,True
2022-08-22,BTCUSDT,21516.7,21548.71,20890.18,21399.83,222222.04526,288,288,0.0006851107813017,-0.0053957401299649,True,0.0261746209390261,2.6174620939026165,-7.285930008250022,-7.316193237947332,-7.198168261458818,-7.328085060415959,-7.285930008250022,True
2022-08-23,BTCUSDT,21400.75,21684.87,20890.14,21529.12,200967.77164,288,288,0.0007104466084511,0.0060234592697334,True,0.0266542043297326,2.665420432973266,-7.249616759695371,-7.285930008250022,-7.2067272664696365,-7.349818867782937,-7.249616759695371,True
2022-08-24,BTCUSDT,21529.11,21900.0,21145.0,21368.08,174383.22046,288,288,0.0005867683109205,-0.0075082176239665,True,0.0242233009914129,2.422330099141294,-7.440880516356638,-7.249616759695371,-7.051884929036686,-7.348681215005218,-7.440880516356638,True
2022-08-25,BTCUSDT,21368.05,21819.88,21310.15,21559.04,169915.78301,288,288,0.0003623540360803,0.0088969984309868,True,0.0190355991783918,1.9035599178391889,-7.922888823847312,-7.440880516356638,-7.312722314173625,-7.385836399307663,-7.922888823847312,True
2022-08-26,BTCUSDT,21559.04,21886.77,20107.9,20241.05,273811.61955,288,288,0.0016995015399149,-0.0630824976037444,True,0.0412250110966016,4.122501109660166,-6.37742028272972,-7.922888823847312,-7.443101869219335,-7.410886858072655,-6.37742028272972,True
2022-08-27,BTCUSDT,20239.14,20402.93,19800.0,20037.6,162582.46032,288,288,0.0004793280024523,-0.0101022119782676,True,0.0218935607531616,2.189356075316165,-7.643125429861845,-6.37742028272972,-7.2553472781758135,-7.375804826578396,-7.643125429861845,True
2022-08-28,BTCUSDT,20037.6,20171.18,19520.0,19555.61,139307.95976,288,288,0.000334994902129,-0.0243483067767984,True,0.0183028659539702,1.830286595397028,-8.001395243780369,-7.643125429861845,-7.3267863624981775,-7.398439981287512,-8.001395243780369,True
2022-08-29,BTCUSDT,19555.61,20433.62,19550.79,20285.73,210509.49545,288,288,0.0005967933153637,0.0366554814045706,True,0.024429353560088,2.4429353560088063,-7.423939709935542,-8.001395243780369,-7.477142059315176,-7.389500781095173,-7.423939709935542,True
2022-08-30,BTCUSDT,20287.2,20576.25,19540.0,19811.66,256634.35529,288,288,0.000821426274206,-0.0236470299311742,True,0.0286605351346764,2.8660535134676457,-7.104468369850885,-7.423939709935542,-7.473753898030958,-7.348976363714686,-7.104468369850885,True
2022-08-31,BTCUSDT,19813.03,20490.0,19797.94,20050.02,276946.60765,288,288,0.0009056320125928,0.0119594979959542,True,0.0300937204843938,3.0093720484393827,-7.006877501545615,-7.104468369850885,-7.310069807231673,-7.3355274738501235,-7.006877501545615,True
2022-09-01,BTCUSDT,20048.44,20208.37,19565.66,20131.46,245289.97263,288,288,0.0006936381318983,0.0040536143276486,True,0.026337010686453,2.633701068645301,-7.273560157223787,-7.006877501545615,-7.4359612509948505,-7.301345677681774,-7.273560157223787,True
2022-09-02,BTCUSDT,20132.64,20441.26,19755.29,19951.86,245986.6033,288,288,0.0006894711039248,-0.0089613935133185,True,0.0262577817784535,2.625778177845351,-7.2795857703476194,-7.273560157223787,-7.3620481964672395,-7.326625605128862,-7.2795857703476194,True
2022-09-03,BTCUSDT,19950.98,20055.93,19652.72,19831.9,146639.03204,288,288,0.0002136675538362,-0.0060306197082575,True,0.0146173716459649,1.4617371645964945,-8.451089237600833,-7.2795857703476194,-7.21768630178069,-7.339353111677841,-8.451089237600833,True
2022-09-04,BTCUSDT,19832.45,20029.23,19583.1,20000.3,145588.77893,288,288,0.0002329462889534,0.0084555210771035,True,0.0152625780572432,1.5262578057243277,-8.364702650485585,-8.451089237600833,-7.423116207313749,-7.376689873579573,-8.364702650485585,True
2022-09-05,BTCUSDT,20000.3,20057.27,19633.83,19796.84,222543.01057,288,288,0.0002694294266224,-0.0102249444373884,True,0.0164143055479802,1.641430554798029,-8.219204069728995,-8.364702650485585,-7.675163063440688,-7.410567735999371,-8.219204069728995,True
2022-09-06,BTCUSDT,19795.34,20180.0,18649.51,18790.61,356315.05718,288,288,0.0010217337780667,-0.0521650520290398,True,0.0319645706692075,3.1964570669207535,-6.886254312262805,-8.219204069728995,-7.917628377077364,-7.429407341493118,-6.886254312262805,True
2022-09-07,BTCUSDT,18790.61,19464.06,18510.77,19292.84,287394.7788,288,288,0.0006833078313427,0.0263767656480613,True,0.0261401574467861,2.6140157446786145,-7.288565095182631,-6.886254312262805,-7.840167208085168,-7.4276778317302705,-7.288565095182631,True
2022-09-08,BTCUSDT,19292.85,19458.25,19012.0,19319.77,262813.28273,288,288,0.0006028300340565,0.0013948813284807,True,0.0245525972975675,2.4552597297567527,-7.413875268205443,-7.288565095182631,-7.84196307305217,-7.418652056635438,-7.413875268205443,True
2022-09-09,BTCUSDT,19320.54,21597.22,19291.75,21360.11,428919.74652,288,288,0.0012508312297111,0.1003962399398636,True,0.0353670924690043,3.5367092469004366,-6.683946964902783,-7.413875268205443,-7.634520279173091,-7.426412978681327,-6.683946964902783,True
2022-09-10,BTCUSDT,21361.62,21810.8,21111.13,21648.34,307997.33504,288,288,0.0007004705212155,0.0134036132525043,True,0.0264664036320672,2.6466403632067292,-7.263758275563069,-6.683946964902783,-7.298369142056532,-7.365509274955993,-7.263758275563069,True
2022-09-11,BTCUSDT,21647.21,21860.0,21350.0,21826.87,280702.55149,288,288,0.0006080892788464,0.0082130024690829,True,0.0246594663130903,2.465946631309037,-7.40518884657018,-7.263758275563069,-7.107279983223347,-7.416739487905589,-7.40518884657018,True
2022-09-12,BTCUSDT,21826.87,22488.0,21538.51,22395.74,395395.61828,288,288,0.0011198363599712,0.0257289825902718,True,0.0334639561315043,3.3463956131504324,-6.794572711518398,-7.40518884657018,-7.211066890084821,-7.422839387812471,-6.794572711518398,True
2022-09-13,BTCUSDT,22395.44,22799.0,19860.0,20173.57,431915.03333,288,288,0.0026928340917028,-0.1044974303611422,True,0.0518925244298524,5.189252442985247,-5.917161074290434,-6.794572711518398,-7.112268413351975,-7.399129363883884,-5.917161074290434,True
2022-09-14,BTCUSDT,20173.62,20541.48,19617.62,20226.71,340826.40151,288,288,0.0010048279733028,0.0026306763540299,True,0.0316990216458303,3.1699021645830383,-6.902938922965483,-5.917161074290434,-6.812925574568974,-7.336912594158448,-6.902938922965483,True
2022-09-15,BTCUSDT,20227.17,20330.24,19497.0,19701.88,333069.76076,288,288,0.0010355328035906,-0.0262899455334838,True,0.0321796955173701,3.2179695517370184,-6.8728391986438275,-6.902938922965483,-6.856723966181514,-7.321154510670726,-6.8728391986438275,True
2022-09-16,BTCUSDT,19701.88,19890.0,19320.01,19803.3,283791.07064,288,288,0.0005740926334835,0.0051345278170787,True,0.0239602302468806,2.396023024688063,-7.462719792290007,-6.8728391986438275,-6.778540150797665,-7.295334450774689,-7.462719792290007,True
2022-09-17,BTCUSDT,19803.3,20189.0,19748.08,20113.62,179350.24338,288,288,0.0003589627728059,0.0155486070502048,True,0.0189463129079503,1.8946312907950316,-7.932291871772391,-7.462719792290007,-6.79004633994163,-7.274417676612993,-7.932291871772391,True
2022-09-18,BTCUSDT,20112.61,20117.26,19335.62,19416.18,254217.46904,288,288,0.0006453441805668,-0.0352904584441138,True,0.0254036253429875,2.5403625342987497,-7.345726770207581,-7.932291871772391,-7.0175901719924285,-7.345093657933116,-7.345726770207581,True
2022-09-19,BTCUSDT,19417.45,19686.2,18232.56,19537.02,380512.40306,288,288,0.0021573519046749,0.0062043882216964,True,0.0464473024477739,4.644730244777397,-6.138873779460049,-7.345726770207581,-7.303303311175858,-7.331575537039739,-6.138873779460049,True
2022-09-20,BTCUSDT,19537.02,19634.62,18711.87,18875.0,324098.3286,288,288,0.0011824337180353,-0.0344728321725084,True,0.0343865339636805,3.438653396368058,-6.7401804915706185,-6.138873779460049,-7.150490282474772,-7.246915470479724,-6.7401804915706185,True
2022-09-21,BTCUSDT,18874.31,19956.0,18125.98,18461.36,385034.10021,288,288,0.004496981188221,-0.0221583959680249,True,0.067059534655566,6.705953465556604,-5.404348954386439,-6.7401804915706185,-7.123958541060129,-7.215835506008592,-5.404348954386439,True
2022-09-22,BTCUSDT,18461.36,19550.17,18356.39,19401.63,379321.72111,288,288,0.0012590947276318,0.0496771839912394,True,0.035483724827474,3.548372482747407,-6.6773622863756,-5.404348954386439,-6.712284373479416,-7.138557350760208,-6.6773622863756,True
2022-09-23,BTCUSDT,19401.63,19500.0,18531.42,19289.91,385886.91829,288,288,0.0010849267314981,-0.00577492188141,True,0.0329382259919715,3.293822599197158,-6.82624282284305,-6.6773622863756,-6.461298456400057,-7.123579386434298,-6.82624282284305,True
2022-09-24,BTCUSDT,19288.57,19316.14,18805.34,18920.5,239496.56746,288,288,0.000612843782473,-0.0193361709410397,True,0.0247556818220188,2.475568182201883,-7.3974004954957575,-6.82624282284305,-6.357401666927151,-7.103246780326083,-7.3974004954957575,True
2022-09-25,BTCUSDT,18921.99,19180.21,18629.2,18807.38,191191.4492,288,288,0.0004454587094271,-0.0059966443373076,True,0.0211058927654614,2.11058927654614,-7.7164059990141265,-7.3974004954957575,-6.609107010134292,-7.108601995105544,-7.7164059990141265,True
2022-09-26,BTCUSDT,18809.13,19318.96,18680.72,19227.82,439239.21943,288,288,0.0008200624375305,0.0221088426413136,True,0.0286367323123735,2.8636732312373576,-7.1061300772748535,-7.7164059990141265,-6.804352111622994,-7.075207302442511,-7.1061300772748535,True
2022-09-27,BTCUSDT,19226.68,20385.86,18816.32,19079.13,593260.74161,288,288,0.0017474559312571,-0.0077631211435962,True,0.0418025828299779,4.180258282997792,-6.3495943023390415,-7.1061300772748535,-7.144708336200678,-7.01799945820566,-6.3495943023390415,True
2022-09-28,BTCUSDT,19078.1,19790.0,18471.28,19412.82,521385.45547,288,288,0.0016735673155286,0.0173386050667577,True,0.0409092570884468,4.090925708844682,-6.392797813724741,-6.3495943023390415,-7.079154739393365,-6.933017196051571,-6.392797813724741,True
2022-09-29,BTCUSDT,19412.82,19645.52,18843.01,19591.51,406424.93256,288,288,0.001418507378784,0.0091626365658341,True,0.0376630771284558,3.766307712845584,-6.558150101907255,-6.392797813724741,-6.992465737569704,-6.910587355208932,-6.558150101907255,True
2022-09-30,BTCUSDT,19590.54,20185.0,19155.36,19422.61,444322.9534,288,288,0.0012999475286733,-0.0086584577678956,True,0.0360547851009171,3.6054785100917144,-6.645431377888236,-6.558150101907255,-6.824615658852004,-6.8773866736964155,-6.645431377888236,True
2022-10-01,BTCUSDT,19422.61,19484.0,19159.42,19310.95,165625.13959,288,288,0.0001887425306861,-0.0057655588235913,True,0.0137383598251801,1.373835982518017,-8.575126743142127,-6.645431377888236,-6.610420734626826,-6.842457405954724,-8.575126743142127,True
2022-10-02,BTCUSDT,19312.24,19395.91,18920.35,19056.8,206812.47032,288,288,0.0003394919491065,-0.0132482992774986,True,0.0184253073001936,1.8425307300193632,-7.988060325218721,-8.575126743142127,-6.90422006780028,-6.928420123147421,-7.988060325218721,True
2022-10-03,BTCUSDT,19057.74,19719.1,18959.68,19629.08,293585.75212,288,288,0.0004757114482621,0.0295881468899602,True,0.0218108103531754,2.1810810353175425,-7.650699088677091,-7.988060325218721,-7.231913272376215,-6.961342943586316,-7.650699088677091,True
2022-10-04,BTCUSDT,19629.08,20475.0,19490.6,20337.82,327012.00127,288,288,0.0005735422910992,0.035470066752178,True,0.0239487429962262,2.39487429962263,-7.463678882005207,-7.650699088677091,-7.483493527366686,-6.97250250004572,-7.463678882005207,True
2022-10-05,BTCUSDT,20337.82,20365.6,19730.0,20158.26,312239.75224,288,288,0.0006318053445976,-0.0088680769475321,True,0.0251357383937218,2.5135738393721896,-7.366929210313297,-7.463678882005207,-7.664599283386276,-7.002916416886029,-7.366929210313297,True
2022-10-06,BTCUSDT,20158.26,20456.6,19853.0,19960.67,320122.1702,288,288,0.0006550515349354,-0.0098502925002551,True,0.0255939745826122,2.559397458261226,-7.330796646133388,-7.366929210313297,-7.808898849871289,-7.068814968523432,-7.330796646133388,True
2022-10-07,BTCUSDT,19960.67,20068.82,19320.0,19530.09,220874.83913,288,288,0.0004492781090838,-0.0218074842813232,True,0.0211961814741208,2.119618147412085,-7.707868465345771,-7.330796646133388,-7.560032830469541,-7.088263046849246,-7.707868465345771,True
2022-10-08,BTCUSDT,19530.09,19627.38,19237.14,19417.96,102480.09842,288,288,0.0001320001075516,-0.005757942171449,True,0.0114891299736613,1.1489129973661334,-8.932707820593388,-7.707868465345771,-7.503994458494951,-7.126218922608425,-8.932707820593388,True
2022-10-09,BTCUSDT,19416.52,19558.0,19316.04,19439.02,113900.82681,288,288,0.0001796831501615,0.0010839752375054,True,0.0134045943676613,1.3404594367661362,-8.624315535062488,-8.932707820593388,-7.7603962048782105,-7.193036560258579,-8.624315535062488,True
2022-10-10,BTCUSDT,19439.96,19525.0,19020.25,19131.87,212509.09849,288,288,0.000364192838061,-0.0159268553425906,True,0.0190838370895653,1.9083837089565336,-7.917827055715852,-8.624315535062488,-7.992523535489665,-7.224492181317218,-7.917827055715852,True
2022-10-11,BTCUSDT,19131.87,19268.09,18860.0,19060.0,243473.84286,288,288,0.0003516805428612,-0.0037636326703085,True,0.0187531475454445,1.875314754544456,-7.952787343127597,-7.917827055715852,-8.102703104570178,-7.250496739749414,-7.952787343127597,True
2022-10-12,BTCUSDT,19060.0,19238.31,18965.88,19155.53,213826.26731,288,288,0.0001940014520334,0.0049995485596989,True,0.0139284404020508,1.392844040205082,-8.547644914220708,-7.952787343127597,-8.22710124396902,-7.332947356279757,-8.547644914220708,True
2022-10-13,BTCUSDT,19155.1,19513.79,18190.0,19375.13,399756.68337,288,288,0.0014611629668391,0.0113988381085662,True,0.0382251614364038,3.82251614364038,-6.5285226077120475,-8.547644914220708,-8.395056533744006,-7.415104830036579,-6.5285226077120475,True
2022-10-14,BTCUSDT,19375.58,19951.87,19070.37,19176.93,351634.32601,288,288,0.0007586048324725,-0.0102822908155798,True,0.0275427818579119,2.7542781857911907,-7.184029558478645,-6.5285226077120475,-7.914219491167738,-7.466203632460469,-7.184029558478645,True
2022-10-15,BTCUSDT,19176.93,19227.68,18975.18,19069.39,113847.64232,288,288,0.0001128952363677,-0.0056235623928096,True,0.0106252170033239,1.0625217003323977,-9.08905028107615,-7.184029558478645,-7.62616229585097,-7.489233963010609,-9.08905028107615,True
2022-10-16,BTCUSDT,19068.4,19425.84,19063.74,19262.98,131894.61885,288,288,0.0002094736501411,0.0101006875336736,True,0.0144732045567357,1.4473204556735737,-8.470912601495234,-9.08905028107615,-7.8604069409230295,-7.5920888474757495,-8.470912601495234,True
2022-10-17,BTCUSDT,19262.98,19676.96,19152.03,19549.86,222813.87634,288,288,0.0003123586358928,0.0147830060608077,True,0.0176736706966286,1.7673670696628625,-8.071358556278836,-8.470912601495234,-7.964031992596557,-7.640884852293907,-8.071358556278836,True
2022-10-18,BTCUSDT,19548.48,19706.66,19091.0,19327.44,260313.07848,288,288,0.000324028597489,-0.0114422774576844,True,0.0180007943571689,1.8000794357168983,-8.034678782212032,-8.071358556278836,-7.868774721008182,-7.657019059442304,-8.034678782212032,True
2022-10-19,BTCUSDT,19327.44,19360.16,19065.97,19123.97,186137.29538,288,288,0.000208348902342,-0.0105833257695769,True,0.014434296045946,1.4434296045946036,-8.476296468446623,-8.034678782212032,-8.170005955908179,-7.699225818757629,-8.476296468446623,True
2022-10-20,BTCUSDT,19123.35,19347.82,18900.0,19041.92,223530.13068,288,288,0.0003027193036135,-0.004299657437843,True,0.0173988305243067,1.7398830524306736,-8.102704572534497,-8.476296468446623,-8.428459337901774,-7.795894099035248,-8.102704572534497,True
2022-10-21,BTCUSDT,19041.92,19250.0,18650.0,19164.37,269310.75769,288,288,0.000386971108876,0.0064099612532097,True,0.0196715812500164,1.9671581250016483,-7.85716052178843,-8.102704572534497,-8.231190196193445,-7.8736171335266,-7.85716052178843,True
2022-10-22,BTCUSDT,19164.37,19257.0,19112.72,19204.35,110403.90837,288,288,3.5114698791938074e-05,0.0020839900038103,True,0.0059257656713658,0.5925765671365859,-10.256890746150635,-7.85716052178843,-8.108439780252084,-7.932663061703016,-10.256890746150635,True
2022-10-23,BTCUSDT,19204.29,19695.0,19070.11,19570.4,167057.20184,288,288,0.0001902687469626,0.01888140477491,True,0.0137937937842597,1.3793793784259778,-8.567073027508885,-10.256890746150635,-8.545546218226443,-8.096820305714944,-8.567073027508885,True
2022-10-24,BTCUSDT,19570.4,19601.15,19157.0,19329.72,256168.14467,288,288,0.0002505798212897,-0.0123744127879871,True,0.0158297132409188,1.5829713240918868,-8.291733040333728,-8.567073027508885,-8.652025067285814,-8.096454227731614,-8.291733040333728,True
2022-10-25,BTCUSDT,19330.6,20415.87,19237.0,20080.07,326370.67061,288,288,0.0008117669201821,0.0380839730139806,True,0.0284915236549769,2.8491523654976976,-7.1162973031183565,-8.291733040333728,-8.615112381663234,-8.110257532964114,-7.1162973031183565,True
2022-10-26,BTCUSDT,20079.02,21020.0,20050.41,20771.59,380492.69576,288,288,0.0010848150087769,0.0338584068050508,True,0.0329365300051011,3.2936530005101146,-6.826345805349424,-7.1162973031183565,-8.417830927780006,-8.085966542711445,-6.826345805349424,True
2022-10-27,BTCUSDT,20771.61,20872.21,20200.0,20295.11,328643.57791,288,288,0.0005299914947306,-0.023206217347908,True,0.0230215441430552,2.302154414305526,-7.542649599224985,-6.826345805349424,-8.211667984492205,-8.05699685740891,-7.542649599224985,True
2022-10-28,BTCUSDT,20295.11,20750.0,20000.09,20591.84,287039.94569,288,288,0.0004046744312947,0.0145149104854415,True,0.0201165213517333,2.0116521351733354,-7.812427687483596,-7.542649599224985,-7.668819755107076,-8.064984147813986,-7.812427687483596,True
2022-10-29,BTCUSDT,20591.84,21085.0,20554.01,20809.67,254881.77755,288,288,0.0003738267560811,0.0105229017032998,True,0.0193345999720995,1.933459997209952,-7.891718086903314,-7.812427687483596,-7.517890687102019,-8.08687646787536,-7.891718086903314,True
2022-10-30,BTCUSDT,20809.68,20931.21,20515.0,20627.48,192795.60886,288,288,0.0002215642660159,-0.00879361510267,True,0.0148850349685839,1.4885034968583928,-8.414797870534924,-7.891718086903314,-7.437887696415935,-8.095233268855248,-8.414797870534924,True
2022-10-31,BTCUSDT,20627.48,20845.92,20237.95,20490.74,303567.61628,288,288,0.0005202214202009,-0.0066510906396386,True,0.0228083629443452,2.280836294434523,-7.56125602894068,-8.414797870534924,-7.697587809899249,-8.071691907488953,-7.56125602894068,True
2022-11-01,BTCUSDT,20490.74,20700.0,20330.74,20483.62,279932.43771,288,288,0.0001814478331664,-0.0003475344128216,True,0.0134702573533878,1.347025735338785,-8.614542366143375,-7.56125602894068,-7.844569854617499,-8.023371020847053,-8.614542366143375,True
2022-11-02,BTCUSDT,20482.81,20800.0,20048.04,20151.84,373716.27299,288,288,0.0005668503560841,-0.0163299430037893,True,0.0238086193653507,2.380861936535074,-7.475415211320393,-8.614542366143375,-8.058948408001177,-8.05503989859376,-7.475415211320393,True
2022-11-03,BTCUSDT,20151.84,20393.32,20031.24,20207.82,319185.1544,288,288,0.0002269154582534,0.0027740588448507,True,0.0150637132956452,1.506371329564529,-8.390933040454135,-7.475415211320393,-7.991545912768537,-8.033341165329794,-8.390933040454135,True
2022-11-04,BTCUSDT,20207.12,21302.05,20180.96,21148.52,453694.39165,288,288,0.000782702120282,0.0455002684794453,True,0.0279768139766143,2.7976813976614343,-7.152758368223971,-8.390933040454135,-8.091388903478702,-8.026217898340406,-7.152758368223971,True
2022-11-05,BTCUSDT,21148.52,21480.65,21080.65,21299.37,245621.98525,288,288,0.0002192253004875,0.0071075681286792,True,0.0148062588281958,1.480625882819585,-8.425410587618988,-7.152758368223971,-7.838981003016511,-8.054592251090948,-8.425410587618988,True
2022-11-06,BTCUSDT,21299.37,21365.27,20886.13,20905.58,230036.97217,288,288,0.0001974795589347,-0.0186613858307947,True,0.0140527420432734,1.405274204327348,-8.529875478044305,-8.425410587618988,-8.011811914752172,-8.111018661506417,-8.529875478044305,True
2022-11-07,BTCUSDT,20905.58,21069.77,20384.89,20591.13,386977.60337,288,288,0.000351565419327,-0.0151557084383836,True,0.0187500778485602,1.8750077848560285,-7.953114749302444,-8.529875478044305,-7.994878537132358,-8.085601625004971,-7.953114749302444,True
2022-11-08,BTCUSDT,20590.67,20700.88,17166.83,18547.23,760705.362783,288,288,0.0073872432153934,-0.1045399487863571,True,0.0859490733829831,8.594907338298315,-4.908000656191651,-7.953114749302444,-8.090418444728767,-8.062065358996207,-4.908000656191651,True
2022-11-09,BTCUSDT,18545.38,18587.76,15588.0,15922.81,731926.929729,288,288,0.0081655652228772,-0.1525677793793298,True,0.0903635171010804,9.036351710108049,-4.807829329863529,-4.908000656191651,-7.393831967876271,-7.918276363537697,-4.807829329863529,True
2022-11-10,BTCUSDT,15922.68,18199.0,15754.26,17601.15,608448.36432,288,288,0.009095717675265,0.1002115684402693,True,0.0953714720200178,9.537147202001789,-4.699951561354982,-4.807829329863529,-6.924846160204183,-7.771601388430949,-4.699951561354982,True
2022-11-11,BTCUSDT,17602.45,17695.0,16361.6,17070.31,393552.86492,288,288,0.0037203079539725,-0.030623543661599,True,0.0609943272278049,6.09943272278049,-5.593948830797491,-4.699951561354982,-6.179754354951382,-7.59994934719951,-5.593948830797491,True
2022-11-12,BTCUSDT,17069.98,17119.1,16631.39,16812.08,167819.96035,288,288,0.0005316380089576,-0.0152430215195967,True,0.0230572767029771,2.3057276702977187,-7.539547734513332,-5.593948830797491,-5.59256902550202,-7.485914995302374,-7.539547734513332,True
2022-11-13,BTCUSDT,16813.16,16954.28,16229.0,16329.85,184960.78846,288,288,0.0008362135395365,-0.029102954245261,True,0.0289173570634753,2.891735706347533,-7.086626547428694,-7.539547734513332,-5.509855622544197,-7.471478050426233,-7.086626547428694,True
2022-11-14,BTCUSDT,16331.78,17190.0,15815.21,16619.46,380210.7775,288,288,0.0034899769595492,0.0175795765326142,True,0.059076026944517,5.907602694451701,-5.657860144637961,-7.086626547428694,-5.945580800791605,-7.327375132302508,-5.657860144637961,True
2022-11-15,BTCUSDT,16617.72,17134.69,16527.72,16900.57,282461.84391,288,288,0.000987418805359,0.0167730512461793,True,0.0314232207986243,3.1423220798624363,-6.9204162869907115,-5.657860144637961,-6.115586963746492,-7.195138183081102,-6.9204162869907115,True
2022-11-16,BTCUSDT,16900.57,17015.92,16378.61,16662.76,261493.40809,288,288,0.0005915026538635,-0.0141710598868456,True,0.0243208275735741,2.4320827573574193,-7.43284438788895,-6.9204162869907115,-6.559679908873639,-7.1328056033836935,-7.43284438788895,True
2022-11-17,BTCUSDT,16661.61,16751.0,16410.74,16692.56,228038.97873,288,288,0.0003897744590757,0.0017868218880006,True,0.0197427064779826,1.9742706477982648,-7.849942296188653,-7.43284438788895,-6.92745902029193,-7.147194107236902,-7.849942296188653,True
2022-11-18,BTCUSDT,16692.56,17011.0,16546.04,16700.45,214224.18184,288,288,0.0003309850717914,0.0004725539953926,True,0.0181929951297583,1.81929951297583,-8.013437283932358,-7.849942296188653,-6.989537932626993,-7.193721220456866,-8.013437283932358,True
2022-11-19,BTCUSDT,16699.43,16822.41,16553.53,16700.68,104963.15558,288,288,0.0001062534956852,1.3771989151847006e-05,True,0.01030793362829,1.0307933628290047,-9.149682850134372,-8.013437283932358,-7.174900079927727,-7.215120660670838,-9.149682850134372,True
2022-11-20,BTCUSDT,16700.68,16753.33,16180.0,16280.23,154842.13478,288,288,0.0003487731877045,-0.0254979489178775,True,0.0186754702137471,1.8675470213747123,-7.961088738997353,-9.149682850134372,-7.873264621027009,-7.275904986245873,-7.961088738997353,True
2022-11-21,BTCUSDT,16279.5,16319.0,15476.0,15781.29,324096.997753,288,288,0.0012470767697678,-0.0311264271128393,True,0.0353139741429342,3.531397414293421,-6.686953050612396,-7.961088738997353,-8.081399111428338,-7.2790581977046935,-6.686953050612396,True
2022-11-22,BTCUSDT,15781.29,16315.0,15616.63,16226.94,239548.06623,288,288,0.0006573213925766,0.0278477628835414,True,0.0256382798287367,2.563827982873673,-7.327337477086217,-6.686953050612396,-7.932220843973026,-7.200519796799124,-7.327337477086217,True
2022-11-23,BTCUSDT,16227.96,16706.0,16160.2,16603.11,264927.70408,288,288,0.0006089472184673,0.0229172032029523,True,0.024676855927516,2.467685592751605,-7.403778963193783,-7.327337477086217,-7.827699880152539,-7.189887135351194,-7.403778963193783,True
2022-11-24,BTCUSDT,16603.11,16812.63,16458.05,16598.95,206565.92346,288,288,0.0003139695156285,-0.0002505868624882,True,0.0177191849594892,1.7719184959489258,-8.066214660754644,-7.403778963193783,-7.705768216004825,-7.134852435217121,-8.066214660754644,True
2022-11-25,BTCUSDT,16599.55,16666.0,16342.81,16522.14,182089.49533,288,288,0.0002167628521667,-0.0046381406950613,True,0.0147228683403312,1.4722868340331252,-8.43670664917476,-8.066214660754644,-7.489074578128879,-7.161706955645951,-8.43670664917476,True
2022-11-26,BTCUSDT,16521.35,16701.99,16385.0,16458.57,181804.81666,288,288,0.0001440159997193,-0.0038549854582054,True,0.0120006666364551,1.2000666636455124,-8.845586155398633,-8.43670664917476,-7.58419816016436,-7.163787574224162,-8.845586155398633,True
2022-11-27,BTCUSDT,16457.61,16600.0,16401.0,16428.78,162025.47607,288,288,0.000125123057575,-0.001811639317103,True,0.0111858418357774,1.1185841835777453,-8.98621284432551,-8.845586155398633,-8.015924781121608,-7.240734291823009,-8.98621284432551,True
2022-11-28,BTCUSDT,16428.77,16487.04,15995.27,16212.91,252695.40367,288,288,0.000438161336513,-0.0132268364279661,True,0.0209323036599676,2.093230365996769,-7.732923367208176,-8.98621284432551,-8.347699854569466,-7.266225303491487,-7.732923367208176,True
2022-11-29,BTCUSDT,16212.18,16548.71,16100.0,16442.53,248106.25009,288,288,0.000235216007943,0.0140634322802128,True,0.0153367535007591,1.533675350075912,-8.355006283273703,-7.732923367208176,-8.413528735372344,-7.23000020754439,-8.355006283273703,True
2022-11-30,BTCUSDT,16442.91,17249.0,16428.3,17163.64,303019.80719,288,288,0.0007957377423364,0.0429219220456448,True,0.0282088238382327,2.8208823838232715,-7.1362408958335,-8.355006283273703,-8.471287059876156,-7.2482680045430845,-7.1362408958335,True
2022-12-01,BTCUSDT,17165.53,17324.0,16855.01,16977.37,232818.18218,288,288,0.0002517395491639,-0.0109119119942643,True,0.0158663023154095,1.58663023154095,-8.287115539982395,-7.1362408958335,-8.211193909207903,-7.3495516517995325,-8.287115539982395,True
2022-12-02,BTCUSDT,16978.0,17105.73,16787.85,17092.74,202372.2062,288,288,0.0002358635406599,0.0067725311702458,True,0.0153578494803143,1.535784948031431,-8.352257137713691,-8.287115539982395,-8.099499786124657,-7.507701024986753,-8.352257137713691,True
2022-12-03,BTCUSDT,17092.13,17188.98,16858.74,16885.2,154542.57306,288,288,8.387576645436584e-05,-0.0122163133533224,True,0.0091583713865711,0.9158371386571188,-9.386173824659148,-8.352257137713691,-7.972708644802293,-7.6737149148212405,-9.386173824659148,True
2022-12-04,BTCUSDT,16885.2,17202.84,16878.25,17105.7,178619.13387,288,288,0.0001740966228488,0.0129742426986612,True,0.0131945679295989,1.3194567929598966,-8.65590010914507,-9.386173824659148,-8.303358736292488,-7.846088778178588,-8.65590010914507,True
2022-12-05,BTCUSDT,17106.65,17424.25,16867.0,16966.35,233703.29225,288,288,0.0002906372274539,-0.0081797706316932,True,0.0170480857416302,1.7048085741630266,-8.143434709548039,-8.65590010914507,-8.363537501466762,-7.896832067934577,-8.143434709548039,True
2022-12-06,BTCUSDT,16966.35,17107.01,16906.37,17088.96,218730.76883,288,288,0.000148411692064,0.0072006703079998,True,0.0121824337496283,1.2182433749628323,-8.815520442841304,-8.143434709548039,-8.564976264209669,-7.944868802576365,-8.815520442841304,True
2022-12-07,BTCUSDT,17088.96,17142.21,16678.83,16836.64,220657.41334,288,288,0.0001881692477256,-0.0148751770092267,True,0.0137174796418907,1.371747964189072,-8.578168746260214,-8.815520442841304,-8.67065724478145,-8.088398816131063,-8.578168746260214,True
2022-12-08,BTCUSDT,16836.64,17299.0,16733.49,17224.1,236417.97804,288,288,0.0002063205602797,0.0227521019316928,True,0.0143638629998948,1.436386299989484,-8.48607948080889,-8.578168746260214,-8.715839566490754,-8.163751200643311,-8.48607948080889,True
2022-12-09,BTCUSDT,17224.1,17360.0,17058.21,17128.56,238422.06465,288,288,0.0001127696038097,-0.0055623201422598,True,0.0106193033580267,1.0619303358026797,-9.090163724985981,-8.48607948080889,-8.535820697720704,-8.211625523048765,-9.090163724985981,True
2022-12-10,BTCUSDT,17128.56,17227.72,17092.0,17127.49,140573.97937,288,288,4.141292967034666e-05,-6.24707168720935e-05,True,0.0064352878467358,0.6435287846735891,-10.091917415013958,-9.090163724985981,-8.622673420888885,-8.267999224357734,-10.091917415013958,True
2022-12-11,BTCUSDT,17127.49,17270.99,17071.0,17085.05,155286.47871,288,288,6.88685885025083e-05,-0.0024809629316508,True,0.0082987100505143,0.8298710050514375,-9.583310383717038,-10.091917415013958,-9.012369961982069,-8.362475593952352,-9.583310383717038,True
2022-12-12,BTCUSDT,17085.05,17241.89,16871.85,17209.83,226227.49694,288,288,0.0001328213962958,0.0072769200900163,True,0.0115248165406595,1.1524816540659593,-8.926505217214599,-9.583310383717038,-9.165927950157215,-8.382185936387927,-8.926505217214599,True
2022-12-13,BTCUSDT,17208.93,18000.0,17080.14,17774.7,284462.9139,288,288,0.000719093785772,0.032295365713004,True,0.026815924108113,2.681592410811304,-7.2375187695674805,-8.926505217214599,-9.235595244348094,-8.426068503579621,-7.2375187695674805,True
2022-12-14,BTCUSDT,17775.82,18387.95,17660.94,17803.15,266681.22209,288,288,0.0006318704251319,0.0015993100237417,True,0.0251370329420948,2.5137032942094844,-7.366826208363087,-7.2375187695674805,-8.98588310209981,-8.451094218077579,-7.366826208363087,True
2022-12-15,BTCUSDT,17804.01,17854.82,17275.51,17356.34,223701.96882,288,288,0.0002681712516108,-0.0254175504220331,True,0.0163759351369894,1.6375935136989452,-8.223884782978297,-7.366826208363087,-8.641215598775233,-8.452889160408345,-8.223884782978297,True
2022-12-16,BTCUSDT,17356.96,17531.73,16527.32,16632.12,253379.04116,288,288,0.0005543988625342,-0.0426220919745557,True,0.0235456760899802,2.3545676089980216,-7.497626161796674,-8.223884782978297,-8.267609072368101,-8.490166697671278,-7.497626161796674,True
2022-12-17,BTCUSDT,16631.5,16796.82,16579.85,16776.52,144825.66684,288,288,0.0001642863336055,0.0086445242442305,True,0.0128174230485516,1.2817423048551688,-8.713899715896789,-7.497626161796674,-7.850472227984028,-8.464321765900461,-8.713899715896789,True
2022-12-18,BTCUSDT,16777.54,16863.26,16663.07,16738.21,112619.31646,288,288,0.0001012907491217,-0.0022861599473243,True,0.0100643305352008,1.006433053520089,-9.19751547248188,-8.713899715896789,-7.807951127720466,-8.476921450751462,-9.19751547248188,True
2022-12-19,BTCUSDT,16739.0,16815.99,16256.3,16438.88,179094.28305,288,288,0.0003140811238802,-0.018044869047169,True,0.0177223340415482,1.7722334041548242,-8.065859249117894,-9.19751547248188,-8.199950468303346,-8.49291823789161,-8.065859249117894,True
2022-12-20,BTCUSDT,16438.88,17061.27,16397.2,16895.56,248808.92324,288,288,0.0003655107738163,0.0274016047314593,True,0.0191183360629629,1.9118336062962935,-7.914214802283295,-8.065859249117894,-8.339757076454308,-8.451083983563992,-7.914214802283295,True
2022-12-21,BTCUSDT,16896.15,16925.0,16723.0,16824.67,156810.96362,288,288,0.0001316648457356,-0.0042046038497856,True,0.0114745303056644,1.147453030566448,-8.935250911683099,-7.914214802283295,-8.277823080315306,-8.459324503340135,-8.935250911683099,True
2022-12-22,BTCUSDT,16824.68,16868.52,16559.85,16821.43,176044.27234999998,288,288,0.0001981714723225,-0.0001925929014068,True,0.0140773389645391,1.4077338964539146,-8.526377880219473,-8.935250911683099,-8.565348030292592,-8.485699259176924,-8.526377880219473,True
2022-12-23,BTCUSDT,16821.9,16955.14,16731.13,16778.5,161612.00947,288,288,0.00010519215825,-0.0025553638570478,True,0.0102563228425212,1.0256322842521253,-9.15972180178882,-8.526377880219473,-8.527843663157128,-8.548887303921742,-9.15972180178882,True
2022-12-24,BTCUSDT,16778.52,16869.99,16776.62,16836.12,100224.29096,288,288,2.6397384928172095e-05,0.0034282735568191,True,0.0051378385463317,0.5137838546331726,-10.542245608469406,-9.15972180178882,-8.520284929018516,-8.58855122491294,-10.542245608469406,True
2022-12-25,BTCUSDT,16835.73,16857.96,16721.0,16832.11,125441.07202,288,288,6.806902228193899e-05,-0.0002382067616237,True,0.0082503952803449,0.8250395280344996,-9.594988334028473,-10.542245608469406,-9.01556220088882,-8.688096155401839,-9.594988334028473,True
2022-12-26,BTCUSDT,16832.11,16944.52,16791.0,16919.39,124564.00656,288,288,3.9949923670653486e-05,0.0051719298136849,True,0.0063205951990816,0.6320595199081609,-10.127883796375755,-9.594988334028473,-9.351716907237854,-8.697587724009535,-10.127883796375755,True
2022-12-27,BTCUSDT,16919.39,16972.83,16592.37,16706.36,173749.58616,288,288,9.970785991933475e-05,-0.0126708162731755,True,0.0099853823121268,0.99853823121268,-9.213266048403403,-10.127883796375755,-9.590243484176387,-8.764496073429111,-9.213266048403403,True
2022-12-28,BTCUSDT,16706.06,16785.19,16465.33,16547.31,193037.56577,288,288,0.0001642536729577,-0.0095659343975294,True,0.0128161489129046,1.2816148912904637,-8.71409853885445,-9.213266048403403,-9.727621117813172,-8.813124770649809,-8.71409853885445,True
2022-12-29,BTCUSDT,16547.32,16664.41,16488.91,16633.47,160998.47158,288,288,6.942206569332707e-05,0.0051933796404479,True,0.0083319905000742,0.8331990500074221,-9.575305791515165,-8.71409853885445,-9.638496465226298,-8.808514684104951,-9.575305791515165,True
2022-12-30,BTCUSDT,16633.47,16677.35,16333.0,16607.48,164916.31174,288,288,0.0001287380333373,-0.0015637342071162,True,0.0113462783914948,1.1346278391494875,-8.957730967693088,-9.575305791515165,-9.445108501835449,-8.853839095252905,-8.957730967693088,True
2022-12-31,BTCUSDT,16607.48,16644.09,16470.0,16542.4,114490.42864,288,288,3.869512524543267e-05,-0.0039264144310664,True,0.0062205405910927,0.622054059109276,-10.159796928512817,-8.957730967693088,-9.317657028568373,-8.875277799202188,-10.159796928512817,True
2023-01-01,BTCUSDT,16541.77,16628.0,16499.01,16616.75,96925.41374,288,288,2.937922340693151e-05,0.0044844409220049,True,0.005420260455636,0.5420260455636012,-10.43522282027955,-10.159796928512817,-9.324039654995785,-8.923897490271587,-10.43522282027955,True
2023-01-02,BTCUSDT,16617.17,16799.23,16548.7,16672.87,121888.57191,288,288,8.998295364275976e-05,0.0033716247385011,True,0.0094859345160484,0.9485934516048472,-9.315890309542542,-10.43522282027955,-9.568431009371015,-8.939502281420024,-9.315890309542542,True
2023-01-03,BTCUSDT,16672.78,16778.4,16605.28,16675.18,159541.53733,288,288,6.720008639541829e-05,0.0001385388353257,True,0.0081975658823469,0.8197565882346923,-9.607836024789892,-9.315890309542542,-9.688789363508633,-8.927346823503003,-9.607836024789892,True
2023-01-04,BTCUSDT,16675.65,16991.87,16652.66,16850.36,220362.18862,288,288,0.0001315263803414,0.0104506352091795,True,0.011468495121047,1.1468495121047086,-8.936303115504927,-9.607836024789892,-9.695295410163578,-8.958316405665515,-8.936303115504927,True
2023-01-05,BTCUSDT,16850.36,16879.82,16753.0,16831.85,163473.56641,288,288,4.947490988534974e-05,-0.0010990966366755,True,0.0070338403369247,0.7033840336924754,-9.914044887895196,-8.936303115504927,-9.691009839725945,-9.035533875935398,-9.914044887895196,True
2023-01-06,BTCUSDT,16831.85,17041.0,16679.0,16950.65,207401.28415,288,288,0.0001280082222659,0.0070332562551548,True,0.0113140718694004,1.1314071869400473,-8.963416059655385,-9.914044887895196,-9.641859431602422,-9.151316543186859,-8.963416059655385,True
2023-01-07,BTCUSDT,16950.31,16981.91,16908.0,16943.57,104526.5688,288,288,1.6484137404849905e-05,-0.0004177703515797,True,0.0040600661823238,0.4060066182323868,-11.01311200887273,-8.963416059655385,-9.347498079477589,-9.184931601217635,-11.01311200887273,True
2023-01-08,BTCUSDT,16943.83,17176.99,16911.0,17127.83,135155.89695,288,288,5.709658960324328e-05,0.0108162151473535,True,0.0075562285303743,0.7556228530374348,-9.770766169824318,-11.01311200887273,-9.686942419343627,-9.344726412448365,-9.770766169824318,True
2023-01-09,BTCUSDT,17127.83,17398.8,17104.66,17178.26,266211.52723,288,288,0.0001547183967517,0.0029400048985376,True,0.0124385849979706,1.2438584997970663,-8.773903888569313,-9.770766169824318,-9.719528448350513,-9.392765796717798,-8.773903888569313,True
2023-01-10,BTCUSDT,17179.04,17499.0,17146.34,17440.66,221382.42581,288,288,0.0001161080987515,0.0151596309333663,True,0.0107753468042349,1.077534680423491,-9.060988915005113,-8.773903888569313,-9.68704860296339,-9.373510724721772,-9.060988915005113,True
2023-01-11,BTCUSDT,17440.64,18000.0,17315.6,17943.26,262221.60653,288,288,0.0005271333450368,0.0284102951545741,True,0.0229593846833228,2.2959384683322877,-7.548057014793458,-9.060988915005113,-9.516437408385372,-9.41874389135301,-7.548057014793458,True
2023-01-12,BTCUSDT,17943.26,19117.04,17892.05,18846.62,454568.32178,288,288,0.0018411218124704,0.0491190305151331,True,0.0429082953806194,4.290829538061946,-6.297380212450573,-7.548057014793458,-9.233365599412988,-9.402100355558018,-6.297380212450573,True
2023-01-13,BTCUSDT,18846.62,20000.0,18714.12,19930.01,368615.87823,288,288,0.0007213174584979,0.055893048509552,True,0.0268573538997786,2.685735389977869,-7.234431214535864,-6.297380212450573,-8.290219240128554,-9.282197141956539,-7.234431214535864,True
2023-01-14,BTCUSDT,19930.01,21258.0,19888.05,20954.92,393913.74951,288,288,0.0025347358241732,0.0501468276844189,True,0.0503461599744537,5.034615997445373,-5.977665858740892,-7.234431214535864,-7.782952249070864,-9.223472293516373,-5.977665858740892,True
2023-01-15,BTCUSDT,20952.76,21050.74,20551.01,20871.5,178542.22549,288,288,0.0006613619812591,-0.0039888716561747,True,0.0257169590204431,2.5716959020443153,-7.321209241289643,-5.977665858740892,-7.2237046431051795,-9.078833387014196,-7.321209241289643,True
2023-01-16,BTCUSDT,20872.99,21474.05,20611.48,21185.65,293078.08262,288,288,0.0011711200838429,0.0149394736852503,True,0.0342216318115162,3.422163181151622,-6.749794651509054,-7.321209241289643,-6.875748708362086,-8.93242264305148,-6.749794651509054,True
2023-01-17,BTCUSDT,21185.65,21647.45,20841.31,21134.81,275407.74409,288,288,0.0006683526549966,-0.002402621543173,True,0.0258525173821943,2.5852517382194384,-7.310694597090255,-6.749794651509054,-6.716096235705206,-8.803095657482414,-7.310694597090255,True
2023-01-18,BTCUSDT,21132.29,21650.0,20407.15,20677.47,350916.01949,288,288,0.0011976959457184,-0.0218767424205476,True,0.0346077440137098,3.46077440137098,-6.727355613072566,-7.310694597090255,-6.918759112633142,-8.675041602969438,-6.727355613072566,True
2023-01-19,BTCUSDT,20677.47,21192.0,20659.19,21071.59,251385.84925,288,288,0.0002466313057921,0.0188809859816687,True,0.0157044995396913,1.570449953969132,-8.307616025607356,-6.727355613072566,-6.817343992340481,-8.562045674090763,-8.307616025607356,True
2023-01-20,BTCUSDT,21071.59,22755.93,20861.28,22667.21,338079.13659,288,288,0.0008541289470691,0.0729936990967778,True,0.0292254845480648,2.9225484548064835,-7.065428383689639,-8.307616025607356,-7.283334025713775,-8.543569196215897,-7.065428383689639,True
2023-01-21,BTCUSDT,22666.0,23371.8,22422.0,22783.55,346445.48432,288,288,0.0013992517765284,0.0051193975233274,True,0.0374065739747498,3.7406573974749806,-6.5718176305645954,-7.065428383689639,-7.232177854193774,-8.429483859496553,-6.5718176305645954,True
2023-01-22,BTCUSDT,22783.35,23078.71,22292.37,22707.88,253577.75286,288,288,0.0006548659215498,-0.0033267835189933,True,0.0255903482107977,2.559034821079771,-7.331080043206881,-6.5718176305645954,-7.1965824500048825,-8.321033253263439,-7.331080043206881,True
2023-01-23,BTCUSDT,22706.02,23180.0,22500.0,22916.45,293588.37938,288,288,0.0008924633904962,0.0091429924751465,True,0.0298741257695733,2.987412576957337,-7.0215250642036615,-7.331080043206881,-7.200659539228208,-8.192455213022262,-7.0215250642036615,True
2023-01-24,BTCUSDT,22917.81,23162.2,22462.93,22632.89,293158.78254,288,288,0.0005406100227861,-0.0124508352125865,True,0.0232510219729402,2.3251021972940205,-7.522812384178921,-7.0215250642036615,-7.259493429454426,-8.037287133200628,-7.522812384178921,True
2023-01-25,BTCUSDT,22631.94,23816.73,22300.0,23060.94,346042.83223,288,288,0.0010458814228209,0.0187361191606466,True,0.032340090024936,3.2340090024936083,-6.862895282269339,-7.522812384178921,-7.102532701168739,-7.955783591138647,-6.862895282269339,True
2023-01-26,BTCUSDT,23060.42,23282.47,22850.01,23009.65,288924.43581,288,288,0.0003846792879163,-0.0022265840828153,True,0.0196132426670442,1.9613242667044204,-7.86310058922834,-6.862895282269339,-7.06202608088468,-7.831013557387712,-7.86310058922834,True
2023-01-27,BTCUSDT,23009.65,23500.0,22534.88,23074.16,280833.86315,288,288,0.000568122708641,0.0027996835390562,True,0.0238353248067033,2.3835324806703317,-7.473173126235824,-7.86310058922834,-7.320282672617428,-7.78223162437514,-7.473173126235824,True
2023-01-28,BTCUSDT,23074.16,23189.0,22878.46,23022.6,148115.71085,288,288,0.0001043204425898,-0.0022370345118366,True,0.0102137379342635,1.0213737934263527,-9.168043217177983,-7.473173126235824,-7.348701289223217,-7.671282907936078,-9.168043217177983,True
2023-01-29,BTCUSDT,23021.4,23960.54,22967.76,23742.3,295688.79204,288,288,0.0005391643066725,0.0307819252058528,True,0.0232199118575531,2.321991185755312,-7.5254901973812816,-9.168043217177983,-7.778004919818082,-7.680584142368923,-7.5254901973812816,True
2023-01-30,BTCUSDT,23743.37,23800.51,22500.0,22826.15,302405.90121,288,288,0.0005509008463338,-0.0393514588233175,True,0.0234712770494882,2.3471277049488215,-7.50395571721196,-7.5254901973812816,-7.7785404824585545,-7.522055878210222,-7.50395571721196,True
2023-01-31,BTCUSDT,22827.38,23320.0,22714.77,23125.13,264649.34909,288,288,0.0003618130846743,0.0130130964408863,True,0.0190213849305022,1.9021384930502236,-7.9243828201669855,-7.50395571721196,-7.906752569447077,-7.419019039455113,-7.9243828201669855,True
2023-02-01,BTCUSDT,23125.13,23812.66,22760.23,23732.66,310790.42271,288,288,0.0005385634799479,0.0259322535565368,True,0.0232069705034485,2.3206970503448563,-7.526605185403869,-7.9243828201669855,-7.919009015634806,-7.3804044454368265,-7.526605185403869,True
2023-02-02,BTCUSDT,23731.41,24255.0,23363.27,23488.94,364177.20751,288,288,0.0007882679482914,-0.0103224864935704,True,0.0280761099209178,2.807610992091783,-7.145672490002709,-7.526605185403869,-7.929695427468417,-7.310659730454953,-7.145672490002709,True
2023-02-03,BTCUSDT,23489.33,23715.7,23204.62,23431.9,332571.02904,288,288,0.0003719637723321,-0.0024313302190968,True,0.0192863623405798,1.9286362340579812,-7.896714094637504,-7.145672490002709,-7.525221282033361,-7.292369524782644,-7.896714094637504,True
2023-02-04,BTCUSDT,23431.9,23587.78,23253.96,23326.84,166126.47295,288,288,0.0001251661233861,-0.0044937129098715,True,0.0111877666844695,1.1187766684469564,-8.98586871589487,-7.896714094637504,-7.5994660614846055,-7.365066519427506,-8.98586871589487,True
2023-02-05,BTCUSDT,23327.66,23433.33,22743.0,22932.91,209251.33917,288,288,0.0002067834845885,-0.0170316321398216,True,0.0143799681706359,1.4379968170635924,-8.483838280276856,-8.98586871589487,-7.895848661221187,-7.444677314943825,-8.483838280276856,True
2023-02-06,BTCUSDT,22932.91,23158.25,22628.13,22762.52,265371.6069,288,288,0.0003341492683659,-0.0074576731070368,True,0.0182797502271213,1.8279750227121367,-8.003922753547524,-8.483838280276856,-8.007739753243161,-7.558594243195459,-8.003922753547524,True
2023-02-07,BTCUSDT,22762.52,23350.25,22745.78,23240.46,308006.72482,288,288,0.0004673933487339,0.0207794015559238,True,0.021619281873688,2.1619281873688037,-7.66833936631186,-8.003922753547524,-8.103203266871892,-7.589626675570816,-7.66833936631186,True
2023-02-08,BTCUSDT,23242.42,23452.0,22665.85,22963.0,280056.30717,288,288,0.0002734714637986,-0.0120105003106425,True,0.0165369726310067,1.6536972631006754,-8.20431327866237,-7.66833936631186,-8.207736642133721,-7.631378708061854,-8.20431327866237,True
2023-02-09,BTCUSDT,22961.85,23011.39,21688.0,21796.35,402894.6955,288,288,0.0006590423861528,-0.0521417003525166,True,0.025671820857758,2.5671820857758005,-7.3247227066336285,-8.20431327866237,-8.269256478938697,-7.671997739042404,-7.3247227066336285,True
2023-02-10,BTCUSDT,21797.83,21938.16,21451.0,21625.19,338591.94247,288,288,0.0002771318862748,-0.0078836856777024,True,0.0166472786447156,1.6647278644715682,-8.191017041352136,-7.3247227066336285,-7.9370272770864485,-7.6991507887497255,-8.191017041352136,True
2023-02-11,BTCUSDT,21625.19,21906.32,21599.78,21862.55,177021.58433,288,288,0.0001123304871741,0.0109162884567473,True,0.0105986077941462,1.0598607794146235,-9.094065253330083,-8.191017041352136,-7.878463029301504,-7.693850834919942,-9.094065253330083,True
2023-02-12,BTCUSDT,21862.02,22090.0,21630.0,21783.54,204435.65163,288,288,0.0001638893706374,-0.0036204886304741,True,0.012801928395262,1.2801928395262014,-8.716318927048453,-9.094065253330083,-8.096491529258014,-7.786061601721781,-8.716318927048453,True
2023-02-13,BTCUSDT,21782.37,21894.99,21351.07,21773.97,295730.76791,288,288,0.0003991232274206,-0.0004394190647718,True,0.0199780686609252,1.997806866092526,-7.826240348102735,-8.716318927048453,-8.306087441405335,-7.883538933380138,-7.826240348102735,True
2023-02-14,BTCUSDT,21774.63,22319.08,21532.77,22199.84,361958.40109,288,288,0.0005663931649628,0.0193698619770407,True,0.0237990160503083,2.379901605030836,-7.476222083166758,-7.826240348102735,-8.230472855293407,-7.9060462199663135,-7.476222083166758,True
2023-02-15,BTCUSDT,22199.84,24380.0,22047.28,24324.05,375669.16111,288,288,0.0009487529444805,0.0913804911936593,True,0.0308018334597233,3.0801833459723396,-6.960362125722492,-7.476222083166758,-8.260772730600033,-7.9267142662828185,-6.960362125722492,True
2023-02-16,BTCUSDT,24322.87,25250.0,23505.25,23517.72,450080.68366,288,288,0.0015234985638445,-0.0337113932826633,True,0.0390320197254063,3.903201972540632,-6.486745902207481,-6.960362125722492,-8.014641747474105,-7.901148345443889,-6.486745902207481,True
2023-02-17,BTCUSDT,23517.72,25021.11,23339.37,24569.97,496813.21376,288,288,0.0014972411023912,0.0437707859750733,True,0.038694199854646,3.869419985464606,-6.504131129471389,-6.486745902207481,-7.493177877249584,-7.884050646350169,-6.504131129471389,True
2023-02-18,BTCUSDT,24568.24,24877.0,24430.0,24631.95,216917.25213,288,288,0.0002599295609703,0.0025194152091863,True,0.016122331127052,1.6122331127052023,-8.255099882999021,-6.504131129471389,-7.05074031773417,-7.822279307270307,-8.255099882999021,True
2023-02-19,BTCUSDT,24632.05,25192.0,24192.57,24271.76,300395.99542,288,288,0.0005326911411941,-0.0147308461197357,True,0.02308010271195,2.3080102711950023,-7.5375687741888,-8.255099882999021,-7.136512224713428,-7.857821432577725,-7.5375687741888,True
2023-02-20,BTCUSDT,24272.51,25121.23,23840.83,24842.2,346938.56997,288,288,0.0008019757098895,0.0232302853505933,True,0.0283191756569566,2.831917565695662,-7.128432237477241,-7.5375687741888,-7.1487815629178355,-7.783708957896398,-7.128432237477241,True
2023-02-21,BTCUSDT,24843.89,25250.0,24148.34,24452.16,376000.82868,288,288,0.0007062422406069,-0.0158252643940625,True,0.0265752185429767,2.6575218542976757,-7.255552262315271,-7.128432237477241,-7.182395585268786,-7.765660868809851,-7.255552262315271,True
2023-02-22,BTCUSDT,24450.67,24476.05,23574.69,24182.21,379425.75365,288,288,0.0007871390172644,-0.0111013167175213,True,0.028055997883955,2.8055997883955035,-7.147105683133019,-7.255552262315271,-7.3361568572903435,-7.754369802678184,-7.147105683133019,True
2023-02-23,BTCUSDT,24182.21,24599.59,23608.0,23940.2,398400.45437,288,288,0.0007958819516066,-0.0100581845457691,True,0.0282113798245783,2.8211379824578384,-7.136059685119479,-7.147105683133019,-7.46475176802267,-7.719039023722095,-7.136059685119479,True
2023-02-24,BTCUSDT,23940.2,24132.35,22841.19,23185.29,343582.57453,288,288,0.0008326313872934,-0.0320410284614874,True,0.0288553528360584,2.8855352836058414,-7.090919525987693,-7.136059685119479,-7.240943728446763,-7.701286955527348,-7.090919525987693,True
2023-02-25,BTCUSDT,23184.04,23219.13,22722.0,23157.07,191311.8101,288,288,0.0002393453227531,-0.0012178923770015,True,0.0154707893384006,1.5470789338400666,-8.337603183770213,-7.090919525987693,-7.151613878806541,-7.698798184435758,-8.337603183770213,True
2023-02-26,BTCUSDT,23157.07,23689.99,23059.18,23554.85,202323.73623,288,288,0.0003032177584335,0.0170316105816884,True,0.0174131490096876,1.741314900968766,-8.101059335879881,-8.337603183770213,-7.393448068065135,-7.718838597578153,-8.101059335879881,True
2023-02-27,BTCUSDT,23554.85,23897.99,23106.77,23492.09,283706.0859,288,288,0.0005204569041229,-0.0026679753126397,True,0.0228135245879044,2.281352458790442,-7.560803470411277,-8.101059335879881,-7.562549482778057,-7.678619989395654,-7.560803470411277,True
2023-02-28,BTCUSDT,23492.09,23600.0,23020.97,23141.57,264140.99894,288,288,0.0004021228765891,-0.0150332013979485,True,0.0200530016852626,2.0053001685262606,-7.818752852893754,-7.560803470411277,-7.645289040233709,-7.636663861674491,-7.818752852893754,True
2023-03-01,BTCUSDT,23141.57,24000.0,23020.03,23628.97,315287.41737,288,288,0.00065459270126,0.0208429342438966,True,0.0255850093074068,2.558500930740683,-7.331497345882973,-7.818752852893754,-7.781827673788564,-7.628247048008411,-7.331497345882973,True
2023-03-02,BTCUSDT,23629.76,23796.93,23195.9,23465.32,239315.45219,288,288,0.0002902266682022,-0.0069499151047273,True,0.0170360402735563,1.7036040273556343,-8.144848325794941,-7.331497345882973,-7.82994323776762,-7.612936047079825,-8.144848325794941,True
2023-03-03,BTCUSDT,23465.32,23476.95,21971.13,22354.34,319954.19785,288,288,0.0008912456934443,-0.0485031008319863,True,0.0298537383495653,2.9853738349565364,-7.022890418287499,-8.144848325794941,-7.791392266172565,-7.610233094676759,-7.022890418287499,True
2023-03-04,BTCUSDT,22354.34,22410.0,22157.08,22346.57,121257.38132,288,288,8.421435830692985e-05,-0.0003476439328982,True,0.0091768381432239,0.9176838143223944,-9.382145125043365,-7.022890418287499,-7.57575848265409,-7.596513445206482,-9.382145125043365,True
2023-03-05,BTCUSDT,22346.57,22662.09,22189.22,22430.24,154841.75786,288,288,0.0003581318690319,0.0037372067095841,True,0.0189243723550333,1.89243723550333,-7.934609290136387,-9.382145125043365,-7.9400268135805065,-7.650655630828811,-7.934609290136387,True
2023-03-06,BTCUSDT,22430.24,22602.19,22258.0,22410.0,203751.82957,288,288,0.0001621830407633,-0.0009027606174547,True,0.012735110551672,1.2735110551672095,-8.72678497931237,-7.934609290136387,-7.963198101029033,-7.597953087047278,-8.72678497931237,True
2023-03-07,BTCUSDT,22409.41,22557.91,21927.0,22197.96,292519.80912,288,288,0.0004508001958066,-0.0095068950488124,True,0.0212320558544535,2.123205585445356,-7.704486341445153,-8.72678497931237,-8.242255627714911,-7.598428816695638,-7.704486341445153,True
2023-03-08,BTCUSDT,22198.56,22287.0,21580.0,21705.44,301460.57272,288,288,0.0003904427243586,-0.0224374723911686,True,0.019759623588485,1.9759623588485005,-7.848229272019217,-7.704486341445153,-8.154183230844954,-7.592894543665747,-7.848229272019217,True
2023-03-09,BTCUSDT,21704.37,21834.99,20042.72,20362.22,443658.28584,288,288,0.0010812239311299,-0.0638816973065746,True,0.0328819696966274,3.288196969662749,-6.829661609946499,-7.848229272019217,-8.319251001591299,-7.609803961340859,-6.829661609946499,True
2023-03-10,BTCUSDT,20362.21,20367.78,19549.09,20150.69,618456.4671,288,288,0.0014238335645255,-0.0104426920836913,True,0.0377337191981588,3.773371919815886,-6.55440235166767,-6.829661609946499,-7.808754298571924,-7.603863028805588,-6.55440235166767,True
2023-03-11,BTCUSDT,20150.69,20686.51,19765.03,20455.73,427831.82133,288,288,0.0010173456549583,0.0150245078577888,True,0.0318958563916742,3.189585639167425,-6.8905583426123584,-6.55440235166767,-7.532712910878182,-7.606938321962868,-6.8905583426123584,True
2023-03-12,BTCUSDT,20455.73,22150.0,20270.6,21997.11,430944.94288,288,288,0.0016059981617279,0.0726480422526162,True,0.0400749068835846,4.0074906883584624,-6.434009808085931,-6.8905583426123584,-7.165467583538179,-7.624503195287459,-6.434009808085931,True
2023-03-13,BTCUSDT,21998.05,24500.0,21813.88,24113.48,687889.31259,288,288,0.0031851470572,0.0918599391330705,True,0.0564371070945352,5.643710709453524,-5.749256819218558,-6.434009808085931,-6.911372276866335,-7.5417263737005,-5.749256819218558,True
2023-03-14,BTCUSDT,24112.27,26386.87,23976.42,24670.41,699360.93423,288,288,0.0042789654172287,0.0228335295528604,True,0.0654138014277473,6.541380142774736,-5.454044023555181,-5.749256819218558,-6.491577786306204,-7.460439466656397,-5.454044023555181,True
2023-03-15,BTCUSDT,24670.41,25196.97,23896.95,24285.66,581450.72984,288,288,0.0020139509018673,-0.0157184970805929,True,0.0448770643187295,4.487706431872953,-6.207656863400353,-5.454044023555181,-6.216454269027939,-7.384330911478122,-6.207656863400353,True
2023-03-16,BTCUSDT,24285.66,25167.4,24123.0,24998.78,439421.32998,288,288,0.0012742425183143,0.0289409709791089,True,0.035696533701668,3.5696533701668023,-6.665403380203934,-6.207656863400353,-6.147105171374476,-7.336699302436535,-6.665403380203934,True
2023-03-17,BTCUSDT,24998.78,27756.84,24890.0,27395.13,624460.68091,288,288,0.0021543386935383,0.0915382366931715,True,0.0464148542337298,4.641485423372985,-6.140271473268777,-6.665403380203934,-6.102074178892791,-7.314803743212486,-6.140271473268777,True
2023-03-18,BTCUSDT,27395.13,27724.85,26578.0,26907.49,371238.97174,288,288,0.0013313891440466,-0.0179605738579602,True,0.0364882055470897,3.6488205547089767,-6.621532412618956,-6.140271473268777,-6.04332651192936,-7.269540642673817,-6.621532412618956,True
2023-03-19,BTCUSDT,26907.49,28390.1,26827.22,27972.87,372066.99054,288,288,0.0009605521651791,0.0388304253763961,True,0.0309927760160186,3.0992776016018686,-6.9480022667888806,-6.621532412618956,-6.217781630609441,-7.248204864793421,-6.9480022667888806,True
2023-03-20,BTCUSDT,27972.87,28472.0,27124.47,27717.01,477378.23373,288,288,0.0013518982282423,-0.0091888077429902,True,0.0367681686821949,3.676816868219496,-6.606245579163381,-6.9480022667888806,-6.516573279256181,-7.185041186748814,-6.606245579163381,True
2023-03-21,BTCUSDT,27717.01,28438.55,27303.1,28105.47,420929.7422,288,288,0.0008013397502597,0.0139179151711757,True,0.0283079450024157,2.830794500241574,-7.129225543197742,-6.606245579163381,-6.596291022408785,-7.117095106898064,-7.129225543197742,True
2023-03-22,BTCUSDT,28107.81,28868.05,26601.8,27250.97,224113.41296,288,288,0.0018962928933444,-0.0308751025112415,True,0.0435464452434915,4.354644524349157,-6.267854407468028,-7.129225543197742,-6.689055455007548,-7.097477928388359,-6.267854407468028,True
2023-03-23,BTCUSDT,27250.97,28750.0,27105.0,28295.41,128649.60818,288,288,0.0011975967671554,0.0376104838761238,True,0.0346063110885206,3.460631108852066,-6.727438424298538,-6.267854407468028,-6.714572041847397,-7.02698254450537,-6.727438424298538,True
2023-03-24,BTCUSDT,28295.42,28374.3,27000.0,27454.47,86242.06544,272,271,,,False,,,,-6.727438424298538,-6.735753244183314,-6.999525320796987,,False
2023-03-25,BTCUSDT,27454.46,27787.33,27156.09,27462.95,50844.08102,288,288,0.0003357765125921,0.0003088273290119,True,0.0183242056469618,1.832420564696184,-7.999064760400486,,,,-7.999064760400486,False
2023-03-26,BTCUSDT,27462.96,28194.4,27417.76,27968.05,49671.70353,288,288,0.0004134865994166,0.0182249636715996,True,0.0203343699045886,2.0334369904588603,-7.790885451724339,-7.999064760400486,,,-7.790885451724339,False
2023-03-27,BTCUSDT,27968.05,28023.86,26508.14,27124.91,88039.46898,288,288,0.0008675974420649,-0.0306102933461944,True,0.0294550070796957,2.94550070796958,-7.049782727304398,-7.790885451724339,,,-7.049782727304398,False
2023-03-28,BTCUSDT,27124.9,27520.0,26631.78,27261.07,78602.44341,288,288,0.0006805063817602,0.0050071832660615,True,0.0260865172409091,2.6086517240909166,-7.2926733578708784,-7.049782727304398,,,-7.2926733578708784,False
2023-03-29,BTCUSDT,27261.06,28650.0,27240.1,28348.6,89486.16008,288,288,0.0007341653524141,0.039117969089514,True,0.0270954858309304,2.709548583093048,-7.216776278952006,-7.2926733578708784,,,-7.216776278952006,False
2023-03-30,BTCUSDT,28348.6,29184.68,27686.0,28028.53,98865.43256,288,288,0.0009859082554806,-0.0113547262470766,True,0.0313991760318753,3.139917603187533,-6.921947254870715,-7.216776278952006,-7.469836515250421,,-6.921947254870715,False
2023-03-31,BTCUSDT,28028.53,28656.69,27511.71,28465.36,78198.12139,288,288,0.0006742422131983,0.0154649894422894,True,0.025966174404373,2.5966174404373037,-7.3019211448456804,-6.921947254870715,-7.2544130141444665,,-7.3019211448456804,False
2023-04-01,BTCUSDT,28465.36,28819.71,28220.27,28452.73,30238.44753,288,288,0.0002235552714873,-0.0004437956441374,True,0.0149517648285193,1.4951764828519378,-8.405851874764723,-7.3019211448456804,-7.156620152768736,,-8.405851874764723,False
2023-04-02,BTCUSDT,28452.74,28530.0,27856.43,28171.87,37365.65692,288,288,0.0002062919197955,-0.0099201514277655,True,0.0143628660021459,1.4362866002145904,-8.486218305908125,-8.405851874764723,-7.4278339822608,,-8.486218305908125,False
2023-04-03,BTCUSDT,28171.87,28500.99,27200.24,27800.0,79180.01405,288,288,0.0008785558392712,-0.0132879416650626,True,0.029640442629476,2.964044262947608,-7.037231090295409,-8.486218305908125,-7.6665429718682505,,-7.037231090295409,False
2023-04-04,BTCUSDT,27800.0,28444.44,27662.79,28165.47,49722.55691,288,288,0.0004515805277735,0.0130607388888041,True,0.0212504241786724,2.1250424178672436,-7.702756844923304,-7.037231090295409,-7.630633934136929,,-7.702756844923304,False
2023-04-05,BTCUSDT,28165.47,28775.0,27805.1,28170.01,60737.64732,288,288,0.0005800107340825,0.0001611772903977,True,0.0240834120108118,2.4083412010811833,-7.452463947556269,-7.702756844923304,-7.786795852147447,,-7.452463947556269,False
2023-04-06,BTCUSDT,28170.01,28182.05,27711.0,28033.82,40118.94963,288,288,0.000255120481232,-0.0048462984303135,True,0.0159724913908899,1.597249139088993,-8.273774648967606,-7.452463947556269,-7.816904412689565,,-8.273774648967606,False
2023-04-07,BTCUSDT,28033.83,28100.0,27766.94,27906.33,24762.09387,288,288,0.000152677914059,-0.004558093631494,True,0.0123562904651438,1.235629046514387,-8.787179992356366,-8.273774648967606,-7.790488967530143,,-8.787179992356366,False
2023-04-08,BTCUSDT,27906.34,28154.99,27859.02,27938.38,19479.96735,288,288,6.722581574280692e-05,0.0011478259451566,True,0.0081991350606516,0.8199135060651637,-9.607453221367432,-8.787179992356366,-7.850681304819791,,-9.607453221367432,False
2023-04-09,BTCUSDT,27938.38,28530.0,27800.0,28323.76,32531.16101,288,288,0.0001933146821149,0.0136996576150215,True,0.013903765033794,1.3903765033794018,-8.551191219565107,-9.607453221367432,-8.364725731034195,,-8.551191219565107,False
2023-04-10,BTCUSDT,28323.76,29770.0,28170.0,29637.34,67754.0622,288,288,0.0005690765011168,0.0453340244367843,True,0.0238553243766843,2.385532437668435,-7.471495684515384,-8.551191219565107,-8.534412605962554,,-7.471495684515384,False
2023-04-11,BTCUSDT,29637.35,30550.0,29590.0,30200.42,67990.07621,288,288,0.0005504160816024,0.0188207787579399,True,0.0234609480115875,2.3460948011587512,-7.504836053744362,-7.471495684515384,-8.538218953354379,,-7.504836053744362,False
2023-04-12,BTCUSDT,30200.43,30486.0,29637.4,29888.07,62049.48451,288,288,0.0005162663853191,-0.010396427448109,True,0.0227214961065315,2.272149610653154,-7.568887675075806,-7.504836053744362,-8.384431234309732,,-7.568887675075806,False
2023-04-13,BTCUSDT,29888.07,30595.0,29854.59,30373.84,51934.11731,288,288,0.0002492735300475,0.0161223075102926,True,0.0157883985903425,1.5788398590342554,-8.296959750177846,-7.568887675075806,-8.14077277085362,,-8.296959750177846,False
2023-04-14,BTCUSDT,30373.84,31000.0,29966.0,30466.93,75984.19452,288,288,0.0005742487070161,0.0030601214496089,True,0.0239634869544501,2.3963486954450115,-7.462447968002129,-8.296959750177846,-7.878674076615701,,-7.462447968002129,False
2023-04-15,BTCUSDT,30466.93,30595.6,30202.0,30295.09,25429.81247,288,288,9.901875632629828e-05,-0.005656179900884,True,0.0099508168672877,0.9950816867287744,-9.220201267933158,-7.462447968002129,-7.660925426303106,,-9.220201267933158,False
2023-04-16,BTCUSDT,30295.1,30549.99,30120.0,30304.65,26431.99322,288,288,0.0001408558921112,0.0003155129074588,True,0.0118682724990291,1.1868272499029198,-8.867773231991466,-9.220201267933158,-8.01066654298666,-7.881909114596433,-8.867773231991466,True
2023-04-17,BTCUSDT,30304.66,30316.06,29240.65,29430.27,56441.81127,288,288,0.000404077183893,-0.0292774295720329,True,0.0201016711716466,2.010167117164668,-7.813904649010607,-8.867773231991466,-8.28325397863608,-7.921395863305114,-7.813904649010607,True
2023-04-18,BTCUSDT,29430.27,30485.0,29096.78,30380.01,62004.89434,288,288,0.0003727319837829,0.0317610898162703,True,0.019306267992103,1.9306267992103043,-7.894650938732585,-7.813904649010607,-8.332257373423042,-7.92244219045449,-7.894650938732585,True
2023-04-19,BTCUSDT,30380.01,30413.53,28520.0,28797.1,86575.48656,288,288,0.0007192566982718,-0.0535101387040678,True,0.0268189615435016,2.6818961543501665,-7.237292242719811,-7.894650938732585,-8.25179561113399,-7.960845290973953,-7.237292242719811,True
2023-04-20,BTCUSDT,28797.1,29088.3,28010.0,28243.65,76879.09372,288,288,0.0005778674639677,-0.0194060340625724,True,0.0240388740162217,2.403887401622171,-7.456166016679356,-7.237292242719811,-8.206764466077527,-7.958327967557995,-7.456166016679356,True
2023-04-21,BTCUSDT,28243.65,28374.02,27125.0,27262.84,77684.7679,288,288,0.000590299173252,-0.035344050771456,True,0.0242960732064272,2.4296073206427207,-7.4348810762742605,-7.456166016679356,-7.853957415826764,-7.969209319272875,-7.4348810762742605,True
2023-04-22,BTCUSDT,27262.84,27882.72,27140.35,27816.85,36023.69686,288,288,0.0001974656572584,0.0201173493975326,True,0.014052247409523,1.4052247409523002,-8.529945876042488,-7.4348810762742605,-7.567378984683325,-7.992524492973036,-8.529945876042488,True
2023-04-23,BTCUSDT,27816.85,27816.85,27311.25,27590.6,34812.09581,288,288,0.0004206602545214,-0.0081668171884152,True,0.0205100037669789,2.051000376697892,-7.77368504646499,-8.529945876042488,-7.7105872300897005,-8.048343798936527,-7.77368504646499,True
2023-04-24,BTCUSDT,27590.59,28000.0,26942.82,27510.93,53111.56874,288,288,0.000557040003776,-0.0028917547486747,True,0.0236016949343898,2.3601694934389883,-7.492873500551296,-7.77368504646499,-7.686394051636181,-8.019608943104721,-7.492873500551296,True
2023-04-25,BTCUSDT,27510.93,28399.99,27192.0,28300.79,52325.14637,288,288,0.0004403599139721,0.0283063392000712,True,0.0209847543224158,2.0984754322415817,-7.7279181791202065,-7.492873500551296,-7.737510303202479,-7.9744569064975925,-7.7279181791202065,True
2023-04-26,BTCUSDT,28300.8,30036.0,27235.0,28415.29,129228.40403,288,288,0.0027282539889166,0.0040376611202666,True,0.0522326908067799,5.223269080677994,-5.904093438893302,-7.7279181791202065,-7.791860735690648,-8.005851774171449,-5.904093438893302,True
2023-04-27,BTCUSDT,28415.29,29890.0,28378.86,29472.77,95430.82431,288,288,0.0020061299793497,0.0365394056503653,True,0.044789842367994,4.478984236799404,-6.2115477962525345,-5.904093438893302,-7.485703208214457,-7.924094346624628,-6.2115477962525345,True
2023-04-28,BTCUSDT,29472.77,29599.54,28891.0,29311.7,54298.16578,288,288,0.0005129297476412,-0.0054800325013603,True,0.0226479523940087,2.2647952394008755,-7.5753716663404145,-6.2115477962525345,-7.022023592256465,-7.8676890670199136,-7.5753716663404145,True
2023-04-29,BTCUSDT,29311.69,29448.88,29031.0,29230.45,20466.83058,288,288,9.992019189436703e-05,-0.0027757795765584,True,0.0099960087982337,0.9996008798233776,-9.211138771668741,-7.5753716663404145,-6.982360916231551,-7.835943476900495,-9.211138771668741,True
2023-04-30,BTCUSDT,29230.45,29969.39,29079.59,29233.21,39752.5372,288,288,0.0005444545806176,9.44176263350128e-05,True,0.023333550536034,2.33335505360341,-7.515726033914181,-9.211138771668741,-7.3260139704550395,-7.8552143305056035,-7.515726033914181,True
2023-05-01,BTCUSDT,29233.2,29337.34,27666.95,28068.26,64433.65958,288,288,0.0009116112897347,-0.0406659912079251,True,0.0301929013136325,3.0192901313632543,-7.000296876142556,-7.515726033914181,-7.283575541413834,-7.760135821985002,-7.000296876142556,True
2023-05-02,BTCUSDT,28068.26,28879.88,27872.0,28669.86,50824.5224,288,288,0.0005332719377848,0.0212069961651951,True,0.0230926814767115,2.3092681476711574,-7.5364790616844415,-7.000296876142556,-7.502816228863685,-7.689640624556703,-7.5364790616844415,True
2023-05-03,BTCUSDT,28669.85,29266.66,28113.69,29026.16,64615.79213,288,288,0.0006045411430016,0.0123510956020624,True,0.0245874183883072,2.458741838830724,-7.41104082901523,-7.5364790616844415,-7.767802481950066,-7.692594414428024,-7.41104082901523,True
2023-05-04,BTCUSDT,29026.16,29379.83,28663.64,28838.16,42575.47501,288,288,0.0004007209889294,-0.0064979822282644,True,0.0200180166082824,2.001801660828245,-7.822245161036644,-7.41104082901523,-7.73493631448503,-7.688330995122155,-7.822245161036644,True
2023-05-05,BTCUSDT,28838.16,29677.0,28800.0,29505.61,58415.83048,288,288,0.0005751104880788,0.0228809046533417,True,0.023981461341604,2.398146134160408,-7.460948382445459,-7.822245161036644,-7.457157592358611,-7.699847244484011,-7.460948382445459,True
2023-05-06,BTCUSDT,29505.6,29820.0,28300.0,28848.2,49249.28459,288,288,0.0004597656036891,-0.0225328154308174,True,0.0214421455010719,2.1442145501071934,-7.68479375554713,-7.460948382445459,-7.446202062064866,-7.661846727768903,-7.68479375554713,True
2023-05-07,BTCUSDT,28848.19,29138.29,28395.23,28430.1,30003.41028,288,288,0.0002961143906791,-0.01459915625865,True,0.0172079746245485,1.7207974624548552,-8.124764723297753,-7.68479375554713,-7.583101437945781,-7.671953354475494,-8.124764723297753,True
2023-05-08,BTCUSDT,28430.09,28631.01,27262.0,27668.79,68244.36179,288,288,0.0009034764988716,-0.0271433798963685,True,0.0300578858017606,3.0057885801760693,-7.009260459480471,-8.124764723297753,-7.700758570268443,-7.622160784264793,-7.009260459480471,True
2023-05-09,BTCUSDT,27668.8,27818.0,27353.0,27628.27,40113.31069,288,288,0.0003325068291781,-0.0014655392981988,True,0.0182347697868155,1.8234769786815537,-8.008850159197781,-7.009260459480471,-7.620402496361491,-7.537682930968839,-8.008850159197781,True
2023-05-10,BTCUSDT,27628.28,28331.42,26777.0,27598.75,71155.11355,288,288,0.0016255781320342,-0.0010690420309269,True,0.0403184589491491,4.031845894914911,-6.421891752913335,-8.008850159197781,-7.657723495993719,-7.546544090522802,-6.421891752913335,True
2023-05-11,BTCUSDT,27598.74,27630.14,26702.05,26968.62,47635.31365,288,288,0.0005054527236869,-0.0230965139643084,True,0.0224822757675224,2.2482275767522415,-7.590056047741077,-6.421891752913335,-7.449912170087295,-7.47960049116738,-7.590056047741077,True
2023-05-12,BTCUSDT,26968.61,27091.12,25811.46,26795.01,67207.93494,288,288,0.0007467536987972,-0.0064582917274082,True,0.0273267945210787,2.732679452107879,-7.199775147686884,-7.590056047741077,-7.430964628526082,-7.495635209577438,-7.199775147686884,True
2023-05-13,BTCUSDT,26795.01,27045.45,26692.03,26775.28,22814.90421,288,288,0.0002535649054857,-0.0007366023552259,True,0.0159237214709932,1.5923721470993275,-8.279890730286088,-7.199775147686884,-7.245966713403909,-7.483981079168689,-8.279890730286088,True
2023-05-14,BTCUSDT,26775.27,27200.0,26560.53,26917.62,21594.8036,288,288,0.000173463837407,0.0053020169686399,True,0.0131705670875256,1.3170567087525662,-8.659541410232732,-8.279890730286088,-7.500092767565033,-7.5223906088965,-8.659541410232732,True
2023-05-15,BTCUSDT,26917.61,27663.59,26726.0,27162.14,40430.08333,288,288,0.0003568006436699,0.0090430011641085,True,0.0188891673630671,1.888916736306711,-7.93833335325248,-8.659541410232732,-7.630231017772023,-7.528281314996057,-7.93833335325248,True
2023-05-16,BTCUSDT,27162.15,27296.89,26852.11,27033.84,33270.45451,288,288,0.0003040303888762,-0.0047346773571318,True,0.0174364672131797,1.7436467213179756,-8.098382898145509,-7.93833335325248,-7.933519337839852,-7.5357653289409425,-8.098382898145509,True
2023-05-17,BTCUSDT,27033.85,27500.0,26544.71,27405.61,42958.97785,288,288,0.0003446289317369,0.0136583223911828,True,0.0185641841118037,1.856418411180379,-7.973042279945748,-8.098382898145509,-8.035184707920738,-7.563288483377044,-7.973042279945748,True
2023-05-18,BTCUSDT,27405.62,27485.33,26361.2,26821.28,49198.65143,288,288,0.0004938478661706,-0.0215521346696426,True,0.0222226880950681,2.222268809506818,-7.61328305142417,-7.973042279945748,-8.189838134372511,-7.574430487960021,-7.61328305142417,True
2023-05-19,BTCUSDT,26821.28,27183.6,26630.0,26880.26,28754.13544,288,288,0.000320737545052,0.0021965859345883,True,0.0179091469660643,1.7909146966064355,-8.044887385925499,-7.61328305142417,-8.056516598600128,-7.652120924893245,-8.044887385925499,True
2023-05-20,BTCUSDT,26880.26,27150.0,26825.11,27102.43,14434.54718,288,288,6.874821937206005e-05,0.0082312035351897,True,0.0082914545992883,0.8291454599288357,-9.585059721795767,-8.044887385925499,-7.933585793738681,-7.735454542605651,-9.585059721795767,True
2023-05-21,BTCUSDT,27102.42,27277.55,26666.03,26747.78,21347.87279,288,288,0.0001879295199211,-0.0131719125185148,True,0.013708738815849,1.3708738815849089,-8.579443559461364,-9.585059721795767,-8.262931067447338,-7.826803999671804,-8.579443559461364,True
2023-05-22,BTCUSDT,26747.78,27099.89,26538.21,26849.27,26458.83828,288,288,0.0002294093197507,0.003787153259441,True,0.0151462642176474,1.5146264217647405,-8.380002727456493,-8.579443559461364,-8.359143199710509,-7.798090580935105,-8.380002727456493,True
2023-05-23,BTCUSDT,26849.28,27495.83,26798.11,27219.61,38700.83858,288,288,0.0001995846010723,0.0136990369171226,True,0.0141274414198871,1.4127441419887108,-8.519272345999415,-8.380002727456493,-8.440535289212658,-7.837375885187028,-8.519272345999415,True
2023-05-24,BTCUSDT,27219.61,27219.61,26080.5,26329.01,54393.0657,288,288,0.0004159761239279,-0.0332662963152884,True,0.0203954927355999,2.0395492735599996,-7.784882693754219,-8.519272345999415,-8.621733148127706,-7.906420224725976,-7.784882693754219,True
2023-05-25,BTCUSDT,26329.0,26631.98,25871.89,26473.79,37435.44895,288,288,0.0003317954937333,0.0054838138440038,True,0.0182152544240629,1.82152544240629,-8.010991761574116,-7.784882693754219,-8.569732209693452,-7.917711298910967,-8.010991761574116,True
2023-05-26,BTCUSDT,26473.8,26932.16,26327.24,26705.92,35061.18713,288,288,0.0002120166544024,0.0087300767265967,True,0.0145607916818587,1.456079168185873,-8.458845727875932,-8.010991761574116,-8.254918617649121,-7.944981795845461,-8.458845727875932,True
2023-05-27,BTCUSDT,26705.93,26895.0,26551.0,26854.27,15095.6867,288,288,7.208576201297124e-05,0.0055395762922666,True,0.0084903334453348,0.8490333445334832,-9.537654008722484,-8.458845727875932,-8.230799051332037,-7.973918185247246,-9.537654008722484,True
2023-05-28,BTCUSDT,26854.28,28261.32,26764.36,28065.0,43916.00855,288,288,0.0003908860197669,0.0440984084261267,True,0.019770837609139,1.9770837609139087,-7.8470945500236455,-9.537654008722484,-8.462329307585232,-8.068313895532567,-7.8470945500236455,True
2023-05-29,BTCUSDT,28065.01,28447.14,27524.6,27736.4,42385.41945,288,288,0.0003047998615069,-0.01177761842521,True,0.0174585183078897,1.7458518307889723,-8.095855188525574,-7.8470945500236455,-8.327893748390078,-8.075691204372406,-8.095855188525574,True
2023-05-30,BTCUSDT,27736.39,28038.59,27554.0,27694.4,32686.75371,288,288,0.0003046133783903,-0.0015154032789555,True,0.0174531767420832,1.7453176742083203,-8.096467197291423,-8.095855188525574,-8.39008824734435,-8.074377134610035,-8.096467197291423,True
2023-05-31,BTCUSDT,27694.39,27835.51,26839.01,27210.35,46588.80573,288,288,0.0003135933081782,-0.017632811059524,True,0.0177085659548765,1.7708565954876545,-8.067413608433169,-8.096467197291423,-8.407183334487813,-8.123795622692352,-8.067413608433169,True
2023-06-01,BTCUSDT,27210.36,27350.0,26605.05,26817.93,39217.8088,288,288,0.0003919321068816,-0.0145267219636191,True,0.0197972752388206,1.9797275238820664,-7.844421929904709,-8.067413608433169,-8.32889691059926,-8.126457597657597,-7.844421929904709,True
2023-06-02,BTCUSDT,26817.93,27300.0,26505.0,27242.59,36380.90269,288,288,0.0002773197987272,0.0157108638581484,True,0.016652921627367,1.6652921627367014,-8.19033920966841,-7.844421929904709,-7.9902504948357045,-8.191118060248114,-8.19033920966841,True
2023-06-03,BTCUSDT,27242.59,27333.29,26914.93,27069.22,16595.34117,288,288,8.663858184889672e-05,-0.0063842684993768,True,0.0093079848436112,0.9307984843611248,-9.353765323723868,-8.19033920966841,-8.058899426764658,-8.218403658517538,-9.353765323723868,True
2023-06-04,BTCUSDT,27069.22,27455.02,26951.0,27115.21,19258.41049,288,288,0.0001489803572564,0.0016975360281121,True,0.0122057509910871,1.2205750991087168,-8.811696091203178,-9.353765323723868,-8.310481453804316,-8.316312302882855,-8.811696091203178,True
2023-06-05,BTCUSDT,27115.2,27129.33,25388.0,25728.2,65805.60305,288,288,0.000965981702557,-0.0525071584555561,True,0.0310802461791582,3.1080246179158215,-6.942365665383528,-8.811696091203178,-8.453527232586667,-8.340485273833632,-6.942365665383528,True
2023-06-06,BTCUSDT,25728.2,27355.33,25351.02,27230.08,68392.60438,288,288,0.0008571811854577,0.05673457801927,True,0.0292776567617306,2.92776567617306,-7.061861243441825,-6.942365665383528,-8.22851764397674,-8.26243183088594,-7.061861243441825,True
2023-06-07,BTCUSDT,27230.07,27391.77,26125.01,26339.34,59619.44364,288,288,0.0008321752735465,-0.0332586055638558,True,0.028847448302173,2.8847448302173064,-7.091467474009575,-7.061861243441825,-8.072005506684162,-8.222592189530912,-7.091467474009575,True
2023-06-08,BTCUSDT,26339.34,26810.0,26210.0,26498.61,31075.51083,288,288,0.0003236992273226,0.0060286397326938,True,0.0179916432635452,1.799164326354525,-8.035695784051915,-7.091467474009575,-7.852231159552394,-8.176823306615642,-8.035695784051915,True
2023-06-09,BTCUSDT,26498.62,26783.33,26269.91,26477.81,27934.7097,288,288,0.0002578834199939,-0.0007852550651321,True,0.0160587490170928,1.605874901709286,-8.26300293565113,-8.035695784051915,-7.588617251618004,-8.179671193165923,-8.26300293565113,True
2023-06-10,BTCUSDT,26477.8,26533.87,25358.0,25841.21,64944.60108,288,288,0.0010177400830855,-0.0243365192777013,True,0.0319020388546813,3.190203885468137,-6.8901707145878826,-8.26300293565113,-7.478878620507595,-8.209203915176237,-6.8901707145878826,True
2023-06-11,BTCUSDT,25841.22,26206.88,25634.7,25925.55,30014.29595,288,288,0.0002671838153829,0.0032584644904925,True,0.0163457583300042,1.6345758330004254,-8.227573689308072,-6.8901707145878826,-7.468439630348466,-8.156716793751801,-8.227573689308072,True
2023-06-12,BTCUSDT,25925.54,26106.48,25602.11,25905.19,29900.50893,288,288,0.0003006769746042,-0.0007856342026836,True,0.0173400396367553,1.7340039636755396,-8.109474043551442,-8.227573689308072,-7.7015821195217145,-8.095012883184179,-8.109474043551442,True
2023-06-13,BTCUSDT,25905.2,26433.21,25712.57,25934.25,41065.60853,288,288,0.0003357890179598,0.0011211542039821,True,0.0183245468691534,1.8324546869153409,-7.99902751796581,-8.109474043551442,-7.9051834334300874,-8.073650632461,-7.99902751796581,True
2023-06-14,BTCUSDT,25934.24,26098.0,24820.56,25128.6,45077.31608,288,288,0.0007278053751531,-0.0315578492380271,True,0.0269778682470126,2.6977868247012675,-7.225476887332449,-7.99902751796581,-7.8978497802128675,-8.056333577484152,-7.225476887332449,True
2023-06-15,BTCUSDT,25128.6,25759.01,24800.0,25598.49,48664.86063,288,288,0.0003969778684025,0.0185267256736544,True,0.0199243034609129,1.992430346091291,-7.831630025927988,-7.225476887332449,-7.690344570549131,-7.997524692999289,-7.831630025927988,True
2023-06-16,BTCUSDT,25598.49,26518.0,25175.56,26345.0,51596.91662,288,288,0.0004721532162681,0.0287451382903795,True,0.0217290868714758,2.172908687147588,-7.658207014315885,-7.831630025927988,-7.878636432817153,-7.99964957173446,-7.658207014315885,True
2023-06-17,BTCUSDT,26345.01,26839.99,26181.0,26516.99,27842.2195,288,288,0.0002879958566299,0.0065071559690334,True,0.0169704406728275,1.6970440672827558,-8.152564464633555,-7.658207014315885,-7.764763097818715,-7.983613901404541,-8.152564464633555,True
2023-06-18,BTCUSDT,26516.99,26700.0,26255.85,26339.97,21538.31022,288,288,0.000166149065244,-0.0066981022679592,True,0.0128898822820093,1.2889882282009344,-8.702625189156024,-8.152564464633555,-7.773381182035138,-7.9696920258026145,-8.702625189156024,True
2023-06-19,BTCUSDT,26339.98,27068.09,26256.61,26844.35,35872.65974,288,288,0.0004006753969064,0.0189678131440087,True,0.020016877801157,2.001687780115704,-7.822358942490753,-8.702625189156024,-7.91410071627318,-7.931736170367776,-7.822358942490753,True
2023-06-20,BTCUSDT,26844.35,28402.74,26652.0,28307.99,69666.95525,288,288,0.000763134435616,0.0530887264501156,True,0.027624887974723,2.7624887974723085,-7.178076348732173,-7.822358942490753,-8.033477127304842,-7.930611824570827,-7.178076348732173,True
2023-06-21,BTCUSDT,28308.0,30800.0,28257.99,29993.89,108926.40412,288,288,0.0012986686257308,0.0578495972961717,True,0.0360370451859034,3.603704518590349,-6.646415673351486,-7.178076348732173,-7.902766391865677,-7.888894604580217,-6.646415673351486,True
2023-06-22,BTCUSDT,29993.89,30500.0,29525.61,29884.92,59054.5646,288,288,0.0006688419256554,-0.0036396889082088,True,0.0258619783786052,2.5861978378605297,-7.309962810276708,-6.646415673351486,-7.700408123672799,-7.822983171673855,-7.309962810276708,True
2023-06-23,BTCUSDT,29884.92,31431.94,29800.0,30688.5,73931.89635,288,288,0.0008760696949371,0.0265339862374431,True,0.0295984745373322,2.959847453733224,-7.040064909762166,-7.309962810276708,-7.531887792801429,-7.788553589939471,-7.040064909762166,True
2023-06-24,BTCUSDT,30688.51,30800.0,30250.0,30527.43,30513.30135,288,288,0.0002695563033358,-0.0052623678739388,True,0.0164181699143325,1.641816991433256,-8.218733271677428,-7.040064909762166,-7.199375736922657,-7.75199190720572,-8.218733271677428,True
2023-06-25,BTCUSDT,30527.44,31046.01,30277.49,30462.66,30223.44801,288,288,0.0002751931817436,-0.0021239524109254,True,0.0165889475779391,1.6588947577939115,-8.198037227852994,-8.218733271677428,-7.278650602759993,-7.753282546387947,-8.198037227852994,True
2023-06-26,BTCUSDT,30462.67,30666.0,29930.0,30267.99,45180.41489,288,288,0.0005196535695668,-0.0064109528466893,True,0.0227959112466867,2.2795911246686726,-7.5623481807784145,-8.198037227852994,-7.482642778584156,-7.70074945112109,-7.5623481807784145,True
2023-06-27,BTCUSDT,30267.99,30994.97,30226.17,30692.44,42699.64157,288,288,0.0004424139900068,0.0139256517456783,True,0.0210336394855199,2.1033639485519973,-7.723264485275132,-7.5623481807784145,-7.665829280069542,-7.643960909738146,-7.723264485275132,True
2023-06-28,BTCUSDT,30692.44,30709.74,29858.8,30077.41,40463.51937,288,288,0.0004157865948728,-0.020241978544881,True,0.0203908458596701,2.0390845859670126,-7.785338422423217,-7.723264485275132,-7.748489615069227,-7.679456310642309,-7.785338422423217,True
2023-06-29,BTCUSDT,30077.4,30843.98,30049.98,30447.31,36330.62903,288,288,0.0003380266981542,0.0122232570589503,True,0.0183855023905861,1.8385502390586128,-7.992385676978799,-7.785338422423217,-7.897544317601437,-7.712341636959646,-7.992385676978799,True
2023-06-30,BTCUSDT,30447.31,31282.0,29500.0,30472.0,89419.07618,288,288,0.001731901224822,0.0008105804662547,True,0.0416161173684196,4.1616117368419685,-6.358535500016639,-7.992385676978799,-7.8522747986617105,-7.753292464367337,-6.358535500016639,True
2023-07-01,BTCUSDT,30471.99,30661.6,30320.57,30585.9,17501.75075,288,288,8.373150059437628e-05,0.0037308892745903,True,0.0091504918225402,0.9150491822540266,-9.387895300083898,-6.358535500016639,-7.484374453094441,-7.677057906002097,-9.387895300083898,True
2023-07-02,BTCUSDT,30585.9,30791.0,30155.0,30617.03,23286.41019,288,288,0.0002769824093316,0.0010172716464563,True,0.0166427885082896,1.6642788508289623,-8.191556558011465,-9.387895300083898,-7.849483876955537,-7.728189377112678,-8.191556558011465,True
2023-07-03,BTCUSDT,30617.02,31380.0,30570.27,31156.2,43761.64311,288,288,0.000250634451721,0.0174568722490272,True,0.0158314387129239,1.5831438712923944,-8.29151504801205,-8.191556558011465,-7.943142291502804,-7.7873432790864765,-8.29151504801205,True
2023-07-04,BTCUSDT,31156.2,31350.69,30620.0,30766.51,33206.11943,288,288,0.0001756629037378,-0.012586501609657,True,0.0132537882787462,1.3253788278746248,-8.64694371916789,-8.29151504801205,-8.044377616620569,-7.790249704482113,-8.64694371916789,True
2023-07-05,BTCUSDT,30766.52,30878.07,30200.0,30504.81,33215.671220000004,288,288,0.0001911203331074,-0.0085423846394386,True,0.0138246277746447,1.3824627774644769,-8.562607312025468,-8.64694371916789,-8.175289225058389,-7.81468014428286,-8.562607312025468,True
2023-07-06,BTCUSDT,30504.8,31500.0,29850.45,29895.43,71319.6261,288,288,0.000666369421492,-0.0201787501916611,True,0.0258141322048992,2.581413220489922,-7.313666354280888,-8.562607312025468,-8.616103587460154,-7.840297407649208,-7.313666354280888,True
2023-07-07,BTCUSDT,29895.42,30449.0,29701.02,30344.7,34070.53895,288,288,0.0003085005922234,0.0149162470258616,True,0.0175641849290943,1.7564184929094322,-8.083786794933802,-7.313666354280888,-8.201257798299553,-7.844306019783229,-8.083786794933802,True
2023-07-08,BTCUSDT,30344.7,30386.81,30044.47,30284.63,13094.59042,288,288,7.58877071352852e-05,-0.0019815498424813,True,0.0087113550688331,0.871135506883316,-9.486255848006783,-8.083786794933802,-8.17970384568402,-7.855767691101675,-9.486255848006783,True
2023-07-09,BTCUSDT,30284.63,30445.52,30061.12,30160.71,15388.50196,288,288,8.031888010496769e-05,-0.0041002391122778,True,0.0089620801215436,0.8962080121543642,-9.429505845034297,-9.486255848006783,-8.418652005682967,-7.938860819905806,-9.429505845034297,True
2023-07-10,BTCUSDT,30160.71,31045.78,29950.0,30411.57,41262.87652,288,288,0.0003456861287914,0.0082830441339073,True,0.0185926364131449,1.859263641314497,-7.969979336830443,-9.429505845034297,-8.575164430856248,-7.996903609924022,-7.969979336830443,True
2023-07-11,BTCUSDT,30411.57,30813.63,30300.0,30622.1,28476.83311,288,288,0.0002118213754929,0.0068988423929577,True,0.0145540844951825,1.4554084495182522,-8.45976720688227,-7.969979336830443,-8.456638835817243,-7.9636015257274035,-8.45976720688227,True
2023-07-12,BTCUSDT,30622.1,30983.25,30210.0,30380.0,38108.99669,288,288,0.0002503885542793,-0.0079374733359644,True,0.0158236706954919,1.5823670695491971,-8.292496629530257,-8.45976720688227,-8.68585900633752,-7.992574628654291,-8.292496629530257,True
2023-07-13,BTCUSDT,30380.0,31804.2,30251.0,31454.23,70772.51836,288,288,0.0005807191239654,0.0347489761397028,True,0.024098114531338,2.409811453133803,-7.451243353520649,-8.292496629530257,-8.727600973256811,-8.043230095963295,-7.451243353520649,True
2023-07-14,BTCUSDT,31454.23,31630.0,29900.0,30312.01,60749.48424,288,288,0.000528065234047,-0.0369894696887368,True,0.0229796700160618,2.2979670016061853,-7.546290732558163,-7.451243353520649,-8.320598474359583,-8.079813172334621,-7.546290732558163,True
2023-07-15,BTCUSDT,30312.0,30390.9,30200.0,30289.52,14118.55329,288,288,4.80846620133182e-05,-0.0007422255191389,True,0.0069343104929991,0.6934310492999156,-9.94254730876665,-7.546290732558163,-7.9439554518643565,-8.090555350620143,-9.94254730876665,True
2023-07-16,BTCUSDT,30289.52,30441.46,30064.29,30231.99,15760.1281,288,288,9.167101981328096e-05,-0.0019011428276571,True,0.009574498410532,0.957449841053206,-9.297304261221218,-9.94254730876665,-8.338469046251598,-8.222486368756709,-9.297304261221218,True
2023-07-17,BTCUSDT,30232.0,30336.96,29659.2,30138.0,30882.76839,288,288,0.0003722511797777,-0.0031138012758327,True,0.0192938119555915,1.9293811955591595,-7.895941717089665,-9.297304261221218,-8.505976457119386,-8.271512322826881,-7.895941717089665,True
2023-07-18,BTCUSDT,30138.01,30239.78,29512.0,29859.13,30003.8601,288,288,0.0002495357859035,-0.0092961782772295,True,0.0157967017412978,1.5796701741297812,-8.295908222582918,-7.895941717089665,-8.426665474631267,-8.257780708701274,-8.295908222582918,True
2023-07-19,BTCUSDT,29859.14,30189.09,29761.96,29909.21,25657.36137,288,288,0.0001667596423576,0.0016758040032591,True,0.0129135449183268,1.291354491832682,-8.698957049607372,-8.295908222582918,-8.595598448443724,-8.291124346965118,-8.698957049607372,True
2023-07-20,BTCUSDT,29909.21,30417.46,29570.96,29800.0,37540.68193,288,288,0.0002438251278565,-0.0036580662106338,True,0.0156149008276259,1.5614900827625962,-8.319059278728194,-8.698957049607372,-8.826131711853566,-8.335474008980219,-8.319059278728194,True
2023-07-21,BTCUSDT,29800.0,30061.7,29726.34,29901.72,23881.40865,288,288,0.0001317599892622,0.0034076103143906,True,0.0114786754141005,1.1478675414100528,-8.934528553590035,-8.319059278728194,-8.501434105845874,-8.359734047903173,-8.934528553590035,True
2023-07-22,BTCUSDT,29901.72,29999.0,29625.1,29794.0,14660.40467,288,288,5.780299724023424e-05,-0.0036089728683475,True,0.0076028282395588,0.7602828239558896,-9.758469928263011,-8.934528553590035,-8.428878964319637,-8.402558724112772,-9.758469928263011,True
2023-07-23,BTCUSDT,29793.99,30350.0,29730.0,30083.75,18292.78637,288,288,0.0001024655067958,0.0096781279070752,True,0.0101225247243878,1.0122524724387856,-9.185984335086424,-9.758469928263011,-8.801384606554306,-8.557101198123972,-9.185984335086424,True
2023-07-24,BTCUSDT,30083.75,30099.58,28861.9,29176.5,39628.99691,288,288,0.0003950698419889,-0.0306215681317564,True,0.0198763639026092,1.9876363902609255,-7.836447993531339,-9.185984335086424,-8.979399829055009,-8.547923426987724,-7.836447993531339,True
2023-07-25,BTCUSDT,29176.5,29376.0,29047.65,29228.91,21565.7478,288,288,0.0001143028604497,0.001794697240116,True,0.0106912515848137,1.069125158481374,-9.07665896167,-7.836447993531339,-8.8068980178398,-8.531782128602263,-9.07665896167,True
2023-07-26,BTCUSDT,29228.91,29690.0,29096.94,29351.96,33931.63366,288,288,0.0002006403208351,0.0042010363100683,True,0.0141647562928245,1.416475629282454,-8.513996701462483,-9.07665896167,-8.958417954428162,-8.567470488313988,-8.513996701462483,True
2023-07-27,BTCUSDT,29351.95,29567.49,29083.85,29222.78,22476.47626,288,288,9.554347564747608e-05,-0.004410782171052,True,0.0097746342973778,0.9774634297377884,-9.255929171687017,-8.513996701462483,-8.874311584002651,-8.56142744205465,-9.255929171687017,True
2023-07-28,BTCUSDT,29222.78,29542.22,29123.12,29314.14,23993.61627,288,288,8.391793695418408e-05,0.0031214513568597,True,0.0091606733897778,0.9160673389777854,-9.385671177660488,-9.255929171687017,-8.773803432687453,-8.592942072039266,-9.385671177660488,True
2023-07-29,BTCUSDT,29314.14,29406.92,29256.18,29352.9,10851.36844,288,288,1.995544559918853e-05,0.0013213554199954,True,0.0044671518442054,0.4467151844205492,-10.82200848951051,-9.385671177660488,-8.813740801202266,-8.687124109465612,-10.82200848951051,True
2023-07-30,BTCUSDT,29352.9,29449.0,29033.24,29281.09,15706.97441,288,288,8.282977095684685e-05,-0.0024494337125383,True,0.0091010862514782,0.9101086251478272,-9.39872300857769,-10.82200848951051,-9.410852900398101,-8.811588731946372,-9.39872300857769,True
2023-07-31,BTCUSDT,29281.09,29530.0,29101.8,29232.25,22605.48964,288,288,0.0001272382133689,-0.0016693633056039,True,0.0112799917273461,1.1279991727346113,-8.969449532608351,-9.39872300857769,-9.475265709779638,-8.807609966517775,-8.969449532608351,True
2023-08-01,BTCUSDT,29232.26,29739.25,28585.7,29705.99,44719.65162,288,288,0.000275803431485,0.0160761571043887,True,0.0166073306550159,1.6607330655015993,-8.195822150749914,-8.969449532608351,-9.566356276008811,-8.786698315952961,-8.195822150749914,True
2023-08-02,BTCUSDT,29705.99,30047.5,28927.5,29186.01,48181.65141,288,288,0.0003283056222929,-0.017659224099429,True,0.0181192058957602,1.8119205895760224,-8.021565608130018,-8.195822150749914,-9.35433487182139,-8.796963898403847,-8.021565608130018,True
2023-08-03,BTCUSDT,29186.0,29433.33,28968.0,29193.64,26476.91994,288,288,0.0001355764957358,0.0002613924558778,True,0.011643732036414,1.1643732036414025,-8.905974532763986,-8.021565608130018,-9.081513757915298,-8.777045643915107,-8.905974532763986,True
2023-08-04,BTCUSDT,29193.65,29333.08,28807.54,29113.99,23551.95217,288,288,0.0001116593290978,-0.0027320626663581,True,0.010566897799156,1.056689779915604,-9.100058026538226,-8.905974532763986,-8.69830696656599,-8.804931003153003,-9.100058026538226,True
2023-08-05,BTCUSDT,29114.0,29152.23,28978.64,29072.13,11645.52018,288,288,2.1625500783826476e-05,-0.00143883136465,True,0.0046503226537334,0.4650322653733446,-10.741637347780872,-9.100058026538226,-8.638573970158099,-8.879877124653802,-10.741637347780872,True
2023-08-06,BTCUSDT,29072.13,29205.09,28991.88,29088.42,13178.1972,288,288,3.2491510803944584e-05,0.0005601735343278,True,0.0057001325251211,0.5700132525121199,-10.334531708781293,-10.741637347780872,-8.993011533192604,-9.025120152618472,-10.334531708781293,True
2023-08-07,BTCUSDT,29088.43,29276.78,28701.03,29211.06,30966.87746,288,288,0.0001653087334762,0.0042072478486432,True,0.0128572443966924,1.285724439669247,-8.707695720436174,-10.334531708781293,-9.42075344479888,-9.04293762534641,-8.707695720436174,True
2023-08-08,BTCUSDT,29211.06,30244.0,29146.45,29770.42,45700.53392,288,288,0.0003023778983102,0.0189678784073814,True,0.0173890165998605,1.7389016599860572,-8.10383300392847,-8.707695720436174,-9.557979467260111,-9.016137237128907,-8.10383300392847,True
2023-08-09,BTCUSDT,29770.41,30160.0,29376.67,29581.99,38003.88725,288,288,0.0002200239882071,-0.0063495528850277,True,0.0148332055944473,1.483320559444731,-8.421773980251048,-8.10383300392847,-9.397551161493007,-9.025586841076127,-8.421773980251048,True
2023-08-10,BTCUSDT,29581.99,29738.0,29320.2,29455.75,23463.45373,288,288,0.0001083931079472,-0.0042765929862089,True,0.010411201080913,1.041120108091304,-9.12974605080289,-8.421773980251048,-9.261894352235572,-9.031308011879222,-9.12974605080289,True
2023-08-11,BTCUSDT,29455.76,29564.52,29252.45,29426.03,20637.0443,288,288,6.501827578814104e-05,-0.0010094804377131,True,0.0080633910849059,0.8063391084905968,-9.64084216161698,-9.12974605080289,-8.939516092839975,-9.050889330115384,-9.64084216161698,True
2023-08-12,BTCUSDT,29426.02,29481.35,29381.56,29430.17,8971.48068,288,288,8.292878368148047e-06,0.0001406818655235,True,0.0028797358156865,0.2879735815686579,-11.700113439412359,-9.64084216161698,-8.800778183407113,-9.110970370246692,-11.700113439412359,True
2023-08-13,BTCUSDT,29430.18,29474.65,29272.32,29303.84,11101.70947,288,288,1.7318194706513102e-05,-0.0043017731911703,True,0.0041615135115139,0.4161513511513942,-10.96375289198806,-11.700113439412359,-9.399261727202349,-9.236678774147707,-10.96375289198806,True
2023-08-14,BTCUSDT,29303.85,29695.32,29102.45,29430.93,31443.11532,288,288,0.0001162864363014,0.004327596697698,True,0.0107836188870664,1.0783618887066444,-9.059454132056224,-10.96375289198806,-9.971245704814269,-9.291464363407936,-9.059454132056224,True
2023-08-15,BTCUSDT,29430.92,29499.26,29059.6,29200.0,27503.87691,288,288,0.0001040084422892,-0.0078774528796105,True,0.0101984529360693,1.0198452936069369,-9.171038486259791,-9.059454132056224,-10.098781735175304,-9.285712990542926,-9.171038486259791,True
2023-08-16,BTCUSDT,29200.01,29259.85,28723.08,28730.51,32996.69854,288,288,0.0001344327270716,-0.0162090849613037,True,0.0115945128000997,1.1594512800099703,-8.91444665452073,-9.171038486259791,-10.107040222266683,-9.346376194757857,-8.91444665452073,True
2023-08-17,BTCUSDT,28730.51,28783.48,25166.0,26623.41,100271.54033,288,288,0.0101962580254293,-0.076168720376414,True,0.1009765221496035,10.097652214960355,-4.585734486253626,-8.91444665452073,-9.961761120847433,-9.339002908069254,-4.585734486253626,True
2023-08-18,BTCUSDT,26623.41,26832.6,25619.0,26054.0,69790.65711,288,288,0.0008509430717028,-0.0216195966611477,True,0.0291709285368636,2.9170928536863685,-7.069165327394914,-4.585734486253626,-8.538885330215686,-9.16044553465067,-7.069165327394914,True
2023-08-19,BTCUSDT,26054.0,26281.0,25801.09,26100.01,26160.75343,288,288,0.0001892053685934,0.0017643901949648,True,0.0137551942404855,1.3755194240485524,-8.572677526519678,-7.069165327394914,-7.759967817297057,-9.061047178091938,-8.572677526519678,True
2023-08-20,BTCUSDT,26100.01,26299.0,25971.05,26189.99,19056.91209,288,288,0.0001218780219298,0.0034415792240857,True,0.0110398379485318,1.1039837948531896,-9.012489833632225,-8.572677526519678,-7.662612496189747,-9.0240929212219,-9.012489833632225,True
2023-08-21,BTCUSDT,26190.0,26258.42,25812.0,26126.92,30267.24233,288,288,0.0001739464829701,-0.0024110762869456,True,0.0131888772444867,1.318887724448678,-8.65676287519619,-9.012489833632225,-7.630902765664234,-8.941842073227432,-8.65676287519619,True
2023-08-22,BTCUSDT,26126.92,26139.42,25300.0,26056.0,34247.06688,288,288,0.000330099556754,-0.0027181324335441,True,0.0181686421274143,1.816864212741439,-8.016116261868827,-8.65676287519619,-7.579366009799327,-8.908116612619184,-8.016116261868827,True
2023-08-23,BTCUSDT,26055.99,26819.27,25812.82,26432.72,44023.69978,288,288,0.0004456103254207,0.014354568703085,True,0.0211094842528352,2.1109484252835298,-7.716065697670159,-8.016116261868827,-8.265442364922366,-8.864783282131022,-7.716065697670159,True
2023-08-24,BTCUSDT,26432.71,26577.87,25864.0,26180.05,30205.22116,288,288,0.000203651718625,-0.0096049663422378,True,0.0142706593619566,1.427065936195662,-8.49909928479424,-7.716065697670159,-8.394822438977416,-8.842976170627397,-8.49909928479424,True
2023-08-25,BTCUSDT,26180.05,26314.05,25777.15,26060.01,27753.33772,288,288,0.0001738988717452,-0.0045957149083005,True,0.0131870721445387,1.3187072144538776,-8.65703662457678,-8.49909928479424,-8.380106790632329,-8.864682246839408,-8.65703662457678,True
2023-08-26,BTCUSDT,26060.0,26125.77,25985.92,26017.37,10022.22322,288,288,3.042783421318178e-05,-0.0016375635459643,True,0.0055161430559025,0.5516143055902537,-10.400152769339469,-8.65703662457678,-8.30901614882124,-8.853366887376353,-10.400152769339469,True
2023-08-27,BTCUSDT,26017.38,26182.23,25966.11,26101.77,12099.64216,288,288,3.464073986957206e-05,0.003238736240679,True,0.005885638441968,0.5885638441968047,-10.270480115676772,-10.400152769339469,-8.657694127649894,-8.912462102958226,-10.270480115676772,True
2023-08-28,BTCUSDT,26101.78,26253.99,25864.5,26120.0,22692.62655,288,288,0.0001421825455855,0.0006981762870345,True,0.0119240322704003,1.1924032270400349,-8.858398793659925,-10.270480115676772,-9.108566898411485,-8.891045865135313,-8.858398793659925,True
2023-08-29,BTCUSDT,26120.0,28142.85,25922.0,27716.34,74251.99488,288,288,0.0012273617173269,0.0593208265640987,True,0.0350337225730723,3.5033722573072303,-6.702888358550366,-8.858398793659925,-9.337033517609438,-8.82394891444798,-6.702888358550366,True
2023-08-30,BTCUSDT,27716.34,27768.57,27017.24,27299.99,35448.25848,288,288,0.0002819619064712,-0.0151357950818485,True,0.0167917213671275,1.6791721367127557,-8.17373857958621,-6.702888358550366,-8.977791332360663,-8.732821307089534,-8.17373857958621,True
2023-08-31,BTCUSDT,27299.99,27587.51,25655.01,25940.78,51032.80401,288,288,0.0005007541344758,-0.0510700880633565,True,0.0223775363808398,2.23775363808398,-7.5993953268856815,-8.17373857958621,-8.881131723362547,-8.735998833255794,-7.5993953268856815,True
2023-09-01,BTCUSDT,25940.77,26156.0,25333.75,25805.05,41032.15056,288,288,0.0004574164982773,-0.0052460386193212,True,0.021387297591734,2.138729759173403,-7.689916207333697,-7.5993953268856815,-8.320980234871792,-8.69861798537555,-7.689916207333697,True
2023-09-02,BTCUSDT,25805.04,25987.5,25752.47,25869.51,16250.77698,288,288,6.423264727936928e-05,0.0024948459526159,True,0.0080145272648715,0.801452726487154,-9.652998951922408,-7.689916207333697,-7.804867453203175,-8.63317117430877,-9.652998951922408,True
2023-09-03,BTCUSDT,25869.52,26135.0,25800.0,25971.21,17474.47667,288,288,0.0001095985190896,0.0039235616506474,True,0.0104689311340569,1.0468931134056976,-9.11868669549785,-9.652998951922408,-7.963787484855672,-8.633723755686288,-9.11868669549785,True
2023-09-04,BTCUSDT,25971.21,26108.02,25631.21,25826.02,21777.59609,288,288,0.0001318786108493,-0.0056061059735253,True,0.0114838412932834,1.1483841293283406,-8.933628673261019,-9.11868669549785,-8.44694715224517,-8.516386176417447,-8.933628673261019,True
2023-09-05,BTCUSDT,25826.03,25915.49,25562.62,25792.1,21323.39337,288,288,0.0001416283504758,-0.0013142673496243,True,0.0119007710034205,1.190077100342052,-8.862304181520472,-8.933628673261019,-8.598925170980133,-8.424107802838945,-8.862304181520472,True
2023-09-06,BTCUSDT,25792.11,26040.0,25372.51,25759.95,27262.52386,288,288,0.0002233078808038,-0.0012472832474364,True,0.014943489579205,1.4943489579205016,-8.406959107292202,-8.862304181520472,-8.85150694190709,-8.415146441450956,-8.406959107292202,True
2023-09-07,BTCUSDT,25759.95,26443.14,25615.38,26255.0,27687.49567,288,288,0.0002842702515423,0.0190354868493409,True,0.0168603158790783,1.6860315879078314,-8.165585182340072,-8.406959107292202,-8.99491552189879,-8.380415560588792,-8.165585182340072,True
2023-09-08,BTCUSDT,26255.0,26445.5,25647.26,25910.5,28999.76471,288,288,0.0002480508869671,-0.0132081551334935,True,0.0157496313279768,1.57496313279768,-8.301876643464286,-8.165585182340072,-8.697432767982322,-8.3463764027624,-8.301876643464286,True
2023-09-09,BTCUSDT,25910.5,25945.09,25796.64,25901.61,10980.62277,288,288,2.92823360976488e-05,-0.0003431630206622,True,0.0054113155607161,0.5411315560716156,-10.438526087298033,-8.301876643464286,-8.53407075757561,-8.515291955362885,-10.438526087298033,True
2023-09-10,BTCUSDT,25901.6,26033.66,25570.57,25841.61,18738.26914,288,288,0.0001089368451119,-0.0023191454606863,True,0.010437281500082,1.0437281500082016,-9.124742246296826,-10.438526087298033,-8.835050240383012,-8.668444717176662,-9.124742246296826,True
2023-09-11,BTCUSDT,25841.6,25900.69,24901.0,25162.52,41682.32,288,288,0.0003799793603662,-0.0266303976758028,True,0.0194930592869935,1.9493059286993557,-7.8753936215447355,-9.124742246296826,-8.887537853338284,-8.693538568075624,-7.8753936215447355,True
2023-09-12,BTCUSDT,25162.53,26567.0,25131.48,25840.1,56434.38537,288,288,0.0007470930043223,0.0265719630767787,True,0.0273330021095812,2.7333002109581206,-7.199320876803229,-7.8753936215447355,-8.78122475618879,-8.641852376617102,-7.199320876803229,True
2023-09-13,BTCUSDT,25840.1,26405.22,25764.17,26222.0,31610.82753,288,288,0.0003091900096253,0.0146712042012562,True,0.0175837996356111,1.7583799635611113,-8.08155455216983,-7.199320876803229,-8.587971895081422,-8.575605013053785,-8.08155455216983,True
2023-09-14,BTCUSDT,26222.0,26860.49,26126.77,26522.73,38333.1725,288,288,0.0003393477715346,0.0114033481188437,True,0.0184213943971321,1.8421394397132116,-7.988485101700368,-8.08155455216983,-8.54390747682253,-8.578579480794739,-7.988485101700368,True
2023-09-15,BTCUSDT,26522.73,26888.0,26224.0,26600.0,26227.29369,288,288,0.0001977922713667,0.0029091145916016,True,0.0140638640268855,1.406386402688557,-8.528293212508192,-7.988485101700368,-8.053899279702998,-8.59096218097793,-8.528293212508192,True
2023-09-16,BTCUSDT,26599.99,26777.0,26445.0,26559.67,13960.93351,288,288,9.121663460994476e-05,-0.0015173159554021,True,0.0095507400032638,0.955074000326387,-9.302273280477438,-8.528293212508192,-7.934609472945271,-8.592289177692201,-9.302273280477438,True
2023-09-17,BTCUSDT,26559.67,26623.25,26399.0,26527.51,12998.10277,288,288,5.630467383868666e-05,-0.0012115920994156,True,0.0075036440373119,0.7503644037311915,-9.78473300959138,-9.302273280477438,-8.219985404731812,-8.621618116596776,-9.78473300959138,True
2023-09-18,BTCUSDT,26527.5,27409.0,26377.35,26762.51,43000.43256,288,288,0.0004248819011171,0.0088197198400654,True,0.0206126636104387,2.0612663610438764,-7.763699307380052,-9.78473300959138,-8.73706783128944,-8.593644491153682,-7.763699307380052,True
2023-09-19,BTCUSDT,26762.5,27483.57,26667.79,27210.26,36190.52187,288,288,0.0004067178950939,0.0165920804871495,True,0.0201672480793481,2.01672480793481,-7.807390745296453,-7.763699307380052,-8.673496782331487,-8.479699908958377,-7.807390745296453,True
2023-09-20,BTCUSDT,27210.25,27388.63,26800.0,27125.0,34207.21867,288,288,0.0003780333295055,-0.0031382961994274,True,0.0194430792187229,1.944307921872292,-7.880528192936749,-7.807390745296453,-8.637277911050703,-8.431926815850945,-7.880528192936749,True
2023-09-21,BTCUSDT,27125.01,27159.6,26377.7,26568.08,34476.82662,288,288,0.0001885754964945,-0.0207453166494908,True,0.0137322793626762,1.37322793626762,-8.576012119352532,-7.880528192936749,-8.507724907136414,-8.485455899232145,-8.576012119352532,True
2023-09-22,BTCUSDT,26568.08,26743.38,26468.77,26580.14,18198.2292,288,288,0.0001190846830394,0.000453825178227,True,0.0109125928650985,1.091259286509858,-9.035675695755916,-8.576012119352532,-8.362472674911434,-8.503741060130615,-9.035675695755916,True
2023-09-23,BTCUSDT,26580.14,26632.81,26509.0,26575.96,9440.7026,288,288,2.1761880862225416e-05,-0.0001572726369525,True,0.0046649631147765,0.4664963114776516,-10.735350703028814,-9.035675695755916,-8.21266121214434,-8.569026531442898,-10.735350703028814,True
2023-09-24,BTCUSDT,26575.97,26738.54,26122.08,26248.38,15706.65771,288,288,0.0001063136186991,-0.0124027749048937,True,0.0103108495624328,1.0310849562432822,-9.1491171651207,-10.735350703028814,-8.806991491274093,-8.70745537215631,-9.1491171651207,True
2023-09-25,BTCUSDT,26248.39,26446.15,25990.46,26304.81,26266.2039,288,288,0.0002061651135323,0.0021475393477567,True,0.0143584509447359,1.4358450944735903,-8.486833188220457,-9.1491171651207,-9.075336775238942,-8.684551654574417,-8.486833188220457,True
2023-09-26,BTCUSDT,26304.8,26397.46,26088.34,26221.67,18495.35066,288,288,0.0001083552727001,-0.0031656440496648,True,0.0104093838770662,1.0409383877066252,-9.130095167574801,-8.486833188220457,-9.196597774295684,-8.655831040607262,-9.130095167574801,True
2023-09-27,BTCUSDT,26221.68,26850.0,26112.06,26372.99,34771.57978,288,288,0.0002016801694848,0.0057542122158005,True,0.0142014143480429,1.4201414348042969,-8.508827434720029,-9.130095167574801,-9.307414383940138,-8.664761335803341,-8.508827434720029,True
2023-09-28,BTCUSDT,26373.0,27308.48,26342.4,27021.39,44517.83491,288,288,0.0003985257211793,0.0242883942227593,True,0.0199631090058469,1.9963109005846915,-7.827738516824973,-8.508827434720029,-9.20204473173296,-8.648694210948777,-7.827738516824973,True
2023-09-29,BTCUSDT,27021.39,27244.89,26665.16,26906.96,28478.76219,288,288,0.0003011281823826,-0.0042437853832954,True,0.0173530453345417,1.7353045334541777,-8.107974528774248,-7.827738516824973,-8.620522294492192,-8.622366002291175,-8.107974528774248,True
2023-09-30,BTCUSDT,26906.96,27094.99,26886.31,26962.56,12804.62307,288,288,4.85593662125928e-05,0.0020642478248621,True,0.0069684550807616,0.6968455080761646,-9.932723462933444,-8.107974528774248,-8.412293767222902,-8.619747336220001,-9.932723462933444,True
2023-10-01,BTCUSDT,26962.57,28065.51,26954.09,27992.57,24602.81468,288,288,0.0006843812857403,0.037489880793178,True,0.0261606820580114,2.6160682058011404,-7.286995360358226,-9.932723462933444,-8.701471822165498,-8.693876737104963,-7.286995360358226,True
2023-10-02,BTCUSDT,27992.58,28580.0,27281.44,27494.51,57071.14241,288,288,0.0008469449051091,-0.0179527694400131,True,0.02910231786489,2.9102317864890077,-7.073874912524568,-7.286995360358226,-8.332851860722183,-8.550625340425881,-7.073874912524568,True
2023-10-03,BTCUSDT,27494.51,27676.52,27160.5,27426.46,28928.96555,288,288,0.0002607695055325,-0.002478107536143,True,0.0161483592210654,1.6148359221065465,-8.251873661387416,-7.073874912524568,-8.045861356283092,-8.457404097981687,-8.251873661387416,True
2023-10-04,BTCUSDT,27426.45,27839.72,27202.0,27778.57,29816.142,288,288,0.0002980591793993,0.0127566192765867,True,0.0172643905018203,1.7264390501820344,-8.118218502586718,-8.251873661387416,-8.13068838519558,-8.474516827065445,-8.118218502586718,True
2023-10-05,BTCUSDT,27778.57,28120.39,27352.0,27410.39,30681.49619,288,288,0.0003423464500606,-0.0133427215220655,True,0.0185026065747688,1.8502606574768887,-7.979687321778845,-8.118218502586718,-8.132737179958074,-8.516284900964695,-7.979687321778845,True
2023-10-06,BTCUSDT,27410.39,28295.0,27175.94,27931.09,37983.24277,288,288,0.0006365413540474,0.0188182667350809,True,0.0252297711849993,2.522977118499936,-7.359461171068068,-7.979687321778845,-7.742129951727155,-8.51165457231056,-7.359461171068068,True
2023-10-07,BTCUSDT,27931.1,28029.67,27842.08,27956.67,13348.83825,288,288,7.361950127054612e-05,0.0009154062279923,True,0.0085801807248184,0.8580180724818454,-9.516600604410888,-7.359461171068068,-7.756623113869123,-8.483062575463636,-9.516600604410888,True
2023-10-08,BTCUSDT,27956.67,28095.14,27687.5,27917.05,19693.56921,288,288,0.0001590273815722,-0.0014181982742734,True,0.0126106059161437,1.2610605916143771,-8.746434159424767,-9.516600604410888,-8.245168252246387,-8.527985638731941,-8.746434159424767,True
2023-10-09,BTCUSDT,27917.06,27987.93,27260.0,27590.12,31534.74639,288,288,0.0002797617865848,-0.0117798756643831,True,0.0167260810288871,1.6726081028887168,-8.181572079095716,-8.746434159424767,-8.344080351853858,-8.50272022413864,-8.181572079095716,True
2023-10-10,BTCUSDT,27590.12,27735.0,27298.0,27390.12,22776.84383,288,288,0.0001825035175078,-0.007275373195296,True,0.0135093862742836,1.3509386274283668,-8.608741111112128,-8.181572079095716,-8.356751067155656,-8.42984927275247,-8.608741111112128,True
2023-10-11,BTCUSDT,27390.12,27477.39,26538.66,26875.52,37349.44706,288,288,0.0004094388060041,-0.0189665293285475,True,0.0202345942881032,2.023459428810322,-7.800723101725229,-8.608741111112128,-8.482561825022314,-8.468260263831201,-7.800723101725229,True
2023-10-12,BTCUSDT,26875.52,26947.04,26555.0,26759.63,23428.64112,288,288,0.0001422345064238,-0.0043214265402856,True,0.0119262108996879,1.1926210899687917,-8.858033408824445,-7.800723101725229,-8.570814211153746,-8.46795718912342,-8.858033408824445,True
2023-10-13,BTCUSDT,26759.63,27130.0,26685.0,26862.0,24115.76499,288,288,0.000204867348393,0.003818239929321,True,0.0143131879185958,1.4313187918595849,-8.493147869282897,-8.858033408824445,-8.439100772036458,-8.512389244391043,-8.493147869282897,True
2023-10-14,BTCUSDT,26862.0,26989.58,26789.0,26852.48,10417.25576,288,288,3.463017222238245e-05,-0.0003544668067027,True,0.0058847406249028,0.5884740624902889,-10.27078522634884,-8.493147869282897,-8.388443514008083,-8.508622687569696,-10.27078522634884,True
2023-10-15,BTCUSDT,26852.48,27293.33,26808.25,27154.15,15274.6917,288,288,8.841421116555512e-05,0.0111717075306759,True,0.0094028831304847,0.9402883130484772,-9.333477841449799,-10.27078522634884,-8.806286143458708,-8.564764029869373,-9.333477841449799,True
2023-10-16,BTCUSDT,27154.14,30000.0,27112.66,28500.78,78399.22445,288,288,0.0037801693154688,0.0484015661102947,True,0.0614830815384921,6.148308153849216,-5.577986477901729,-9.333477841449799,-8.951233489526242,-8.501042536161236,-5.577986477901729,True
2023-10-17,BTCUSDT,28500.77,28613.65,28069.32,28395.91,38428.44532,288,288,0.0003980518057671,-0.003686334609521,True,0.0199512356952433,1.995123569524336,-7.828928395906627,-5.577986477901729,-8.506686164761543,-8.338718414014918,-7.828928395906627,True
2023-10-18,BTCUSDT,28395.91,28982.36,28142.87,28320.0,32162.47591,288,288,0.0003399147629,-0.0026768518861114,True,0.0184367774543187,1.843677745431876,-7.986815669136843,-7.828928395906627,-8.30086516217798,-8.308813650727927,-7.986815669136843,True
2023-10-19,BTCUSDT,28320.0,28916.89,28100.66,28713.71,35895.50179,288,288,0.0003272513473384,0.0138064402260019,True,0.0180900897548475,1.8090089754847536,-8.024782036029494,-7.986815669136843,-8.199598722148767,-8.25684640079893,-8.024782036029494,True
2023-10-20,BTCUSDT,28713.71,30207.55,28578.29,29669.04,59422.0992,288,288,0.0006471040789104,0.0327293688126805,True,0.0254382404837767,2.5438240483776795,-7.343003412551425,-8.024782036029494,-7.750398084084898,-8.234844337222086,-7.343003412551425,True
2023-10-21,BTCUSDT,29669.05,30379.99,29464.77,29909.8,27517.51897,288,288,0.0002154481595033,0.0080821080284534,True,0.0146781524553778,1.4678152455377866,-8.442790236508884,-7.343003412551425,-7.352303198305225,-8.212810923391471,-8.442790236508884,True
2023-10-22,BTCUSDT,29909.8,30248.0,29640.0,29992.46,22852.54563,288,288,0.0001978280816066,0.0027598308466535,True,0.0140651370987501,1.4065137098750162,-8.52811217915271,-8.442790236508884,-7.925263950026656,-8.22802981919759,-8.52811217915271,True
2023-10-23,BTCUSDT,29992.46,34741.91,29883.6,33069.99,93513.64246,288,288,0.0041206824309188,0.0976802078654771,True,0.0641925418636689,6.4192541863668975,-5.4917364907647315,-8.52811217915271,-8.065100706675873,-8.16418385175301,-5.4917364907647315,True
2023-10-24,BTCUSDT,33069.99,35280.0,32832.34,33922.73,115265.02418,288,288,0.0027541072839171,0.0254590665708616,True,0.0524795892125417,5.247958921254173,-5.89466192376373,-5.4917364907647315,-7.566084871001449,-8.0825811758624,-5.89466192376373,True
2023-10-25,BTCUSDT,33922.73,35132.85,33679.05,34496.05,54887.02529,288,288,0.0009008939270713,0.0167595335532496,True,0.0300148950867948,3.001489508679487,-7.012123035287198,-5.89466192376373,-7.140060848548297,-8.028980585464177,-7.012123035287198,True
2023-10-26,BTCUSDT,34496.05,34824.13,33751.0,34151.66,39744.66255,288,288,0.0005089576886134,-0.0100336308158804,True,0.0225600906162513,2.25600906162513,-7.583145671365217,-7.012123035287198,-7.07388477309545,-7.972628284277804,-7.583145671365217,True
2023-10-27,BTCUSDT,34151.66,34245.0,33390.95,33892.02,32330.40106,288,288,0.0003180833488799,-0.0076316054672119,True,0.0178348913335629,1.7834891333562937,-8.053197106131279,-7.583145671365217,-6.901955860066717,-7.9483067919495545,-8.053197106131279,True
2023-10-28,BTCUSDT,33892.01,34493.33,33860.0,34081.0,16880.13144,288,288,0.0001632761648742,0.0055604558078285,True,0.0127779562088086,1.2777956208808672,-8.720067527770135,-8.053197106131279,-6.806972845462431,-7.951648145783756,-8.720067527770135,True
2023-10-29,BTCUSDT,34081.01,34750.11,33930.0,34525.89,20685.52176,288,288,0.0001702707776867,0.0129694331309005,True,0.0130487845290953,1.3048784529095383,-8.678120578168569,-8.720067527770135,-7.452639052863512,-8.013493889270215,-8.678120578168569,True
2023-10-30,BTCUSDT,34525.88,34856.0,34062.84,34474.73,33657.95976,288,288,0.0003018406053938,-0.0014828854979811,True,0.0173735605272454,1.737356052724542,-8.105611476632388,-8.678120578168569,-8.00933078374448,-7.975381160804654,-8.105611476632388,True
2023-10-31,BTCUSDT,34474.74,34720.49,34025.0,34639.77,32737.89822,288,288,0.0002510937309973,0.0047758520627771,True,0.0158459373656885,1.5845937365688505,-8.289684258272091,-8.105611476632388,-8.228028472013518,-7.9462528570413635,-8.289684258272091,True
2023-11-01,BTCUSDT,34639.78,35582.0,34097.39,35421.43,53473.28165,288,288,0.0006665427843091,0.0223145602612116,True,0.0258174898917218,2.581748989172185,-7.313406227893984,-8.289684258272091,-8.369336189394893,-7.951167047003927,-7.313406227893984,True
2023-11-02,BTCUSDT,35421.43,35984.99,34300.0,34941.59,48015.57732,288,288,0.0004943189785673,-0.0136391939573107,True,0.0222332853750253,2.2233285375025376,-7.612329543552696,-7.313406227893984,-8.221378013747433,-7.892288188675829,-7.612329543552696,True
2023-11-03,BTCUSDT,34941.58,34946.5,34120.0,34716.78,39071.20644,288,288,0.0003623151315731,-0.0064546666973651,True,0.0190345772627913,1.903457726279133,-7.922996195621836,-7.612329543552696,-7.999830416903945,-7.883724845122533,-7.922996195621836,True
2023-11-04,BTCUSDT,34716.78,35255.0,34585.18,35062.07,18377.55545,288,288,0.000160617427634,0.0098967758372314,True,0.0126734931109812,1.267349311098126,-8.736485246560692,-7.922996195621836,-7.848805540394599,-7.841223153613322,-8.736485246560692,True
2023-11-05,BTCUSDT,35062.06,35380.0,34448.0,35011.88,24528.73376,288,288,0.0003925272524586,-0.0014324869250988,True,0.0198123005342306,1.981230053423068,-7.84290459013663,-8.736485246560692,-7.974980294380259,-7.852283943489587,-7.84290459013663,True
2023-11-06,BTCUSDT,35011.89,35276.33,34725.9,35046.09,22346.47086,288,288,0.0002464776117976,0.0009766198683487,True,0.0156996054663052,1.569960546630524,-8.308239392956818,-7.84290459013663,-7.885624360753168,-7.741925732752668,-8.308239392956818,True
2023-11-07,BTCUSDT,35046.09,35888.0,34523.06,35399.12,38688.73692,288,288,0.0004598564142546,0.0100229087373368,True,0.0214442629683244,2.144426296832445,-7.6845962601326585,-8.308239392956818,-8.084590993765733,-7.695323985093896,-7.6845962601326585,True
2023-11-08,BTCUSDT,35399.13,36106.0,35100.0,35624.72,33401.34137,288,288,0.0003361011187428,0.006352817835123,True,0.0183330608121744,1.8333060812174475,-7.998098494637742,-7.6845962601326585,-8.099044337081725,-7.791078975195302,-7.998098494637742,True
2023-11-09,BTCUSDT,35624.72,37972.24,35534.05,36701.09,82537.88885,288,288,0.0014140538972288,0.0297666759831555,True,0.0376039080047392,3.760390800473929,-6.561294595382134,-7.998098494637742,-8.114064796884907,-7.798768525137626,-6.561294595382134,True
2023-11-10,BTCUSDT,36701.1,37526.0,36324.71,37301.63,43414.04898,288,288,0.0005841074561004,0.0162305705349065,True,0.0241683151274658,2.416831512746584,-7.445425591890085,-6.561294595382134,-7.6790266666491975,-7.73397211269423,-7.445425591890085,True
2023-11-11,BTCUSDT,37301.63,37408.26,36666.93,37130.0,22984.97235,288,288,0.0002007535855481,-0.004611757237879,True,0.0141687538459855,1.4168753845985531,-8.513432344534264,-7.445425591890085,-7.599530866999888,-7.707637728869712,-8.513432344534264,True
2023-11-12,BTCUSDT,37129.99,37222.22,36731.1,37064.13,17687.18874,288,288,0.0001459176954487,-0.0017756126342132,True,0.0120796397069089,1.2079639706908951,-8.83246782501475,-8.513432344534264,-7.640569457315377,-7.76083904395984,-8.83246782501475,True
2023-11-13,BTCUSDT,37064.13,37417.99,36333.0,36462.93,32798.18252,288,288,0.000364560329439,-0.0163535274925208,True,0.0190934630027933,1.9093463002793325,-7.916818507347107,-8.83246782501475,-7.8701437702917945,-7.778551661619196,-7.916818507347107,True
2023-11-14,BTCUSDT,36462.93,36744.0,34800.0,35551.19,45503.68416,288,288,0.0007580287029529,-0.0253224983929354,True,0.0275323210600376,2.7532321060037637,-7.184789306346348,-7.916818507347107,-7.853887772833668,-7.7507655856280335,-7.184789306346348,True
2023-11-15,BTCUSDT,35551.2,37980.0,35360.0,37858.2,53569.13385,288,288,0.0010027912996841,0.0628739714000112,True,0.0316668801697312,3.1666880169731217,-6.904967867740808,-7.184789306346348,-7.978586715026511,-7.827722531790834,-6.904967867740808,True
2023-11-16,BTCUSDT,37858.2,37929.54,35500.0,36163.51,47490.39566,288,288,0.0008594028955797,-0.0457970016721313,True,0.0293155742836429,2.9315574283642976,-7.059272717325239,-6.904967867740808,-7.870495170196657,-7.873645529244339,-7.059272717325239,True
2023-11-17,BTCUSDT,36163.51,36800.0,35861.1,36613.92,38283.61112,288,288,0.0006976173853267,0.0123778965726658,True,0.0264124475451767,2.641244754517679,-7.267839764053466,-7.059272717325239,-7.57966324475485,-7.875788696609703,-7.267839764053466,True
2023-11-18,BTCUSDT,36613.91,36845.49,36178.58,36568.1,17102.24186,288,288,0.0001265402894499,-0.001252220312786,True,0.0112490128211288,1.1249012821128876,-8.974949806829944,-7.267839764053466,-7.266737632562593,-7.861456609913714,-8.974949806829944,True
2023-11-19,BTCUSDT,36568.11,37500.0,36384.02,37359.86,21246.34648,288,288,0.0002202280583131,0.0214205903732047,True,0.0148400828270316,1.484008282703169,-8.420846919844498,-8.974949806829944,-7.47836389245916,-7.903354459945472,-8.420846919844498,True
2023-11-20,BTCUSDT,37359.85,37750.0,36677.0,37448.78,36022.70291,288,288,0.0005794733439661,0.0023772666332887,True,0.0240722525735782,2.4072252573578217,-7.453390894575296,-8.420846919844498,-7.725575415158791,-7.88975352322158,-7.453390894575296,True
2023-11-21,BTCUSDT,37448.79,37649.44,35735.0,35741.65,47646.54804,288,288,0.0007039069799921,-0.0466574572380068,True,0.0265312453532081,2.6531245353208126,-7.258864341229301,-7.453390894575296,-7.8352600205256895,-7.834083992149158,-7.258864341229301,True
2023-11-22,BTCUSDT,35741.65,37861.1,35632.01,37408.34,45051.30697,288,288,0.0005523962168574,0.0455769987877175,True,0.0235031107910721,2.3503110791072177,-7.50124498500907,-7.258864341229301,-7.8751783453065,-7.795595485994472,-7.50124498500907,True
2023-11-23,BTCUSDT,37408.35,37653.44,36870.0,37294.28,23827.92882,288,288,0.0002127498502963,-0.0030537105294437,True,0.0145859470140392,1.4585947014039222,-8.455393494171203,-7.50124498500907,-7.921859389497622,-7.75975733720979,-8.455393494171203,True
2023-11-24,BTCUSDT,37294.27,38414.0,37251.51,37713.57,44680.80646,288,288,0.0005454235509116,0.0111800129543661,True,0.0233543047618995,2.335430476189956,-7.513947907495693,-8.455393494171203,-7.817948126965874,-7.8116658493133,-7.513947907495693,True
2023-11-25,BTCUSDT,37713.57,37888.0,37591.1,37780.67,11396.14464,288,288,5.258834979649502e-05,0.0017776195288352,True,0.007251782525455,0.7251782525455036,-9.853015949511073,-7.513947907495693,-7.636568324496112,-7.807193956765254,-9.853015949511073,True
2023-11-26,BTCUSDT,37780.67,37814.63,37150.0,37447.43,21264.53723,288,288,0.0001681248505614,-0.0088595133917139,True,0.0129662967173131,1.2966296717313184,-8.690803696462693,-9.853015949511073,-8.116493335483268,-7.894922127396582,-8.690803696462693,True
2023-11-27,BTCUSDT,37447.42,37569.23,36707.0,37242.7,30001.07376,288,288,0.0003354003684733,-0.0054821303093668,True,0.0183139391850392,1.8313939185039227,-8.000185609967241,-8.690803696462693,-8.402881206529946,-7.892845693301218,-8.000185609967241,True
2023-11-28,BTCUSDT,37242.7,38377.0,36868.41,37818.87,37544.46667,288,288,0.0003815103517125,0.0153522319467539,True,0.0195322899761527,1.953228997615277,-7.871372573368046,-8.000185609967241,-8.50266933152158,-7.899994830566246,-7.871372573368046,True
2023-11-29,BTCUSDT,37818.88,38450.0,37570.0,37854.64,32994.19107,288,288,0.0002979151557198,0.0009453771250753,True,0.0172602188780972,1.72602188780972,-8.11870182434679,-7.871372573368046,-8.38586514736095,-7.880137247857666,-8.11870182434679,True
2023-11-30,BTCUSDT,37854.65,38145.85,37500.0,37723.96,24740.29147,288,288,0.00021498366906,-0.0034581251896563,True,0.014662321407611,1.4662321407611096,-8.444948490582021,-8.11870182434679,-8.506815930731168,-7.8998693189583085,-8.444948490582021,True
2023-12-01,BTCUSDT,37723.97,38999.0,37615.86,38682.52,43415.66324,288,288,0.0003218332698731,0.0250923820630881,True,0.01793971209003,1.7939712090030024,-8.041476941947366,-8.444948490582021,-8.225202438945358,-7.920180682410321,-8.041476941947366,True
2023-12-02,BTCUSDT,38682.51,39717.14,38641.61,39450.35,26696.92161,288,288,0.000317062774294,0.0196551008311672,True,0.0178062566053065,1.7806256605306596,-8.056410777527548,-8.041476941947366,-8.095337088042292,-7.987461698163286,-8.056410777527548,True
2023-12-03,BTCUSDT,39450.35,40250.0,39274.86,39972.26,26710.65335,288,288,0.0002101641356816,0.0131427942891877,True,0.0144970388590803,1.4497038859080391,-8.467621734052026,-8.056410777527548,-8.106582121554354,-8.015233752055899,-8.467621734052026,True
2023-12-04,BTCUSDT,39972.26,42420.0,39972.26,41991.1,79272.33059,288,288,0.0009204724789645,0.0492719775349003,True,0.0303392893615621,3.0339289361562156,-6.990623455658246,-8.467621734052026,-8.22583195369115,-8.013151451579432,-6.990623455658246,True
2023-12-05,BTCUSDT,41991.1,44488.0,41414.0,44073.32,67490.74644,288,288,0.0008462575346893,0.0483969196447075,True,0.0290905059201348,2.909050592013482,-7.074686830156392,-6.990623455658246,-8.000216279953442,-7.929431252972319,-7.074686830156392,True
2023-12-06,BTCUSDT,44073.82,44297.21,43335.28,43762.69,51431.10492,288,288,0.0006436571274611,-0.0070729828231439,True,0.0253703986460825,2.5370398646082504,-7.348344384415553,-7.074686830156392,-7.726163947868315,-7.891152540372741,-7.348344384415553,True
2023-12-07,BTCUSDT,43762.69,44047.33,42821.1,43273.14,47103.26845,288,288,0.0003868108073081,-0.0112495086853489,True,0.0196675063825616,1.9667506382561657,-7.857574854475303,-7.348344384415553,-7.587537436361953,-7.898586862103159,-7.857574854475303,True
2023-12-08,BTCUSDT,43273.15,44700.0,43081.1,44170.99,42900.37556,288,288,0.0003186625865635,0.0205361195573294,True,0.0178511228376125,1.7851122837612563,-8.051377737333976,-7.857574854475303,-7.547770251751504,-7.941887179681999,-8.051377737333976,True
2023-12-09,BTCUSDT,44171.0,44358.02,43584.51,43713.6,24925.97008,288,288,0.0002087987347295,-0.0104089722604947,True,0.0144498697132392,1.4449869713239245,-8.474139761698767,-8.051377737333976,-7.464521452407894,-7.98698286240967,-8.474139761698767,True
2023-12-10,BTCUSDT,43713.59,44049.0,43563.0,43789.51,18956.61758,288,288,0.0001166817098263,0.0017350244818201,True,0.0108019308378823,1.0801930837882388,-9.056060759092862,-8.474139761698767,-7.761224713615998,-8.041814680484457,-9.056060759092862,True
2023-12-11,BTCUSDT,43789.5,43804.5,40222.0,41253.4,76663.89804,288,288,0.0018726811432132,-0.0596607573549246,True,0.043274486053716,4.3274486053716,-6.2803841085531475,-9.056060759092862,-8.157499499403292,-8.045501541950953,-6.2803841085531475,True
2023-12-12,BTCUSDT,41253.41,42104.12,40680.0,41492.39,42722.69773,288,288,0.0008283966054522,0.0057765033012808,True,0.0287818798109555,2.878187981095554,-7.096018526167079,-6.2803841085531475,-7.94390744423081,-7.948207777801346,-7.096018526167079,True
2023-12-13,BTCUSDT,41492.38,43475.2,40555.0,42869.03,45865.99773,288,288,0.0008510625137755,0.0326396168808306,True,0.0291729757442668,2.9172975744266862,-7.069024972893242,-7.096018526167079,-7.791596178569167,-7.931963579237336,-7.069024972893242,True
2023-12-14,BTCUSDT,42869.03,43420.0,41400.0,43022.26,42047.05709,288,288,0.0007985078610243,0.0035680023564599,True,0.0282578813965997,2.8257881396599784,-7.132765745618405,-7.069024972893242,-7.595125625681019,-7.923334517040243,-7.132765745618405,True
2023-12-15,BTCUSDT,43022.26,43080.81,41666.0,41940.3,33421.7932,288,288,0.0003571009895295,-0.0254704776409756,True,0.0188971159050662,1.889711590506626,-7.9374919323525885,-7.132765745618405,-7.326850822464948,-7.906585460704303,-7.9374919323525885,True
2023-12-16,BTCUSDT,41940.29,42724.43,41605.0,42278.03,24118.85747,288,288,0.0002027808861582,0.0080203872581412,True,0.0142401153843035,1.4240115384303582,-8.503384540402047,-7.9374919323525885,-7.103137057116892,-7.88304448062164,-8.503384540402047,True
2023-12-17,BTCUSDT,42278.02,42424.07,41252.0,41374.65,27722.11452,288,288,0.0003807729819363,-0.0215991913352092,True,0.0195134051855732,1.951340518557327,-7.873307208361722,-8.503384540402047,-7.547737143486673,-7.928018873026473,-7.873307208361722,True
2023-12-18,BTCUSDT,41374.64,42757.81,40542.93,42657.8,46734.0925,288,288,0.0007152050814637,0.0305417667085507,True,0.0267433184452447,2.6743318445244704,-7.242941229175372,-7.873307208361722,-7.703194879925602,-7.8380321120651395,-7.242941229175372,True
2023-12-19,BTCUSDT,42657.8,43497.0,41811.1,42275.99,40927.86444,288,288,0.0005378361516665,-0.0089908285492532,True,0.0231912947389011,2.319129473890113,-7.527956594993267,-7.242941229175372,-7.737978131182027,-7.772220181733897,-7.527956594993267,True
2023-12-20,BTCUSDT,42275.99,44283.0,42206.0,43668.93,48710.2947,288,288,0.0006967035452125,0.0324175526446283,True,0.0263951424548644,2.6395142454864495,-7.26915056736285,-7.527956594993267,-7.8170163010569995,-7.750755226507807,-7.26915056736285,True
2023-12-21,BTCUSDT,43668.92,44242.35,43286.72,43861.8,34624.29384,288,288,0.0004209201668016,0.0044069165684446,True,0.0205163390204397,2.051633902043975,-7.773067369813114,-7.26915056736285,-7.6833480280590525,-7.723381498962116,-7.773067369813114,True
2023-12-22,BTCUSDT,43861.79,44398.26,43412.54,43969.04,32783.19638,288,288,0.0003866476049071,0.0024419680670539,True,0.0196633569084015,1.9663356908401548,-7.857996861401195,-7.773067369813114,-7.537284593941266,-7.707670841937858,-7.857996861401195,True
2023-12-23,BTCUSDT,43969.04,43988.68,43291.1,43702.16,16557.1293,288,288,0.0001370352580925,-0.0060882210887268,True,0.0117062059648932,1.1706205964893297,-8.89527230690771,-7.857996861401195,-7.534222524549159,-7.68099122242964,-8.89527230690771,True
2023-12-24,BTCUSDT,43702.15,43946.0,42500.0,42991.5,25144.33496,288,288,0.0003211018799129,-0.0163951070628506,True,0.0179193158327242,1.791931583272424,-8.043752102283328,-8.89527230690771,-7.864688740095628,-7.71980010265511,-8.043752102283328,True
2023-12-25,BTCUSDT,42991.5,43802.32,42720.43,43576.13,27021.23992,288,288,0.0002942203111439,0.0135071016356844,True,0.0171528513998092,1.7152851399809224,-8.131181713621524,-8.043752102283328,-7.96784784155364,-7.719224708325826,-8.131181713621524,True
2023-12-26,BTCUSDT,43576.12,43592.68,41637.6,42508.93,41010.04282,288,288,0.000477418677404,-0.0247953518646707,True,0.0218499125262337,2.1849912526233792,-7.647116721649302,-8.131181713621524,-8.140254070805375,-7.70393198012444,-7.647116721649302,True
2023-12-27,BTCUSDT,42508.93,43677.0,42098.69,43428.85,36191.21136,288,288,0.00038623886938,0.0214097952982103,True,0.0196529608298621,1.9652960829862152,-7.859054547306699,-7.647116721649302,-8.115063941172611,-7.733772583124035,-7.859054547306699,True
2023-12-28,BTCUSDT,43428.86,43787.57,42241.79,42563.76,35150.52485,288,288,0.0004156635139903,-0.0201207798082353,True,0.0203878275936983,2.0387827593698393,-7.785634485607494,-7.859054547306699,-8.115275478353713,-7.769425661176322,-7.785634485607494,True
2023-12-29,BTCUSDT,42563.76,43111.0,41300.0,42066.95,42597.18912,288,288,0.0005025169325304,-0.0117407902387355,True,0.0224168894481472,2.2416889448147295,-7.59588122202085,-7.785634485607494,-7.8933479140936695,-7.789302483957773,-7.59588122202085,True
2023-12-30,BTCUSDT,42066.94,42612.32,41520.3,42140.28,22906.57818,288,288,0.0002491487851126,0.0017416561151896,True,0.0157844475707153,1.5784447570715368,-8.297460309377186,-7.59588122202085,-7.8037737380411745,-7.7774073188462065,-8.297460309377186,True
2023-12-31,BTCUSDT,42140.29,42899.0,41965.84,42283.58,23585.91603,288,288,0.0002677567571984,0.0033947781497307,True,0.0163632746477735,1.6363274647773585,-8.225431611986048,-8.297460309377186,-7.8370294571923065,-7.7885928903027155,-8.225431611986048,True
2024-01-01,BTCUSDT,42283.58,44184.1,42180.77,44179.55,27174.29903,288,288,0.0003132494448343,0.0438631813137808,True,0.0176988543367739,1.7698854336773908,-8.068510736466443,-8.225431611986048,-7.952692435259655,-7.777287974406684,-8.068510736466443,True
2024-01-02,BTCUSDT,44179.55,45879.63,44148.34,44946.91,65146.40661,288,288,0.0010505775216433,0.0172200031711358,True,0.0324126136194438,3.2412613619443835,-6.858415245405934,-8.068510736466443,-7.994583673091604,-7.732399337014574,-6.858415245405934,True
2024-01-03,BTCUSDT,44946.91,45500.0,40750.0,42845.23,81194.55173,288,288,0.0049266712149874,-0.0478876952125606,True,0.0701902501419353,7.019025014193538,-5.313091728926138,-6.858415245405934,-7.809139825051292,-7.75867347959879,-5.313091728926138,True
2024-01-04,BTCUSDT,42845.23,44729.58,42613.77,44151.1,48038.06334,288,288,0.0008278110568834,0.0300235215075553,True,0.0287717058389573,2.87717058389573,-7.096725621788615,-5.313091728926138,-7.35258192643235,-7.677631352451476,-7.096725621788615,True
2024-01-05,BTCUSDT,44151.1,44357.46,42450.0,44145.11,48075.25327,288,288,0.001124852469418,-0.0001356796630157,True,0.0335388203343242,3.3538820334324217,-6.790103390220243,-7.096725621788615,-7.112434988914636,-7.678890472855811,-6.790103390220243,True
2024-01-06,BTCUSDT,44145.12,44214.42,43397.05,43968.32,17835.06144,288,288,0.0001876510507154,-0.0040127875450879,True,0.0136985784195083,1.369857841950835,-8.580926433062922,-6.790103390220243,-6.825369344561475,-7.663314911246803,-8.580926433062922,True
2024-01-07,BTCUSDT,43968.32,44480.59,43572.09,43929.02,23023.8508,288,288,0.0003309230234599,-0.0008942250725398,True,0.0181912897690053,1.8191289769005303,-8.013624767155866,-8.580926433062922,-6.92785248388077,-7.692561934006363,-8.013624767155866,True
2024-01-08,BTCUSDT,43929.01,47248.99,43175.0,46951.04,72814.57589,288,288,0.0011986223878382,0.0665302071124086,True,0.0346211263224967,3.462112632249676,-6.726582391791417,-8.013624767155866,-7.158894388230758,-7.670300126131537,-6.726582391791417,True
2024-01-09,BTCUSDT,46951.04,47972.0,44748.67,46110.0,69927.66617,288,288,0.0027688008044039,-0.0180755104150297,True,0.0526193957054235,5.26193957054235,-5.889340975118803,-6.726582391791417,-7.441592520803813,-7.618176270832887,-5.889340975118803,True
2024-01-10,BTCUSDT,46110.0,47695.93,44300.36,46653.99,89911.41203,288,288,0.0022099571085114,0.011728607963834,True,0.0470101809027725,4.701018090277255,-6.1147821715542054,-5.889340975118803,-7.20011559146985,-7.556648986557589,-6.1147821715542054,True
2024-01-11,BTCUSDT,46654.0,48969.48,45606.06,46339.16,87470.3296,288,288,0.0016814334630093,-0.0067710622307299,True,0.0410052857935339,4.100528579353398,-6.3881085975880945,-6.1147821715542054,-7.065051347736642,-7.492413785492176,-6.3881085975880945,True
2024-01-12,BTCUSDT,46339.16,46515.53,41500.0,42782.73,86327.93707,288,288,0.0022743296458495,-0.0798528754667801,True,0.047689932332197,4.768993233219704,-6.086069931165409,-6.3881085975880945,-6.6264877806416775,-7.452366423229688,-6.086069931165409,True
2024-01-13,BTCUSDT,42782.74,43257.0,42436.12,42847.99,36118.47464,288,288,0.0005416768232439,0.0015242196406761,True,0.0232739516035405,2.3273951603540537,-7.520841001440213,-6.086069931165409,-6.240976813443585,-7.375684721472975,-7.520841001440213,True
2024-01-14,BTCUSDT,42847.99,43079.0,41720.0,41732.35,28228.40894,288,288,0.0004470084309008,-0.0263821287056391,True,0.0211425738948886,2.1142573894888614,-7.712933102452958,-7.520841001440213,-6.399828535373345,-7.360359455111111,-7.712933102452958,True
2024-01-15,BTCUSDT,41732.35,43400.43,41718.05,42511.1,40269.89303,288,288,0.0005062445129806,0.018488610880349,True,0.0224998780659063,2.249987806590637,-7.588490778159102,-7.712933102452958,-6.764546960840176,-7.306616763999531,-7.588490778159102,True
2024-01-16,BTCUSDT,42511.1,43578.01,42050.0,43137.95,45045.74589,288,288,0.0007214138342118,0.014637901828298,True,0.0268591480544689,2.6859148054468993,-7.234297612784061,-7.588490778159102,-7.059288682161156,-7.28592306744843,-7.234297612784061,True
2024-01-17,BTCUSDT,43137.94,43198.0,42200.69,42776.1,33266.21388,288,288,0.0003921179161685,-0.0084235847254337,True,0.0198019674822609,1.9801967482260916,-7.843947956854736,-7.234297612784061,-7.228526485200348,-7.245155608319456,-7.843947956854736,True
2024-01-18,BTCUSDT,42776.09,42930.0,40683.28,41327.5,43907.51641,288,288,0.000641332103811,-0.0344513974581589,True,0.0253245356089906,2.5324535608990675,-7.351963132543185,-7.843947956854736,-7.5801020903382135,-7.2541024826469735,-7.351963132543185,True
2024-01-19,BTCUSDT,41327.51,42196.86,40280.0,41659.03,48342.74559,288,288,0.0006927482309327,0.0079900138913295,True,0.0263201107697666,2.632011076976662,-7.274843927912357,-7.351963132543185,-7.546326516558809,-7.231052872884996,-7.274843927912357,True
2024-01-20,BTCUSDT,41659.03,41872.56,41456.3,41696.04,15923.99493,288,288,0.000126781456281,0.0008880084302504,True,0.0112597271850165,1.1259727185016537,-8.973045770496515,-7.274843927912357,-7.4587086816506885,-7.20783512026249,-8.973045770496515,True
2024-01-21,BTCUSDT,41696.05,41881.39,41500.98,41580.33,11730.16301,288,288,7.525041898387591e-05,-0.0027789413603013,True,0.0086746999362442,0.8674699936244245,-9.49468908645875,-8.973045770496515,-7.735619680118171,-7.270433508829567,-9.49468908645875,True
2024-01-22,BTCUSDT,41580.32,41689.65,39431.58,39568.02,55426.19911,288,288,0.0010000426174171,-0.0496060026684195,True,0.0316234504350356,3.162345043503562,-6.907712662473133,-9.49468908645875,-8.187697974853108,-7.324852998696911,-6.907712662473133,True
2024-01-23,BTCUSDT,39568.02,40176.74,38555.0,39897.6,57956.63351,288,288,0.0008450842784271,0.0082949554728831,True,0.0290703333043694,2.9070333304369416,-7.076074197797032,-6.907712662473133,-8.000450915976788,-7.2649566828099585,-7.076074197797032,True
2024-01-24,BTCUSDT,39897.59,40555.0,39484.19,40084.88,39293.82861,288,288,0.0005322443164824,0.0046830341411433,True,0.0230704208128602,2.3070420812860215,-7.538407932533467,-7.076074197797032,-7.945273129027558,-7.219845931052259,-7.538407932533467,True
2024-01-25,BTCUSDT,40084.89,40300.24,39550.0,39961.09,31022.11853,288,288,0.0002809912250589,-0.0030929751663046,True,0.0167627928776488,1.6762792877648829,-8.177187116666516,-7.538407932533467,-7.9979859299517795,-7.250754689558056,-8.177187116666516,True
2024-01-26,BTCUSDT,39961.09,42246.82,39822.52,41823.51,47384.96726,288,288,0.0005320161996298,0.0455523909262829,True,0.0230654763581827,2.306547635818272,-7.53883661865428,-8.177187116666516,-7.838814199185779,-7.380940843546255,-7.53883661865428,True
2024-01-27,BTCUSDT,41823.51,42200.0,41394.34,42120.63,16224.41667,288,288,0.0001275382633796,0.0070790228069783,True,0.0112932839944665,1.1293283994466554,-8.967094133450233,-7.53883661865428,-7.447643705624887,-7.4010367979492395,-8.967094133450233,True
2024-01-28,BTCUSDT,42120.63,42842.68,41620.81,42031.06,27294.99838,288,288,0.0003370498013064,-0.0021287756389731,True,0.0183589161255897,1.835891612558974,-7.995279860172788,-8.967094133450233,-7.859519999820305,-7.499990922641512,-7.995279860172788,True
2024-01-29,BTCUSDT,42031.05,43333.0,41804.88,43302.7,31542.74207,288,288,0.000430038946204,0.0298061199427095,True,0.0207373804084336,2.0737380408433697,-7.751634780810671,-7.995279860172788,-8.043361132295455,-7.473370623873778,-7.751634780810671,True
2024-01-30,BTCUSDT,43302.71,43882.36,42683.99,42941.1,37619.24546,288,288,0.0004533699168095,-0.0083855794598922,True,0.0212924849843685,2.1292484984368545,-7.698802172313777,-7.751634780810671,-8.086006501950898,-7.461461988130815,-7.698802172313777,True
2024-01-31,BTCUSDT,42941.1,43745.11,42276.84,42580.0,39871.13688,288,288,0.0006040327700866,-0.0084447497973819,True,0.0245770781438048,2.4577078143804827,-7.41188210639095,-7.698802172313777,-7.99032951308035,-7.505653796336378,-7.41188210639095,True
2024-02-01,BTCUSDT,42580.0,43285.13,41884.28,43082.94,35231.04664,288,288,0.0004385525855028,0.0117424356196095,True,0.0209416471535275,2.0941647153527527,-7.732030832012947,-7.41188210639095,-7.964938610627684,-7.574860211394202,-7.732030832012947,True
2024-02-02,BTCUSDT,43082.95,43488.0,42546.79,43200.0,29672.14418,288,288,0.0003193920204904,0.0027134001651207,True,0.017871542196756,1.7871542196756007,-8.049091305305707,-7.732030832012947,-7.717925950340228,-7.648371514142326,-8.049091305305707,True
2024-02-03,BTCUSDT,43199.99,43380.01,42880.0,43011.09,12033.40998,288,288,8.286405192424992e-05,-0.0043825058320454,True,0.0091029694014782,0.9102969401478286,-9.398309221662812,-8.049091305305707,-7.728688239366811,-7.72387072812949,-9.398309221662812,True
2024-02-04,BTCUSDT,43011.1,43119.04,42222.0,42582.88,17066.89404,288,288,0.000172162873524,-0.0100056948515454,True,0.0131210850741857,1.3121085074185728,-8.667069590121784,-9.398309221662812,-8.058023127537238,-7.874427059515735,-8.667069590121784,True
2024-02-05,BTCUSDT,42582.88,43569.76,42258.1,42708.7,29467.75905,288,288,0.0003294582006193,0.0029503519870877,True,0.018150983461491,1.815098346149108,-8.018061069066313,-8.667069590121784,-8.25167661109884,-7.926528359001262,-8.018061069066313,True
2024-02-06,BTCUSDT,42708.7,43399.98,42574.0,43098.95,24675.85433,288,288,0.0002524026811428,0.0090959883104272,True,0.0158871860674852,1.5887186067485288,-8.284484804759341,-8.018061069066313,-8.372912403633913,-7.940397812029142,-8.284484804759341,True
2024-02-07,BTCUSDT,43098.96,44396.5,42788.0,44349.6,34392.59915,288,288,0.0003666991941806,0.0286050546851997,True,0.0191493914832992,1.9149391483299267,-7.910968680378909,-8.284484804759341,-8.483403198183192,-7.972033904147335,-7.910968680378909,True
2024-02-08,BTCUSDT,44349.6,45614.3,44331.1,45288.65,45439.62231,288,288,0.0003616317559511,0.0209527596700532,True,0.0190166178893914,1.901661788939148,-7.924884112641033,-7.910968680378909,-8.455778673197832,-8.0027916799471,-7.924884112641033,True
2024-02-09,BTCUSDT,45288.66,48200.0,45242.12,47132.77,73503.481,288,288,0.0008211886169717,0.0399120635942179,True,0.0286563887636201,2.86563887636201,-7.104757734372337,-7.924884112641033,-8.161093651393475,-8.006470596119206,-7.104757734372337,True
2024-02-10,BTCUSDT,47132.78,48170.0,46800.0,47751.09,24802.35936,288,288,0.0002213553869091,0.0130333810778719,True,0.0148780169010909,1.487801690109093,-8.415741062470103,-7.104757734372337,-7.848631280243586,-7.995233987111439,-8.415741062470103,True
2024-02-11,BTCUSDT,47751.08,48592.66,47557.16,48299.99,29958.80837,288,288,0.0002727234159121,0.0114294597278358,True,0.0165143397056062,1.6514339705606218,-8.207052404868026,-8.415741062470103,-7.928167278924344,-8.047092947773153,-8.207052404868026,True
2024-02-12,BTCUSDT,48300.0,50334.82,47710.01,49917.27,59009.96705,288,288,0.0006911845018799,0.0329356814465883,True,0.0262903880131114,2.6290388013111494,-7.277103762774562,-8.207052404868026,-7.912680798946082,-8.012275067517315,-7.277103762774562,True
2024-02-13,BTCUSDT,49917.28,50368.61,48300.95,49699.59,55551.56706,288,288,0.0007190904303586,-0.0043703514941823,True,0.0268158615442176,2.681586154421769,-7.2375234357477405,-7.277103762774562,-7.7859078154252135,-7.911475734622578,-7.2375234357477405,True
2024-02-14,BTCUSDT,49699.6,52043.71,49225.01,51795.17,57046.37401,288,288,0.0006489856126811,0.0413002181031978,True,0.025475196028317,2.547519602831706,-7.340100009947973,-7.2375234357477405,-7.648435680046553,-7.926467133407787,-7.340100009947973,True
2024-02-15,BTCUSDT,51795.17,52816.62,51314.0,51880.0,53816.03055,288,288,0.0006828057320422,0.0016364577734695,True,0.026130551698008,2.6130551698008,-7.2893001721726645,-7.340100009947973,-7.69550413516168,-7.938468306687375,-7.2893001721726645,True
2024-02-16,BTCUSDT,51880.01,52572.08,51566.0,52124.11,37772.25318,288,288,0.0004046522116479,0.0046942461844256,True,0.0201159690705667,2.0115969070566764,-7.812482596455144,-7.2893001721726645,-7.4702159571021935,-7.9271452266709765,-7.812482596455144,True
2024-02-17,BTCUSDT,52124.1,52162.82,50625.0,51642.64,25674.00622,288,288,0.0003112425297613,-0.0092799178006311,True,0.0176420670489978,1.76420670489978,-8.074938111240288,-7.812482596455144,-7.391301995419617,-7.910567748479551,-8.074938111240288,True
2024-02-18,BTCUSDT,51642.64,52377.0,51163.28,52137.67,21992.10363,288,288,0.000251710134972,0.0095400322946762,True,0.0158653753492334,1.5865375349233404,-8.287232390554996,-8.074938111240288,-7.550868865112761,-7.934935998142549,-8.287232390554996,True
2024-02-19,BTCUSDT,52137.68,52488.77,51677.0,51774.73,29534.99432,288,288,0.0002756870200511,-0.0069855277307046,True,0.0166038254643679,1.6603825464367936,-8.196244321017067,-8.287232390554996,-7.760810656074213,-7.904033191647312,-8.196244321017067,True
2024-02-20,BTCUSDT,51774.74,52985.0,50760.37,52258.82,49614.47318,288,288,0.0006871323995735,0.0093064880308984,True,0.0262132104018856,2.621321040188565,-7.282983562951494,-8.196244321017067,-7.932039518288032,-7.913167939867507,-7.282983562951494,True
2024-02-21,BTCUSDT,52258.82,52366.8,50625.0,51849.39,43079.40049,288,288,0.0004433531004847,-0.007865510526458,True,0.0210559516641913,2.10559516641913,-7.721144038851106,-7.282983562951494,-7.930776196443797,-7.891865611782998,-7.721144038851106,True
2024-02-22,BTCUSDT,51849.38,52065.78,50940.78,51288.42,35309.44574,288,288,0.0004929885109805,-0.010878174198953,True,0.0222033445899602,2.2203344589960277,-7.615024688492322,-7.721144038851106,-7.9125084849229905,-7.892881151171059,-7.615024688492322,True
2024-02-23,BTCUSDT,51288.42,51548.54,50521.0,50744.15,30545.79544,288,288,0.0003080106255447,-0.0106686553597643,True,0.0175502314954753,1.755023149547539,-8.085376277064007,-7.615024688492322,-7.820525800373398,-7.902114904902939,-8.085376277064007,True
2024-02-24,BTCUSDT,50744.15,51698.0,50585.0,51568.22,16560.4211,288,288,0.0001105110362017,0.0161092509338525,True,0.0105124229462939,1.0512422946293989,-9.110395166865148,-8.085376277064007,-7.7801545776752,-7.918176061496169,-9.110395166865148,True
2024-02-25,BTCUSDT,51568.21,51958.55,51279.8,51728.85,18721.63159,288,288,0.0001379971331931,0.0031100616788883,True,0.0117472181044334,1.1747218104433426,-8.888277646985895,-9.110395166865148,-7.962984746844816,-7.966417146112508,-8.888277646985895,True
2024-02-26,BTCUSDT,51728.85,54910.0,50901.44,54476.47,51256.72199,288,288,0.0006661087200596,0.0517532123675627,True,0.0258090821235402,2.5809082123540272,-7.314057657413895,-8.888277646985895,-8.284043563651696,-7.943233892718103,-7.314057657413895,True
2024-02-27,BTCUSDT,54476.48,57588.15,54450.13,57037.34,67194.98562,288,288,0.0013937169533884,0.045937275755513,True,0.0373325187120892,3.733251871208924,-6.575781033610291,-7.314057657413895,-8.202626287364254,-7.881733350322289,-6.575781033610291,True
2024-02-28,BTCUSDT,57037.35,64000.0,56691.85,62432.1,118763.46984,288,288,0.0026096583058678,0.0903734251045633,True,0.0510848148265985,5.108481482659853,-5.9485359835099825,-6.575781033610291,-7.994777556387848,-7.81617516689247,-5.9485359835099825,True
2024-02-29,BTCUSDT,62432.11,63676.35,60364.7,61130.98,78425.07603,288,288,0.001823809809382,-0.0210607908615083,True,0.042706086327151,4.2706086327151,-6.306827663938763,-5.9485359835099825,-7.567409497677042,-7.709995675017499,-6.306827663938763,True
2024-03-01,BTCUSDT,61130.99,63114.23,60777.0,62387.9,47737.93473,288,288,0.0008329200483865,0.020352570995341,True,0.0288603542664776,2.8860354266477652,-7.09057290073217,-6.306827663938763,-7.006695997091765,-7.637080174270221,-7.09057290073217,True
2024-03-02,BTCUSDT,62387.9,62433.19,61561.12,61987.28,25534.73659,288,288,0.00026890773508,-0.0064421436096331,True,0.016398406479901,1.6398406479901064,-8.221142229465395,-7.09057290073217,-6.64715504784102,-7.599156937365271,-8.221142229465395,True
2024-03-03,BTCUSDT,61987.28,63231.88,61320.0,63113.97,28994.90903,288,288,0.0003126880074414,0.0180129369484116,True,0.0176829863835666,1.7682986383566637,-8.070304645878391,-8.221142229465395,-6.82857196225132,-7.649901687142229,-8.070304645878391,True
2024-03-04,BTCUSDT,63113.97,68499.0,62300.0,68245.71,84835.16005,288,288,0.0023837529444934,0.0781724352918947,True,0.0488236924504225,4.882369245042259,-6.039079165814583,-8.070304645878391,-7.1274766847049404,-7.634200031842607,-6.039079165814583,True
2024-03-05,BTCUSDT,68245.71,69000.0,59005.0,63724.01,132696.7813,288,288,0.0050127060889377,-0.0685531603092351,True,0.0708004667282477,7.080046672824778,-5.295779372194608,-6.039079165814583,-7.145585321165859,-7.535655793703813,-5.295779372194608,True
2024-03-06,BTCUSDT,63724.01,67641.1,62779.14,66074.04,78738.85491,288,288,0.0025854556567341,0.0362145168030418,True,0.0508473761047132,5.084737610471326,-5.95785351702576,-5.295779372194608,-6.9433756628170284,-7.445595594131996,-5.95785351702576,True
2024-03-07,BTCUSDT,66074.04,67980.0,65551.0,66823.17,53059.8869,288,288,0.0009413590117923,0.0112739452488648,True,0.0306815744672982,3.0681574467298236,-6.968185969575129,-5.95785351702576,-6.716831786075747,-7.387428779644634,-6.968185969575129,True
2024-03-08,BTCUSDT,66823.18,69990.0,66082.66,68124.19,74261.932842,288,288,0.00167212008808,0.0192824863151767,True,0.0408915649991536,4.08915649991536,-6.393662943884422,-6.968185969575129,-6.466240534097695,-7.370523595991323,-6.393662943884422,True
2024-03-09,BTCUSDT,68124.2,68541.1,67861.1,68313.27,19872.89743,288,288,0.0001487231424728,0.0027716745979519,True,0.0121952098166792,1.2195209816679269,-8.813424084645222,-6.393662943884422,-6.1309121936989,-7.329812812887311,-8.813424084645222,True
2024-03-10,BTCUSDT,68313.28,69887.61,68094.75,68955.88,38404.66835,288,288,0.0004772120525115,0.0093628421886463,True,0.0218451837371881,2.1845183737188183,-7.647549611329576,-8.813424084645222,-6.685781177465029,-7.375310153259588,-7.647549611329576,True
2024-03-11,BTCUSDT,68955.88,72800.0,67024.96,72078.1,75292.825726,288,288,0.001151304624354,0.0442833735611539,True,0.0339308800999032,3.3930880099903233,-6.766859523655877,-7.647549611329576,-7.156135225292021,-7.355883403263647,-6.766859523655877,True
2024-03-12,BTCUSDT,72078.1,73000.0,68620.82,71452.01,68783.546691,288,288,0.0011699113878878,-0.0087242178114949,True,0.0342039674290542,3.420396742905423,-6.750827269888687,-6.766859523655877,-7.317936426618044,-7.286775545677323,-6.750827269888687,True
2024-03-13,BTCUSDT,71452.0,73650.25,71333.31,73072.41,52659.711647,288,288,0.0005930728783577,0.0224248317904929,True,0.0243530876555268,2.4353087655526853,-7.430193268781432,-6.750827269888687,-7.274464686680756,-7.221074770626032,-7.430193268781432,True
2024-03-14,BTCUSDT,73072.4,73777.0,68555.0,71388.94,71757.628746,288,288,0.001577680865123,-0.02330791194501,True,0.0397200310312451,3.9720031031245138,-6.4517993171112344,-7.430193268781432,-7.481770751660159,-7.22776612089103,-6.4517993171112344,True
2024-03-15,BTCUSDT,71388.94,72419.71,65600.0,69499.85,103334.03546,288,288,0.0037530435407228,-0.0268183610911703,True,0.0612620889353511,6.126208893535119,-5.585188157318401,-6.4517993171112344,-7.009445798153361,-7.170068633539217,-5.585188157318401,True
2024-03-16,BTCUSDT,69499.84,70043.0,64780.0,65300.63,55926.95336,288,288,0.001215939024459,-0.0623229102797111,True,0.0348703172405852,3.487031724058523,-6.712238641054808,-5.585188157318401,-6.596973507351126,-7.0778033366676745,-6.712238641054808,True
2024-03-17,BTCUSDT,65300.64,68904.4,64533.0,68393.48,49742.21589,288,288,0.001304349457682,0.0462758144323568,True,0.0361157785141342,3.6115778514134256,-6.642050862360381,-6.712238641054808,-6.586049330830913,-7.0153879895763485,-6.642050862360381,True
2024-03-18,BTCUSDT,68393.47,68956.0,66565.2,67609.99,55691.08088,288,288,0.0013192672380717,-0.0115217452522208,True,0.0363217185451312,3.63217185451312,-6.63067881919445,-6.642050862360381,-6.564294049325251,-6.903190521189768,-6.63067881919445,True
2024-03-19,BTCUSDT,67610.0,68124.11,61555.0,61937.4,101005.32487,288,288,0.0029423404633291,-0.0876315556373347,True,0.0542433448759307,5.424334487593075,-5.82854993836967,-6.63067881919445,-6.404391159407855,-6.800572392653794,-5.82854993836967,True
2024-03-20,BTCUSDT,61937.41,68100.0,60775.0,67840.51,90420.58592,288,288,0.0027174074777868,0.091035311585943,True,0.0521287586442154,5.212875864421542,-5.908076986361101,-5.82854993836967,-6.279741283659542,-6.73304931451542,-5.908076986361101,True
2024-03-21,BTCUSDT,67840.51,68240.47,64529.01,65501.27,53357.48002,288,288,0.0014512467088605,-0.0350899773778565,True,0.0380952321014129,3.809523210141293,-6.535332292751127,-5.908076986361101,-6.344319049468082,-6.702699130549547,-6.535332292751127,True
2024-03-22,BTCUSDT,65501.28,66649.62,62260.0,63796.64,51482.37821,288,288,0.0013520214651918,-0.0263690073790982,True,0.0367698445086713,3.676984450867135,-6.606154424866243,-6.535332292751127,-6.308937779807346,-6.729371690060509,-6.606154424866243,True
2024-03-23,BTCUSDT,63796.64,65999.0,63000.0,63990.01,26410.11409,288,288,0.0007971119419737,0.00302645303866,True,0.0282331709514496,2.82331709514496,-7.134515434866559,-6.606154424866243,-6.301758492308518,-6.742977451920848,-7.134515434866559,True
2024-03-24,BTCUSDT,63990.02,67628.69,63772.29,67209.99,31395.78015,288,288,0.0008274595008422,0.0490949197687066,True,0.0287655957845862,2.876559578458626,-7.097150393491157,-7.134515434866559,-6.40252581544294,-6.744974839836048,-7.097150393491157,True
2024-03-25,BTCUSDT,67210.0,71150.0,66385.06,69880.01,53431.14486,288,288,0.0009089232005181,0.0389577311738267,True,0.0301483531974496,3.0148353197449675,-7.003249955234975,-7.097150393491157,-6.656245906467237,-6.693884301837218,-7.003249955234975,True
2024-03-26,BTCUSDT,69880.0,71561.1,69280.0,69988.0,38934.38417,288,288,0.0008471811844205,0.0015441704140649,True,0.0291063770404456,2.910637704044569,-7.073595973059091,-7.003249955234975,-6.875280500242011,-6.645381815898881,-7.073595973059091,True
2024-03-27,BTCUSDT,69987.99,71769.54,68359.18,69469.99,49119.35685,288,288,0.0009815790602159,-0.0074289380246215,True,0.0313301621479358,3.1330162147935816,-6.926347997093499,-7.073595973059091,-6.982933236303604,-6.692405307137269,-6.926347997093499,True
2024-03-28,BTCUSDT,69469.99,71552.06,68903.62,70780.6,35439.03239,288,288,0.0006006427470124,0.0186900910945309,True,0.0245080139344748,2.450801393447481,-7.417510231100962,-6.926347997093499,-7.0469719507490565,-6.7665220628144915,-7.417510231100962,True
2024-03-29,BTCUSDT,70780.6,70916.16,69009.0,69850.54,25445.08353,288,288,0.0003351632285398,-0.0132271353273713,True,0.0183074637385924,1.8307463738592489,-8.0008928954341,-7.417510231100962,-7.103570909995938,-6.832870095272455,-8.0008928954341,True
2024-03-30,BTCUSDT,69850.53,70321.1,69540.0,69582.18,13644.61142,288,288,0.0001304201432855,-0.0038493164497225,True,0.011420163890484,1.1420163890484043,-8.944749447353141,-8.0008928954341,-7.284319410384526,-6.879811319175135,-8.944749447353141,True
2024-03-31,BTCUSDT,69582.17,71366.0,69562.99,71280.01,19396.34433,288,288,0.0002461933454359,0.0241074233791603,True,0.0156905495581241,1.5690549558124194,-8.309393373677914,-8.944749447353141,-7.672619308808159,-6.995769796605532,-8.309393373677914,True
2024-04-01,BTCUSDT,71280.0,71288.23,68062.86,69649.8,41445.32039,288,288,0.0005384426571551,-0.0231360947330181,True,0.023204367200058,2.3204367200058083,-7.5268295532865475,-8.309393373677914,-7.919778788931923,-6.972859309743382,-7.5268295532865475,True
2024-04-02,BTCUSDT,69649.81,69674.23,64550.0,65463.99,71799.82793,288,288,0.0018576291898657,-0.0619796082519768,True,0.0431002226196768,4.310022261967685,-6.288454233392115,-7.5268295532865475,-8.039875100170532,-6.967372034377789,-6.288454233392115,True
2024-04-03,BTCUSDT,65463.99,66903.63,64493.07,65963.28,39887.21778,288,288,0.000725260971939,0.007598003093029,True,0.0269306697268938,2.6930669726893828,-7.228979006584951,-6.288454233392115,-7.814063900628763,-6.945626339365799,-7.228979006584951,True
2024-04-04,BTCUSDT,65963.27,69309.91,65064.52,68487.79,41510.48453,288,288,0.0007097702154751,0.037557257642519,True,0.0266415130102469,2.6641513010247,-7.250569280487612,-7.228979006584951,-7.659681122858933,-6.96736050921563,-7.250569280487612,True
2024-04-05,BTCUSDT,68487.8,68756.67,65952.56,67820.62,37915.23073,288,288,0.000967206005233,-0.0097892027031328,True,0.0310999357753848,3.1099935775384884,-6.941099049798558,-7.250569280487612,-7.320845089485829,-6.9591957824750015,-6.941099049798558,True
2024-04-06,BTCUSDT,67820.63,69692.0,67447.83,68896.0,20134.28919,288,288,0.0002920541187203,0.0157318426801831,True,0.0170895909465487,1.7089590946548792,-8.138571434785755,-6.941099049798558,-7.047186224709956,-6.981436679415335,-8.138571434785755,True
2024-04-07,BTCUSDT,68896.0,70326.29,68824.0,69360.39,21534.74433,288,288,0.0003741956490279,0.0067178341118943,True,0.0193441373296383,1.9344137329638356,-7.890731771589264,-8.138571434785755,-7.169534601009798,-7.097499555663851,-7.890731771589264,True
2024-04-08,BTCUSDT,69360.38,72797.99,69043.24,71620.0,45723.87624,288,288,0.0006746076587496,0.0320584092764368,True,0.0259732104051387,2.5973210405138794,-7.301379282377748,-7.890731771589264,-7.489990108649228,-7.151067425233598,-7.301379282377748,True
2024-04-09,BTCUSDT,71620.0,71758.19,68210.0,69146.0,39293.90242,288,288,0.0007848876266825,-0.0351541533965396,True,0.0280158459926269,2.801584599262694,-7.149970001151838,-7.301379282377748,-7.504470163807786,-7.181036898870752,-7.149970001151838,True
2024-04-10,BTCUSDT,69146.0,71172.08,67518.0,70631.08,42006.02377,288,288,0.0010902899009812,0.0212500630830319,True,0.0330195381703201,3.3019538170320177,-6.8213116539003575,-7.149970001151838,-7.484350307940633,-7.204641043505178,-6.8213116539003575,True
2024-04-11,BTCUSDT,70631.08,71305.89,69567.21,70006.23,31917.25595,288,288,0.0007465969312143,-0.0088860361676848,True,0.0273239259846456,2.7323925984645685,-7.199985101840082,-6.8213116539003575,-7.460392828760992,-7.249766576029301,-7.199985101840082,True
2024-04-12,BTCUSDT,70006.22,71227.46,65086.86,67116.52,56072.86229,288,288,0.0010147178765307,-0.0421540247116927,True,0.0318546366567063,3.1854636656706368,-6.893144659281749,-7.199985101840082,-7.272675562171858,-7.308489672187435,-6.893144659281749,True
2024-04-13,BTCUSDT,67116.52,67929.0,60660.57,63924.51,71395.22019,288,288,0.0041298053616819,-0.0487273574622214,True,0.0642635616946488,6.426356169464889,-5.489525001041809,-6.893144659281749,-7.073158139710354,-7.324753870666101,-5.489525001041809,True
2024-04-14,BTCUSDT,63924.52,65840.0,62134.0,65661.84,61599.17818,288,288,0.0021227945120143,0.0268150789151849,True,0.0460737942003301,4.607379420033012,-6.1550218922718845,-5.489525001041809,-6.710787283443167,-7.273997987764989,-6.1550218922718845,True
2024-04-15,BTCUSDT,65661.85,66867.07,62274.4,63419.99,52389.53069,288,288,0.0012955094213501,-0.0347388233991413,True,0.035993185762727,3.5993185762726996,-6.648851285622594,-6.1550218922718845,-6.511797661667177,-7.229475554010687,-6.648851285622594,True
2024-04-16,BTCUSDT,63419.99,64365.0,61600.0,63793.39,53435.29331,288,288,0.0016034578757718,0.0058704685364765,True,0.0400432001190198,4.0043200119019895,-6.4355928093527455,-6.648851285622594,-6.477305588011623,-7.209098321834844,-6.4355928093527455,True
2024-04-17,BTCUSDT,63793.4,64499.0,59678.16,61277.37,50610.54509,288,288,0.0018081251596202,-0.0402389732109268,True,0.0425220549788013,4.252205497880132,-6.315464793954473,-6.4355928093527455,-6.324427129514156,-7.183295724294741,-6.315464793954473,True
2024-04-18,BTCUSDT,61277.38,64117.09,60803.35,63470.08,43601.60918,288,288,0.0012932652606086,0.0351580069988132,True,0.0359619974502069,3.596199745020693,-6.65058504895031,-6.315464793954473,-6.208891156448701,-7.148835216153622,-6.65058504895031,True
2024-04-19,BTCUSDT,63470.09,65450.0,59600.01,63818.01,69774.30271,288,288,0.0026667887580186,0.0054668251605381,True,0.0516409600803341,5.164096008033416,-5.926880242761503,-6.65058504895031,-6.441103166030402,-7.136300536692568,-5.926880242761503,True
2024-04-20,BTCUSDT,63818.01,65419.0,63090.07,64940.59,23137.42975,288,288,0.0005334784773696,0.0174374130268216,True,0.0230971530143795,2.309715301437957,-7.536091830361263,-5.926880242761503,-6.395474836128325,-7.068544628131685,-7.536091830361263,True
2024-04-21,BTCUSDT,64940.58,65695.56,64237.5,64941.15,19316.42152,288,288,0.0003690420646997,8.623229102046066e-06,True,0.019210467581496,1.9210467581496016,-7.9045999239447,-7.536091830361263,-6.5729229450760585,-7.047417306992009,-7.9045999239447,True
2024-04-22,BTCUSDT,64941.15,67232.35,64500.0,66819.32,31397.99371,288,288,0.0006725001095451,0.0285107851109483,True,0.025932607071893,2.593260707189301,-7.304508283595951,-7.9045999239447,-6.8667243679944505,-7.000137783200717,-7.304508283595951,True
2024-04-23,BTCUSDT,66819.32,67183.01,65765.81,66414.0,22599.90004,288,288,0.0003379704600378,-0.0060843826514532,True,0.0183839729122359,1.838397291223598,-7.992552062638407,-7.304508283595951,-7.064533065922745,-6.954461188196991,-7.992552062638407,True
2024-04-24,BTCUSDT,66414.0,67070.43,63606.06,64289.59,33595.69637,288,288,0.0006519819265386,-0.0325101568509027,True,0.0255339367614682,2.553393676146828,-7.335493716454651,-7.992552062638407,-7.332926468660365,-6.975630393167531,-7.335493716454651,True
2024-04-25,BTCUSDT,64289.58,65297.94,62794.0,64498.34,31341.46338,288,288,0.0006055523152317,0.0032417662557897,True,0.0246079725949078,2.460797259490781,-7.409369598651043,-7.335493716454651,-7.614649163398994,-7.0232230969430995,-7.409369598651043,True
2024-04-26,BTCUSDT,64498.33,64820.01,63297.48,63770.01,27085.19346,288,288,0.0004590601962808,-0.0113564698957136,True,0.0214256901004568,2.1425690100456833,-7.686329209921427,-7.409369598651043,-7.58930471705695,-7.03142266930974,-7.686329209921427,True
2024-04-27,BTCUSDT,63770.0,63923.41,62391.24,63461.98,20933.06052,288,288,0.0004560252549443,-0.0048420307160185,True,0.0213547478314401,2.1354747831440126,-7.692962366333725,-7.686329209921427,-7.545650574252297,-7.05122993882946,-7.692962366333725,True
2024-04-28,BTCUSDT,63461.98,64370.0,62781.0,63118.62,16949.20005,288,288,0.0002395675000787,-0.0054251732439523,True,0.0154779682154576,1.547796821545764,-8.336675343332676,-7.692962366333725,-7.623341390799851,-7.0854055441265125,-8.336675343332676,True
2024-04-29,BTCUSDT,63118.62,64228.35,61765.53,63866.0,28150.22947,288,288,0.0005422011388363,0.0117713252200614,True,0.0232852128793434,2.3285212879343415,-7.519873520502984,-8.336675343332676,-7.692166046938704,-7.0944102672422815,-7.519873520502984,True
2024-04-30,BTCUSDT,63866.0,64734.0,59191.6,60672.0,54947.65535,288,288,0.0011253604021056,-0.0513048317682536,True,0.033546391789664,3.354639178966406,-6.789651937202038,-7.519873520502984,-7.7290420077483715,-7.077553074011087,-6.789651937202038,True
2024-05-01,BTCUSDT,60672.01,60841.63,56552.82,58364.97,81166.46823,288,288,0.0021752166977885,-0.0387664255347447,True,0.0466392184517343,4.663921845173437,-6.130626988237219,-6.789651937202038,-7.60509847545857,-7.054292740139465,-6.130626988237219,True
2024-05-02,BTCUSDT,58364.97,59625.0,56911.84,59060.61,47583.81961,288,288,0.0009657448777262,0.0118483236441389,True,0.0310764360525177,3.1076436052517713,-6.942610860365472,-6.130626988237219,-7.293958031121728,-7.007958966825163,-6.942610860365472,True
2024-05-03,BTCUSDT,59060.6,63333.0,58811.32,62882.01,43628.40143,288,288,0.0009172923799381,0.062695908516965,True,0.0302868350927951,3.0286835092795195,-6.994084292538548,-6.942610860365472,-7.143887729928077,-7.013472567119032,-6.994084292538548,True
2024-05-04,BTCUSDT,62882.01,64540.0,62541.03,63892.04,24368.69282,288,288,0.0005719374284138,0.0159346707250682,True,0.023915213325702,2.3915213325702074,-7.46648096345306,-6.994084292538548,-6.875369519769253,-7.0041134394235085,-7.46648096345306,True
2024-05-05,BTCUSDT,63892.03,64646.0,62822.17,64012.0,18526.75029,288,288,0.0003759365991389,0.00187578179976,True,0.0193890845358651,1.9389084535865135,-7.88609004810365,-7.46648096345306,-6.864691008359268,-7.030174180522203,-7.88609004810365,True
2024-05-06,BTCUSDT,64012.0,65500.0,62700.0,63165.19,34674.91949,288,288,0.0006461723083224,-0.0133172075113323,True,0.0254199195184096,2.5419919518409637,-7.344444358598875,-7.88609004810365,-7.08397863053959,-7.139108955388651,-7.344444358598875,True
2024-05-07,BTCUSDT,63165.18,64422.41,62261.0,62312.08,25598.79472,288,288,0.0006222497843905,-0.013598050793731,True,0.0249449350448255,2.4944935044825565,-7.382168963216432,-7.344444358598875,-7.326742104611921,-7.193173612948969,-7.382168963216432,True
2024-05-08,BTCUSDT,62312.07,63020.22,60888.0,61193.03,26121.19004,288,288,0.0005867233913584,-0.018122013335119,True,0.0242223737762937,2.422237377629375,-7.440957073458891,-7.382168963216432,-7.414653725182113,-7.226506234657779,-7.440957073458891,True
2024-05-09,BTCUSDT,61193.03,63429.03,60630.0,63074.01,30660.8061,288,288,0.0004776144732011,0.0302755046599095,True,0.0218543925379115,2.1854392537911544,-7.646706692322636,-7.440957073458891,-7.504028281366182,-7.272204610298968,-7.646706692322636,True
2024-05-10,BTCUSDT,63074.0,63469.13,60187.12,60799.99,36529.34025,288,288,0.0006124876813865,-0.0367191743050453,True,0.0247484884667038,2.4748488466703873,-7.397981727769682,-7.646706692322636,-7.540073427140098,-7.33271560567934,-7.397981727769682,True
2024-05-11,BTCUSDT,60799.99,61515.0,60487.09,60825.99,13374.56936,288,288,0.0001786405410605,0.0004275402409243,True,0.013365647798012,1.3365647798012044,-8.630134921661208,-7.397981727769682,-7.4424517630733025,-7.36668818198931,-8.630134921661208,True
2024-05-12,BTCUSDT,60825.99,61888.0,60610.0,61483.99,12753.13236,288,288,0.0001853493417726,0.0107596509793817,True,0.0136143065108976,1.361430651089767,-8.593268179641171,-8.630134921661208,-7.69958987568577,-7.489563394666569,-8.593268179641171,True
2024-05-13,BTCUSDT,61484.0,63450.0,60749.21,62940.08,32733.41839,288,288,0.0005674434340516,0.0234063469685152,True,0.0238210712196498,2.3821071219649808,-7.4743694892566666,-8.593268179641171,-7.941809718970719,-7.537616865088384,-7.4743694892566666,True
2024-05-14,BTCUSDT,62940.09,63118.36,61142.77,61577.49,29088.72041,288,288,0.0006533121051815,-0.021886781008614,True,0.0255599707586205,2.55599707586206,-7.333455587004832,-7.4743694892566666,-7.948492202130273,-7.5180609362389275,-7.333455587004832,True
2024-05-15,BTCUSDT,61577.49,66444.16,61319.47,66206.5,43559.74719,288,288,0.0009892623235148,0.0724822637554463,True,0.03145254081175,3.1452540811750063,-6.918551020344138,-7.333455587004832,-7.8858419810667115,-7.519376722757514,-6.918551020344138,True
2024-05-16,BTCUSDT,66206.51,66752.01,64602.77,65235.21,31106.3671,288,288,0.0004464163423394,-0.0147792915907187,True,0.0211285669731622,2.1128566973162233,-7.714258538384029,-6.918551020344138,-7.789955839581603,-7.470558493562319,-7.714258538384029,True
2024-05-17,BTCUSDT,65235.21,67451.2,65106.38,67024.0,26292.23409,288,288,0.0004664296161044,0.0270514103613144,True,0.0215969816433781,2.1596981643378097,-7.670403425577781,-7.714258538384029,-7.606780562926167,-7.48777507637729,-7.670403425577781,True
2024-05-18,BTCUSDT,67024.0,67400.01,66600.0,66915.2,14441.25774,288,288,0.0001679645629994,-0.0016246180943347,True,0.0129601143127467,1.2960114312746798,-8.691757535338212,-7.670403425577781,-7.422207612113489,-7.499640250328508,-8.691757535338212,True
2024-05-19,BTCUSDT,66915.2,67700.0,65857.25,66274.01,18025.30409,288,288,0.0002683517100402,-0.0096283318061612,True,0.0163814440767674,1.638144407676749,-8.223212086936922,-8.691757535338212,-7.665685221329798,-7.5453415378474515,-8.223212086936922,True
2024-05-20,BTCUSDT,66274.0,71515.56,66060.31,71446.62,50816.7011,288,288,0.0008677850961974,0.0751527831444804,True,0.0294581923443627,2.9458192344362786,-7.049566458984193,-8.223212086936922,-7.843636521316216,-7.569443797874869,-7.049566458984193,True
2024-05-21,BTCUSDT,71446.62,71979.0,69162.94,70148.34,49607.4336,288,288,0.0005252207113181,-0.0183384547582284,True,0.0229176942845072,2.2917694284507264,-7.55169198120636,-7.049566458984193,-7.869839609044227,-7.510938848586303,-7.55169198120636,True
2024-05-22,BTCUSDT,70148.34,70666.0,68842.19,69166.62,27673.18026,288,288,0.0003995226336501,-0.0140937663868157,True,0.019988062278524,1.9988062278524004,-7.825240139418845,-7.55169198120636,-7.837326297608693,-7.5123851422546375,-7.825240139418845,True
2024-05-23,BTCUSDT,69166.62,70096.12,66312.16,67969.65,40513.17374,288,288,0.0008545216480034,-0.0174570942889169,True,0.0292322022434762,2.9232202243476215,-7.064968721612036,-7.825240139418845,-7.868293640376907,-7.559457333264491,-7.064968721612036,True
2024-05-24,BTCUSDT,67969.66,69250.0,66600.12,68549.99,28095.83664,288,288,0.0004041867595325,0.0085019781146913,True,0.0201043965224657,2.01043965224657,-7.813633510749244,-7.064968721612036,-7.542935877631672,-7.6019274120542555,-7.813633510749244,True
2024-05-25,BTCUSDT,68549.99,69610.0,68500.0,69290.57,12130.39418,288,288,0.0001127464329826,0.0107455617713421,True,0.0106182123251811,1.061821232518117,-9.09036921659989,-7.813633510749244,-7.461020162394135,-7.641519350708065,-9.09036921659989,True
2024-05-26,BTCUSDT,69290.56,69562.23,68128.01,68507.67,11872.11797,288,288,0.0001418291025546,-0.0113631120978979,True,0.0119092024315096,1.190920243150968,-8.860887728291118,-9.09036921659989,-7.869180713917276,-7.736805029074489,-8.860887728291118,True
2024-05-27,BTCUSDT,68507.67,70687.56,68250.0,69436.43,23136.92737,288,288,0.000426211573235,0.0134659479373292,True,0.0206448921826936,2.0644892182693666,-7.7605746841987004,-8.860887728291118,-8.131019863334227,-7.800187154748946,-7.7605746841987004,True
2024-05-28,BTCUSDT,69436.43,69591.81,67277.91,68398.39,32622.97042,288,288,0.0006812374346798,-0.0150623714003802,True,0.0261005255632879,2.6100525563287933,-7.291599656663638,-7.7605746841987004,-8.118086772290198,-7.794481910935085,-7.291599656663638,True
2024-05-29,BTCUSDT,68398.4,68935.68,67124.65,67652.42,23159.83149,288,288,0.0003962579011224,-0.0109661600050807,True,0.0199062276969411,1.9906227696941197,-7.833445293230505,-7.291599656663638,-8.16341295930052,-7.792079879028938,-7.833445293230505,True
2024-05-30,BTCUSDT,67652.41,69500.0,67128.0,68352.17,28478.2184,288,288,0.0004440961378151,0.0102901846853442,True,0.0210735886316288,2.1073588631628812,-7.719469492359967,-7.833445293230505,-8.167375315796772,-7.812592439484123,-7.719469492359967,True
2024-05-31,BTCUSDT,68352.17,69044.1,66670.0,67540.01,26690.32184,288,288,0.0004047209985594,-0.0119531480022292,True,0.0201176787567426,2.011767875674265,-7.812312620699095,-7.719469492359967,-7.893195370948786,-7.825252094888717,-7.812312620699095,True
2024-06-01,BTCUSDT,67540.01,67900.0,67428.44,67766.85,8837.66133,288,288,6.056925267076189e-05,0.0033529743062477,True,0.0077826250501204,0.7782625050120421,-9.711723175321238,-7.812312620699095,-7.683480349430381,-7.832779637087646,-9.711723175321238,True
2024-06-02,BTCUSDT,67766.84,68460.0,67257.47,67765.63,15426.32529,288,288,0.000190670495172,-1.8003064652338276e-05,True,0.0138083487489295,1.3808348748929502,-8.564963775880752,-9.711723175321238,-8.073710047654888,-7.937949702885446,-8.564963775880752,True
2024-06-03,BTCUSDT,67765.62,70288.0,67612.48,68809.9,29633.374,288,288,0.000522937779229,0.0152924956767795,True,0.0228678328494205,2.286783284942052,-7.556048069946128,-8.564963775880752,-8.328382871498311,-7.934987378077244,-7.556048069946128,True
2024-06-04,BTCUSDT,68809.89,71063.45,68567.32,70537.84,29619.78489,288,288,0.0004266326807811,0.0248016734785852,True,0.0206550884960851,2.0655088496085137,-7.7595871473106,-7.556048069946128,-8.272903426841435,-7.887841009454741,-7.7595871473106,True
2024-06-05,BTCUSDT,70537.83,71758.0,70383.66,71108.0,28703.18082,288,288,0.000375601812799,0.0080505446456609,True,0.0193804492414144,1.93804492414144,-7.8869809842334,-7.7595871473106,-8.280926957831564,-7.900805448457192,-7.8869809842334,True
2024-06-06,BTCUSDT,71108.0,71700.0,70117.64,70799.06,21842.00449,288,288,0.0002341375614515,-0.0043541242850624,True,0.0153015542168629,1.5301554216862971,-8.359601745883273,-7.8869809842334,-8.295860630538424,-7.925965693785764,-8.359601745883273,True
2024-06-07,BTCUSDT,70799.06,71997.02,68420.0,69355.6,35598.45045,288,288,0.0007892676017284,-0.0205988304548742,True,0.0280939068434499,2.8093906843449967,-7.14440512893336,-8.359601745883273,-8.025436344650831,-7.991467999492088,-7.14440512893336,True
2024-06-08,BTCUSDT,69355.6,69582.2,69168.02,69310.46,9773.82967,288,288,5.057644580543073e-05,-0.0006510605636961,True,0.0071117118758728,0.7111711875872836,-9.892024587965032,-7.14440512893336,-7.741324615261353,-7.965565571789785,-9.892024587965032,True
2024-06-09,BTCUSDT,69310.46,69857.14,69130.24,69648.14,9890.56709,288,288,6.184788237808044e-05,0.0048601621590836,True,0.0078643424631739,0.7864342463173919,-9.690832697738097,-9.892024587965032,-8.208519918865132,-8.066548351898296,-9.690832697738097,True
2024-06-10,BTCUSDT,69648.15,70195.94,69172.29,69540.0,17122.66941,288,288,0.0001600448628427,-0.0015538683361784,True,0.0126508838759494,1.2650883875949477,-8.740056389266277,-9.690832697738097,-8.594769028950633,-8.111960859280108,-8.740056389266277,True
2024-06-11,BTCUSDT,69540.0,69590.01,66051.0,67314.24,41436.01588,288,288,0.000673629232669,-0.0325303224150298,True,0.0259543682772101,2.5954368277210165,-7.3028306983100535,-8.740056389266277,-8.765384109957207,-8.135453782113261,-7.3028306983100535,True
2024-06-12,BTCUSDT,67314.23,69999.0,66905.0,68263.99,37175.32356,288,288,0.0010015743303269,0.0140105905794886,True,0.0316476591603071,3.1647659160307167,-6.9061821866140924,-7.3028306983100535,-8.554029900442565,-8.14696579299171,-6.9061821866140924,True
2024-06-13,BTCUSDT,68263.98,68449.3,66251.78,66773.01,29079.55571,288,288,0.0004907283728451,-0.0220834377646732,True,0.0221523897772948,2.215238977729481,-7.619619795376148,-6.9061821866140924,-8.50638531197871,-8.117624438692062,-7.619619795376148,True
2024-06-14,BTCUSDT,66773.01,67370.24,65078.0,66043.99,28408.18797,288,288,0.0005108186143176,-0.0109779218241392,True,0.0226012967397381,2.2601296739738177,-7.57949599297104,-7.619619795376148,-8.051904353460934,-8.108278059417394,-7.57949599297104,True
2024-06-15,BTCUSDT,66043.99,66478.48,65857.1,66228.25,11451.80242,288,288,7.705053299769304e-05,0.0027860739213104,True,0.0087778432999053,0.8777843299905339,-9.471049078666034,-7.57949599297104,-7.629637012507523,-8.131665662660984,-9.471049078666034,True
2024-06-16,BTCUSDT,66228.25,66998.7,66034.5,66676.87,9392.52223,288,288,0.0001085750778211,0.006751007092295,True,0.0104199365555232,1.0419936555523246,-9.128068662793932,-9.471049078666034,-7.775835550387474,-8.20700273392993,-9.128068662793932,True
2024-06-17,BTCUSDT,66676.86,67298.81,65130.0,66504.33,27386.16851,288,288,0.0005783202253334,-0.0025910578449532,True,0.0240482894471406,2.404828944714062,-7.45538281963785,-9.128068662793932,-8.14088314328425,-8.208716345120568,-7.45538281963785,True
2024-06-18,BTCUSDT,66504.33,66588.23,64060.0,65175.32,42350.10244,288,288,0.0009579765748958,-0.0201861886584313,True,0.03095119666339,3.0951196663390017,-6.950687232384437,-7.45538281963785,-8.250723269889003,-8.144829758363601,-6.950687232384437,True
2024-06-19,BTCUSDT,65175.32,65727.54,64666.0,64974.37,20060.79576,288,288,0.0002506112484535,-0.0030879852219776,True,0.0158307058735098,1.583070587350981,-8.291607630422266,-6.950687232384437,-8.11693675729066,-8.108016692372043,-8.291607630422266,True
2024-06-20,BTCUSDT,64974.37,66482.94,64559.15,64869.99,24265.29031,288,288,0.0003824963235201,-0.0016077713731197,True,0.0195575132243382,1.955751322433826,-7.868791516456033,-8.291607630422266,-8.259359084780904,-8.153471600270164,-7.868791516456033,True
2024-06-21,BTCUSDT,64869.99,65066.66,63379.35,64143.56,25993.56442,288,288,0.0004396806345721,-0.0112614167598429,True,0.0209685630068474,2.0968563006847427,-7.729461925112425,-7.868791516456033,-7.938907572338904,-8.155078246780413,-7.729461925112425,True
2024-06-22,BTCUSDT,64143.56,64546.81,63943.82,64262.01,7308.95542,288,288,5.156762638617938e-05,0.0018449360662194,True,0.0071810602550166,0.7181060255016621,-9.872616477988425,-7.729461925112425,-7.6591862248026015,-8.155532448269163,-9.872616477988425,True
2024-06-23,BTCUSDT,64262.01,64521.0,63178.32,63210.01,8224.45447,288,288,0.0001187592988732,-0.0165059576898561,True,0.0108976740120659,1.0897674012065934,-9.03841181181467,-9.872616477988425,-8.142632956472717,-8.249182623600495,-9.03841181181467,True
2024-06-24,BTCUSDT,63210.01,63369.8,58402.0,60293.3,52161.35414,288,288,0.0010529913067378,-0.0472416882382799,True,0.0324498275301704,3.2449827530170485,-6.856120301573969,-9.03841181181467,-8.560177872358762,-8.218577561622924,-6.856120301573969,True
2024-06-25,BTCUSDT,60293.3,62420.0,60257.06,61806.01,31189.24361,288,288,0.0007060119203835,0.0247796224774566,True,0.0265708848250031,2.657088482500315,-7.25587843621768,-6.856120301573969,-8.273080406589106,-8.140902858245342,-7.25587843621768,True
2024-06-26,BTCUSDT,61806.01,62487.81,60712.0,60864.99,22485.66463,288,288,0.0003826940013438,-0.015342476362678,True,0.019562566328165,1.9562566328165032,-7.868274840220921,-7.25587843621768,-8.150497790541433,-8.127258783984958,-7.868274840220921,True
2024-06-27,BTCUSDT,60864.98,62389.22,60606.63,61706.47,18344.28631,288,288,0.0003427809941885,0.0137306550868018,True,0.0185143456321991,1.8514345632199192,-7.978418815635012,-7.868274840220921,-8.178260373563132,-8.1321991336627,-7.978418815635012,True
2024-06-28,BTCUSDT,61706.46,62225.31,60063.0,60427.84,24821.19255,288,288,0.0003900390770513,-0.0209388617515136,True,0.0197494070050555,1.974940700505559,-7.849263626292587,-7.978418815635012,-7.79942084109245,-8.13635539872641,-7.849263626292587,True
2024-06-29,BTCUSDT,60427.84,61224.0,60383.77,60986.68,11509.55904,288,288,0.0001107687868379,0.0092055537746165,True,0.0105246751416826,1.052467514168263,-9.108065530577198,-7.849263626292587,-7.561591203988034,-8.113158211472289,-9.108065530577198,True
2024-06-30,BTCUSDT,60986.68,63058.76,60712.21,62772.01,17326.30136,288,288,0.0003199971772606,0.0288537938097444,True,0.0178884649218604,1.7888464921860456,-8.047198383270032,-9.108065530577198,-8.01198024978868,-8.202415502456098,-8.047198383270032,True
2024-07-01,BTCUSDT,62772.01,63861.76,62497.2,62899.99,24547.10538,288,288,0.0003329443489968,0.0020367312407122,True,0.0182467626990872,1.8246762699087251,-8.007535202079685,-8.047198383270032,-8.170244239199151,-8.118559765879054,-8.007535202079685,True
2024-07-02,BTCUSDT,62900.0,63288.83,61806.28,62135.47,18573.11875,288,288,0.0002216884658202,-0.0122290033197397,True,0.0148892063529343,1.4889206352934383,-8.414237468765776,-8.007535202079685,-8.198096311570902,-8.042046243349127,-8.414237468765776,True
2024-07-03,BTCUSDT,62135.46,62285.94,59400.0,60208.58,32160.11127,288,288,0.0005055902359014,-0.0315021343281233,True,0.0224853337956412,2.248533379564124,-7.58978402722198,-8.414237468765776,-8.285260042197056,-8.027236292417284,-7.58978402722198,True
2024-07-04,BTCUSDT,60208.57,60498.19,56771.0,57050.01,54568.77276,288,288,0.0011631737132143,-0.0538866154831004,True,0.0341053326213705,3.410533262137056,-6.756603050121339,-7.58978402722198,-8.233364122382934,-8.040279625549646,-6.756603050121339,True
2024-07-05,BTCUSDT,57050.02,57546.0,53485.93,56628.79,81348.24756,288,288,0.002429787188113,-0.0074107384621977,True,0.0492928715750366,4.92928715750366,-6.019951602372991,-6.756603050121339,-7.763071626291763,-8.033480573890884,-6.019951602372991,True
2024-07-06,BTCUSDT,56628.79,58475.0,56018.0,58230.13,21651.31558,288,288,0.0004048601717069,0.0278854052420153,True,0.0201211374357143,2.0121137435714394,-7.811968805516671,-6.019951602372991,-7.357622270112354,-7.960768383299831,-7.811968805516671,True
2024-07-07,BTCUSDT,58230.13,58449.46,55724.37,55857.81,19118.93918,288,288,0.0005015763393937,-0.0415935637799833,True,0.0223959000576837,2.2395900057683793,-7.5977547400258585,-7.811968805516671,-7.318508990799752,-7.971335329324632,-7.5977547400258585,True
2024-07-08,BTCUSDT,55857.81,58236.73,54260.16,56714.62,48090.2049,288,288,0.0020318869869443,0.015222671228315,True,0.045076457125026,4.507645712502603,-6.198790367473835,-7.5977547400258585,-7.1552124450517685,-7.8861855866591695,-6.198790367473835,True
2024-07-09,BTCUSDT,56714.61,58296.0,56289.45,58050.0,27732.20788,288,288,0.0008001801942908,0.0232726823228462,True,0.0282874564832347,2.8287456483234723,-7.130673612796212,-6.198790367473835,-6.877013713102139,-7.753036573235528,-7.130673612796212,True
2024-07-10,BTCUSDT,58050.0,59470.0,57157.79,57725.85,24951.73799,288,288,0.0006400537358163,-0.0055996280225799,True,0.025299283306377,2.529928330637706,-7.353958422922217,-7.130673612796212,-6.951827825637113,-7.738277063833636,-7.353958422922217,True
2024-07-11,BTCUSDT,57725.85,59650.0,57050.0,57339.89,29761.05735,288,288,0.0009422664662268,-0.0067085380495206,True,0.0306963591689115,3.0696359168911513,-6.967222450536664,-7.353958422922217,-7.2186291897469586,-7.756607572494445,-6.967222450536664,True
2024-07-12,BTCUSDT,57339.89,58526.68,56542.47,57889.1,23652.4569,288,288,0.0005757140379328,0.0095325691717105,True,0.0239940417173284,2.399404171732849,-7.459899482468629,-6.967222450536664,-7.0496799187509565,-7.6964082461360075,-7.459899482468629,True
2024-07-13,BTCUSDT,57889.09,59850.0,57756.63,59204.02,15357.74519,288,288,0.0003352043810048,0.0224603337463869,True,0.0183085876299846,1.8308587629984636,-8.000770119618366,-7.459899482468629,-7.0221088672395116,-7.677822244591127,-8.000770119618366,True
2024-07-14,BTCUSDT,59204.01,61420.69,59194.01,60797.91,21178.33907,288,288,0.0005555599446648,0.0265659683913899,True,0.0235703191464352,2.3570319146435224,-7.495534043518824,-8.000770119618366,-7.382504817668417,-7.690154435250486,-7.495534043518824,True
2024-07-15,BTCUSDT,60797.91,64900.0,60632.3,64724.14,38690.9782,288,288,0.0008247646629668,0.0625788251846514,True,0.0287187162485869,2.87187162485869,-7.100412469333052,-7.495534043518824,-7.455476903812939,-7.582105233683688,-7.100412469333052,True
2024-07-16,BTCUSDT,64724.06,65388.97,62373.24,65043.99,42530.52915,288,288,0.0010382441056606,0.0049295716554438,True,0.0322217955064688,3.22217955064688,-6.870224352656524,-7.100412469333052,-7.404767713095107,-7.494014354479978,-6.870224352656524,True
2024-07-17,BTCUSDT,65044.0,66128.63,63854.0,64087.99,29567.52954,288,288,0.0006943889872987,-0.0148068273440307,True,0.0263512615883708,2.635126158837088,-7.272478254048761,-6.870224352656524,-7.385368093519079,-7.494655447711002,-7.272478254048761,True
2024-07-18,BTCUSDT,64087.99,65133.3,63238.48,63987.92,22568.7225,288,288,0.0005070356287623,-0.0015626673332018,True,0.022517451648939,2.2517451648939093,-7.586929283149272,-7.272478254048761,-7.347883847835105,-7.495409984885143,-7.586929283149272,True
2024-07-19,BTCUSDT,63987.92,67386.0,63300.67,66660.0,35634.72739,288,288,0.0006362482142938,0.040910757335445,True,0.025223961114262,2.522396111426204,-7.359921796714404,-7.586929283149272,-7.265115680541287,-7.482621550472794,-7.359921796714404,True
2024-07-20,BTCUSDT,66660.01,67598.0,66222.46,67139.96,14386.92434,288,288,0.0002796430542884,0.0071743229020842,True,0.0167225313361484,1.6722531336148407,-8.181996574164431,-7.359921796714404,-7.237993231180402,-7.454508049612767,-8.181996574164431,True
2024-07-21,BTCUSDT,67139.97,68366.66,65777.0,68165.34,21819.11191,288,288,0.0005314470605729,0.0151568287409896,True,0.0230531355909123,2.305313559091238,-7.539906968956983,-8.181996574164431,-7.4543100521466785,-7.469632274516033,-7.539906968956983,True
2024-07-22,BTCUSDT,68165.35,68474.55,66559.97,67532.01,21451.04303,288,288,0.0003972309476894,-0.0093345168297833,True,0.0199306534687001,1.993065346870019,-7.830992714202562,-7.539906968956983,-7.588246575406771,-7.398352339896932,-7.830992714202562,True
2024-07-23,BTCUSDT,67532.0,67750.98,65441.08,65936.01,31406.15316,288,288,0.0005507085475859,-0.0239169814342169,True,0.023467180222301,2.346718022230107,-7.504304840505416,-7.830992714202562,-7.69994946743753,-7.388524809484775,-7.504304840505416,True
2024-07-24,BTCUSDT,65936.0,67102.01,65111.0,65376.0,23082.56277,288,288,0.0004463850772049,-0.0085295076234562,True,0.0211278270819531,2.112782708195311,-7.714328576656434,-7.504304840505416,-7.683424578908759,-7.36565070214049,-7.714328576656434,True
2024-07-25,BTCUSDT,65376.01,66175.49,63456.7,65799.95,35126.42934,288,288,0.0008174175764974,0.0064638598173528,True,0.0285905154989801,2.8590515498980142,-7.109360484132324,-7.714328576656434,-7.7543059348971655,-7.333836661590066,-7.109360484132324,True
2024-07-26,BTCUSDT,65799.95,68200.0,65722.63,67907.99,24244.36023,288,288,0.0004391204052653,0.0315346222377584,True,0.020955199957657,2.0955199957657,-7.7307369108197594,-7.109360484132324,-7.539778716890744,-7.311999227813263,-7.7307369108197594,True
2024-07-27,BTCUSDT,67908.0,69399.99,66650.0,67896.5,31710.21921,288,288,0.0012629286435807,-0.0001692138459828,True,0.0355377073484029,3.553770734840299,-6.674321934770638,-7.7307369108197594,-7.577944705263299,-7.35627803966319,-6.674321934770638,True
2024-07-28,BTCUSDT,67896.49,68318.43,67066.66,68249.88,10868.69394,288,288,0.0002727249811778,0.0051911889774278,True,0.0165143870966441,1.6514387096644163,-8.207046665495765,-6.674321934770638,-7.346610549376915,-7.386022145681266,-8.207046665495765,True
2024-07-29,BTCUSDT,68249.88,70079.99,66428.0,66784.69,36467.29633,288,288,0.000732102850818,-0.0217018131643432,True,0.0270573991879861,2.705739918798618,-7.219589547291121,-8.207046665495765,-7.487158914374985,-7.40398023022577,-7.219589547291121,True
2024-07-30,BTCUSDT,66784.68,67000.0,65302.67,66188.0,23132.25441,288,288,0.0005172337364154,-0.0089746850278243,True,0.022742773278901,2.2742773278901014,-7.567015684239131,-7.219589547291121,-7.388211108501922,-7.3867909032832815,-7.567015684239131,True
2024-07-31,BTCUSDT,66188.0,66849.24,64530.0,64628.0,22625.43905,288,288,0.0005346254948157,-0.0238514242150151,True,0.023121969959667,2.312196995966703,-7.533944065879729,-7.567015684239131,-7.479742148523283,-7.448982963136249,-7.533944065879729,True
2024-08-01,BTCUSDT,64628.01,65659.78,62302.0,65354.02,35542.26854,288,288,0.0007974764052235,0.0111711996833471,True,0.0282396247358838,2.823962473588381,-7.134058309669593,-7.533944065879729,-7.440383579535277,-7.46731343827641,-7.134058309669593,True
2024-08-02,BTCUSDT,65354.02,65596.14,61230.01,61498.33,38820.42937,288,288,0.0012000433628963,-0.0608089331256907,True,0.0346416420352205,3.4641642035220586,-6.725397587094146,-7.134058309669593,-7.5323308545150685,-7.457317978583107,-6.725397587094146,True
2024-08-03,BTCUSDT,61498.34,62198.22,59850.0,60697.99,28034.71567,288,288,0.0008246279717525,-0.0130994361288601,True,0.028716336321902,2.871633632190208,-7.100578216665417,-6.725397587094146,-7.236001038834743,-7.446325939335721,-7.100578216665417,True
2024-08-04,BTCUSDT,60697.99,61117.63,57122.77,58161.0,31616.52003,288,288,0.0010063536158785,-0.0426955568181981,True,0.0317230770241244,3.1723077024124446,-6.90142176223117,-7.100578216665417,-7.212198772709603,-7.429993154526485,-6.90142176223117,True
2024-08-05,BTCUSDT,58161.0,58305.59,49000.0,54018.81,162065.59186,288,288,0.0131489706961742,-0.0738827077815429,True,0.1146689613460166,11.466896134601669,-4.331411797477132,-6.90142176223117,-7.0790799883080116,-7.380022774645247,-4.331411797477132,True
2024-08-06,BTCUSDT,54018.82,57040.99,53950.0,56022.01,55884.77676,288,288,0.0021872027356473,0.0364123299874938,True,0.0467675393371014,4.676753933710149,-6.125131841242216,-4.331411797477132,-6.4385735346274915,-7.2361990361888076,-6.125131841242216,True
2024-08-07,BTCUSDT,56022.0,57736.05,54558.62,55134.16,44269.37684,288,288,0.0014073727466016,-0.0159751614680071,True,0.0375149669678868,3.751496696788683,-6.566030612977992,-6.125131841242216,-6.236788240942016,-7.191868098548315,-6.566030612977992,True
2024-08-08,BTCUSDT,55133.76,62745.14,54730.0,61685.99,48349.52949,288,288,0.0027941349839848,0.1122873509141608,True,0.0528595779777404,5.285957797774046,-5.880232707222447,-6.566030612977992,-6.204914846118785,-7.178041110381108,-5.880232707222447,True
2024-08-09,BTCUSDT,61686.0,61744.37,59535.0,60837.99,30972.48017,288,288,0.0014286316028615,-0.013842409307288,True,0.037797243323575,3.779724332357506,-6.551038213927462,-5.880232707222447,-5.960845744230191,-7.114757221889004,-6.551038213927462,True
2024-08-10,BTCUSDT,60837.99,61470.58,60242.0,60923.51,9995.20621,288,288,0.0002888064052926,0.0014047135434834,True,0.0169943050841358,1.6994305084135803,-8.149753972200555,-6.551038213927462,-5.89076903456945,-7.067671264197103,-8.149753972200555,True
2024-08-11,BTCUSDT,60923.51,61858.0,58286.73,58712.59,19189.84512,288,288,0.0006446340448571,-0.0369649586682065,True,0.0253896444413303,2.5389644441330383,-7.346827774499654,-8.149753972200555,-6.654437469514134,-7.103572726719201,-7.346827774499654,True
2024-08-12,BTCUSDT,58712.59,60711.09,57642.21,59346.64,37009.91743,288,288,0.0018342642403702,0.0107413218969402,True,0.0428283112014736,4.282831120147363,-6.301111836807449,-7.346827774499654,-6.898776656165621,-7.06561050855262,-6.301111836807449,True
2024-08-13,BTCUSDT,59346.64,61578.1,58392.88,60587.15,27858.95851,288,288,0.0008856845784511,0.0206873182434579,True,0.0297604532635361,2.976045326353616,-7.029149677007334,-6.301111836807449,-6.845792900931514,-7.009301638909459,-7.029149677007334,True
2024-08-14,BTCUSDT,60587.16,61800.0,58433.18,58683.39,28422.76326,288,288,0.0007941056964138,-0.0319261018184254,True,0.0281798810574823,2.817988105748231,-7.138293986667606,-7.029149677007334,-7.07557629488849,-6.972854228127859,-7.138293986667606,True
2024-08-15,BTCUSDT,58683.39,59849.38,56078.54,57541.06,37686.17622,288,288,0.0011332627110185,-0.0196579426462033,True,0.0336639675471947,3.3663967547194735,-6.7826544517769225,-7.138293986667606,-7.193027449436519,-6.956217371135231,-6.7826544517769225,True
2024-08-16,BTCUSDT,57541.05,59817.76,57098.62,58874.6,27610.84344,288,288,0.0009186693882653,0.0229109783372541,True,0.0303095593545222,3.0309559354522277,-6.992584251950284,-6.7826544517769225,-6.919607545351793,-6.913868547277071,-6.992584251950284,True
2024-08-17,BTCUSDT,58874.59,59700.0,58785.05,59491.99,7721.72931,288,288,0.0001320009210328,0.0104319233822088,True,0.0114891653758142,1.1489165375814263,-8.932701657881035,-6.992584251950284,-6.848758840841919,-6.908560536723342,-8.932701657881035,True
2024-08-18,BTCUSDT,59491.99,60284.99,58408.92,58427.35,13634.85717,288,288,0.000306483307281,-0.0180575795170043,True,0.0175066646532401,1.7506664653240116,-8.090347266449603,-8.932701657881035,-7.375076805056636,-6.9631952979533995,-8.090347266449603,True
2024-08-19,BTCUSDT,58427.35,59617.63,57787.3,59438.5,22809.31251,288,288,0.0006146275777129,0.0171580624359488,True,0.024791683640143,2.4791683640143005,-7.394494038280583,-8.090347266449603,-7.58731632294509,-7.027560085756989,-7.394494038280583,True
2024-08-20,BTCUSDT,59438.5,61400.0,58548.23,59013.8,31477.44548,288,288,0.0007082658671315,-0.0071708496985929,True,0.0266132648717058,2.6613264871705855,-7.252691016212681,-7.394494038280583,-7.638556333267685,-6.990625875429027,-7.252691016212681,True
2024-08-21,BTCUSDT,59013.8,61820.93,58783.47,61156.03,27983.6422,288,288,0.0008084006179447,0.0356571523861467,True,0.0284323867788962,2.843238677889626,-7.120452808030474,-7.252691016212681,-7.732563646154837,-6.992130487652734,-7.120452808030474,True
2024-08-22,BTCUSDT,61156.03,61400.0,59724.87,60375.84,21241.20588,288,288,0.0004694716278355,-0.0128394423275774,True,0.0216672939666124,2.1667293966612435,-7.663902691737273,-7.120452808030474,-7.758137357370876,-6.971832175097796,-7.663902691737273,True
2024-08-23,BTCUSDT,60375.83,64955.0,60342.14,64037.24,38118.07089,288,288,0.0010583604802576,0.0588757642166274,True,0.0325324527242815,3.253245272428157,-6.8510342849974615,-7.663902691737273,-7.504377564142123,-6.977739385364046,-6.8510342849974615,True
2024-08-24,BTCUSDT,64037.24,64494.5,63531.0,64157.01,15857.15616,288,288,0.0002495453799098,0.0018685710918972,True,0.0157970054095661,1.5797005409566127,-8.29586977590547,-6.8510342849974615,-7.256514967851695,-6.964874656969858,-8.29586977590547,True
2024-08-25,BTCUSDT,64157.02,65000.0,63773.27,64220.0,12305.47977,288,288,0.0001859684657195,0.0009813284334163,True,0.0136370255451681,1.363702554516811,-8.58993343776693,-8.29586977590547,-7.436790115376672,-7.036259756461282,-8.58993343776693,True
2024-08-26,BTCUSDT,64219.99,64481.0,62800.0,62834.0,19470.05276,288,288,0.0003938778402908,-0.021818360418124,True,0.0198463558441056,1.9846355844105616,-7.839469746765136,-8.58993343776693,-7.704238599687521,-7.103957721056807,-7.839469746765136,True
2024-08-27,BTCUSDT,62834.0,63212.0,58034.01,59415.0,35135.94178,288,288,0.0013905813865546,-0.0559496085012546,True,0.0372904999504518,3.729049995045182,-6.578033355579072,-7.839469746765136,-7.8480419874344545,-7.14659626580835,-6.578033355579072,True
2024-08-28,BTCUSDT,59415.0,60234.98,57860.0,59034.9,36868.54275,288,288,0.0013286046448986,-0.0064179252947448,True,0.0364500294224658,3.6450029422465806,-6.623626026654192,-6.578033355579072,-7.630868120202814,-7.248715427540256,-6.623626026654192,True
2024-08-29,BTCUSDT,59034.9,61166.99,58713.09,59359.01,27020.90743,288,288,0.0007315048073958,0.0054751263752269,True,0.02704634554604,2.704634554604004,-7.220406765556039,-6.623626026654192,-7.5853864685341605,-7.271374254149891,-7.220406765556039,True
2024-08-30,BTCUSDT,59359.0,59944.07,57701.1,59123.99,28519.32195,288,288,0.0006403275405436,-0.0039671566087139,True,0.0253046940416927,2.530469404169277,-7.353530730426975,-7.220406765556039,-7.370293866464275,-7.301118624721622,-7.353530730426975,True
2024-08-31,BTCUSDT,59123.99,59462.38,58744.0,58973.99,8798.409,288,288,9.604794697704288e-05,-0.0025402649674762,True,0.0098004054496251,0.9800405449625176,-9.250663043501387,-7.353530730426975,-7.123013324996282,-7.368086716685463,-9.250663043501387,True
2024-09-01,BTCUSDT,58974.0,59076.59,57201.0,57301.86,20705.15741,288,288,0.0005949442038179,-0.0287634153194422,True,0.0243914780982601,2.4391478098260184,-7.42704293191177,-9.250663043501387,-7.405251984343534,-7.490796936211551,-7.42704293191177,True
2024-09-02,BTCUSDT,57301.77,59425.69,57128.0,59132.13,22895.01461,288,288,0.0005115335052284,0.0314413475808032,True,0.0226171064733856,2.261710647338562,-7.578097470850038,-7.42704293191177,-7.575053899610073,-7.457946434380242,-7.578097470850038,True
2024-09-03,BTCUSDT,59132.12,59809.65,57415.0,57487.73,22828.18447,288,288,0.0004044972085648,-0.0282028977798505,True,0.0201121159643849,2.011211596438498,-7.812865722441826,-7.578097470850038,-7.765948188449242,-7.46845869330526,-7.812865722441826,True
2024-09-04,BTCUSDT,57487.74,58519.0,55606.0,57970.9,35560.82146,288,288,0.001506992601865,0.0083696267750259,True,0.0388200026000129,3.882000260001292,-6.497639268530319,-7.812865722441826,-7.884439979826399,-7.537174779015913,-6.497639268530319,True
2024-09-05,BTCUSDT,57970.9,58327.07,55643.65,56180.0,27806.91413,288,288,0.0009685520494805,-0.0313803388267208,True,0.0311215688788426,3.1121568878842676,-6.939708334196295,-6.497639268530319,-7.713261687447068,-7.51301521499423,-6.939708334196295,True
2024-09-06,BTCUSDT,56180.0,57008.0,52550.0,53962.97,54447.76826,288,288,0.0014708253148484,-0.040262751080288,True,0.0383513404569962,3.835134045699625,-6.521931597066836,-6.939708334196295,-7.25107074558605,-7.503988594427352,-6.521931597066836,True
2024-09-07,BTCUSDT,53962.97,54850.0,53745.54,54160.86,16694.04774,288,288,0.000258946899343,0.0036604367595438,True,0.016091827097724,1.6091827097724003,-8.258887539126286,-6.521931597066836,-7.070048478617062,-7.492137555576894,-8.258887539126286,True
2024-09-08,BTCUSDT,54160.86,55318.0,53629.01,54869.95,16274.14779,288,288,0.0004538414262346,0.0130073324703563,True,0.021303554309894,2.130355430989401,-7.697762702357475,-8.258887539126286,-7.206206492272313,-7.549696795903077,-7.697762702357475,True
2024-09-09,BTCUSDT,54869.95,58088.0,54591.96,57042.0,32384.51737,288,288,0.0007940166376741,0.0388219987792398,True,0.0281783008301456,2.817830083014561,-7.138406142687179,-7.697762702357475,-7.1831858882554425,-7.493563207015643,-7.138406142687179,True
2024-09-10,BTCUSDT,57042.01,58044.36,56386.4,57635.99,23626.78126,288,288,0.0005801931213239,0.0103593603630522,True,0.0240871982871393,2.4087198287139393,-7.452149542045457,-7.138406142687179,-7.311339263086815,-7.450293155935531,-7.452149542045457,True
2024-09-11,BTCUSDT,57635.99,57981.71,55545.19,57338.0,33026.56757,288,288,0.0009534550096856,-0.0051836187862436,True,0.0308780668061596,3.0878066806159623,-6.955418318425482,-7.452149542045457,-7.413827504656647,-7.452913860652117,-6.955418318425482,True
2024-09-12,BTCUSDT,57338.0,58588.0,57324.0,58132.32,31074.40631,288,288,0.0006268831177775,0.0137582112804244,True,0.0250376340291485,2.503763402914855,-7.374750449736705,-6.955418318425482,-7.500524848928376,-7.439401465298153,-7.374750449736705,True
2024-09-13,BTCUSDT,58132.31,60625.0,57632.62,60498.0,29825.23333,288,288,0.0004801591649744,0.0398885151769491,True,0.0219125344260859,2.1912534426085983,-7.6413929153307105,-7.374750449736705,-7.32369743105046,-7.450960449012072,-7.6413929153307105,True
2024-09-14,BTCUSDT,60497.99,60610.45,59400.0,59993.03,12137.90901,288,288,0.0001556271101499,-0.0083819178315692,True,0.0124750595249057,1.2475059524905758,-8.768047731641083,-7.6413929153307105,-7.312423473645107,-7.44993727735723,-8.768047731641083,True
2024-09-15,BTCUSDT,59993.02,60395.8,58691.05,59132.0,13757.92361,288,288,0.0002686874113653,-0.0144561557687214,True,0.0163916872641398,1.6391687264139834,-8.22196189358808,-8.768047731641083,-7.638351791435888,-7.5370742522046665,-8.22196189358808,True
2024-09-16,BTCUSDT,59132.0,59210.7,57493.3,58213.99,26477.5642,288,288,0.0005514923696145,-0.0156465291807428,True,0.023483874672093,2.348387467209308,-7.502882555060901,-8.22196189358808,-7.792314261744413,-7.533714803008422,-7.502882555060901,True
2024-09-17,BTCUSDT,58213.99,61320.0,57610.01,60313.99,33116.25878,288,288,0.0007424884967529,0.0354383795991593,True,0.0272486421084228,2.7248642108422834,-7.205503179996118,-7.502882555060901,-7.901807109071496,-7.484303399249057,-7.205503179996118,True
2024-09-18,BTCUSDT,60313.99,61786.24,59174.8,61759.99,36087.02469,288,288,0.0009114153845598,0.023691660342147,True,0.0301896569135831,3.0189656913583196,-7.000511799136736,-7.205503179996118,-7.867957655123379,-7.455486737123192,-7.000511799136736,True
2024-09-19,BTCUSDT,61759.98,63850.0,61555.0,62947.99,34332.52608,288,288,0.0006115308109575,0.0190530860779133,True,0.024729149014018,2.4729149014018037,-7.399545218239651,-7.000511799136736,-7.739781431884583,-7.474690302739449,-7.399545218239651,True
2024-09-20,BTCUSDT,62948.0,64133.32,62350.0,63201.05,25466.37794,288,288,0.0004880128982428,0.0040120850615294,True,0.0220910139704542,2.2091013970454227,-7.6251687216350055,-7.399545218239651,-7.466080929204297,-7.509959356902425,-7.6251687216350055,True
2024-09-21,BTCUSDT,63201.05,63559.9,62758.0,63348.96,8375.34608,288,288,0.0001115200107699,0.0023375749611006,True,0.0105603035358798,1.0560303535879894,-9.101306514378356,-7.6251687216350055,-7.3467222948136826,-7.528357627633286,-9.101306514378356,True
2024-09-22,BTCUSDT,63348.97,64000.0,62357.93,63578.76,14242.19892,288,288,0.0002717189142489,0.0036209624041568,True,0.0164838986362145,1.6483898636214542,-8.210742429494513,-9.101306514378356,-7.666407086677173,-7.607801981449259,-8.210742429494513,True
2024-09-23,BTCUSDT,63578.76,64745.88,62538.75,63339.99,24078.05287,288,288,0.0005061467085964,-0.0037625690717459,True,0.0224977045183823,2.24977045183823,-7.58868399276314,-8.210742429494513,-7.867454936576853,-7.560532862630764,-7.58868399276314,True
2024-09-24,BTCUSDT,63339.99,64688.0,62700.0,64262.7,23185.04759,288,288,0.0004546746547504,0.014462486379391,True,0.0213231014336679,2.1323101433667926,-7.695928439284191,-7.58868399276314,-7.985089375302133,-7.567880183578555,-7.695928439284191,True
2024-09-25,BTCUSDT,64262.7,64817.99,62947.08,63152.01,17813.11168,288,288,0.0003669596266885,-0.0174346923431637,True,0.0191561902968356,1.9156190296835631,-7.910258724984301,-7.695928439284191,-8.04436601951104,-7.573236136689197,-7.910258724984301,True
2024-09-26,BTCUSDT,63152.01,65839.0,62670.0,65173.99,28373.30593,288,288,0.000526950490928,0.0315157856913526,True,0.0229554022166469,2.295540221664693,-7.548403958944189,-7.910258724984301,-8.101384020180898,-7.57766309135022,-7.548403958944189,True
2024-09-27,BTCUSDT,65173.99,66498.0,64819.9,65769.95,22048.80487,288,288,0.0002876353798578,0.0091025841280012,True,0.0169598166221759,1.6959816622175985,-8.153816922097194,-7.548403958944189,-7.790803509094067,-7.6254251227326675,-8.153816922097194,True
2024-09-28,BTCUSDT,65769.95,66260.0,65422.23,65858.0,9127.23316,288,288,0.0001080737922328,0.0013378619530771,True,0.0103958545696262,1.0395854569626293,-9.13269630274205,-8.153816922097194,-7.779418407614602,-7.680611876728164,-9.13269630274205,True
2024-09-29,BTCUSDT,65858.0,66076.12,65432.0,65602.01,8337.74111,288,288,9.90325133217677e-05,-0.0038945733164769,True,0.0099515080928353,0.9951508092835362,-9.220062344355279,-9.13269630274205,-8.088220869610385,-7.799282999713401,-9.220062344355279,True
2024-09-30,BTCUSDT,65602.01,65618.8,62856.3,63327.59,30011.08752,288,288,0.0004731434881569,-0.0352852405547538,True,0.0217518617170327,2.1751861717032743,-7.656111857850381,-9.220062344355279,-8.393047650624604,-7.842972763587445,-7.656111857850381,True
2024-10-01,BTCUSDT,63327.6,64130.63,60164.0,60805.78,43671.48108,288,288,0.000773851068912,-0.0406362449266576,True,0.0278181787490132,2.7818178749013227,-7.164131120315512,-7.656111857850381,-8.34221827719782,-7.841079543382577,-7.164131120315512,True
2024-10-02,BTCUSDT,60804.92,62390.31,60000.0,60649.28,31534.70118,288,288,0.0010352085269499,-0.0025770863167757,True,0.0321746565941258,3.2174656594125883,-6.873152397244317,-7.164131120315512,-8.265363709472082,-7.842248860547502,-6.873152397244317,True
2024-10-03,BTCUSDT,60649.27,61477.19,59828.11,60752.71,26221.43472,288,288,0.0006320025126937,0.0017039263528479,True,0.0251396601546981,2.5139660154698142,-7.366617188044149,-6.873152397244317,-8.009230804501508,-7.815930808511086,-7.366617188044149,True
2024-10-04,BTCUSDT,60752.72,62484.85,60459.9,62086.0,21294.65994,288,288,0.000425458067045,0.0217088304100366,True,0.0206266348938705,2.0626634893870586,-7.762344164642687,-7.366617188044149,-7.6560149815619285,-7.834621666221025,-7.762344164642687,True
2024-10-05,BTCUSDT,62086.0,62370.56,61689.26,62058.0,7807.46141,288,288,8.5108075957898e-05,-0.0004510890655172,True,0.0092254038371172,0.9225403837117268,-9.371588627264856,-7.762344164642687,-7.3644713456194095,-7.852239562353116,-9.371588627264856,True
2024-10-06,BTCUSDT,62058.01,62975.0,61798.97,62819.91,8906.86177,288,288,0.0001428574120888,0.0122026298209965,True,0.0119522973561085,1.19522973561085,-8.853663543417627,-9.371588627264856,-7.707566699502304,-7.930884821986485,-8.853663543417627,True
2024-10-07,BTCUSDT,62819.91,64478.19,62128.0,62224.0,25966.1852,288,288,0.0006396839796214,-0.0095312840313266,True,0.025291974608984,2.5291974608984047,-7.354536285402519,-8.853663543417627,-8.045473184122727,-7.934776449794511,-7.354536285402519,True
2024-10-08,BTCUSDT,62224.01,63200.0,61860.31,62160.49,19702.22371,288,288,0.0004463139874613,-0.001021188502187,True,0.02112614464263,2.1126144642630016,-7.714487845880664,-7.354536285402519,-8.141749961754368,-7.895348013058802,-7.714487845880664,True
2024-10-09,BTCUSDT,62160.5,62543.75,60301.0,60636.02,20011.15684,288,288,0.000355373959001,-0.0248304829764285,True,0.0188513649108238,1.885136491082384,-7.942339917294622,-7.714487845880664,-8.21132409332167,-7.9049664353687925,-7.942339917294622,True
2024-10-10,BTCUSDT,60636.01,61321.68,58946.0,60326.39,23967.92481,288,288,0.0005072932675463,-0.0051194528325318,True,0.022523171791431,2.2523171791431063,-7.586421284628322,-7.942339917294622,-8.247323243852058,-7.938459014336906,-7.586421284628322,True
2024-10-11,BTCUSDT,60326.4,63417.56,60087.64,62540.0,23641.35209,288,288,0.0004032109471282,0.0360366989274505,True,0.0200801132249868,2.008011322498684,-7.816050690960111,-7.586421284628322,-7.890289775324751,-7.965091263677434,-7.816050690960111,True
2024-10-12,BTCUSDT,62539.99,63480.0,62487.23,63206.22,10911.30116,288,288,0.0001593055094876,0.0105963620019287,True,0.0126216286384778,1.2621628638477866,-8.744686756036797,-7.816050690960111,-7.682767204833249,-7.984023330619272,-8.744686756036797,True
2024-10-13,BTCUSDT,63206.23,63285.72,62050.0,62870.02,11909.21995,288,288,0.0002164126286707,-0.0053332935199557,True,0.0147109696713282,1.4710969671328225,-8.43832365469702,-8.744686756036797,-7.960797298960104,-8.034910514001172,-8.43832365469702,True
2024-10-14,BTCUSDT,62870.02,66500.0,62457.81,66083.99,37669.95222,288,288,0.0005475376593196,0.0498570882341069,True,0.0233995226301655,2.339952263016553,-7.510079314493751,-8.43832365469702,-8.105564460723375,-8.004774929470202,-7.510079314493751,True
2024-10-15,BTCUSDT,66084.0,67950.0,64800.01,67074.14,43683.95423,288,288,0.0010290271611651,0.014872066015213,True,0.0320784532227651,3.2078453222765098,-6.879141426788497,-7.510079314493751,-8.0191123401632,-7.972926606061077,-6.879141426788497,True
2024-10-16,BTCUSDT,67074.14,68424.0,66750.49,67620.01,29938.25544,288,288,0.0005203164063657,0.008105370403984,True,0.0228104451154676,2.2810445115467632,-7.56107345765372,-6.879141426788497,-7.877656368595235,-7.9406746712440475,-7.56107345765372,True
2024-10-17,BTCUSDT,67620.0,67939.4,66666.0,67421.78,25328.22861,288,288,0.0003537578368327,-0.0029358340463446,True,0.0188084512077091,1.8808451207709107,-7.946897955661543,-7.56107345765372,-7.826660921933957,-7.934544899351753,-7.946897955661543,True
2024-10-18,BTCUSDT,67421.78,69000.0,67192.36,68428.0,28725.635,288,288,0.0003709498933529,0.0148139864714189,True,0.0192600595365887,1.926005953658876,-7.899443562826018,-7.946897955661543,-7.667103161858906,-7.936210318927991,-7.899443562826018,True
2024-10-19,BTCUSDT,68427.99,68693.26,68010.0,68378.0,8193.66737,288,288,5.5725181964906744e-05,-0.0007309621248524,True,0.0074649301379789,0.7464930137978971,-9.795078413288849,-7.899443562826018,-7.559327143484706,-7.952166664558984,-9.795078413288849,True
2024-10-20,BTCUSDT,68377.99,69400.0,68100.0,69031.99,12442.47378,288,288,0.0001234298954749,0.0095188848804471,True,0.0111099007860097,1.110990078600979,-8.999837211045868,-9.795078413288849,-8.016326963243724,-8.02676945961315,-8.999837211045868,True
2024-10-21,BTCUSDT,69032.0,69519.52,66840.67,67377.5,31374.42184,288,288,0.0004422426829456,-0.0242588860534895,True,0.0210295668748942,2.102956687489424,-7.723651770124902,-8.999837211045868,-8.4404661200952,-8.020730409990595,-7.723651770124902,True
2024-10-22,BTCUSDT,67377.5,67836.01,66571.42,67426.0,24598.96268,288,288,0.0004204689327971,0.0007195659176895,True,0.0205053391290448,2.050533912904488,-7.774139962857106,-7.723651770124902,-8.472981782589436,-7.95271174752558,-7.774139962857106,True
2024-10-23,BTCUSDT,67426.01,67472.83,65260.0,66668.65,25530.2407,288,288,0.0003850302252553,-0.0112958727724364,True,0.0196221870660583,1.9622187066058387,-7.862188719601392,-7.774139962857106,-8.438430184028547,-7.958076661389521,-7.862188719601392,True
2024-10-24,BTCUSDT,66668.65,68850.0,66510.0,68198.28,22589.83877,288,288,0.0003294334101211,0.0226845171526351,True,0.0181503005518128,1.8150300551812892,-8.018136318159815,-7.862188719601392,-8.430979215383624,-7.989806552266152,-8.018136318159815,True
2024-10-25,BTCUSDT,68198.27,68771.49,65596.29,66698.33,34479.71125,288,288,0.0010096389438663,-0.0222394294631635,True,0.0317748161893407,3.1774816189340727,-6.898162493361143,-8.018136318159815,-8.075590796357817,-8.041851275944127,-6.898162493361143,True
2024-10-26,BTCUSDT,66698.32,67454.55,66439.9,67092.76,11842.9077,288,288,0.000133797362971,0.0058962243705629,True,0.0115670810047777,1.1567081004777724,-8.919184119201287,-6.898162493361143,-7.655255852820872,-8.020557880731266,-8.919184119201287,True
2024-10-27,BTCUSDT,67092.76,68332.05,66913.73,68021.7,8653.19592,288,288,0.0001139858403428,0.0137506324185203,True,0.0106764151447404,1.0676415144740408,-9.079436324803469,-8.919184119201287,-7.894362322636148,-8.073141515029384,-9.079436324803469,True
2024-10-28,BTCUSDT,68021.69,70270.0,67618.0,69962.21,29046.75459,288,288,0.0004163423243609,0.0281284672152085,True,0.0204044682449934,2.0404468244993463,-7.784002740997237,-9.079436324803469,-8.155421595025421,-8.059861864917503,-7.784002740997237,True
2024-10-29,BTCUSDT,69962.21,73620.12,69760.0,72736.42,50128.60594,288,288,0.0006326084017839,0.038886982829378,True,0.0251517077309664,2.5151707730966475,-7.365658965827935,-7.784002740997237,-8.13978439930459,-8.011240919352938,-7.365658965827935,True
2024-10-30,BTCUSDT,72736.41,72961.0,71436.0,72344.74,26885.99056,288,288,0.0005470359955069,-0.0053994736683454,True,0.0233888006427628,2.3388800642762893,-7.510995952393108,-7.365658965827935,-8.009288928838215,-8.011746495735913,-7.510995952393108,True
2024-10-31,BTCUSDT,72344.75,72700.0,69685.76,70292.01,29352.10297,288,288,0.0004659053467975,-0.028784611695912,True,0.0215848406711178,2.1584840671117824,-7.6715280629302764,-7.510995952393108,-8.131855620644606,-8.00249686421375,-7.6715280629302764,True
2024-11-01,BTCUSDT,70292.01,71632.95,68820.14,69496.01,38301.86755,288,288,0.0009139532458821,-0.0113887957455081,True,0.0302316596613909,3.0231659661390906,-6.997731141120359,-7.6715280629302764,-7.882324409390405,-7.990187234469917,-6.997731141120359,True
2024-11-02,BTCUSDT,69496.0,69914.37,69000.14,69374.74,10521.67243,288,288,0.0001507482599752,-0.0017465165389541,True,0.012277958298319,1.2277958298319018,-8.799899264876663,-6.997731141120359,-7.465983372653783,-7.96342859158319,-8.799899264876663,True
2024-11-03,BTCUSDT,69374.74,69391.0,67478.73,68775.99,24995.70243,288,288,0.0004167841162573,-0.008668122839254,True,0.020415291236162,2.0415291236162014,-7.782942177038943,-8.799899264876663,-7.669162677429668,-8.00814898130667,-7.782942177038943,True
2024-11-04,BTCUSDT,68775.99,69500.0,66835.0,67850.01,29800.39187,288,288,0.0005500455384043,-0.0135551678077715,True,0.0234530496610652,2.345304966106529,-7.505509486066521,-7.782942177038943,-7.75261931967187,-7.964433318624949,-7.505509486066521,True
2024-11-05,BTCUSDT,67850.01,70577.91,67476.63,69372.01,33355.06888,288,288,0.000661996441222,0.0221839383739055,True,0.0257292915025272,2.5729291502527225,-7.320250377839298,-7.505509486066521,-7.751522026406552,-7.9220326745962915,-7.320250377839298,True
2024-11-06,BTCUSDT,69372.01,76400.0,69298.0,75571.99,104126.994787,288,288,0.0017369493653614,0.085602239848216,True,0.04167672450375,4.16767245037501,-6.35562494277477,-7.320250377839298,-7.681266489388356,-7.913404086566543,-6.35562494277477,True
2024-11-07,BTCUSDT,75571.99,76849.99,74416.0,75857.89,44869.422345,288,288,0.0005503294076903,0.0037760095920664,True,0.0234591007434284,2.345910074342848,-7.504993535947328,-6.35562494277477,-7.552845249719239,-7.889607882747737,-7.504993535947328,True
2024-11-08,BTCUSDT,75857.89,77199.99,75555.0,76509.78,36521.099583,288,288,0.000377951054286,0.0085568543195203,True,0.0194409633065364,1.9440963306536456,-7.880745856744597,-7.504993535947328,-7.293864103933371,-7.887058795397447,-7.880745856744597,True
2024-11-09,BTCUSDT,76509.78,76900.0,75714.66,76677.46,16942.07915,288,288,0.0001304761088041,0.0021892171563318,True,0.0114226139216954,1.1422613921695437,-8.944320422259755,-7.880745856744597,-7.313424839874503,-7.884051881810313,-8.944320422259755,True
2024-11-10,BTCUSDT,76677.46,81500.0,76492.0,80370.01,61830.100435,288,288,0.0009312046137378,0.0470333036943159,True,0.0305156453927799,3.051564539277994,-6.9790315263840395,-8.944320422259755,-7.60118702711315,-7.931546284511847,-6.9790315263840395,True
2024-11-11,BTCUSDT,80370.01,89530.54,80216.01,88647.99,82323.665776,288,288,0.001348924966853,0.098032262179158,True,0.0367277138800253,3.672771388002533,-6.6084473246133,-6.9790315263840395,-7.532943256822098,-7.8035441532889,-6.6084473246133,True
2024-11-12,BTCUSDT,88648.0,89940.0,85072.0,87952.01,97299.887911,288,288,0.0027711499391476,-0.0078820340116342,True,0.0526417129199613,5.264171291996133,-5.888492904443362,-6.6084473246133,-7.583507733189805,-7.694844612996511,-5.888492904443362,True
2024-11-13,BTCUSDT,87952.0,93265.64,86127.99,90375.2,86763.854127,288,288,0.0025572915476028,0.0271785686611844,True,0.0505696702342704,5.056967023427048,-5.968806569773978,-5.888492904443362,-7.260207606889011,-7.6114283009200765,-5.968806569773978,True
2024-11-14,BTCUSDT,90375.21,91790.0,86668.21,87325.59,56729.51086,288,288,0.0018413194225519,-0.0343263464379081,True,0.0429105980213745,4.2910598021374575,-6.297272886864595,-5.968806569773978,-6.877819749494887,-7.5293676921435715,-6.297272886864595,True
2024-11-15,BTCUSDT,87325.59,91850.0,87073.38,91032.07,47927.95068,288,288,0.0012601001081186,0.0415683149748234,True,0.0354978887839642,3.5497888783964227,-6.6765641102870275,-6.297272886864595,-6.348410242415855,-7.4582351542918985,-6.6765641102870275,True
2024-11-16,BTCUSDT,91032.08,91779.66,90056.17,90586.92,22717.87689,288,288,0.0003498665803378,-0.0049020302492472,True,0.0187047208035268,1.8704720803526875,-7.957958675190493,-6.6765641102870275,-6.2879167591964515,-7.39725459938859,-7.957958675190493,True
2024-11-17,BTCUSDT,90587.98,91449.99,88722.0,89855.99,23867.55609,288,288,0.0004444145650777,-0.0081015540914187,True,0.0210811424044737,2.1081142404473767,-7.718752726033583,-7.957958675190493,-6.557819029311891,-7.445427153108105,-7.718752726033583,True
2024-11-18,BTCUSDT,89855.98,92594.0,89376.9,90464.08,46545.03448,288,288,0.0010987924625598,0.0067445881663562,True,0.0331480385929527,3.3148038592952775,-6.813543463468358,-7.718752726033583,-6.923870993629936,-7.390862089782302,-6.813543463468358,True
2024-11-19,BTCUSDT,90464.07,93905.51,90357.0,92310.79,43660.04682,288,288,0.0008075197295013,0.0202081702443532,True,0.0284168916227889,2.8416891622788985,-7.121543070346991,-6.813543463468358,-7.092818372368811,-7.287866959721614,-7.121543070346991,True
2024-11-20,BTCUSDT,92310.8,94831.97,91500.0,94286.56,42203.198712,288,288,0.0006440057332049,0.0211776195370807,True,0.0253772680406094,2.5377268040609424,-7.347802929407466,-7.121543070346991,-7.25767240906529,-7.257755156510242,-7.347802929407466,True
2024-11-21,BTCUSDT,94286.56,98988.0,94040.0,98317.12,69228.360477,288,288,0.0009802363372094,0.0418595170994505,True,0.0313087262150585,3.1308726215058527,-6.927716854956401,-7.347802929407466,-7.391920172889378,-7.256943518491128,-6.927716854956401,True
2024-11-22,BTCUSDT,98317.12,99588.01,97122.11,98892.0,46189.309243,288,288,0.0004810370149819,0.0058301728478936,True,0.021932556052178,2.1932556052178036,-7.639566336595013,-6.927716854956401,-7.185871808842559,-7.230430832244005,-7.639566336595013,True
2024-11-23,BTCUSDT,98892.0,98908.85,97136.0,97672.4,24757.84367,288,288,0.0002133679241969,-0.0124093238715765,True,0.0146071189560768,1.4607118956076854,-8.452492538749723,-7.639566336595013,-7.170034530954846,-7.228978026501493,-8.452492538749723,True
2024-11-24,BTCUSDT,97672.4,98564.0,95734.77,97900.04,31200.97838,288,288,0.0003683380133537,0.0023279364188937,True,0.0191921341531835,1.9192134153183569,-7.906509526823603,-8.452492538749723,-7.497824346011119,-7.2951035445755545,-7.906509526823603,True
2024-11-25,BTCUSDT,97900.05,98871.8,92600.19,93010.01,50847.45096,288,288,0.001066609318449,-0.051239836346874,True,0.0326589852636153,3.265898526361533,-6.8432705232439615,-7.906509526823603,-7.654817637306442,-7.2544949201185975,-6.8432705232439615,True
2024-11-26,BTCUSDT,93010.01,94973.37,90791.1,91965.16,57858.73138,288,288,0.0012266253716231,-0.0112973120961318,True,0.0350232118975848,3.5023211897584803,-6.703488480473757,-6.8432705232439615,-7.55391115607374,-7.211782572218826,-6.703488480473757,True
2024-11-27,BTCUSDT,91965.16,97208.21,91792.14,95863.11,41153.42734,288,288,0.0006006076625084,0.0415114266779125,True,0.024507298147867,2.450729814786701,-7.417568644407184,-6.703488480473757,-7.5090654811772115,-7.175327071964609,-7.417568644407184,True
2024-11-28,BTCUSDT,95863.11,96564.0,94640.0,95643.98,28814.54357,288,288,0.0004198873088672,-0.0022884802399167,True,0.0204911519653547,2.0491151965354772,-7.775524194909976,-7.417568644407184,-7.464665942739646,-7.179750629535877,-7.775524194909976,True
2024-11-29,BTCUSDT,95643.99,98619.99,95364.99,97460.0,27701.78231,288,288,0.0004133421199807,0.0188092813038041,True,0.0203308170022928,2.03308170022929,-7.791234930241427,-7.775524194909976,-7.3292722739716964,-7.2442915046329315,-7.791234930241427,True
2024-11-30,BTCUSDT,97460.0,97463.95,96092.01,96407.99,14503.83306,288,288,0.0001325837647416,-0.0108529554161058,True,0.0115145023662173,1.1514502366217398,-8.92829592555479,-7.791234930241427,-7.306217354655262,-7.257302477100845,-8.92829592555479,True
2024-12-01,BTCUSDT,96407.99,97836.0,95693.88,97185.18,16938.60452,288,288,0.0001991925000648,0.0080291487067362,True,0.0141135573143295,1.411355731432952,-8.521238863799674,-8.92829592555479,-7.723222435117426,-7.30491838931949,-8.521238863799674,True
2024-12-02,BTCUSDT,97185.17,98130.0,94395.0,95840.62,37958.66981,288,288,0.0007261366718456,-0.0139316272445839,True,0.0269469232352349,2.6946923235234936,-7.22777230762604,-8.521238863799674,-8.086772511782609,-7.285687409389487,-7.22777230762604,True
2024-12-03,BTCUSDT,95840.61,96305.52,93578.17,95849.69,35827.32283,288,288,0.0005654668217581,9.463180488249156e-05,True,0.0237795462899987,2.3779546289998716,-7.477858934760411,-7.22777230762604,-8.04881324442638,-7.29699380853685,-7.477858934760411,True
2024-12-04,BTCUSDT,95849.69,99000.0,94587.83,98587.32,43850.53728,288,288,0.0006416104751799,0.0281614176668804,True,0.0253300310931508,2.5330031093150875,-7.351529174893284,-7.477858934760411,-7.9892801923964685,-7.336512518088991,-7.351529174893284,True
2024-12-05,BTCUSDT,98587.32,104088.0,90500.0,96945.63,109921.729662,288,288,0.0040029651193559,-0.0167923470412218,True,0.0632689901875787,6.326899018757877,-5.52071991263547,-7.351529174893284,-7.90133904132684,-7.403014166745806,-5.52071991263547,True
2024-12-06,BTCUSDT,96945.63,101898.99,95981.72,99740.84,45049.5331,288,288,0.0008794494950331,0.0284249160874975,True,0.029655513737468,2.9655513737468,-7.036214420070993,-5.52071991263547,-7.219823838742975,-7.382646591421328,-7.036214420070993,True
2024-12-07,BTCUSDT,99740.84,100439.18,98844.0,99831.99,14931.9459,288,288,0.0002527684709327,0.0009134510578201,True,0.0158986940008512,1.589869400085122,-8.283036622881472,-7.036214420070993,-6.92281894999724,-7.4162348429307094,-8.283036622881472,True
2024-12-08,BTCUSDT,99831.99,101351.0,98657.7,101109.59,14612.99688,288,288,0.0002885088351182,0.0127163050682057,True,0.0169855478309719,1.698554783097192,-8.15078484815852,-8.283036622881472,-7.133871813048326,-7.489256320775912,-8.15078484815852,True
2024-12-09,BTCUSDT,101109.6,101215.93,94150.05,97276.47,53949.11595,288,288,0.0015797133110644,-0.0386478475525814,True,0.0397456074436461,3.9745607443646103,-6.450511897100485,-8.15078484815852,-7.268456995727948,-7.498021146819914,-6.450511897100485,True
2024-12-10,BTCUSDT,97276.48,98270.0,94256.54,96593.0,51708.68933,288,288,0.0012745386045271,-0.0070508557281593,True,0.0357006807291845,3.5700680729184566,-6.665171044667957,-6.450511897100485,-7.088253540169387,-7.440373836413864,-6.665171044667957,True
2024-12-11,BTCUSDT,96593.0,101888.0,95658.24,101125.0,37753.78291,288,288,0.0006247577533672,0.0458511005539246,True,0.0249951545977862,2.499515459778623,-7.37814657797456,-6.665171044667957,-7.317143766575884,-7.433629635559299,-7.37814657797456,True
2024-12-12,BTCUSDT,101125.0,102540.0,99311.64,100004.29,29232.08745,288,288,0.000644993826147,-0.0111442903107424,True,0.0253967286504981,2.5396728650498113,-7.346269813079428,-7.37814657797456,-7.385530198156599,-7.445293431360553,-7.346269813079428,True
2024-12-13,BTCUSDT,100004.29,101895.26,99205.0,101424.25,21904.03923,288,288,0.0004100255051039,0.0140991293706863,True,0.0202490865251731,2.0249086525173143,-7.7992911926302435,-7.346269813079428,-7.19817683619619,-7.445223744254733,-7.7992911926302435,True
2024-12-14,BTCUSDT,101424.24,102650.0,100609.41,101420.0,14191.70326,288,288,0.0002414367220079,-4.190407172649903e-05,True,0.015538234198515,1.5538234198515055,-8.328903139876282,-7.7992911926302435,-7.127878105090535,-7.484840759603544,-8.328903139876282,True
2024-12-15,BTCUSDT,101420.0,105250.0,101237.14,104463.99,22228.921775,288,288,0.0003516327416318,0.0295721083506417,True,0.0187518730166314,1.8751873016631413,-7.952923274669138,-8.328903139876282,-7.503556353645695,-7.516174250661783,-7.952923274669138,True
2024-12-16,BTCUSDT,104463.99,107793.07,103333.0,106058.66,41302.40274,288,288,0.0007728659051917,0.0151499185537427,True,0.0278004659168098,2.780046591680987,-7.165404997657027,-7.952923274669138,-7.7611067996459315,-7.493466556839939,-7.165404997657027,True
2024-12-17,BTCUSDT,106058.65,108353.0,105321.49,106133.74,29064.936466,288,288,0.0005751684105988,0.0007076596818115,True,0.0239826689632091,2.398266896320913,-7.460847672052327,-7.165404997657027,-7.718558483582425,-7.459779987332367,-7.460847672052327,True
2024-12-18,BTCUSDT,106133.74,106524.98,100000.0,100204.01,50307.99755,288,288,0.0012901491071345,-0.0574917891430035,True,0.0359186456751158,3.591864567511585,-6.652997480362242,-7.460847672052327,-7.741474055377003,-7.487851675914566,-6.652997480362242,True
2024-12-19,BTCUSDT,100204.01,102800.11,95700.0,97461.86,55147.398,288,288,0.0020126807855099,-0.0277470858241003,True,0.0448629110235828,4.486291102358283,-6.2082877213968795,-6.652997480362242,-7.512215312923404,-7.485556630454951,-6.2082877213968795,True
2024-12-20,BTCUSDT,97461.86,98233.0,92232.54,97805.44,62884.1357,288,288,0.0019739903877277,0.0035190772297441,True,0.044429611609013,4.442961160901306,-6.227698207421558,-6.2082877213968795,-7.088092229227523,-7.430589315772664,-6.227698207421558,True
2024-12-21,BTCUSDT,97805.44,99540.61,96398.39,97291.99,23483.54143,288,288,0.0005697137774964,-0.0052635361257111,True,0.023868677749228,2.386867774922802,-7.470376467995729,-6.227698207421558,-6.743047215778008,-7.360233589068645,-7.470376467995729,True
2024-12-22,BTCUSDT,97292.0,97448.08,94250.35,95186.27,19353.83036,288,288,0.0006442582521835,-0.0218809543828487,True,0.0253822428517181,2.5382242851718155,-7.347410899536729,-7.470376467995729,-6.804041509845748,-7.345649113512022,-7.347410899536729,True
2024-12-23,BTCUSDT,95186.28,96538.92,92520.0,94881.47,32810.76703,288,288,0.0010697573127453,-0.0032072803231182,True,0.0327071446742957,3.270714467429578,-6.840323466752129,-7.347410899536729,-6.781354155342628,-7.273790703238475,-6.840323466752129,True
2024-12-24,BTCUSDT,94881.47,99487.99,93569.02,98663.58,23674.22488,288,288,0.0006302265354019,0.0390874529987863,True,0.0251043130836499,2.510431308364995,-7.369431223209076,-6.840323466752129,-6.818819352620605,-7.197385457918132,-7.369431223209076,True
2024-12-25,BTCUSDT,98663.58,99569.15,97632.02,99429.6,14474.1651,288,288,0.0004460403957649,0.0077339746703674,True,0.0211196684577416,2.1119668457741643,-7.715101036581837,-7.369431223209076,-7.051048052983044,-7.203824499535543,-7.715101036581837,True
2024-12-26,BTCUSDT,99429.61,99963.7,95199.14,95791.6,21192.36727,288,288,0.0006835964468561,-0.0372748575929541,True,0.0261456774028925,2.6145677402892584,-7.288142804430758,-7.715101036581837,-7.3485286188151,-7.214608231436517,-7.288142804430758,True
2024-12-27,BTCUSDT,95791.6,97544.58,93500.01,94299.03,26501.26429,288,288,0.000820241243793,-0.0157040951939764,True,0.0286398541161279,2.8639854116127945,-7.1059120612266735,-7.288142804430758,-7.312081886102105,-7.2117270327791285,-7.1059120612266735,True
2024-12-28,BTCUSDT,94299.03,95733.99,94135.66,95300.0,8385.8929,288,288,0.0001792786032208,0.0105589073939033,True,0.0133894960032439,1.3389496003243924,-8.626569519550593,-7.1059120612266735,-7.263782118440095,-7.2837812213514574,-8.626569519550593,True
2024-12-29,BTCUSDT,95300.0,95340.0,93009.52,93738.2,13576.00578,288,288,0.0002437830413145,-0.0165240203981775,True,0.0156135531290787,1.5613553129078768,-8.319231903162176,-8.626569519550593,-7.621031328999787,-7.35607008950962,-8.319231903162176,True
2024-12-30,BTCUSDT,93738.19,95024.5,91530.45,92792.05,27619.4225,288,288,0.0006432287855664,-0.010144822242994,True,0.0253619554759969,2.536195547599695,-7.349010087421829,-8.319231903162176,-7.810991464990407,-7.357715329522379,-7.349010087421829,True
2024-12-31,BTCUSDT,92792.05,96250.0,92033.73,93576.0,19612.03389,288,288,0.0006913409888863,0.008412972329419,True,0.0262933639705227,2.629336397052273,-7.276877384298196,-7.349010087421829,-7.737773275158406,-7.321271022216166,-7.276877384298196,True
2025-01-01,BTCUSDT,93576.0,95151.15,92888.0,94591.79,10373.32613,288,288,0.0002650340050332,0.0107967454739192,True,0.0162798650188887,1.627986501888871,-8.235652419330473,-7.276877384298196,-7.735520191131893,-7.358833089816062,-8.235652419330473,True
2025-01-02,BTCUSDT,94591.78,97839.5,94392.0,96984.79,21970.48948,288,288,0.0006327742261676,0.024983476262296,True,0.0251550039985614,2.5155003998561414,-7.365396872163953,-8.235652419330473,-7.961468262752653,-7.430218606846177,-7.365396872163953,True
2025-01-03,BTCUSDT,96984.79,98976.91,96100.01,98174.18,15253.82936,288,288,0.0003042642778812,0.01218908591269,True,0.017443172815783,1.744317281578308,-8.09761389907546,-7.365396872163953,-7.709233733275326,-7.429639074763876,-8.09761389907546,True
2025-01-04,BTCUSDT,98174.17,98778.43,97514.79,98220.5,8990.05651,288,288,0.0001013692681849,0.0004717032137423,True,0.0100682306382463,1.0068230638246325,-9.196740587843337,-8.09761389907546,-7.664910132457981,-7.463791078672787,-9.196740587843337,True
2025-01-05,BTCUSDT,98220.51,98836.85,97276.79,98363.61,8095.63723,288,288,0.0001529132730595,0.0014559673747882,True,0.0123658106511281,1.236581065112816,-8.785639640036292,-9.196740587843337,-8.034456232542285,-7.527311505727926,-8.785639640036292,True
2025-01-06,BTCUSDT,98363.61,102480.0,97920.0,102235.6,25263.43375,288,288,0.0006027739039855,0.0386090351235708,True,0.0245514542132548,2.4551454213254877,-7.413968383480317,-8.785639640036292,-8.336208683689904,-7.5480722557352005,-7.413968383480317,True
2025-01-07,BTCUSDT,102235.6,102724.38,96181.81,96954.61,32059.87537,288,288,0.0005067639482245,-0.0530370228675765,True,0.0225114181744407,2.251141817444073,-7.5874652481476215,-7.413968383480317,-8.171871876519871,-7.523574306135709,-7.5874652481476215,True
2025-01-08,BTCUSDT,96954.6,97268.65,92500.9,95060.61,33704.67894,288,288,0.0010074382153996,-0.0197282426767688,True,0.0317401672238765,3.1740167223876585,-6.900344590689279,-7.5874652481476215,-8.216285551716606,-7.542758862976191,-6.900344590689279,True
2025-01-09,BTCUSDT,95060.61,95382.32,91203.67,92552.49,34544.83685,288,288,0.0009426369984483,-0.0267387451314614,True,0.0307023940181927,3.0702394018192725,-6.9668292927615125,-6.900344590689279,-7.97683169003937,-7.517281450186962,-6.9668292927615125,True
2025-01-10,BTCUSDT,92552.49,95836.0,92206.02,94726.11,31482.86424,288,288,0.0012196866293739,0.0232137319338376,True,0.0349240122175837,3.492401221758372,-6.7091613144003865,-6.9668292927615125,-7.530849431023005,-7.531546532568746,-6.7091613144003865,True
2025-01-11,BTCUSDT,94726.1,95050.94,93831.73,94599.99,7047.9043,288,288,0.0001239837638125,-0.0013323046178589,True,0.011134799675457,1.1134799675457003,-8.995359937928201,-6.7091613144003865,-7.115553765895823,-7.554313514068905,-8.995359937928201,True
2025-01-12,BTCUSDT,94599.99,95450.1,93711.19,94545.06,8606.86622,288,288,0.000143210857513,-0.0005808240981648,True,0.0119670738910164,1.1967073891016458,-8.851192485690458,-8.995359937928201,-7.4318320767854,-7.680116320001026,-8.851192485690458,True
2025-01-13,BTCUSDT,94545.07,95940.0,89256.69,94536.1,42619.56423,288,288,0.0014254231461481,-9.477411717461329e-05,True,0.0377547764679934,3.7754776467993425,-6.553286564675531,-8.851192485690458,-7.684577524293968,-7.742880684441696,-6.553286564675531,True
2025-01-14,BTCUSDT,94536.11,97371.0,94346.22,96560.86,27846.61753,288,288,0.0006734896007339,0.0211917109948261,True,0.025951678187237,2.5951678187237004,-7.303038002865728,-6.553286564675531,-7.615165919091218,-7.706784123766185,-7.303038002865728,True
2025-01-15,BTCUSDT,96560.85,100681.94,96500.0,100497.35,30509.99179,288,288,0.0006675463655902,0.0399578758632115,True,0.0258369186551,2.5836918655100063,-7.31190170854386,-7.303038002865728,-7.682407661112061,-7.72781660268044,-7.31190170854386,True
2025-01-16,BTCUSDT,100497.35,100866.66,97335.13,99987.3,27832.85317,288,288,0.0006167742990968,-0.0050881810693726,True,0.0248349410930827,2.483494109308274,-7.391007404714294,-7.31190170854386,-7.802955739940755,-7.725201624741112,-7.391007404714294,True
2025-01-17,BTCUSDT,99987.3,105865.22,99950.77,104077.48,39171.85292,288,288,0.0005472874641265,0.0400924438437191,True,0.0233941758591003,2.3394175859100383,-7.510536365016428,-7.391007404714294,-7.482085233297974,-7.71047009601986,-7.510536365016428,True
2025-01-18,BTCUSDT,104077.47,104988.88,102277.55,104556.23,24307.82998,288,288,0.000589944604855,0.004589391046214,True,0.0242887752852022,2.4288775285202258,-7.4354819155487295,-7.510536365016428,-7.213954009163167,-7.7205788942283,-7.4354819155487295,True
2025-01-19,BTCUSDT,104556.23,106422.43,99651.6,101331.57,43397.28298,288,288,0.0021397199181139,-0.0313270015419219,True,0.0462571066768547,4.625710667685473,-6.147080337899859,-7.4354819155487295,-7.390393079337808,-7.73555934215203,-6.147080337899859,True
2025-01-20,BTCUSDT,101331.57,109588.0,99550.0,102260.01,89529.231732,288,288,0.0054564916435472,0.0091206761708778,True,0.0738680691743546,7.386806917435463,-5.210949251879873,-6.147080337899859,-7.159201546344635,-7.622855288440633,-5.210949251879873,True
2025-01-21,BTCUSDT,102260.0,107240.81,100119.04,106143.82,45941.02002,288,288,0.0017696160922957,0.0372762795119409,True,0.0420668051115814,4.206680511158143,-6.336992652930036,-5.210949251879873,-6.7390110550118365,-7.4815697133823456,-6.336992652930036,True
2025-01-22,BTCUSDT,106143.82,106394.46,103339.12,103706.66,22248.69254,288,288,0.0005048771541583,-0.0232286300582367,True,0.0224694716038983,2.2469471603898308,-7.591195417373681,-6.336992652930036,-6.5282081046549845,-7.435568920905447,-7.591195417373681,True
2025-01-23,BTCUSDT,103706.66,106850.0,101262.28,103910.34,53953.12031,288,288,0.0025041354365948,0.0019620750260621,True,0.0500413372782426,5.0041337278242635,-5.989811739110029,-7.591195417373681,-6.544339915126436,-7.44985610422706,-5.989811739110029,True
2025-01-24,BTCUSDT,103910.35,107120.0,102750.0,104870.5,23609.24017,288,288,0.000639366027341,0.0091978437211459,True,0.0252856881919608,2.5285688191960825,-7.355033454841116,-5.989811739110029,-6.255205879838696,-7.347772436944312,-7.355033454841116,True
2025-01-25,BTCUSDT,104870.51,105286.52,104106.09,104746.85,9068.32377,288,288,0.0001538574992791,-0.0011797688916691,True,0.0124039307995153,1.240393079951536,-8.77948371328863,-7.355033454841116,-6.496796503226946,-7.347301372520547,-8.77948371328863,True
2025-01-26,BTCUSDT,104746.86,105500.0,102520.44,102620.0,9812.51238,288,288,0.0001799365205769,-0.0205136412372237,True,0.0134140419179656,1.341404191796566,-8.622906432736114,-8.77948371328863,-7.210503395508698,-7.378295454984781,-8.622906432736114,True
2025-01-27,BTCUSDT,102620.01,103260.0,97777.77,102082.83,50758.1341,288,288,0.0014365314814401,-0.0052483029473905,True,0.0379016026236381,3.7901602623638184,-6.545523764407345,-8.622906432736114,-7.667686151469914,-7.352212084298089,-6.545523764407345,True
2025-01-28,BTCUSDT,102082.83,103800.0,100272.68,101335.52,22022.05765,288,288,0.0006725955348358,-0.0073475511137695,True,0.0259344468773848,2.5934446877384887,-7.304366397342347,-6.545523764407345,-7.458551820876646,-7.250388635405866,-7.304366397342347,True
2025-01-29,BTCUSDT,101335.52,104782.68,101328.01,103733.24,23155.35802,288,288,0.0006427104163106,0.0233856124401324,True,0.0253517339902149,2.5351733990214944,-7.3498162986068065,-7.304366397342347,-7.721462752523111,-7.245406726945048,-7.3498162986068065,True
2025-01-30,BTCUSDT,103733.25,106457.44,103278.54,104722.94,19374.07472,288,288,0.000383870590956,0.009495592181072,True,0.0195926157252185,1.9592615725218532,-7.865205064893475,-7.3498162986068065,-7.720419321276249,-7.2346045019659195,-7.865205064893475,True
2025-01-31,BTCUSDT,104722.94,106012.0,101560.0,102429.56,21983.18193,288,288,0.0004798257187871,-0.0221428532511633,True,0.0219049245327876,2.19049245327876,-7.642087605854177,-7.865205064893475,-7.537563591597217,-7.278461796247928,-7.642087605854177,True
2025-02-01,BTCUSDT,102429.56,102783.71,100279.51,100635.65,12290.95747,288,288,0.000227066841068,-0.0176687741751546,True,0.0150687372088062,1.5068737208806262,-8.390266129781903,-7.642087605854177,-7.3413998262208295,-7.309155355933959,-8.390266129781903,True
2025-02-02,BTCUSDT,100635.66,101456.6,96150.0,97700.59,34619.49939,288,288,0.0008798947617802,-0.029598970722465,True,0.0296630201055167,2.96630201055167,-7.035708246529479,-8.390266129781903,-7.710348299295743,-7.3855692111785745,-7.035708246529479,True
2025-02-03,BTCUSDT,97700.59,102500.01,91231.0,101328.52,75164.7385,288,288,0.0026165869790952,0.0364603136848726,True,0.0511525852630666,5.11525852630666,-5.945884490168626,-7.035708246529479,-7.656616669133169,-7.296494134296814,-5.945884490168626,True
2025-02-04,BTCUSDT,101328.51,101732.31,96150.0,97763.13,40267.98697,288,288,0.0013889472491386,-0.0358203995142629,True,0.0372685826016855,3.726858260168558,-6.5792091935130985,-5.945884490168626,-7.375830307445533,-7.164434679954912,-6.5792091935130985,True
2025-02-05,BTCUSDT,97763.14,99149.0,96155.0,96612.43,26233.30444,288,288,0.000735275564871,-0.0118401042068877,True,0.027115965128887,2.7115965128887094,-7.215265210823865,-6.5792091935130985,-7.1186311331694565,-7.165612981265711,-7.215265210823865,True
2025-02-06,BTCUSDT,96612.44,99120.0,95676.64,96554.35,23515.20405,288,288,0.0005812354415114,-0.0006013456532244,True,0.0241088249716048,2.4108824971604816,-7.450354648238494,-7.215265210823865,-7.033266654163394,-7.161623308900173,-7.450354648238494,True
2025-02-07,BTCUSDT,96554.35,100137.99,95620.34,96506.8,31794.22065,288,288,0.0008317234700517,-0.000492590052028,True,0.0288396163298284,2.8839616329828464,-7.0920105401157825,-7.450354648238494,-6.845284357854712,-7.167916624340837,-7.0920105401157825,True
2025-02-08,BTCUSDT,96506.8,96880.0,95688.0,96444.74,10147.24294,288,288,0.0001494261788144,-0.0006432703479828,True,0.0122240001151216,1.2224000115121698,-8.808708074281226,-7.0920105401157825,-6.856544816571973,-7.154325857768177,-8.808708074281226,True
2025-02-09,BTCUSDT,96444.75,97323.09,94713.0,96462.75,14120.91613,288,288,0.0003012007731498,0.0001867216255044,True,0.0173551367943296,1.7355136794329602,-8.107733495143425,-8.808708074281226,-7.4291095333944925,-7.213333662734758,-8.107733495143425,True
2025-02-10,BTCUSDT,96462.75,98345.0,95256.0,97430.82,20572.87537,288,288,0.0004271306519664,0.0099856642396454,True,0.0206671394238891,2.066713942388917,-7.758420615034805,-8.107733495143425,-7.734814393720558,-7.243890552716336,-7.758420615034805,True
2025-02-11,BTCUSDT,97430.82,98478.42,94876.88,95778.2,18647.76379,288,288,0.0003049945435921,-0.0171074860302877,True,0.0174640929793719,1.746409297937199,-8.095216671378855,-7.758420615034805,-7.843445474562746,-7.317133292586106,-8.095216671378855,True
2025-02-12,BTCUSDT,95778.21,98119.99,94088.23,97869.99,29151.16625,288,288,0.000948100991662,0.0216048635909416,True,0.0307912486213546,3.079124862135462,-6.961049530094278,-8.095216671378855,-7.972417879190819,-7.448236357108787,-6.961049530094278,True
2025-02-13,BTCUSDT,97870.0,98083.91,95217.36,96608.14,19921.77616,288,288,0.0003931212416943,-0.0129769625826385,True,0.0198272852830215,1.982728528302156,-7.841392490633359,-6.961049530094278,-7.9462256771865185,-7.4766025787980706,-7.841392490633359,True
2025-02-14,BTCUSDT,96608.13,98826.0,96252.82,97500.48,18173.02646,288,288,0.0004980894871635,0.0091942983898787,True,0.0223179185222005,2.2317918522200504,-7.604730803983094,-7.841392490633359,-7.7527625604569455,-7.487975173037146,-7.604730803983094,True
2025-02-15,BTCUSDT,97500.47,97972.26,97223.58,97569.66,7349.37683,288,288,9.069045020764056e-05,0.0007092833675126,True,0.009523153375203,0.9523153375203014,-9.308058496269236,-7.604730803983094,-7.6521620222248785,-7.561380585076832,-9.308058496269236,True
2025-02-16,BTCUSDT,97569.67,97704.47,96046.18,96118.12,8191.4249,288,288,8.677336602537325e-05,-0.0149887326438574,True,0.009315222274609,0.9315222274609084,-9.352210826409577,-9.308058496269236,-7.962089598471765,-7.650154450596292,-9.352210826409577,True
2025-02-17,BTCUSDT,96118.12,97046.59,95205.0,95780.0,16492.0451,288,288,0.0002417539026323,-0.0035239568778004,True,0.0155484373051562,1.5548437305156275,-8.327590280504502,-9.352210826409577,-8.21348842947791,-7.676187501192699,-8.327590280504502,True
2025-02-18,BTCUSDT,95780.01,96753.91,93388.09,95671.74,23368.19471,288,288,0.000438007529382,-0.0011309378701782,True,0.0209286294195783,2.092862941957839,-7.7332744573657175,-8.327590280504502,-8.486796579559954,-7.662764039727626,-7.7332744573657175,True
2025-02-19,BTCUSDT,95671.74,96899.99,95029.99,96644.37,16438.50954,288,288,0.0003118878122094,0.0101149954907156,True,0.0176603457556588,1.766034575565889,-8.072867011069757,-7.7332744573657175,-8.465172972906425,-7.71675270758937,-8.072867011069757,True
2025-02-20,BTCUSDT,96644.37,98711.36,96415.09,98305.0,17057.39177,288,288,0.0002276040428323,0.0170369380244535,True,0.0150865517210634,1.5086551721063497,-8.387903092986289,-8.072867011069757,-8.558800214323758,-7.7516845536678884,-8.387903092986289,True
2025-02-21,BTCUSDT,98305.01,99475.0,94871.95,96181.98,32249.2814,288,288,0.0005983799403115,-0.0218328685213359,True,0.0244618057451106,2.446180574511062,-7.421284654072606,-8.387903092986289,-8.374769133667169,-7.798870317048773,-7.421284654072606,True
2025-02-22,BTCUSDT,96181.99,96980.0,95770.49,96551.01,11268.17708,288,288,9.014980557530268e-05,0.0038294476827766,True,0.0094947251448002,0.9494725144800278,-9.314037764997222,-7.421284654072606,-7.988583899199774,-7.7786921165569165,-9.314037764997222,True
2025-02-23,BTCUSDT,96551.01,96650.0,95227.94,96258.0,10884.84913,288,288,8.904023204781665e-05,-0.0030393831239014,True,0.0094361131854072,0.9436113185407256,-9.326422244892827,-9.314037764997222,-8.18587339609832,-7.8546898510634175,-9.326422244892827,True
2025-02-24,BTCUSDT,96258.0,96500.0,91349.26,91552.88,31550.10299,288,288,0.0006318932431722,-0.0501153577517221,True,0.0251374868109821,2.513748681098211,-7.366790097117172,-9.326422244892827,-8.50450295360374,-7.897242401750277,-7.366790097117172,True
2025-02-25,BTCUSDT,91552.88,92540.69,86050.99,88680.4,78333.11111,288,288,0.0019495203116246,-0.0318778335074249,True,0.0441533725962655,4.415337259626557,-6.240171930706644,-7.366790097117172,-8.363287570813224,-7.912291576776991,-6.240171930706644,True
2025-02-26,BTCUSDT,88680.39,89414.15,82256.01,84250.09,56893.54409,288,288,0.0022801511468495,-0.0512492578566906,True,0.0477509282302397,4.775092823023978,-6.083513545735186,-6.240171930706644,-7.9337413383572954,-7.925668278619628,-6.083513545735186,True
2025-02-27,BTCUSDT,84250.09,87078.46,82716.49,84708.58,42505.45439,288,288,0.0010297328332046,0.0054272577477827,True,0.0320894504970817,3.208945049708175,-6.878455895625015,-6.083513545735186,-7.666187116689811,-7.903136658266087,-6.878455895625015,True
2025-02-28,BTCUSDT,84708.57,85120.0,78258.52,84349.94,83648.03969,288,288,0.0037439078197961,-0.0042427975590887,True,0.0611874809074224,6.118748090742242,-5.587625341450844,-6.878455895625015,-7.1790707428153695,-7.887827143938867,-5.587625341450844,True
2025-03-01,BTCUSDT,84349.95,86558.0,83824.78,86064.53,25785.05464,288,288,0.0005634382829002,0.0201232660499197,True,0.023736854949641,2.373685494964103,-7.48145275506087,-5.587625341450844,-6.431311362126972,-7.803157629993973,-7.48145275506087,True
2025-03-02,BTCUSDT,86064.54,95000.0,85050.6,94270.0,54889.09045,288,288,0.0024134811879353,0.0910656416882876,True,0.0491271939757941,4.912719397579415,-6.026685097410242,-7.48145275506087,-6.454243893715711,-7.820859548855114,-6.026685097410242,True
2025-03-03,BTCUSDT,94269.99,94416.46,85117.11,86220.61,59171.10218,288,288,0.0024740307398006,-0.0892537611894853,True,0.0497396294698765,4.973962946987658,-6.001906579947319,-6.026685097410242,-6.411546527056432,-7.694403958997342,-6.001906579947319,True
2025-03-04,BTCUSDT,86221.16,88967.52,81500.0,87281.98,55609.10706,288,288,0.0029324843291353,0.0122347826584609,True,0.0541524175742449,5.415241757424494,-5.831905321309303,-6.001906579947319,-6.395225133898857,-7.598684553761155,-5.831905321309303,True
2025-03-05,BTCUSDT,87281.98,91000.0,86334.53,90606.01,38264.01163,288,288,0.0014662054040381,0.037376519512634,True,0.0382910616729036,3.829106167290363,-6.525077573437412,-5.831905321309303,-6.185915019035716,-7.511115676773633,-6.525077573437412,True
2025-03-06,BTCUSDT,90606.0,92810.64,87836.0,89931.89,34342.44902,288,288,0.0016414642017367,-0.0074679403380377,True,0.0405149873717957,4.051498737179573,-6.412166629523178,-6.525077573437412,-6.373405465433029,-7.439745717776294,-6.412166629523178,True
2025-03-07,BTCUSDT,89931.88,91283.02,84667.03,86801.75,57980.35713,288,288,0.0035182034045771,-0.0354258232982414,True,0.0593144451594812,5.931444515948123,-5.649804816095685,-6.412166629523178,-6.15954824032549,-7.4147964950230625,-5.649804816095685,True
2025-03-08,BTCUSDT,86801.74,86897.25,85218.47,86222.45,12989.23054,288,288,0.0004019422684074,-0.0066961981573039,True,0.0200484979090066,2.0048497909006677,-7.819202090585155,-5.649804816095685,-6.084172184062579,-7.315178873453169,-7.819202090585155,True
2025-03-09,BTCUSDT,86222.46,86500.0,80000.0,80734.37,26115.39345,288,288,0.0008122785308816,-0.0657662016000649,True,0.0285005005373876,2.8500500537387685,-7.115667258292839,-7.819202090585155,-6.447631286190147,-7.324927568298716,-7.115667258292839,True
2025-03-10,BTCUSDT,80734.48,84123.46,77459.91,78595.86,47633.38405,288,288,0.0026515151860948,-0.0268453567037925,True,0.0514928653902158,5.149286539021583,-5.932624034043581,-7.115667258292839,-6.704383673586854,-7.22527342111797,-5.932624034043581,True
2025-03-11,BTCUSDT,78595.86,83617.4,76606.0,82932.99,48770.06853,288,288,0.0020416840332251,0.0537139060247327,True,0.045184997877893,4.5184997877893,-6.193980305186196,-5.932624034043581,-6.585892965708088,-7.069837657828606,-6.193980305186196,True
2025-03-12,BTCUSDT,82932.99,84539.85,80607.65,83680.12,31933.986,288,288,0.0009883610940083,0.0089685020330384,True,0.0314382107316611,3.1438210731661163,-6.919462447222381,-6.193980305186196,-6.542255700840691,-6.972855386223229,-6.919462447222381,True
2025-03-13,BTCUSDT,83680.12,84336.33,79939.9,81115.78,27546.27412,288,288,0.0007121684169987,-0.0311239175565561,True,0.0266864837885909,2.6686483788590927,-7.247196133795135,-6.919462447222381,-6.796187227066031,-6.935863931216715,-7.247196133795135,True
2025-03-14,BTCUSDT,81115.78,85309.71,80818.84,83983.2,26858.52755,288,288,0.000585843300457,0.0347392620472017,True,0.0242042000581935,2.4204200058193592,-7.442458209509931,-7.247196133795135,-6.6817860357080265,-6.898333436795141,-7.442458209509931,True
2025-03-15,BTCUSDT,83983.19,84676.28,83618.0,84338.44,11324.7332,288,288,0.0001375052632448,0.0042209727451661,True,0.0117262638229239,1.172626382292394,-8.891848363446238,-7.442458209509931,-6.747144225951445,-6.8553586693643975,-8.891848363446238,True
2025-03-16,BTCUSDT,84338.44,85117.04,81981.12,82574.53,17596.12531,288,288,0.0006559780078806,-0.0211364721204967,True,0.0256120676221318,2.561206762213189,-7.329383294154402,-8.891848363446238,-7.3389890918319765,-6.9222024743359265,-7.329383294154402,True
2025-03-17,BTCUSDT,82574.52,84756.83,82456.0,84010.03,17214.74358,288,288,0.0004669345627777,0.0172349170117188,True,0.0216086686951728,2.1608668695172835,-7.669321432645147,-7.329383294154402,-7.566069689625617,-6.831990907479434,-7.669321432645147,True
2025-03-18,BTCUSDT,84010.02,84021.74,81134.66,82715.03,17610.89883,288,288,0.0004930810114791,-0.0155348697269553,True,0.0222054275229978,2.220542752299787,-7.614837073934191,-7.669321432645147,-7.7160414867101705,-6.756668143286358,-7.614837073934191,True
2025-03-19,BTCUSDT,82715.03,87000.0,82547.16,86845.94,28151.05374,288,288,0.00056925129526,0.0487344175789452,True,0.0238589877249663,2.3858987724966316,-7.471188577643128,-7.614837073934191,-7.789569674737981,-6.76794300586895,-7.471188577643128,True
2025-03-20,BTCUSDT,86845.93,87453.67,83655.23,84223.39,22090.30463,288,288,0.0006152499004416,-0.0306630706836414,True,0.0248042315027424,2.48042315027424,-7.39348203051092,-7.471188577643128,-7.7953157483646205,-6.823898308002427,-7.39348203051092,True
2025-03-21,BTCUSDT,84223.38,84850.33,83175.25,84088.79,11956.97443,288,288,0.0003453251924071,-0.0015994092488556,True,0.0185829274444904,1.8582927444490496,-7.971023998201543,-7.39348203051092,-7.495642481777557,-6.883442330037687,-7.971023998201543,True
2025-03-22,BTCUSDT,84088.79,84539.17,83625.1,83840.59,5420.22114,288,288,5.4818661259824935e-05,-0.0029560066348178,True,0.0074039625377107,0.7403962537710799,-9.811479888040415,-7.971023998201543,-7.623970622586985,-6.933104516518438,-9.811479888040415,True
2025-03-23,BTCUSDT,83840.59,86129.64,83809.75,86082.5,8461.97813,288,288,0.0001545983127546,0.0263888809809591,True,0.0124337569847027,1.2433756984702728,-8.774680335488876,-9.811479888040415,-8.05240231366604,-7.125097904999782,-8.774680335488876,True
2025-03-24,BTCUSDT,86082.5,88765.43,85519.09,87498.16,30115.62111,288,288,0.0004372491740563,0.0163116258283638,True,0.0209105039168441,2.091050391684411,-7.7350073330180615,-8.774680335488876,-8.284370965976978,-7.183880976837418,-7.7350073330180615,True
2025-03-25,BTCUSDT,87498.16,88539.63,86310.0,87392.87,22643.25248,288,288,0.0003742810357424,-0.0012040641846585,True,0.0193463442474919,1.934634424749197,-7.890503610267455,-7.7350073330180615,-8.337134717051963,-7.261531987546865,-7.890503610267455,True
2025-03-26,BTCUSDT,87392.88,88275.0,85860.0,86909.17,18408.78485,288,288,0.0003617883340162,-0.0055501500919209,True,0.0190207343185334,1.9020734318533496,-7.924451229812048,-7.890503610267455,-8.43653903300327,-7.347377307106871,-7.924451229812048,True
2025-03-27,BTCUSDT,86909.17,87756.39,85800.0,87232.01,17098.03897,288,288,0.0002866672735055,0.0037078004164339,True,0.0169312513862847,1.6931251386284742,-8.15718834050742,-7.924451229812048,-8.427224479325371,-7.442493030220633,-8.15718834050742,True
2025-03-28,BTCUSDT,87232.01,87515.67,83585.0,84424.38,27182.73169,288,288,0.0003938119798729,-0.0327151282624929,True,0.0198446965175313,1.9844696517531355,-7.839636971010944,-8.15718834050742,-8.09636616981877,-7.51667988326927,-7.839636971010944,True
2025-03-29,BTCUSDT,84424.38,84624.73,81644.81,82648.54,11696.39864,288,288,0.0003346241271961,-0.0212590631891744,True,0.0182927342733698,1.8292734273369873,-8.00250266443168,-7.839636971010944,-7.909357496923185,-7.5815648987914415,-8.00250266443168,True
2025-03-30,BTCUSDT,82648.53,83534.64,81565.0,82389.99,9864.49508,288,288,0.000284191702491,-0.0031332103056839,True,0.0168579863118665,1.685798631186653,-8.165861538747894,-8.00250266443168,-7.962856563205909,-7.68850571007944,-8.165861538747894,True
2025-03-31,BTCUSDT,82390.0,83943.08,81278.52,82550.01,20569.13885,288,288,0.0007070583041439,0.0019403425512951,True,0.0265905679545198,2.659056795451989,-7.254397428503417,-8.165861538747894,-8.017928148901998,-7.704262957723201,-7.254397428503417,True
2025-04-01,BTCUSDT,82550.0,85579.46,82432.74,85158.34,20190.39697,288,288,0.0004285027286573,0.0311080556108733,True,0.0207003074532086,2.070030745320862,-7.75521345201836,-7.254397428503417,-7.8839173886402705,-7.7105688745509555,-7.75521345201836,True
2025-04-02,BTCUSDT,85158.35,88500.0,82320.0,82516.29,39931.457,288,288,0.001377553571195,-0.0315166187211982,True,0.0371154088108302,3.7115408810830233,-6.587446127533697,-7.75521345201836,-7.803522410942459,-7.7934138480952635,-6.587446127533697,True
2025-04-03,BTCUSDT,82516.28,83998.02,81211.24,83213.09,27337.84135,288,288,0.0007138705711164,0.0084089387880856,True,0.0267183564448953,2.6718356444895313,-7.2448088850028345,-6.587446127533697,-7.55308424224701,-7.811298658201967,-7.2448088850028345,True
2025-04-04,BTCUSDT,83213.09,84720.0,81659.0,83889.87,32915.53976,288,288,0.0013139148682073,0.00810020002606,True,0.0362479636422149,3.624796364221495,-6.634744149293074,-7.2448088850028345,-7.401545486361241,-7.826087132646534,-6.634744149293074,True
2025-04-05,BTCUSDT,83889.87,84266.0,82379.95,83537.99,9360.40468,288,288,0.0001716907335801,-0.0042033687594597,True,0.0131030810720275,1.3103081072027531,-8.669815760182901,-6.634744149293074,-7.095322008470276,-7.798248406078257,-8.669815760182901,True
2025-04-06,BTCUSDT,83537.99,83817.63,77153.83,78430.0,27942.71436,288,288,0.0007554580178438,-0.0630949912246191,True,0.0274855965524466,2.748559655244667,-7.188186346499911,-8.669815760182901,-7.378405674806174,-7.854037385654302,-7.188186346499911,True
2025-04-07,BTCUSDT,78430.0,81243.58,74508.0,79163.24,78387.53089,288,288,0.0036567244939463,0.0093055424346972,True,0.0604708565669969,6.047085656699694,-5.6111874792822345,-7.188186346499911,-7.2650002537024845,-7.776598203065832,-5.6111874792822345,True
2025-04-08,BTCUSDT,79163.24,80867.99,76239.9,76322.42,35317.32063,288,288,0.0009760850327325,-0.0365453144265598,True,0.0312423595897066,3.124235958970663,-6.931960851644899,-5.6111874792822345,-7.069748524052192,-7.698498393298917,-6.931960851644899,True
2025-04-09,BTCUSDT,76322.42,83588.0,74620.0,82615.22,75488.28772,288,288,0.0026938711929922,0.0792271898213651,True,0.0519025162491402,5.190251624914025,-5.916776014686316,-6.931960851644899,-7.007178917380604,-7.664982003253451,-5.916776014686316,True
2025-04-10,BTCUSDT,82615.22,82753.21,78464.36,79607.3,33284.80718,288,288,0.0008840340471753,-0.037088127865998,True,0.0297327100543383,2.973271005433837,-7.031014981164125,-5.916776014686316,-6.863585290459253,-7.587797409651273,-7.031014981164125,True
2025-04-11,BTCUSDT,79607.3,84300.0,78969.58,83423.84,34435.43797,288,288,0.0008832833615115,0.0468283226478623,True,0.0297200834708035,2.972008347080352,-7.0318645011261385,-7.031014981164125,-6.5358251346554965,-7.567789518902228,-7.0318645011261385,True
2025-04-12,BTCUSDT,83423.83,85905.0,82792.95,85276.9,18470.74437,288,288,0.0004106896145606,0.0219694890766084,True,0.0202654783945665,2.0265478394566587,-7.797672824488275,-7.0318645011261385,-6.504560765580743,-7.551352358475648,-7.797672824488275,True
2025-04-13,BTCUSDT,85276.91,86100.0,83034.23,83760.0,24680.04181,288,288,0.0006842070526399,-0.0179480423502676,True,0.0261573517895053,2.615735178950531,-7.287249977610844,-7.797672824488275,-6.941857834621951,-7.5434727596704985,-7.287249977610844,True
2025-04-14,BTCUSDT,83760.0,85799.99,83678.0,84591.58,28659.09348,288,288,0.0007716513142872,0.0098791679099764,True,0.0277786125335165,2.77786125335166,-7.166977775402141,-7.287249977610844,-7.01291565981514,-7.428735036469155,-7.166977775402141,True
2025-04-15,BTCUSDT,84591.58,86496.42,83600.0,83643.99,20910.99528,288,288,0.000420055317291,-0.0112651566020125,True,0.0204952510911918,2.0495251091191853,-7.7751241475238615,-7.166977775402141,-7.2629560119583045,-7.355657647374303,-7.7751241475238615,True
2025-04-16,BTCUSDT,83643.99,85500.0,83111.64,84030.38,20867.24519,288,288,0.0006032530565092,0.0046088222541133,True,0.0245612104039934,2.4561210403993496,-7.413173786734795,-7.7751241475238615,-7.411777845230252,-7.357481138942748,-7.413173786734795,True
2025-04-17,BTCUSDT,84030.38,85470.01,83736.26,84947.91,13728.84772,288,288,0.0002568658825599,0.010859844983459,True,0.0160270359879777,1.6027035987977718,-8.266956467027779,-7.413173786734795,-7.488039702351983,-7.335784328782173,-8.266956467027779,True
2025-04-18,BTCUSDT,84947.92,85132.08,84303.96,84474.69,6529.96315,288,288,6.297430038255711e-05,-0.0055862822389641,True,0.0079356348443307,0.7935634844330799,-9.672783845234598,-8.266956467027779,-7.581896430859883,-7.351352748655614,-9.672783845234598,True
2025-04-19,BTCUSDT,84474.7,85677.99,84364.45,85077.01,9666.58153,288,288,0.0001039593477371,0.0071048834511915,True,0.0101960456912035,1.0196045691203588,-9.171510622382463,-9.672783845234598,-8.059003204384634,-7.420243453415941,-9.171510622382463,True
2025-04-20,BTCUSDT,85077.0,85320.76,83949.52,85179.24,8091.67725,288,288,0.0001215493457647,0.0012008958529971,True,0.0110249419846452,1.1024941984645211,-9.015190239654308,-9.171510622382463,-8.459909773780698,-7.48078316484192,-9.015190239654308,True
2025-04-21,BTCUSDT,85179.24,88465.99,85144.76,87516.23,31773.37262,288,288,0.0005776885160162,0.0270665197044685,True,0.0240351516745007,2.4035151674500757,-7.456475734176441,-9.015190239654308,-8.707922992206788,-7.5268144182611305,-7.456475734176441,True
2025-04-22,BTCUSDT,87516.22,93888.0,87076.03,93442.99,43872.74705,288,288,0.0009312615733492,0.0655272558342847,True,0.0305165786638879,3.0516578663887963,-6.978970360590199,-7.456475734176441,-8.716583381695116,-7.494569608962428,-6.978970360590199,True
2025-04-23,BTCUSDT,93442.99,94696.05,91935.41,93691.08,27404.16808,288,288,0.000613309736955,0.0026514695623881,True,0.0247650910952297,2.4765091095229765,-7.396640469125411,-6.978970360590199,-8.458986160407601,-7.482050196784553,-7.396640469125411,True
2025-04-24,BTCUSDT,93691.07,94005.0,91660.01,93980.47,19497.06071,288,288,0.000330436583918,0.00308400745204,True,0.0181779147296409,1.8177914729640936,-8.01509579630307,-7.396640469125411,-8.003757485185764,-7.465751424834875,-8.01509579630307,True
2025-04-25,BTCUSDT,93980.47,95758.04,92855.96,94638.68,27500.66648,288,288,0.0004113463051886,0.0069792772557712,True,0.0202816741219424,2.0281674121942435,-7.7960751065493925,-8.01509579630307,-7.772474519969886,-7.5306445915971185,-7.7960751065493925,True
2025-04-26,BTCUSDT,94638.68,95199.0,93870.69,94628.0,9415.06875,288,288,0.0001366071277229,-0.0001128566318295,True,0.0116879051896809,1.1687905189680974,-8.898401432665462,-7.7960751065493925,-7.528651493348903,-7.555702147121963,-8.898401432665462,True
2025-04-27,BTCUSDT,94628.0,95369.0,93602.58,93749.3,11162.841,288,288,0.0001880227115655,-0.0093292171941834,True,0.0137121373813677,1.3712137381367724,-8.578947796231338,-8.898401432665462,-7.8170366330467065,-7.6585956600025265,-8.578947796231338,True
2025-04-28,BTCUSDT,93749.29,95630.0,92800.01,95011.18,22157.53351,288,288,0.0003636041498366,0.013370370730845,True,0.0190684071132492,1.9068407113249295,-7.919444782534111,-8.578947796231338,-8.137032120174934,-7.6544652980047285,-7.919444782534111,True
2025-04-29,BTCUSDT,95011.18,95461.53,93742.54,94256.82,16955.3402,288,288,0.0003082119127026,-0.0079713844339102,True,0.017555965160101,1.755596516010106,-8.084722983318434,-7.919444782534111,-8.241592982856675,-7.687704317824464,-8.084722983318434,True
2025-04-30,BTCUSDT,94256.82,95228.45,92910.0,94172.0,17661.2751,288,288,0.0003284598710005,-0.0009002869702094,True,0.0181234618933739,1.812346189337397,-8.021095885795301,-8.084722983318434,-8.255518420259747,-7.800137749826109,-8.021095885795301,True
2025-05-01,BTCUSDT,94172.0,97424.02,94130.43,96489.91,21380.45343,288,288,0.0003056860330706,0.0243155458100093,True,0.0174838792340454,1.7483879234045496,-8.092952018463864,-8.021095885795301,-8.300522576108929,-7.849643887742036,-8.092952018463864,True
2025-05-02,BTCUSDT,96489.9,97895.68,96350.0,96887.14,14905.74811,288,288,0.0002507349422181,0.0041083526584182,True,0.0158346121587551,1.583461215875512,-8.291114183900037,-8.092952018463864,-8.139432693268608,-7.948560978822835,-8.291114183900037,True
2025-05-03,BTCUSDT,96887.13,96935.67,95753.01,95856.42,9723.34838,288,288,7.749097428718968e-05,-0.0106953490468025,True,0.0088028957898631,0.880289578986311,-9.465349089197515,-8.291114183900037,-8.08186597080235,-8.00583821531083,-9.465349089197515,True
2025-05-04,BTCUSDT,95856.42,96304.48,94151.38,94277.62,11036.38342,288,288,0.0001849957475917,-0.0166076131092113,True,0.0136013141861997,1.3601314186199718,-8.595177719140942,-9.465349089197515,-8.391046832135029,-8.116451151132257,-8.595177719140942,True
2025-05-05,BTCUSDT,94277.61,95199.0,93514.1,94733.68,17251.18189,288,288,0.0002841542076192,0.004825752587869,True,0.0168568741947982,1.685687419479824,-8.165993482591203,-8.595177719140942,-8.493137779299532,-8.152701373616468,-8.165993482591203,True
2025-05-06,BTCUSDT,94733.68,96920.65,93377.0,96834.02,16122.64513,288,288,0.0003310118021056,0.0219287924377573,True,0.0181937297469676,1.8193729746967664,-8.013356527314711,-8.165993482591203,-8.522117298658712,-8.192644260206485,-8.013356527314711,True
2025-05-07,BTCUSDT,96834.02,97732.0,95784.61,97030.5,16644.83854,288,288,0.0003733950078031,0.002026983248638,True,0.0193234315742102,1.932343157421024,-7.8928736965145845,-8.013356527314711,-8.506198200428882,-8.231116021657057,-7.8928736965145845,True
2025-05-08,BTCUSDT,97030.5,104145.76,96876.29,103261.6,34962.02847,288,288,0.0005672629697291,0.0622402121294024,True,0.0238172830047675,2.3817283004767553,-7.474687570345168,-7.8928736965145845,-8.42655010295179,-8.236468273883908,-7.474687570345168,True
2025-05-09,BTCUSDT,103261.61,104361.3,102315.14,102971.99,27617.39907,288,288,0.0004301790940769,-0.0028085646995833,True,0.0207407592454311,2.0740759245431177,-7.7513089381345655,-7.474687570345168,-8.028417799181323,-8.239264354957106,-7.7513089381345655,True
2025-05-10,BTCUSDT,102971.99,104984.57,102818.76,104809.53,15324.78611,288,288,0.0002024710783313,0.0176876933678974,True,0.0142292332306203,1.422923323062033,-8.504913504673173,-7.7513089381345655,-7.8596440429800465,-8.215825830916504,-8.504913504673173,True
2025-05-11,BTCUSDT,104809.53,104972.0,103345.06,104118.0,17987.12197,288,288,0.0003729810091779,-0.0066198315306775,True,0.0193127162558243,1.9312716255824327,-7.893983053348778,-8.504913504673173,-7.927428047396441,-8.16274081543644,-7.893983053348778,True
2025-05-12,BTCUSDT,104118.0,105819.45,100718.37,102791.32,31272.77792,288,288,0.0007688259580246,-0.012823957677926,True,0.0277277110130758,2.7727711013075886,-7.170645936538183,-7.893983053348778,-7.903553352603254,-8.104671380480363,-7.170645936538183,True
2025-05-13,BTCUSDT,102791.32,104976.25,101429.7,104103.72,21253.42409,288,288,0.0003746068810826,0.0126867961942688,True,0.0193547637826623,1.9354763782662312,-7.88963339897564,-7.170645936538183,-7.759107800607973,-8.020828457611449,-7.88963339897564,True
2025-05-14,BTCUSDT,104103.72,104356.95,102602.05,103507.82,16452.9081,288,288,0.0002448575210063,-0.0057405444459629,True,0.0156479238561018,1.5647923856101864,-8.314834063496601,-7.88963339897564,-7.842096966334067,-8.04051744237505,-8.314834063496601,True
2025-05-15,BTCUSDT,103507.83,104192.7,101383.07,103763.71,17998.98604,288,288,0.0004463666958713,0.002469129551992,True,0.0211273920745398,2.1127392074539855,-7.714369755703414,-8.314834063496601,-7.954801991406475,-8.101238519779885,-7.714369755703414,True
2025-05-16,BTCUSDT,103763.71,104550.33,103100.49,103463.9,15683.88024,288,288,0.0002629942739367,-0.0028935353660756,True,0.0162170981971724,1.6217098197172466,-8.243378298127327,-7.714369755703414,-7.796693241612523,-8.115680760078886,-8.243378298127327,True
2025-05-17,BTCUSDT,103463.9,103709.86,102612.5,103126.65,11250.89622,288,288,0.0001383866754837,-0.003264915065874,True,0.011763786613323,1.1763786613323026,-8.885458794822272,-8.243378298127327,-7.866572290568234,-8.126057237434535,-8.885458794822272,True
2025-05-18,BTCUSDT,103126.65,106660.0,103105.09,106454.26,21599.98726,288,288,0.0003666933870385,0.031757564800075,True,0.0191492398553719,1.9149239855371911,-7.91098451675972,-8.885458794822272,-8.209534862225052,-8.175574677810573,-7.91098451675972,True
2025-05-19,BTCUSDT,106454.27,107108.62,102000.0,105573.74,30260.03524,288,288,0.0005695139471361,-0.0083057432217509,True,0.0238644913445929,2.3864491344592977,-7.47072728523451,-7.91098451675972,-8.213805085781868,-8.130692090723949,-7.47072728523451,True
2025-05-20,BTCUSDT,105573.73,107320.0,104184.72,106849.99,23705.48275,288,288,0.0006045117591882,0.012016222070838,True,0.024586820843457,2.4586820843457033,-7.4110894353472645,-7.47072728523451,-8.044983730129449,-8.080318431133184,-7.4110894353472645,True
2025-05-21,BTCUSDT,106850.0,110797.38,106100.01,109643.99,45531.040345,288,288,0.0010030182616325,0.025812774424211,True,0.0316704635525371,3.167046355253712,-6.904741563156619,-7.4110894353472645,-7.984327666058219,-8.057211369897418,-6.904741563156619,True
2025-05-22,BTCUSDT,109643.99,111980.0,109177.37,111696.21,31630.77313,288,288,0.0005037678971575,0.018544112729195,True,0.0224447743841976,2.244477438419768,-7.593394917478402,-6.904741563156619,-7.716600319064076,-8.003575850799153,-7.593394917478402,True
2025-05-23,BTCUSDT,111696.22,111800.0,106800.0,107318.3,31737.72309,288,288,0.0005876199432932,-0.0399835903745326,True,0.0242408734020309,2.4240873402030907,-7.439430173986595,-7.593394917478402,-7.458187543595304,-7.984134897693841,-7.439430173986595,True
2025-05-24,BTCUSDT,107318.3,109506.03,106875.41,107761.91,16782.53129,288,288,0.0002819565579684,0.0041250715632711,True,0.0167915621062633,1.6791562106263358,-8.17375754865049,-7.439430173986595,-7.363876675040677,-7.954429359308509,-8.17375754865049,True
2025-05-25,BTCUSDT,107761.9,109299.99,106600.64,109004.19,17710.04695,288,288,0.0002781488964779,0.0114620653391485,True,0.016677796511467,1.667779651146705,-8.187353988814134,-8.17375754865049,-7.5044827277238735,-7.949094966797167,-8.187353988814134,True
2025-05-26,BTCUSDT,109004.2,110422.22,108670.58,109434.79,14649.11593,288,288,0.0002519293801789,0.0039425248895834,True,0.0158722833952445,1.5872283395244522,-8.286361747112002,-8.187353988814134,-7.659735638417248,-7.891004280416104,-8.286361747112002,True
2025-05-27,BTCUSDT,109434.78,110718.0,107516.57,108938.17,21276.65635,288,288,0.0003568106995763,-0.0045483731700129,True,0.0188894335430255,1.888943354302556,-7.938305170106301,-8.286361747112002,-7.936059675208324,-7.876967190778425,-7.938305170106301,True
2025-05-28,BTCUSDT,108938.17,109284.7,106769.43,107781.78,15633.78829,288,288,0.0002401902487689,-0.0106718460844981,True,0.0154980724210756,1.5498072421075626,-8.334079245441776,-7.938305170106301,-8.005041725733905,-7.866617722029111,-8.334079245441776,True
2025-05-29,BTCUSDT,107781.78,108891.91,105322.86,105589.75,19834.70116,288,288,0.0004244476522239,-0.0205473253252097,True,0.0206021273713163,2.0602127371316374,-7.764721876132855,-8.334079245441776,-8.183971540024942,-7.881196027398524,-7.764721876132855,True
2025-05-30,BTCUSDT,105589.75,106313.12,103621.0,103985.48,23706.49799,288,288,0.0004419719416368,-0.0153100281575466,True,0.0210231287309214,2.1023128730921408,-7.724264158361274,-7.764721876132855,-8.102164405521414,-7.8753709446539,-7.724264158361274,True
2025-05-31,BTCUSDT,103985.47,104900.0,103068.55,104591.88,11289.35922,288,288,0.0002202098905495,0.0058146455448106,True,0.0148394706964068,1.4839470696406862,-8.420929418474135,-7.724264158361274,-8.009546439430842,-7.886715335018269,-8.420929418474135,True
2025-06-01,BTCUSDT,104591.88,105866.91,103752.49,105642.93,9709.70006,288,288,0.0001598444888228,0.0099989031960404,True,0.0126429620272644,1.2642962027264444,-8.741309160232632,-8.420929418474135,-8.036459973703268,-7.917152629579157,-8.741309160232632,True
2025-06-02,BTCUSDT,105642.93,105935.63,103659.88,105857.99,13453.98813,288,288,0.0002789687640959,0.0020336561573319,True,0.0167023580399867,1.6702358039986738,-8.184410739056041,-8.741309160232632,-8.197060771728534,-7.927897886650043,-8.184410739056041,True
2025-06-03,BTCUSDT,105858.0,106794.67,104872.5,105376.89,13259.52634,288,288,0.0002415418505269,-0.0045551268035757,True,0.015541616728223,1.5541616728223049,-8.32846780577809,-8.184410739056041,-8.16712707045139,-7.941099145091281,-8.32846780577809,True
2025-06-04,BTCUSDT,105376.9,106000.0,104179.0,104696.86,14034.89482,288,288,0.0001654072687125,-0.006474225126366,True,0.0128610757214387,1.2861075721438795,-8.707099830073666,-8.32846780577809,-8.279876256380433,-7.993727411874914,-8.707099830073666,True
2025-06-05,BTCUSDT,104696.86,105909.71,100372.26,101508.68,22321.50154,288,288,0.0005423655943613,-0.0309248149110357,True,0.0232887439412545,2.3288743941254535,-7.519570255574739,-8.707099830073666,-8.476443390722912,-8.030884976924822,-7.519570255574739,True
2025-06-06,BTCUSDT,101508.69,105333.0,101095.8,104288.44,15839.07385,288,288,0.0002378045039255,0.0270162096650289,True,0.0154209112547075,1.5420911254707566,-8.344061633914286,-7.519570255574739,-8.296171558143033,-7.9947366220192855,-8.344061633914286,True
2025-06-07,BTCUSDT,104288.43,105900.0,103871.09,105552.15,8344.93206,288,288,0.0001171778594381,0.0120446218481442,True,0.0108248722596681,1.0824872259668157,-9.051817611311801,-8.344061633914286,-8.216722052879364,-8.023358980119779,-9.051817611311801,True
2025-06-08,BTCUSDT,105552.15,106488.14,104964.14,105734.0,8048.06305,288,288,8.415903228219286e-05,0.0017213626629411,True,0.0091738232096652,0.9173823209665252,-9.382802307589072,-9.051817611311801,-8.390203427330515,-8.060106221628162,-9.382802307589072,True
2025-06-09,BTCUSDT,105734.01,110530.17,105318.37,110263.02,19975.37451,288,288,0.0003460364166909,0.0419420963494099,True,0.018602054098699,1.8602054098699063,-7.968966537893267,-9.382802307589072,-8.601070327692712,-8.082712744935746,-7.968966537893267,True
2025-06-10,BTCUSDT,110263.02,110400.0,108331.03,110274.39,17071.82839,288,288,0.0002967180718679,0.0001031117578652,True,0.0172255064328453,1.722550643284539,-8.12272812295753,-7.968966537893267,-8.453443669256632,-8.085348291350908,-8.12272812295753,True
2025-06-11,BTCUSDT,110274.39,110392.01,108064.0,108645.12,13115.91638,288,288,0.0002773015990314,-0.0148849235207294,True,0.0166523751768777,1.6652375176877792,-8.190404838927865,-8.12272812295753,-8.57407524273319,-8.114984693065589,-8.190404838927865,True
2025-06-12,BTCUSDT,108645.13,108813.55,105671.72,105671.73,17778.67218,288,288,0.0003611184965721,-0.0277493887872782,True,0.0190031180749933,1.900311807499333,-7.926304408140036,-8.190404838927865,-8.543343883735906,-8.150408120501071,-7.926304408140036,True
2025-06-13,BTCUSDT,105671.74,106179.53,102664.31,106066.59,26180.81734,288,288,0.000654632911494,0.0037297023772622,True,0.0255857951116253,2.558579511162536,-7.331435919901658,-7.926304408140036,-8.318241243101554,-8.196842795273044,-7.331435919901658,True
2025-06-14,BTCUSDT,106066.59,106252.0,104300.0,105414.64,8798.93969,288,288,0.000116874063858,-0.0061655785271085,True,0.0108108308588208,1.0810830858820872,-9.054413580158624,-7.331435919901658,-7.9079679655640716,-8.184935568110465,-9.054413580158624,True
2025-06-15,BTCUSDT,105414.63,106128.57,104494.53,105594.01,7164.20047,288,288,0.0001295004100128,0.0017001202861066,True,0.011379824691656,1.1379824691656089,-8.951826510707686,-9.054413580158624,-8.125057374017143,-8.258343904754648,-8.951826510707686,True
2025-06-16,BTCUSDT,105594.02,108952.38,104980.37,106794.53,14922.6654,288,288,0.0003003296581185,0.0113050618075079,True,0.0173300218729967,1.7330021872996724,-8.110629826218231,-8.951826510707686,-8.290877051567174,-8.293710675757248,-8.110629826218231,True
2025-06-17,BTCUSDT,106794.53,107771.34,103371.02,104551.17,17866.33025,288,288,0.0004109443251871,-0.0212300913561665,True,0.0202717617682133,2.027176176821333,-7.797052814475696,-8.110629826218231,-8.274922049025246,-8.29022321382107,-7.797052814475696,True
2025-06-18,BTCUSDT,104551.17,105550.27,103500.0,104886.78,13968.64167,288,288,0.0003836721271454,0.0032048660451359,True,0.019587550309965,1.9587550309965096,-7.8657222056606075,-7.797052814475696,-8.24907173029238,-8.267981898701239,-7.8657222056606075,True
2025-06-19,BTCUSDT,104886.79,105226.17,103929.27,104658.59,7678.60737,288,288,0.0001781726005367,-0.0021779540173206,True,0.0133481309754124,1.3348130975412442,-8.632757811557997,-7.8657222056606075,-8.35592898744417,-8.264682673044616,-8.632757811557997,True
2025-06-20,BTCUSDT,104658.59,106524.65,102345.0,103297.99,16419.06283,288,288,0.0003708961049828,-0.0130856106109857,True,0.0192586631151503,1.9258663115150347,-7.899588575053124,-8.632757811557997,-8.271597833724044,-8.278258971504444,-7.899588575053124,True
2025-06-21,BTCUSDT,103297.98,103982.64,100837.9,102120.01,11154.21332,288,288,0.0003468498940458,-0.0114692277493538,True,0.0186239065194659,1.8623906519465936,-7.966618453608576,-7.899588575053124,-8.061150246593131,-8.284389276000821,-7.966618453608576,True
2025-06-22,BTCUSDT,102120.02,103399.62,98200.0,100963.87,28746.41072,288,288,0.0009041914282136,-0.0113859602263606,True,0.0300697759920764,3.006977599207646,-7.0084694631159685,-7.966618453608576,-8.0323479720712,-8.295405380330244,-7.0084694631159685,True
2025-06-23,BTCUSDT,100963.87,106074.2,99613.33,105333.93,27666.50609,288,288,0.0007256765316882,0.0423728593887921,True,0.0269383839843493,2.6938383984349303,-7.228406191064608,-7.0084694631159685,-7.874631301799255,-8.23120265508669,-7.228406191064608,True
2025-06-24,BTCUSDT,105333.94,106290.0,104622.02,106083.0,14651.69335,288,288,0.0002889019444309,0.007086217120929,True,0.016997115768004,1.6997115768004074,-8.149423220051252,-7.228406191064608,-7.7471680988800555,-8.162434338306326,-8.149423220051252,True
2025-06-25,BTCUSDT,106083.0,108135.3,105808.03,107340.58,16701.15551,288,288,0.0002814035514912,0.0117849635445258,True,0.0167750872275303,1.6775087227530394,-8.17572079257045,-8.149423220051252,-7.650501180578706,-8.16084399653338,-8.17572079257045,True
2025-06-26,BTCUSDT,107340.59,108272.45,106562.5,106947.06,10573.27279,288,288,0.0002304424002479,-0.0036728244556721,True,0.0151803293853562,1.5180329385356297,-8.375509617220038,-8.17572079257045,-7.70572762408217,-8.153900950478487,-8.375509617220038,True
2025-06-27,BTCUSDT,106947.06,107735.34,106356.76,107047.59,12232.44042,288,288,0.0001951170208106,0.0009395562683038,True,0.0139684294324956,1.3968429432495608,-8.541911072671533,-8.375509617220038,-7.787505856804463,-8.138828668076052,-8.541911072671533,True
2025-06-28,BTCUSDT,107047.58,107577.75,106811.51,107296.79,3282.17352,288,288,2.456192993689674e-05,0.002325231128328,True,0.0049559993883067,0.4955999388306735,-10.61431287728008,-8.541911072671533,-8.094194178715577,-8.185298705216812,-10.61431287728008,True
2025-06-29,BTCUSDT,107296.79,108528.5,107172.52,108356.93,6831.7364,288,288,8.993148104434329e-05,0.0098319522617805,True,0.0094832210268633,0.9483221026863357,-9.31646249931609,-10.61431287728008,-8.77137551595867,-8.288491943551623,-9.31646249931609,True
2025-06-30,BTCUSDT,108356.93,108789.99,106733.33,107146.5,9754.12491,288,288,0.0001804266637477,-0.0112336284308595,True,0.0134322992725648,1.3432299272564805,-8.620186157778118,-9.31646249931609,-9.004783371811637,-8.300521256642726,-8.620186157778118,True
2025-07-01,BTCUSDT,107146.51,107540.0,105250.85,105681.14,10505.62437,288,288,0.0001764330655736,-0.0137706094588073,True,0.013282810906342,1.328281090634205,-8.642568985395137,-8.620186157778118,-9.093676444853172,-8.265856886196774,-8.642568985395137,True
2025-07-02,BTCUSDT,105681.13,109730.0,105100.19,108849.6,17691.89592,288,288,0.0002464947043024,0.0295406654537467,True,0.0157001498178342,1.5700149817834217,-8.308170048272547,-8.642568985395137,-9.14708831848819,-8.296475179265041,-8.308170048272547,True
2025-07-03,BTCUSDT,108849.59,110529.18,108530.4,109584.78,13047.08225,288,288,0.0002511295029917,0.006731383365641,True,0.0158470660688897,1.5847066068889706,-8.289541803713881,-8.308170048272547,-9.100340113608393,-8.304904357688452,-8.289541803713881,True
2025-07-04,BTCUSDT,109584.77,109767.59,107245.0,107984.24,11793.86615,288,288,0.0001366811979957,-0.0147132057075674,True,0.0116910734321427,1.1691073432142791,-8.897859365788518,-8.289541803713881,-8.635385898895155,-8.309410583360544,-8.897859365788518,True
2025-07-05,BTCUSDT,107984.25,108420.56,107756.31,108198.12,3736.9757,288,288,4.5997139724418e-05,0.0019787004803071,True,0.0067821191175338,0.678211911753384,-9.986931343312387,-8.897859365788518,-8.551665272189641,-8.353572172344563,-9.986931343312387,True
2025-07-06,BTCUSDT,108198.12,109700.0,107800.01,109203.84,6447.607,288,288,8.553155879211773e-05,0.0092522364973246,True,0.0092483273510466,0.924832735104666,-9.36662514144567,-9.986931343312387,-8.825014309296494,-8.474276509772325,-9.36662514144567,True
2025-07-07,BTCUSDT,109203.85,109700.0,107513.2,108262.94,9405.37601,288,288,0.0001644217117391,-0.0086533296829753,True,0.0128227029810065,1.2822702981006553,-8.713076017522674,-9.36662514144567,-8.969825540506601,-8.488467944376282,-8.713076017522674,True
2025-07-08,BTCUSDT,108262.94,109216.56,107429.57,108922.98,9216.0208,288,288,0.0001360451754333,0.0060781291164983,True,0.0116638405095965,1.1663840509596533,-8.902523555081551,-8.713076017522674,-9.050806734356627,-8.477615649231508,-8.902523555081551,True
2025-07-09,BTCUSDT,108922.99,111999.79,108324.53,111233.99,17282.2865,288,288,0.0002503022419405,0.0209949736167108,True,0.0158209431432068,1.5820943143206838,-8.292841402553076,-8.902523555081551,-9.173403084630161,-8.513610818725295,-8.292841402553076,True
2025-07-10,BTCUSDT,111234.0,116868.0,110500.0,116010.0,24883.450665,288,288,0.0007397905327726,0.0420403937093779,True,0.0271990906607674,2.719909066076748,-7.209143475656995,-8.292841402553076,-9.05239949198307,-8.536146663637904,-7.209143475656995,True
2025-07-11,BTCUSDT,116010.01,118869.98,115222.22,117527.66,25873.521148,288,288,0.0003828277570148,0.012997315848982,True,0.0195659846932078,1.9565984693207823,-7.86792539052625,-7.209143475656995,-8.496841918451993,-8.506302175910466,-7.86792539052625,True
2025-07-12,BTCUSDT,117527.66,118200.0,116900.05,117420.0,8446.60437,288,288,8.641620011347993e-05,-0.0009164595002599,True,0.0092960314174103,0.9296031417410332,-9.356335398417013,-7.86792539052625,-8.19710196826811,-8.47153706586357,-9.356335398417013,True
2025-07-13,BTCUSDT,117420.0,119488.0,117224.79,119086.64,9550.792947,288,288,0.0001548434377579,0.0140940447900113,True,0.0124436103184721,1.2443610318472142,-8.773096030499866,-9.356335398417013,-8.325753844446975,-8.537752830561928,-8.773096030499866,True
2025-07-14,BTCUSDT,119086.65,123218.0,118905.18,119841.18,27269.348877,288,288,0.0005640094987102,0.0063160707563312,True,0.0237488841571604,2.374888415716044,-7.4804394649232835,-8.773096030499866,-8.29986833953064,-8.574410902238803,-7.4804394649232835,True
2025-07-15,BTCUSDT,119841.17,119940.83,115736.92,117758.09,32018.46083,288,288,0.0007070476496201,-0.017534930762701,True,0.0265903676097215,2.6590367609721546,-7.254412497422082,-7.4804394649232835,-8.137387952004682,-8.595864084139137,-7.254412497422082,True
2025-07-16,BTCUSDT,117758.08,120063.84,117017.29,118630.43,17039.90851,288,288,0.0003704025186806,0.0073805949622642,True,0.0192458441924657,1.924584419246575,-7.900920255321741,-7.254412497422082,-8.1464417563577,-8.597046188973566,-7.900920255321741,True
2025-07-17,BTCUSDT,118630.44,120998.71,117453.57,119177.56,15728.57651,288,288,0.0004308588496622,0.0046014514935457,True,0.0207571397273856,2.075713972738567,-7.749730016482014,-7.900920255321741,-8.153040729316796,-8.585750599667682,-7.749730016482014,True
2025-07-18,BTCUSDT,119177.56,120820.71,116812.76,117924.84,19924.66266,288,288,0.0003638620534577,-0.0105670095006569,True,0.0190751685040456,1.907516850404562,-7.918735736173642,-7.749730016482014,-7.831719652929797,-8.566387382572753,-7.918735736173642,True
2025-07-19,BTCUSDT,117924.84,118499.9,117277.34,117840.0,6635.80306,288,288,0.0001018666385906,-0.0007197002204565,True,0.0100929004052673,1.009290040526733,-9.191846064955895,-7.918735736173642,-7.6608475940645535,-8.545624933434281,-9.191846064955895,True
2025-07-20,BTCUSDT,117840.01,118856.8,116467.02,117265.12,12962.92889,288,288,0.0001585429983447,-0.0048904179181159,True,0.0125913858786379,1.259138587863795,-8.749484718505638,-9.191846064955895,-8.003128914071075,-8.57516743308357,-8.749484718505638,True
2025-07-21,BTCUSDT,117265.11,119676.73,116515.0,117380.36,17107.33128,288,288,0.000315541511706,0.0009822478512307,True,0.0177634881626909,1.776348816269099,-8.061220310292669,-8.749484718505638,-8.302143358287786,-8.490402516775639,-8.061220310292669,True
2025-07-22,BTCUSDT,117380.36,120247.8,116128.0,119954.42,20959.12973,288,288,0.0004353167759705,0.0216922352062713,True,0.0208642463552016,2.0864246355201654,-7.739436571277732,-8.061220310292669,-8.33420336928197,-8.43334605363821,-7.739436571277732,True
2025-07-23,BTCUSDT,119954.43,120090.0,117301.0,118755.99,14558.75083,288,288,0.0003201600692009,-0.0100409535459055,True,0.0178930173308185,1.789301733081855,-8.046689470984134,-7.739436571277732,-8.332144680241115,-8.393311981524558,-8.046689470984134,True
2025-07-24,BTCUSDT,118756.0,119450.0,117103.1,118340.99,15806.89043,288,288,0.0002616487881214,-0.0035006808084227,True,0.0161755614468695,1.6175561446869526,-8.248507456834979,-8.046689470984134,-8.357735427203213,-8.36622654905133,-8.248507456834979,True
2025-07-25,BTCUSDT,118340.98,118451.57,114723.16,117614.31,38406.34873,288,288,0.0004985681804199,-0.0061594912042921,True,0.0223286403620985,2.232864036209855,-7.6037702067614426,-8.248507456834979,-8.16906770557903,-8.363514613076894,-7.6037702067614426,True
2025-07-26,BTCUSDT,117614.31,118297.35,117138.38,117919.99,6991.67206,288,288,6.904591609059043e-05,0.0025956319026272,True,0.0083093872271419,0.8309387227141989,-9.580738824092814,-7.6037702067614426,-7.939924803230191,-8.332343176851785,-9.580738824092814,True
2025-07-27,BTCUSDT,117919.99,119766.65,117825.5,119415.55,9328.30919,288,288,0.00012582956118,0.0126030833468218,True,0.0112173776427472,1.1217377642747226,-8.980582255770118,-9.580738824092814,-8.24382850599022,-8.363383152229252,-8.980582255770118,True
2025-07-28,BTCUSDT,119415.56,119800.0,117427.5,118062.32,13961.74754,288,288,0.0002474049708092,-0.0113968063402204,True,0.0157291122066452,1.5729112206645284,-8.304484006012098,-8.980582255770118,-8.492057642888696,-8.317640011886423,-8.304484006012098,True
2025-07-29,BTCUSDT,118062.32,119273.36,116950.75,117950.76,15137.93445,288,288,0.0002568366077882,-0.0009453714032182,True,0.0160261226685772,1.60261226685772,-8.267070442615912,-8.304484006012098,-8.54361654989429,-8.269360869366714,-8.267070442615912,True
2025-07-30,BTCUSDT,117950.75,118792.0,115796.23,117840.3,15586.73631,288,288,0.0002275837617181,-0.0009369312651679,True,0.0150858795473819,1.5085879547381968,-8.387992203959872,-8.267070442615912,-8.547329147050478,-8.249087888689134,-8.387992203959872,True
2025-07-31,BTCUSDT,117840.29,118922.45,115500.0,115764.08,17010.0073,288,288,0.0001994155742309,-0.0177759909386792,True,0.0141214579357423,1.4121457935742332,-8.520119598015697,-8.387992203959872,-8.704173546490162,-8.225700100001786,-8.520119598015697,True
2025-08-01,BTCUSDT,115764.07,116052.0,112722.58,113297.93,24487.10206,288,288,0.0005347464647496,-0.0215334292496766,True,0.0231245857206062,2.312458572060625,-7.533717821057553,-8.520119598015697,-8.492049701274741,-8.236030927068269,-7.533717821057553,True
2025-08-02,BTCUSDT,113297.92,114063.49,112003.0,112546.35,11507.33428,288,288,0.0001904061141793,-0.0066557609918473,True,0.0137987721982541,1.3798772198254132,-8.566351323836358,-7.533717821057553,-8.202676814332227,-8.250784306404656,-8.566351323836358,True
2025-08-03,BTCUSDT,112546.35,114799.97,111920.0,114208.8,7397.76046,288,288,0.0001223218763095,0.0146632152506765,True,0.0110599220752045,1.1059922075204576,-9.008854657109413,-8.566351323836358,-8.255050277897078,-8.282530939736933,-9.008854657109413,True
2025-08-04,BTCUSDT,114208.81,115720.0,114107.6,115055.03,9667.67916,288,288,0.0001755772305835,0.0073821836009079,True,0.0132505558594162,1.3250555859416242,-8.64743155155165,-9.008854657109413,-8.40340712079578,-8.26673636058659,-8.64743155155165,True
2025-08-05,BTCUSDT,115055.03,115127.81,112650.0,114129.75,12042.79078,288,288,0.0002418506466262,-0.0080745765687902,True,0.0155515480459757,1.5551548045975752,-8.327190185032533,-8.64743155155165,-8.455294990314135,-8.261024338816215,-8.327190185032533,True
2025-08-06,BTCUSDT,114129.75,115716.0,113355.13,114992.27,9761.15318,288,288,0.0002006654023056,0.0075289496341823,True,0.0141656416129184,1.4165641612918434,-8.513871702146071,-8.327190185032533,-8.416709107717503,-8.29951300791209,-8.513871702146071,True
2025-08-07,BTCUSDT,114992.27,117621.0,114259.0,117472.01,13468.56263,288,288,0.0001971268398315,0.0213351837283319,True,0.0140401866024481,1.404018660244814,-8.531663179400594,-8.513871702146071,-8.612739883935205,-8.356761153581362,-8.531663179400594,True
2025-08-08,BTCUSDT,117472.02,117630.0,115878.71,116674.74,10045.31278,288,288,0.000175115860334,-0.0068100290199489,True,0.013233134939766,1.3233134939766054,-8.650062744053741,-8.531663179400594,-8.605802255048053,-8.385431286494038,-8.650062744053741,True
2025-08-09,BTCUSDT,116674.74,117944.05,116299.13,116462.25,9514.13144,288,288,8.907975453986702e-05,-0.0018228772606168,True,0.0094382071676705,0.9438207167670511,-9.32597847108107,-8.650062744053741,-8.53404387243692,-8.42635550138366,-9.32597847108107,True
2025-08-10,BTCUSDT,116462.25,119311.11,116460.63,119294.01,14322.77073,288,288,0.0002160617070065,0.0240239321270647,True,0.0146990376217824,1.4699037621782414,-8.439946510493389,-9.32597847108107,-8.669753256342801,-8.49032108024309,-8.439946510493389,True
2025-08-11,BTCUSDT,119294.27,122335.16,118050.11,118686.0,26494.33429,288,288,0.0004056160893159,-0.0051097680255925,True,0.0201399128428099,2.0139912842809924,-7.810103438535443,-8.439946510493389,-8.692304521434973,-8.456143827767521,-7.810103438535443,True
2025-08-12,BTCUSDT,118686.0,120324.43,118207.47,120134.08,16720.10893,288,288,0.0002492808650663,0.0121271021010807,True,0.0157886308800473,1.5788630880047307,-8.296930325028365,-7.810103438535443,-8.551550868712848,-8.413444678677967,-8.296930325028365,True
2025-08-13,BTCUSDT,120134.09,123667.79,118920.92,123306.43,23210.07102,288,288,0.0004269734507393,0.026064105677023,True,0.0206633359053993,2.0663335905399354,-7.7587887229232395,-8.296930325028365,-8.504604297838402,-8.424158770256863,-7.7587887229232395,True
2025-08-14,BTCUSDT,123306.44,124474.0,117180.0,118295.09,27980.947586,288,288,0.0009527523976178,-0.0414902925662937,True,0.0308666875064013,3.086668750640138,-6.956155501689934,-7.7587887229232395,-8.326349493612302,-8.425038413513477,-6.956155501689934,True
2025-08-15,BTCUSDT,118295.09,119216.82,116803.99,117342.05,13623.33874,288,288,0.0002248150544752,-0.0080890915304374,True,0.0149938338818092,1.4993833881809255,-8.400232473880966,-6.956155501689934,-7.852384899734074,-8.375468687636468,-8.400232473880966,True
2025-08-16,BTCUSDT,117342.04,117898.99,117143.98,117380.66,6393.68117,288,288,5.5570753902982216e-05,0.000328983934688,True,0.0074545793914198,0.7454579391419895,-9.797853504038141,-8.400232473880966,-7.8444420924115885,-8.382365279320375,-9.797853504038141,True
2025-08-17,BTCUSDT,117380.66,118575.0,117172.21,117405.01,5898.64192,288,288,7.078534732682304e-05,0.0002074232221014,True,0.0084134028387343,0.841340283873434,-9.555858537344191,-9.797853504038141,-8.241992105512129,-8.482096338287498,-9.555858537344191,True
2025-08-18,BTCUSDT,117405.01,117543.75,114640.14,116227.05,17745.93954,288,288,0.0002868397031899,-0.010083975477295,True,0.0169363426745549,1.693634267455495,-8.156587023708838,-9.555858537344191,-8.493777747975294,-8.480965416162562,-8.156587023708838,True
2025-08-19,BTCUSDT,116227.05,116725.69,112732.58,112872.94,18065.47424,288,288,0.0002910654421588,-0.0292828443291044,True,0.0170606401450493,1.7060640145049304,-8.141962428932462,-8.156587023708838,-8.573337408132414,-8.443511087432503,-8.141962428932462,True
2025-08-20,BTCUSDT,112872.95,114615.38,112380.0,114271.24,15636.34194,288,288,0.0003067253425745,0.0123121592980686,True,0.0175135759505186,1.7513575950518625,-8.08955786040934,-8.141962428932462,-8.810498793580921,-8.436123743019794,-8.08955786040934,True
2025-08-21,BTCUSDT,114271.23,114821.76,112015.67,112500.0,10839.69235,288,288,0.0002819668434535,-0.0156216989473504,True,0.0167918683729223,1.679186837292234,-8.173721070344836,-8.08955786040934,-8.748363870886594,-8.42805498928313,-8.173721070344836,True
2025-08-22,BTCUSDT,112500.0,117429.05,111684.79,116935.99,23128.09037,288,288,0.0006167067985194,0.0386734694256493,True,0.0248335820718524,2.4833582071852462,-7.391116851997431,-8.173721070344836,-8.423537384147934,-8.418315392300629,-7.391116851997431,True
2025-08-23,BTCUSDT,116936.0,117030.0,114560.0,115438.05,11329.36197,288,288,0.0001058354613269,-0.0128926686390702,True,0.0102876363333332,1.028763633333328,-9.153624921475954,-7.391116851997431,-7.990589047078582,-8.366997085663435,-9.153624921475954,True
2025-08-24,BTCUSDT,115438.06,115666.68,110680.0,113493.59,21175.98462,288,288,0.0004433324451505,-0.0169876628753384,True,0.0210554611716423,2.1055461171642347,-7.721190628838516,-9.153624921475954,-8.189996626632006,-8.440629226591543,-7.721190628838516,True
2025-08-25,BTCUSDT,113493.59,113667.28,109274.1,110111.98,25182.79379,288,288,0.0006554891503806,-0.030248511573909,True,0.0256025223441097,2.5602522344109735,-7.330128806567065,-7.721190628838516,-8.105842266613214,-8.402212831364368,-7.330128806567065,True
2025-08-26,BTCUSDT,110111.98,112371.0,108666.66,111763.22,18452.43877,288,288,0.0004943493540815,0.01488467829129,True,0.0222339684735215,2.223396847352156,-7.612268096223584,-7.330128806567065,-7.953956455844761,-8.32590711088517,-7.612268096223584,True
2025-08-27,BTCUSDT,111763.22,112625.0,110345.42,111262.01,13392.60875,288,288,0.0003098108763366,-0.0044946559972982,True,0.0176014452911302,1.760144529113023,-8.07954852299092,-7.612268096223584,-7.841665861020511,-8.278854226552077,-8.07954852299092,True
2025-08-28,BTCUSDT,111262.01,113485.9,110862.42,112566.9,11104.27744,288,288,0.0002250950669692,0.0116598412911825,True,0.0150031685643155,1.5003168564315557,-8.398987725133125,-8.07954852299092,-7.979352195219208,-8.267597787368368,-8.398987725133125,True
2025-08-29,BTCUSDT,112566.9,112638.64,107463.9,108377.4,22580.31045,288,288,0.000334349593155,-0.0379281313827635,True,0.0182852288242468,1.8285228824246824,-8.003323426288715,-8.398987725133125,-7.828424755950643,-8.262375788413236,-8.003323426288715,True
2025-08-30,BTCUSDT,108377.4,108926.15,107350.1,108816.33,10708.39159,288,288,0.0001089915385104,0.0040418348867204,True,0.0104399012691892,1.0439901269189251,-9.12424030709332,-8.003323426288715,-7.884851315440682,-8.238360345089967,-9.12424030709332,True
2025-08-31,BTCUSDT,108816.33,109480.02,108076.93,108246.35,9489.51596,288,288,0.0001033101234896,-0.0052517670016201,True,0.0101641587694058,1.016415876940582,-9.177775185773076,-9.12424030709332,-8.243673615545934,-8.259913870682675,-9.177775185773076,True
2025-09-01,BTCUSDT,108246.36,109912.4,107255.0,109237.42,16053.60219,288,288,0.0003531960326797,0.0091140305348349,True,0.0187935103873581,1.8793510387358137,-7.948487321801235,-9.177775185773076,-8.556775033455832,-8.25317735771413,-7.948487321801235,True
2025-09-02,BTCUSDT,109237.43,111771.52,108393.39,111240.01,18510.28756,288,288,0.0003822410428399,0.018166440657324,True,0.0195509857255321,1.955098572553215,-7.869459146157188,-7.948487321801235,-8.530562793217893,-8.230838303682667,-7.869459146157188,True
2025-09-03,BTCUSDT,111240.01,112575.27,110528.71,111705.71,11773.72084,288,288,0.0002799291934154,0.0041777045760725,True,0.0167310846455156,1.673108464551561,-8.180973867434016,-7.869459146157188,-8.424657077422706,-8.233536290392747,-8.180973867434016,True
2025-09-04,BTCUSDT,111705.72,112180.0,109329.12,110730.87,12203.13536,288,288,0.0002504368812579,-0.0087651612090679,True,0.0158251976688434,1.582519766884342,-8.292303640215735,-8.180973867434016,-8.460187165651766,-8.228265542320276,-8.292303640215735,True
2025-09-05,BTCUSDT,110730.87,113384.62,110206.96,110659.99,21587.40888,288,288,0.0003193392001236,-0.0006403155254173,True,0.0178700643570082,1.7870064357008268,-8.049256696835714,-8.292303640215735,-8.29379983227625,-8.252516220379027,-8.049256696835714,True
2025-09-06,BTCUSDT,110660.0,111307.7,109977.0,110187.97,5000.29897,288,288,5.710850070569353e-05,-0.0042746214974691,True,0.0075570166537922,0.7557016653792258,-9.770557578377804,-8.049256696835714,-8.068096134488778,-8.302202638340198,-9.770557578377804,True
2025-09-07,BTCUSDT,110187.98,111600.0,110180.0,111137.34,5681.29944,288,288,7.24568809488334e-05,0.008579008182538,True,0.0085121607685025,0.851216076850252,-9.532518918568258,-9.770557578377804,-8.432510185804091,-8.364490143090054,-9.532518918568258,True
2025-09-08,BTCUSDT,111137.35,112924.37,110621.78,112065.23,11582.40211,288,288,0.0001709831991905,0.0083143786859432,True,0.013076054419836,1.3076054419836045,-8.673945256636449,-9.532518918568258,-8.765122140286305,-8.352429480114152,-8.673945256636449,True
2025-09-09,BTCUSDT,112065.23,113293.29,110766.66,111546.39,15379.28248,288,288,0.0002241696947248,-0.0046405542886371,True,0.0149722975766879,1.4972297576687987,-8.4031072271816,-8.673945256636449,-8.86371641812679,-8.312342512809254,-8.4031072271816,True
2025-09-10,BTCUSDT,111546.38,114313.13,110917.45,113960.0,17517.41823,288,288,0.0002713387271452,0.0214069514442631,True,0.0164723625247027,1.6472362524702755,-8.212142601913913,-8.4031072271816,-8.885877135519966,-8.32354797660347,-8.212142601913913,True
2025-09-11,BTCUSDT,113960.0,115488.09,113430.0,115482.69,13676.73119,288,288,0.0002035390251996,0.01327313897062,True,0.0142667103846544,1.4266710384654413,-8.49965280144454,-8.212142601913913,-8.918454316535605,-8.326737984466263,-8.49965280144454,True
2025-09-12,BTCUSDT,115482.69,116665.63,114740.99,116029.42,15324.10719,288,288,0.0001826634479374,0.004723131039401,True,0.0135153042117983,1.3515304211798334,-8.607865180620273,-8.49965280144454,-8.664273361148952,-8.345378663604226,-8.607865180620273,True
2025-09-13,BTCUSDT,116029.41,116298.78,115127.27,115918.29,8269.40394,288,288,5.375744099662843e-05,-0.0009582332889032,True,0.0073319466035036,0.7331946603503631,-9.831028463391464,-8.607865180620273,-8.479342613559355,-8.365112486798564,-9.831028463391464,True
2025-09-14,BTCUSDT,115918.29,116165.19,115135.0,115268.01,6707.60197,288,288,7.135192026349884e-05,-0.0056256077023167,True,0.0084470065859746,0.8447006585974633,-9.547886301109978,-9.831028463391464,-8.710759254910357,-8.476017560043749,-9.547886301109978,True
2025-09-15,BTCUSDT,115268.01,116757.99,114384.0,115349.71,13212.51149,288,288,0.0002169001804684,0.0007085318805319,True,0.0147275313772697,1.4727531377269705,-8.436073308096752,-9.547886301109978,-8.939715069696033,-8.493938531845295,-8.436073308096752,True
2025-09-16,BTCUSDT,115349.71,116964.27,114737.11,116788.96,10926.9094,288,288,0.0001523302531254,0.0124000748497903,True,0.0123422142715747,1.2342214271574783,-8.78945967612598,-8.436073308096752,-8.984501210932601,-8.526433199084307,-8.78945967612598,True
2025-09-17,BTCUSDT,116788.96,117286.73,114720.81,116447.59,16754.2454,288,288,0.0003032284591844,-0.0029272448401415,True,0.0174134562676241,1.7413456267624163,-8.101024045855507,-8.78945967612598,-9.042462585868888,-8.592766420427893,-8.101024045855507,True
2025-09-18,BTCUSDT,116447.6,117900.0,116092.76,117073.53,11657.23365,288,288,0.0001566677720688,0.0053608983982713,True,0.0125166997275176,1.251669972751765,-8.761383096194873,-8.101024045855507,-8.941094358915937,-8.614982599956615,-8.761383096194873,True
2025-09-19,BTCUSDT,117073.53,117459.99,115100.0,115632.38,8992.09065,288,288,9.451558960231448e-05,-0.0123861781142084,True,0.0097219128571652,0.9721912857165224,-9.26674576773386,-8.761383096194873,-8.727165285476618,-8.645975080556797,-9.26674576773386,True
2025-09-20,BTCUSDT,115632.39,116121.81,115408.47,115685.63,4674.92752,288,288,2.4797878968978338e-05,0.000460405144766,True,0.0049797468780027,0.497974687800277,-10.60475243389527,-9.26674576773386,-8.670937178801395,-8.685418627947739,-10.60475243389527,True
2025-09-21,BTCUSDT,115685.63,115819.06,115188.0,115232.29,4511.52219,288,288,3.9727191993429063e-05,-0.0039264218421901,True,0.0063029510543418,0.6302951054341852,-10.133474667871134,-10.60475243389527,-9.104673003961098,-8.803665401020764,-10.133474667871134,True
2025-09-22,BTCUSDT,115232.29,115379.25,111800.0,112650.99,20781.71356,288,288,0.0003740410842736,-0.0226555490034086,True,0.0193401417852513,1.934014178525132,-7.891144915583991,-10.133474667871134,-9.37347600231013,-8.849539690147028,-7.891144915583991,True
2025-09-23,BTCUSDT,112650.99,113290.5,111458.73,111998.8,12301.3203,288,288,0.0001681723791617,-0.0058062981699466,True,0.0129681293624687,1.296812936246873,-8.690521038168685,-7.891144915583991,-9.331500176255826,-8.791056496047524,-8.690521038168685,True
2025-09-24,BTCUSDT,111998.8,113940.0,111042.66,113307.0,12369.25967,288,288,0.0001640948834999,0.0116127920508123,True,0.0128099525174742,1.2809952517474217,-8.715065739513967,-8.690521038168685,-9.317327764650589,-8.824785301336954,-8.715065739513967,True
2025-09-25,BTCUSDT,113307.01,113510.23,108631.51,108994.49,21231.14957,288,288,0.0004114234046903,-0.0388036185100825,True,0.0202835747512695,2.028357475126953,-7.795887692012858,-8.715065739513967,-9.206991759006609,-8.863221964671352,-7.795887692012858,True
2025-09-26,BTCUSDT,108994.49,110300.0,108620.07,109643.46,14243.01591,288,288,0.0002768402888628,0.0059364982695479,True,0.0166385182291826,1.663851822918262,-8.19206979256246,-7.795887692012858,-8.645218810630126,-8.845718047606754,-8.19206979256246,True
2025-09-27,BTCUSDT,109643.46,109743.91,109064.4,109635.85,5501.78643,288,288,3.3970332473840215e-05,-6.94091932621271e-05,True,0.0058284073702719,0.5828407370271935,-10.290022988561484,-8.19206979256246,-8.256937835568392,-8.841161963622513,-10.290022988561484,True
2025-09-28,BTCUSDT,109635.85,112350.0,109189.99,112163.95,7542.3316,288,288,9.5792224797263e-05,0.0227972206435212,True,0.0097873502439252,0.9787350243925216,-9.25332903706131,-10.290022988561484,-8.73671345016389,-8.943014976882777,-9.25332903706131,True
2025-09-29,BTCUSDT,112163.96,114400.0,111560.65,114311.96,15541.12005,288,288,0.0001952833289,0.018969562034569,True,0.0139743811634037,1.397438116340372,-8.541059085220276,-9.25332903706131,-8.849275049942417,-8.919504588641118,-8.541059085220276,True
2025-09-30,BTCUSDT,114311.97,114792.0,112656.27,114048.93,15044.15633,288,288,0.0001836366095842,-0.002303635410767,True,0.0135512585977936,1.3551258597793614,-8.602551701048391,-8.541059085220276,-8.814473719083677,-8.874438232579847,-8.602551701048391,True
2025-10-01,BTCUSDT,114048.94,118649.1,113966.67,118594.99,20036.39516,288,288,0.0002658811740576,0.0390866760019986,True,0.0163058631803913,1.630586318039137,-8.232461063058203,-8.602551701048391,-8.975806520890783,-8.871193070962208,-8.232461063058203,True
2025-10-02,BTCUSDT,118594.99,121022.07,118279.31,120529.35,19670.83503,288,288,0.0002646695366809,0.0161790488991367,True,0.016268667329591,1.6268667329591,-8.237028541561548,-8.232461063058203,-8.983884774989933,-8.863436427138417,-8.237028541561548,True
2025-10-03,BTCUSDT,120529.35,123894.99,119248.3,122232.0,23936.328,288,288,0.0004023771534121,0.0140275865129554,True,0.0200593408020332,2.0059340802033256,-7.818120716605413,-8.237028541561548,-8.573285885589945,-8.86456760621331,-7.818120716605413,True
2025-10-04,BTCUSDT,122232.21,122800.0,121510.0,122391.0,8208.16678,288,288,7.934084586155831e-05,0.0012999597126284,True,0.0089073478578956,0.8907347857895656,-9.441757481710338,-7.818120716605413,-8.286244221498766,-8.833588875084258,-9.441757481710338,True
2025-10-05,BTCUSDT,122390.99,125708.42,122136.0,123482.31,22043.097553,288,288,0.000455288119981,0.0088770689789289,True,0.0213374815754112,2.1337481575411266,-7.694580108691831,-9.441757481710338,-8.466383900796778,-8.87149307058835,-7.694580108691831,True
2025-10-06,BTCUSDT,123482.32,126199.63,123084.0,124658.54,19494.628793,288,288,0.0003310513648432,0.0094804125139035,True,0.0181948169774608,1.8194816977460844,-8.01323701383134,-7.694580108691831,-8.284789582325466,-8.774381781738368,-8.01323701383134,True
2025-10-07,BTCUSDT,124658.54,125126.0,120574.94,121332.95,21633.99385,288,288,0.0003926475691522,-0.0270398998328906,True,0.0198153367155905,1.9815336715590512,-7.842598119039416,-8.01323701383134,-8.240944772480095,-8.704624995952976,-7.842598119039416,True
2025-10-08,BTCUSDT,121332.96,124197.25,121066.14,123306.0,17012.618,288,288,0.0003391687458609,0.0161306511638575,True,0.0184165345779544,1.841653457795441,-7.989012799032016,-7.842598119039416,-8.16205868797567,-8.677648850995825,-7.989012799032016,True
2025-10-09,BTCUSDT,123306.01,123762.94,119651.47,121662.4,21559.36007,288,288,0.0003317782122902,-0.0134190749805213,True,0.0182147800505604,1.821478005056044,-8.011043847553253,-7.989012799032016,-8.196237104460987,-8.641264902037008,-8.011043847553253,True
2025-10-10,BTCUSDT,121662.41,122550.0,102000.0,112774.5,64171.93927,288,288,0.0101771969323569,-0.075859746128424,True,0.100882094210801,10.088209421080109,-4.587605656231758,-8.011043847553253,-7.910094377629571,-8.63717489302327,-4.587605656231758,True
2025-10-11,BTCUSDT,112774.49,113322.39,109561.59,110644.4,35448.51652,288,288,0.0008122346955342,-0.0190687944931962,True,0.0284997314993363,2.849973149933638,-7.1157212256557365,-4.587605656231758,-7.288699487137556,-8.447457736661308,-7.1157212256557365,True
2025-10-12,BTCUSDT,110644.4,115770.0,109565.06,114958.8,32255.30272,288,288,0.0008057076443291,0.0382523481182314,True,0.0283849897715175,2.8384989771517537,-7.123789605415409,-7.1157212256557365,-7.109196329502436,-8.349683893839575,-7.123789605415409,True
2025-10-13,BTCUSDT,114958.81,115963.81,113616.5,115166.0,22557.24033,288,288,0.0005011437966111,0.0018007625079192,True,0.0223862412345432,2.238624123454323,-7.598617478877703,-7.123789605415409,-6.965434626777634,-8.191458310726857,-7.598617478877703,True
2025-10-14,BTCUSDT,115166.0,115409.96,109866.0,113028.14,31870.32974,288,288,0.0006464461820389,-0.0187377515518004,True,0.0254253059379612,2.5425305937961293,-7.344020608323538,-7.598617478877703,-6.887355562746772,-8.076237529408973,-7.344020608323538,True
2025-10-15,BTCUSDT,113028.13,113612.35,110164.0,110763.28,22986.48811,288,288,0.0005051928677941,-0.0202415028158507,True,0.0224764958966955,2.2476495896695545,-7.590570285176468,-7.344020608323538,-6.7539509149008286,-8.051368242715315,-7.590570285176468,True
2025-10-16,BTCUSDT,110763.28,111982.45,107427.0,108194.28,29857.17252,288,288,0.0010029657158436,-0.0234668114929181,True,0.0316696339707869,3.166963397078697,-6.9047939521981085,-7.590570285176468,-7.35454384068977,-8.001370481215668,-6.9047939521981085,True
2025-10-17,BTCUSDT,108194.27,109240.0,103528.23,106431.68,37920.66838,288,288,0.0008658708763451,-0.01642522299889,True,0.0294256839571337,2.9425683957133795,-7.051774764046473,-6.9047939521981085,-7.312358385998245,-7.91908539997404,-7.051774764046473,True
2025-10-18,BTCUSDT,106431.68,107499.0,106322.2,107185.01,11123.18766,288,288,0.0001763929333555,0.0070531298183401,True,0.013281300137997,1.3281300137997012,-8.64279647553699,-7.051774764046473,-7.297955417724458,-7.885262085066476,-8.64279647553699,True
2025-10-19,BTCUSDT,107185.0,109450.07,106103.36,108642.78,15480.66423,288,288,0.0003537933089984,0.0135088458148789,True,0.0188093941688298,1.8809394168829825,-7.9467976882365265,-8.64279647553699,-7.506791217056315,-7.905749661565317,-7.9467976882365265,True
2025-10-20,BTCUSDT,108642.77,111705.56,107402.52,110532.09,19193.4416,288,288,0.0004586518567264,0.0172406334529967,True,0.0214161587761768,2.141615877617681,-7.687219117774353,-7.9467976882365265,-7.627346633038913,-7.799239420641456,-7.687219117774353,True
2025-10-21,BTCUSDT,110532.09,114000.0,107473.72,108297.67,37228.01659,288,288,0.001099320289109,-0.0204222465741931,True,0.0331559992928735,3.315599929287351,-6.813063209160252,-7.687219117774353,-7.64667639955849,-7.728052606128414,-6.813063209160252,True
2025-10-22,BTCUSDT,108297.66,109163.88,106666.69,107567.44,28610.78451,288,288,0.0006578716928224,-0.0067656397595051,True,0.0256490095875549,2.5649009587554987,-7.32650064136373,-6.813063209160252,-7.628330250950919,-7.649507339034775,-7.32650064136373,True
2025-10-23,BTCUSDT,107567.45,111293.61,107500.0,110078.18,17573.09294,288,288,0.0005514419003189,0.0230728409142144,True,0.0234828000953655,2.348280009536559,-7.5029740732900665,-7.32650064136373,-7.683275426414371,-7.591505018140018,-7.5029740732900665,True
2025-10-24,BTCUSDT,110078.19,112104.98,109700.01,111004.89,15005.16913,288,288,0.000329936905133,0.0083834137779141,True,0.0181641654125108,1.816416541251087,-8.016609118350809,-7.5029740732900665,-7.455310945964986,-7.558346518605103,-8.016609118350809,True
2025-10-25,BTCUSDT,111004.9,111943.19,110672.86,111646.27,6407.96864,288,288,7.979931754849434e-05,0.0057613153607317,True,0.0089330463755929,0.8933046375592949,-9.43599560556896,-8.016609118350809,-7.469273231987842,-7.548327453913705,-9.43599560556896,True
2025-10-26,BTCUSDT,111646.27,115466.8,111260.45,114559.4,13454.47737,288,288,0.0002955200763525,0.025757896011682,True,0.0171906973783067,1.7190697378306796,-8.126773783146769,-9.43599560556896,-7.819028529546763,-7.621867221593866,-8.126773783146769,True
2025-10-27,BTCUSDT,114559.41,116400.0,113830.01,114107.65,21450.23241,288,288,0.0002488603938279,-0.0039511646974539,True,0.0157753096270073,1.577530962700735,-8.298618486090113,-8.126773783146769,-8.081770644344067,-7.562095235295522,-8.298618486090113,True
2025-10-28,BTCUSDT,114107.65,116086.0,112211.0,112898.45,15523.42257,288,288,0.0003811793125366,-0.0106535589733108,True,0.0195238139854032,1.952381398540326,-7.872240656973229,-8.298618486090113,-8.276194213289344,-7.589551525177263,-7.872240656973229,True
2025-10-29,BTCUSDT,112898.44,113643.73,109200.0,110021.29,21079.71376,288,288,0.0008640076467543,-0.0258148495782318,True,0.0293940069870431,2.939400698704311,-7.053928938789314,-7.872240656973229,-8.350047530025977,-7.583142599865531,-7.053928938789314,True
2025-10-30,BTCUSDT,110021.3,111592.0,106304.34,108322.88,25988.82838,288,288,0.0008735577856263,-0.015557495821203,True,0.0295560109897527,2.955601098975273,-7.0429362764554115,-7.053928938789314,-8.157511494113677,-7.547294000763253,-7.0429362764554115,True
2025-10-31,BTCUSDT,108322.87,111190.0,108275.28,109608.01,21518.20439,288,288,0.0006767228482606,0.0117940590867662,True,0.0260138972140022,2.601389721400226,-7.298248751056992,-7.0429362764554115,-7.678899628290968,-7.504290522464316,-7.298248751056992,True
2025-11-01,BTCUSDT,109608.01,110564.49,109394.81,110098.1,7378.50431,288,288,0.0001136430461306,0.0044613307556564,True,0.0106603492499375,1.0660349249937553,-9.08244819624602,-7.298248751056992,-7.513194621873012,-7.4718907453508505,-9.08244819624602,True
2025-11-02,BTCUSDT,110098.1,111250.01,109471.34,110540.68,12107.00087,288,288,0.0001835061730873,0.0040118114648441,True,0.0135464450350413,1.354644503504132,-8.603262250232763,-9.08244819624602,-7.669960563904193,-7.676201769896954,-8.603262250232763,True
2025-11-03,BTCUSDT,110540.69,110750.0,105306.56,106583.04,28681.18779,288,288,0.0006951711558376,-0.0364591983685808,True,0.0263660986085848,2.6366098608584823,-7.271352475326088,-8.603262250232763,-7.8161648825561,-7.743817271014091,-7.271352475326088,True
2025-11-04,BTCUSDT,106583.05,107299.0,98944.36,101497.22,50534.87376,288,288,0.001441249892219,-0.0488929906927462,True,0.0379637971259333,3.796379712593336,-6.542244561164009,-7.271352475326088,-7.859649589863456,-7.7505246741918485,-6.542244561164009,True
2025-11-05,BTCUSDT,101497.23,104534.74,98966.8,103885.16,33778.77571,288,288,0.0008021269361279,0.0232546493159785,True,0.028321845563592,2.832184556359203,-7.128243688148152,-6.542244561164009,-7.7595112468051735,-7.702507723386682,-7.128243688148152,True
2025-11-06,BTCUSDT,103885.16,104200.0,100300.95,101346.04,25814.62139,288,288,0.0007777574109403,-0.0247452586464774,True,0.0278883024033434,2.788830240334349,-7.159095893539801,-7.128243688148152,-7.725510234223407,-7.692699681560527,-7.159095893539801,True
2025-11-07,BTCUSDT,101346.04,104096.36,99260.86,103339.08,32059.50942,288,288,0.0008814650529055,0.0194748205542766,True,0.0296894771409928,2.968947714099287,-7.033925201942864,-7.159095893539801,-7.340839773682163,-7.673087209213406,-7.033925201942864,True
2025-11-08,BTCUSDT,103339.09,103406.22,101454.0,102312.94,12390.77985,288,288,0.0002729399629141,-0.0099794644960754,True,0.0165208947370938,1.65208947370938,-8.206258703029967,-7.033925201942864,-7.026972364024184,-7.6789568114745315,-8.206258703029967,True
2025-11-09,BTCUSDT,102312.95,105495.62,101400.0,104722.96,16338.97096,288,288,0.0003758899261132,0.0232822313820765,True,0.0193878809082701,1.9387880908270156,-7.886214207132874,-8.206258703029967,-7.213953609564959,-7.731433354155599,-7.886214207132874,True
2025-11-10,BTCUSDT,104722.95,106670.11,104265.02,106011.13,22682.25673,288,288,0.0004588666850935,0.0122257015459849,True,0.021421173756206,2.142117375620608,-7.686750836510849,-7.886214207132874,-7.482747538758732,-7.697043251046321,-7.686750836510849,True
2025-11-11,BTCUSDT,106011.13,107500.0,102476.09,103058.99,24196.50718,288,288,0.0005860420155159,-0.0282425458643335,True,0.0242083046807478,2.420830468074784,-7.442119072124906,-7.686750836510849,-7.594448968431271,-7.685222939604245,-7.442119072124906,True
2025-11-12,BTCUSDT,103059.0,105333.33,100813.59,101654.37,20457.63906,288,288,0.0005180157043355,-0.0137230129311289,True,0.0227599583553114,2.2759958355311447,-7.565504998914349,-7.442119072124906,-7.651053604148292,-7.67408202843836,-7.565504998914349,True
2025-11-13,BTCUSDT,101654.37,104085.01,98000.4,99692.02,36198.50771,288,288,0.0009121219148816,-0.0194928961604376,True,0.0302013561761993,3.0201356176199385,-6.999736898225885,-7.565504998914349,-7.757369563542589,-7.708283927972638,-6.999736898225885,True
2025-11-14,BTCUSDT,99692.03,99866.02,94012.45,94594.0,47288.14481,288,288,0.0016894925251368,-0.0524915845448107,True,0.0411034369017585,4.1103436901758545,-6.383327076124659,-6.999736898225885,-7.516065202581773,-7.6934310305572815,-6.383327076124659,True
2025-11-15,BTCUSDT,94594.0,96846.68,94558.49,95596.24,15110.89391,288,288,0.000463292956568,0.0105394396407173,True,0.0215242411380306,2.1524241138030624,-7.6771509684027555,-6.383327076124659,-7.2154877763801295,-7.642537985231582,-7.6771509684027555,True
2025-11-16,BTCUSDT,95596.23,96635.11,93005.55,94261.44,23889.4051,288,288,0.0007654146882387,-0.0140612904673643,True,0.0276661288986866,2.7666128898686697,-7.17509279487891,-7.6771509684027555,-7.2135678027585115,-7.627108069324851,-7.17509279487891,True
2025-11-17,BTCUSDT,94261.45,96043.0,91220.0,92215.14,39218.59806,288,288,0.0009185682701796,-0.0219478729477922,True,0.0303078912196082,3.0307891219608223,-6.992694328167519,-7.17509279487891,-7.160162547309312,-7.524339759748031,-6.992694328167519,True
2025-11-18,BTCUSDT,92215.14,93836.01,89253.78,92960.83,39835.14769,288,288,0.0011654507038766,0.0080538963103693,True,0.0341386980401509,3.413869804015098,-6.754647396499141,-6.992694328167519,-7.045600413159946,-7.47279069361261,-6.754647396499141,True
2025-11-19,BTCUSDT,92960.83,92980.22,88608.0,91554.96,32286.6376,288,288,0.0009316076483509,-0.0152387739374425,True,0.0305222484157204,3.052224841572046,-6.978598810079138,-6.754647396499141,-6.996582512814596,-7.402610189540294,-6.978598810079138,True
2025-11-20,BTCUSDT,91554.96,93160.0,86100.0,86637.23,39733.19073,288,288,0.001068061414384,-0.0552098168918951,True,0.0326812088880447,3.268120888804476,-6.841910035992563,-6.978598810079138,-7.115636859605493,-7.361990105590562,-6.841910035992563,True
2025-11-21,BTCUSDT,86637.22,87498.94,80600.0,85129.43,72256.12679,288,288,0.0030689034023936,-0.0175568265742413,True,0.05539768408872,5.539768408872001,-5.786434979110797,-6.841910035992563,-6.948588673123455,-7.352352882736164,-5.786434979110797,True
2025-11-22,BTCUSDT,85129.42,85620.0,83500.0,84739.74,14193.93263,288,288,0.0005279225961393,-0.004588127246522,True,0.0229765662390911,2.2976566239091136,-7.546560883225605,-5.786434979110797,-6.670857109969832,-7.295239187402317,-7.546560883225605,True
2025-11-23,BTCUSDT,84739.75,88127.64,84667.57,86830.0,19734.46418,288,288,0.0005066034046935,0.0243675070874873,True,0.0225078520675241,2.250785206752413,-7.587782099745181,-7.546560883225605,-6.781630420981449,-7.306526102500891,-7.587782099745181,True
2025-11-24,BTCUSDT,86830.0,89228.0,85272.0,88300.01,24663.12795,288,288,0.0009460216940497,0.0167880367876376,True,0.0307574656636367,3.075746566363679,-6.9632450567760795,-7.587782099745181,-6.948257361630657,-7.238586734478125,-6.9632450567760795,True
2025-11-25,BTCUSDT,88300.01,88519.99,86116.0,87369.96,19567.0411,288,288,0.0007255005494917,-0.0105887043733442,True,0.0269351174025984,2.6935117402598485,-7.228648728243075,-6.9632450567760795,-6.945186610970045,-7.1640404984119135,-7.228648728243075,True
2025-11-26,BTCUSDT,87369.97,90656.08,86306.77,90484.02,21675.82239,288,288,0.0006406215808375,0.0350217440422709,True,0.0253105033698973,2.5310503369897392,-7.353071632881012,-7.228648728243075,-7.022534349420146,-7.162099418999048,-7.353071632881012,True
2025-11-27,BTCUSDT,90484.01,91950.0,90089.91,91333.95,16833.50932,288,288,0.0003788576365778,0.0093493089928651,True,0.01946426563161,1.9464265631610067,-7.878350052530445,-7.353071632881012,-7.33586168017419,-7.198955194986186,-7.878350052530445,True
2025-11-28,BTCUSDT,91333.94,93092.0,90180.63,90890.7,18830.86012,288,288,0.0004578500498101,-0.0048648838036239,True,0.02139743091612,2.139743091612002,-7.688968829619232,-7.878350052530445,-7.402219514035158,-7.233050938821744,-7.688968829619232,True
2025-11-29,BTCUSDT,90890.71,91165.65,90155.47,90802.44,7429.88291,288,288,0.0001465828879278,-0.0009715282254691,True,0.0121071420214607,1.2107142021460708,-8.82791950160171,-7.688968829619232,-7.4224568600099685,-7.2571360722799,-8.82791950160171,True
2025-11-30,BTCUSDT,90802.44,92000.01,90336.9,90360.0,9687.74175,288,288,0.0001911274185891,-0.0048844658930891,True,0.0138248840352869,1.3824884035286928,-8.562570239306691,-8.82791950160171,-7.795391748975095,-7.338681267718939,-8.562570239306691,True
2025-12-01,BTCUSDT,90360.01,90417.0,83822.76,86286.01,34509.01227,288,288,0.0012423718229865,-0.0461342155738561,True,0.0352472952577436,3.5247295257743616,-6.690732965889154,-8.562570239306691,-8.062176051187818,-7.3548772466406085,-6.690732965889154,True
2025-12-02,BTCUSDT,86286.01,92307.65,86184.39,91277.88,28210.22732,288,288,0.000771954192902,0.0562410040171455,True,0.0277840636499066,2.7784063649906674,-7.166585345319096,-6.690732965889154,-7.929708317789446,-7.300537190220439,-7.166585345319096,True
2025-12-03,BTCUSDT,91277.88,94150.0,90990.23,93429.95,25712.52585,288,288,0.0011143387021872,0.0233034776016149,True,0.0333817120919109,3.3381712091910987,-6.799494142227601,-7.166585345319096,-7.787355376347176,-7.276893304257178,-6.799494142227601,True
2025-12-04,BTCUSDT,93429.95,94080.0,90889.0,92078.06,19803.94059,288,288,0.0006905638595353,-0.0145752620889981,True,0.0262785817641549,2.6278581764154914,-7.278002106356752,-6.799494142227601,-7.609460438868851,-7.247683080170936,-7.278002106356752,True
2025-12-05,BTCUSDT,92078.06,92692.36,88056.0,89330.04,19792.97218,288,288,0.000623100704073,-0.0302988700641619,True,0.024961985178928,2.4961985178928043,-7.380802408462882,-7.278002106356752,-7.299476959819859,-7.2346147668728635,-7.380802408462882,True
2025-12-06,BTCUSDT,89330.04,90289.97,88908.01,89236.79,8409.50016,288,288,0.0001555050316521,-0.0010444269910212,True,0.0124701656625771,1.247016566257715,-8.768832468977172,-7.380802408462882,-7.063123393651097,-7.25193592642909,-8.768832468977172,True
2025-12-07,BTCUSDT,89236.8,91760.0,87719.28,90395.31,13021.11185,288,288,0.0006030245094873,0.0128989870207885,True,0.0245565573622884,2.4556557362288447,-7.4135527161471915,-8.768832468977172,-7.478743294268701,-7.360367989740568,-7.4135527161471915,True
2025-12-08,BTCUSDT,90395.32,92287.15,89612.0,90634.34,15793.63887,288,288,0.0005774461488537,0.002640784411959,True,0.0240301092143525,2.4030109214352553,-7.4568953686544415,-7.4135527161471915,-7.52813676843432,-7.3483862510016795,-7.4568953686544415,True
2025-12-09,BTCUSDT,90634.35,94588.99,89500.0,92678.8,21240.43014,288,288,0.0007053233866799,0.0223065817697787,True,0.0265579251200082,2.655792512000825,-7.256854155814262,-7.4568953686544415,-7.6596170137196875,-7.361195458900568,-7.256854155814262,True
2025-12-10,BTCUSDT,92678.81,94476.0,91563.15,92015.37,18998.68083,288,288,0.0008596674900654,-0.0071841233904622,True,0.0293200868018069,2.932008680180697,-7.058964882939866,-7.256854155814262,-7.65538742361119,-7.373202723793602,-7.058964882939866,True
2025-12-11,BTCUSDT,92015.38,93555.0,89260.63,92513.38,19972.58758,288,288,0.0006440389922727,0.0053976543938292,True,0.0253779233246679,2.5377923324667924,-7.347751286685519,-7.058964882939866,-7.5910199185065865,-7.387035336813634,-7.347751286685519,True
2025-12-12,BTCUSDT,92513.38,92754.0,89480.0,90268.42,16679.19169,288,288,0.0005204344306126,-0.0245656065959552,True,0.022813032034621,2.2813032034621004,-7.560846651691692,-7.347751286685519,-7.3068036820482565,-7.4038149948411975,-7.560846651691692,True
2025-12-13,BTCUSDT,90268.43,90634.55,89766.39,90240.01,5895.70788,288,288,6.37774574411966e-05,-0.0003147775451208,True,0.0079860789778962,0.7986078977896262,-9.660110761692549,-7.560846651691692,-7.336262469157157,-7.436493931918431,-9.660110761692549,True
2025-12-14,BTCUSDT,90240.0,90472.4,87577.36,88172.17,9416.94004,288,288,0.0002510295616476,-0.0231815182233921,True,0.0158439124476136,1.5843912447613653,-8.289939850279032,-9.660110761692549,-7.776905547764777,-7.612570103853965,-8.289939850279032,True
2025-12-15,BTCUSDT,88172.16,90052.64,85146.64,86432.08,19778.6919,288,288,0.0007280144235164,-0.0199324771490593,True,0.026981742410683,2.6981742410683087,-7.225189697441326,-8.289939850279032,-7.983522686657731,-7.646360056901846,-7.225189697441326,True
2025-12-16,BTCUSDT,86432.08,88175.98,85266.0,87863.42,18456.05017,288,288,0.0004479612092655,0.0164246601605559,True,0.0211650941237118,2.116509412371189,-7.71080391575905,-7.225189697441326,-8.016767649558023,-7.6298785840698535,-7.71080391575905,True
2025-12-17,BTCUSDT,87863.43,90365.85,85314.0,86243.22,19834.11729,288,288,0.0012607246307747,-0.0186121192274576,True,0.0355066843111928,3.5506684311192895,-6.676068619538113,-7.71080391575905,-8.08937817537273,-7.6638585322054436,-6.676068619538113,True
2025-12-18,BTCUSDT,86243.23,89477.61,84450.01,85516.41,25405.41763,288,288,0.0011824883362509,-0.0084631567748866,True,0.0343873281348074,3.4387328134807404,-6.740134301282435,-6.676068619538113,-7.912422568942015,-7.638741254537037,-6.740134301282435,True
2025-12-19,BTCUSDT,85516.41,89399.97,85110.24,88136.94,21256.65004,288,288,0.0008940303605368,0.0301834539651769,True,0.0299003404752668,2.9900340475266836,-7.019770823035408,-6.740134301282435,-7.328427276859992,-7.6108804667371,-7.019770823035408,True
2025-12-20,BTCUSDT,88136.95,88573.07,87795.76,88360.9,5123.13194,288,288,6.723358363186926e-05,0.0025378227881098,True,0.0081996087487068,0.819960874870681,-9.607337678845196,-7.019770823035408,-7.074393471411267,-7.5718541381236895,-9.607337678845196,True
2025-12-21,BTCUSDT,88360.91,89081.77,87600.04,88658.86,7132.87258,288,288,0.0001789853170835,0.003366407020221,True,0.013378539422655,1.337853942265508,-8.628206782954436,-9.607337678845196,-7.550823067692041,-7.659052722179416,-8.628206782954436,True
2025-12-22,BTCUSDT,88658.87,90588.23,87900.0,88620.79,14673.2197,288,288,0.0005357288802493,-0.0004294909267383,True,0.0231458177701586,2.3145817770158614,-7.531882345294192,-8.628206782954436,-7.734303641131118,-7.649974871331812,-7.531882345294192,True
2025-12-23,BTCUSDT,88620.79,88940.0,86601.9,87486.0,13910.32904,288,288,0.0004715634790062,-0.0128876996356679,True,0.0217155124048742,2.171551240487425,-7.659456832914241,-7.531882345294192,-7.905466386282333,-7.603125421603971,-7.659456832914241,True
2025-12-24,BTCUSDT,87486.0,88049.89,86420.0,87669.45,9140.8432,288,288,0.000267505580554,0.0020947114928903,True,0.0163555978354205,1.635559783542056,-8.226370129961706,-7.659456832914241,-8.089330892608695,-7.647158324650567,-8.226370129961706,True
2025-12-25,BTCUSDT,87669.44,88592.74,86934.72,87225.27,7096.58235,288,288,0.0001764509134175,-0.0050794095442257,True,0.0132834827292235,1.328348272922359,-8.642467831219953,-8.226370129961706,-8.330650753993954,-7.695330360316138,-8.642467831219953,True
2025-12-26,BTCUSDT,87225.27,89567.75,86655.08,87369.56,18344.61505,288,288,0.0003948304476432,0.0016528557328915,True,0.0198703409040516,1.9870340904051624,-7.837054131688703,-8.642467831219953,-8.137676784468905,-7.779101891633974,-7.837054131688703,True
2025-12-27,BTCUSDT,87369.56,87984.0,87253.05,87877.01,4469.55156,288,288,3.966306285008882e-05,0.005791285025196,True,0.0062978617680994,0.6297861768099456,-10.135090210166965,-7.837054131688703,-7.979446254215759,-7.804513347330881,-10.135090210166965,True
2025-12-28,BTCUSDT,87877.0,88088.75,87435.0,87952.71,4446.29285,288,288,5.460908401711832e-05,0.0008610604018147,True,0.0073897959388009,0.7389795938800903,-9.815310315112129,-10.135090210166965,-8.500087827190313,-7.929708247408339,-9.815310315112129,True
2025-12-29,BTCUSDT,87952.71,90406.08,86806.5,87237.13,19894.98575,288,288,0.0004350291410774,-0.0081692406318068,True,0.0208573522067758,2.085735220677585,-7.740097538136857,-9.815310315112129,-8.931258523629891,-7.977275422232655,-7.740097538136857,True
2025-12-30,BTCUSDT,87237.13,89400.0,86845.66,88485.49,13105.91001,288,288,0.0003128789237077,0.0142085407306044,True,0.0176883838636463,1.7688383863646309,-8.06969426747531,-7.740097538136857,-8.834004005264921,-7.99211836868673,-8.06969426747531,True
2025-12-31,BTCUSDT,88485.5,89200.0,87250.0,87648.22,11558.62047,288,288,0.000180504137613,-0.0095072806518887,True,0.0134351828276747,1.34351828276748,-8.619756857390357,-8.06969426747531,-8.719449292515993,-8.019972864087679,-8.619756857390357,True
