date,symbol,open,high,low,close,volume,number_of_bars,number_of_valid_returns,realized_variance,daily_log_return,complete,realized_volatility,realized_volatility_percent,log_realized_variance,daily_log_variance,weekly_log_variance,monthly_log_variance,target_log_variance,usable_for_model
2020-01-01,ETHUSDT,129.16,133.05,128.68,130.77,144770.52197,288,287,,,False,,,,,,,,False
2020-01-02,ETHUSDT,130.72,130.78,126.38,127.19,213757.05806,288,288,0.0005080764402614,-0.0277580234550183,True,0.0225405510194717,2.254055101947178,-7.5848786487502,,,,-7.5848786487502,False
2020-01-03,ETHUSDT,127.19,135.14,125.88,134.35,413055.18895,288,288,0.0014804398345689,0.0547663035981081,True,0.0384764841762982,3.847648417629825,-6.515416049837456,-7.5848786487502,,,-6.515416049837456,False
2020-01-04,ETHUSDT,134.37,135.85,132.5,134.2,184276.17102,288,288,0.0006877334345383,-0.0011171105239189,True,0.0262246722484448,2.6224672248444896,-7.282109244907979,-6.515416049837456,,,-7.282109244907979,False
2020-01-05,ETHUSDT,134.2,138.19,134.19,135.37,254120.45343,288,288,0.0006324483395156,0.0086805456601135,True,0.0251485255932754,2.5148525593275477,-7.365912017353496,-7.282109244907979,,,-7.365912017353496,False
2020-01-06,ETHUSDT,135.37,144.41,134.86,144.15,408020.27375,288,288,0.0010966965722697,0.0628426538867168,True,0.0331164094108909,3.311640941089093,-6.815452733697935,-7.365912017353496,,,-6.815452733697935,False
2020-01-07,ETHUSDT,144.14,145.31,138.76,142.8,447762.17281,288,288,0.0008416227459364,-0.009409374178927,True,0.0290107350119999,2.901073501199995,-7.080178689330367,-6.815452733697935,-7.112753738909413,,-7.080178689330367,False
2020-01-08,ETHUSDT,142.8,147.77,137.03,140.72,570465.57764,288,288,0.0016166847517415,-0.0146729494761807,True,0.0402080185005622,4.020801850056221,-6.427377676119198,-7.080178689330367,-7.011813747025447,,-6.427377676119198,False
2020-01-09,ETHUSDT,140.76,141.5,135.3,137.74,366076.06569,288,288,0.0009244871777549,-0.0214042503127529,True,0.030405380736885,3.0405380736885097,-6.986271376616834,-6.427377676119198,-6.994206072281796,,-6.986271376616834,False
2020-01-10,ETHUSDT,137.73,145.17,135.32,144.84,409403.59507,288,288,0.0014467333115984,0.0502618347808885,True,0.0380359476232482,3.8035947623248223,-6.538447152673866,-6.986271376616834,-6.935038498623567,,-6.538447152673866,False
2020-01-11,ETHUSDT,144.83,148.05,142.09,142.38,368350.57939,288,288,0.0017902897771436,-0.0171301452217135,True,0.0423118160463907,4.23118160463907,-6.325377785559304,-6.538447152673866,-6.76954552568764,,-6.325377785559304,False
2020-01-12,ETHUSDT,142.4,146.6,141.76,146.54,229541.86137,288,288,0.0007740160342695,0.0287988890560906,True,0.0278211436549527,2.7821143654952727,-7.163917968478658,-6.325377785559304,-6.6715305360599135,,-7.163917968478658,False
2020-01-13,ETHUSDT,146.56,147.0,142.27,143.58,207996.61865,288,288,0.0004748411690977,-0.0204060575834803,True,0.0217908505822451,2.1790850582245116,-7.652530190694321,-7.163917968478658,-6.688278391889571,,-7.652530190694321,False
2020-01-14,ETHUSDT,143.58,171.7,143.51,165.64,1108476.31186,288,288,0.0063056462897701,0.1429243875290295,True,0.0794080996483996,7.9408099648399695,-5.066309810493309,-7.652530190694321,-6.933308894804597,,-5.066309810493309,False
2020-01-15,ETHUSDT,165.6,171.98,159.2,166.4,721687.80381,288,288,0.0035376042814619,0.0045777697097422,True,0.0594777629157485,5.947776291574855,-5.644305537588786,-5.066309810493309,-6.549316581579892,,-5.644305537588786,False
2020-01-16,ETHUSDT,166.4,167.4,157.8,164.21,456170.86719,288,288,0.0025020676725928,-0.0132484318833621,True,0.0500206724524251,5.0020672452425154,-5.990637819903991,-5.644305537588786,-6.370488258562875,,-5.990637819903991,False
2020-01-17,ETHUSDT,164.24,174.81,162.14,169.85,767180.67853,288,288,0.0028783818323172,0.0337695981028471,True,0.0536505529544408,5.365055295444081,-5.850527006517636,-5.990637819903991,-6.3035402654318125,,-5.850527006517636,False
2020-01-18,ETHUSDT,169.92,179.5,164.92,174.14,688783.17982,288,288,0.0027724704221317,0.0249438787938766,True,0.0526542535996076,5.26542535996076,-5.888016507099021,-5.850527006517636,-6.040862073039609,,-5.888016507099021,False
2020-01-19,ETHUSDT,174.1,178.05,161.66,166.79,624681.28604,288,288,0.0033353142853534,-0.043124037311389,True,0.0577521799186265,5.77521799186265,-5.70318836556794,-5.888016507099021,-5.6879593363205485,,-5.70318836556794,False
2020-01-20,ETHUSDT,166.79,169.33,161.24,166.87,358092.8841,288,288,0.0009479963848792,0.0004795300697305,True,0.0307895499297934,3.0789549929793414,-6.961159869135089,-5.70318836556794,-5.815335047335475,,-6.961159869135089,False
2020-01-21,ETHUSDT,166.86,170.32,164.8,169.49,308007.6353,288,288,0.0009244006739617,0.0155788618711508,True,0.0304039581956325,3.040395819563258,-6.9863649504841545,-6.961159869135089,-6.078705913644735,,-6.9863649504841545,False
2020-01-22,ETHUSDT,169.48,171.47,166.03,168.07,272240.90286,288,288,0.0004880132914981,-0.0084133687414867,True,0.0220910228712508,2.2091022871250874,-7.625167915805604,-6.9863649504841545,-6.277851339760768,,-7.625167915805604,False
2020-01-23,ETHUSDT,168.07,168.2,159.21,162.81,373414.34985,288,288,0.0010267119826778,-0.0317966825450523,True,0.0320423467099064,3.2042346709906417,-6.881393832666976,-7.625167915805604,-6.632779521618362,,-6.881393832666976,False
2020-01-24,ETHUSDT,162.85,164.45,155.55,162.54,430013.19902,288,288,0.0013462370446668,-0.0016597514183649,True,0.0366911030723637,3.6691103072363735,-6.6104419528144085,-6.881393832666976,-6.831454986731953,-6.651588234058278,-6.6104419528144085,True
2020-01-25,ETHUSDT,162.51,162.79,157.61,160.35,219921.65197,288,288,0.0009132075341997,-0.0135651991858945,True,0.0302193238541131,3.021932385411312,-6.998547393014481,-6.6104419528144085,-7.012905704181246,-6.6072956569702885,-6.998547393014481,True
2020-01-26,ETHUSDT,160.36,168.08,159.41,167.86,251582.55758,288,288,0.0007231347057089,0.0457713725155182,True,0.0268911640824445,2.6891164082444523,-7.231915038209915,-6.998547393014481,-7.020383208957125,-6.629256172569243,-7.231915038209915,True
2020-01-27,ETHUSDT,167.91,172.56,165.22,170.08,365894.81917,288,288,0.0008938546851762,0.0131386159389571,True,0.0298974026493315,2.9897402649331557,-7.0199673405481935,-7.231915038209915,-7.069493226502277,-6.626974617719332,-7.0199673405481935,True
2020-01-28,ETHUSDT,170.04,176.2,170.03,175.64,473433.89609,288,288,0.0010076522064865,0.032167531099878,True,0.0317435380272362,3.1743538027236227,-6.900132202118146,-7.0199673405481935,-6.948453111450794,-6.611249859682727,-6.900132202118146,True
2020-01-29,ETHUSDT,175.58,178.45,173.33,173.72,317382.90161,288,288,0.0008729052657112,-0.0109916380268951,True,0.0295449702269484,2.9544970226948486,-7.043683523807667,-6.900132202118146,-6.952200785341029,-6.615098926429099,-7.043683523807667,True
2020-01-30,ETHUSDT,173.68,187.0,170.93,184.69,477721.6609,288,288,0.0014075765720647,0.0612339362211975,True,0.0375176834581337,3.751768345813372,-6.565885796542326,-7.043683523807667,-7.03884909953968,-6.613440055268978,-6.565885796542326,True
2020-01-31,ETHUSDT,184.71,185.82,175.22,179.99,385596.53365,288,288,0.0011648086437973,-0.0257774500964314,True,0.0341292930456715,3.412929304567156,-6.755198459706925,-6.565885796542326,-6.9523167802452495,-6.6197358789245735,-6.755198459706925,True
2020-02-01,ETHUSDT,179.94,184.28,179.23,183.6,259370.12902,288,288,0.0008451647262065,0.0198581843950029,True,0.0290717169463127,2.907171694631271,-7.07597900734966,-6.755198459706925,-6.856973464544652,-6.609232564519578,-7.07597900734966,True
2020-02-02,ETHUSDT,183.63,193.43,179.1,188.44,552621.13619,288,288,0.001116694138787,0.0260201756454511,True,0.0334169738125265,3.341697381252652,-6.797382620217087,-7.07597900734966,-6.868175797904945,-6.633665830641206,-6.797382620217087,True
2020-02-03,ETHUSDT,188.48,195.19,186.62,189.69,417175.95781,288,288,0.0013278565291294,0.0066115069067906,True,0.0364397657666653,3.643976576666534,-6.624189269058254,-6.797382620217087,-6.847625881524733,-6.655120595852922,-6.624189269058254,True
2020-02-04,ETHUSDT,189.74,191.6,184.69,188.91,366389.69686,288,288,0.0008584280517611,-0.0041204495698693,True,0.0292989428437463,2.929894284374633,-7.060407688056503,-6.624189269058254,-6.7637270305748505,-6.630587473151994,-7.060407688056503,True
2020-02-05,ETHUSDT,188.91,207.61,188.19,203.78,550942.11417,288,288,0.0013356664089281,0.0757702693773788,True,0.0365467701572677,3.6546770157267727,-6.618324928962492,-7.060407688056503,-6.862631408877685,-6.603672813941185,-6.618324928962492,True
2020-02-06,ETHUSDT,203.78,216.33,201.02,213.19,608240.2233,288,288,0.0027292645512105,0.0451428063303112,True,0.0522423635683775,5.224236356837754,-5.9037231012396525,-6.618324928962492,-6.835256702728799,-6.674218955689784,-5.9037231012396525,True
2020-02-07,ETHUSDT,213.16,225.0,213.14,223.33,629361.15466,288,288,0.0015113768506666,0.0464667113559331,True,0.0388764305288771,3.8876430528877135,-6.494734221978611,-5.9037231012396525,-6.600805521506798,-6.686010663128459,-6.494734221978611,True
2020-02-08,ETHUSDT,223.36,227.75,213.22,223.05,548551.87465,288,288,0.0014832223629823,-0.00125453665811,True,0.0385126260203375,3.8512626020337546,-6.5135382857432225,-6.494734221978611,-6.540275841859104,-6.708924135950034,-6.5135382857432225,True
2020-02-09,ETHUSDT,223.01,230.65,222.86,228.49,350336.24399,276,275,,,False,,,,-6.5135382857432225,-6.518145645196097,-6.739061012278469,,False
2020-02-10,ETHUSDT,228.53,229.4,216.37,222.89,510415.49949,288,288,0.0013132079983498,-0.0248140694823512,True,0.0362382118536481,3.623821185364816,-6.635282281622976,,,,-6.635282281622976,False
2020-02-11,ETHUSDT,222.89,239.15,218.17,236.69,595576.90276,288,288,0.0014084295019302,0.0600728918386184,True,0.0375290487746528,3.752904877465283,-6.565280023778226,-6.635282281622976,,,-6.565280023778226,False
2020-02-12,ETHUSDT,236.69,275.34,236.69,265.74,1038073.74782,288,288,0.0040520724849028,0.1157671191064413,True,0.0636558912034294,6.365589120342944,-5.508526804082749,-6.565280023778226,,,-5.508526804082749,False
2020-02-13,ETHUSDT,265.74,277.69,256.08,268.32,1089679.1537,288,288,0.0058993440878546,0.0096619109117373,True,0.0768071877356189,7.680718773561892,-5.132914105800546,-5.508526804082749,,,-5.132914105800546,False
2020-02-14,ETHUSDT,268.34,287.15,260.28,285.15,734944.32266,288,288,0.0017573204293622,0.0608350595276504,True,0.0419204058826042,4.1920405882604275,-6.343965113404428,-5.132914105800546,,,-6.343965113404428,False
2020-02-15,ETHUSDT,285.11,288.41,261.86,264.88,860813.14274,288,288,0.003976502122089,-0.0737384643635575,True,0.0630595125424313,6.305951254243134,-5.527352709909739,-6.343965113404428,-6.037193665737784,,-5.527352709909739,False
2020-02-16,ETHUSDT,264.91,274.0,237.41,258.85,1110118.46395,288,288,0.0057289281003092,-0.0230281498910797,True,0.0756896829185408,7.56896829185408,-5.162226833763757,-5.527352709909739,-5.815607751395137,,-5.162226833763757,False
2020-02-17,ETHUSDT,258.89,268.77,242.0,267.85,1110371.39094,288,288,0.0059056868631874,0.0341783789790594,True,0.0768484668889849,7.684846688898491,-5.131839517183293,-5.162226833763757,-5.534997113392244,,-5.131839517183293,False
2020-02-18,ETHUSDT,267.9,285.88,258.0,282.61,1115523.43992,288,288,0.0033975318973992,0.0536407330015734,True,0.0582883513010894,5.828835130108941,-5.684706023491745,-5.131839517183293,-5.459659656012352,,-5.684706023491745,False
2020-02-19,ETHUSDT,282.64,285.0,251.56,258.45,705973.72988,218,217,,,False,,,,-5.684706023491745,-5.570018039550592,,,False
2020-02-20,ETHUSDT,258.44,264.33,245.34,256.96,972969.71691,288,288,0.0043587780418857,-0.005781820883651,True,0.0660210424174425,6.60210424174425,-5.435563526525489,,,,-5.435563526525489,False
2020-02-21,ETHUSDT,256.97,268.24,253.61,265.27,525827.8734,288,288,0.0017687044567092,0.0318277444587203,True,0.0420559681461415,4.205596814614157,-6.337507945761224,-5.435563526525489,,,-6.337507945761224,False
2020-02-22,ETHUSDT,265.32,266.81,256.0,261.57,313062.52133,288,288,0.0009776356445879,-0.014046241109282,True,0.0312671655988821,3.1267165598882145,-6.930373508890139,-6.337507945761224,,,-6.930373508890139,False
2020-02-23,ETHUSDT,261.55,275.68,261.02,274.48,444740.82883,288,288,0.000929239656454,0.0481764644423615,True,0.0304834324913389,3.048343249133893,-6.9811438799180054,-6.930373508890139,,,-6.9811438799180054,False
2020-02-24,ETHUSDT,274.5,277.2,257.09,265.52,696591.72983,288,288,0.0019551487934336,-0.0331882311384743,True,0.0442170645049361,4.421706450493613,-6.237288979267767,-6.9811438799180054,,,-6.237288979267767,False
2020-02-25,ETHUSDT,265.47,266.22,244.44,246.67,774791.01027,288,288,0.002704694876214,-0.0736387564594067,True,0.0520066810728586,5.200668107285869,-5.912766172966969,-6.237288979267767,-6.384375568072525,,-5.912766172966969,False
2020-02-26,ETHUSDT,246.67,250.32,215.66,223.93,1395879.41507,288,288,0.0049990531464487,-0.0967179079355732,True,0.0707039825359841,7.070398253598416,-5.298506755191194,-5.912766172966969,-6.47981609736082,,-5.298506755191194,False
2020-02-27,ETHUSDT,223.98,238.3,210.0,227.79,1273793.11658,288,288,0.0054361015043617,0.0170906488765122,True,0.0737299227204381,7.372992272043814,-5.214693110247685,-5.298506755191194,-6.272015859246816,,-5.214693110247685,False
2020-02-28,ETHUSDT,227.73,234.67,214.01,226.76,1054994.92397,288,288,0.0046583948725635,-0.0045319624371493,True,0.0682524349204007,6.825243492040076,-5.3690843381281494,-5.214693110247685,-5.928879779518324,,-5.3690843381281494,False
2020-02-29,ETHUSDT,226.76,233.0,217.0,217.21,546866.6851,288,288,0.0021599090821466,-0.0430275619404999,True,0.0464748220238302,4.6474822023830225,-6.137689149770736,-5.3690843381281494,-5.606467871160353,,-6.137689149770736,False
2020-03-01,ETHUSDT,217.29,227.89,212.36,217.81,715016.01941,288,288,0.0026214084673789,0.0027584956115343,True,0.0511996920633213,5.119969206332136,-5.944043522686044,-6.137689149770736,-5.586547905260947,,-5.944043522686044,False
2020-03-02,ETHUSDT,217.81,234.4,216.07,231.97,810051.4833,288,288,0.0017819269993995,0.0629849298330422,True,0.0422128771750938,4.221287717509382,-6.330059916317243,-5.944043522686044,-5.5928033752047615,,-6.330059916317243,False
2020-03-03,ETHUSDT,232.1,232.46,219.57,223.91,741498.54825,288,288,0.0019041949981404,-0.03536386755693,True,0.0436370828326148,4.363708283261488,-6.263695932867314,-6.330059916317243,-5.799114007429972,,-6.263695932867314,False
2020-03-04,ETHUSDT,223.84,228.85,220.23,224.26,443780.33772,263,262,,,False,,,,-6.263695932867314,-6.008914571953897,,,False
2020-03-05,ETHUSDT,224.26,234.09,224.23,228.38,601479.87587,288,288,0.0008947005317199,0.0182048152407681,True,0.0299115451242477,2.9911545124247785,-7.019021497111247,,,,-7.019021497111247,False
2020-03-06,ETHUSDT,228.38,245.16,227.33,244.88,628147.3257,288,288,0.0009909807058829,0.0697573863636551,True,0.0314798460269892,3.1479846026989287,-6.916815493164987,-7.019021497111247,,,-6.916815493164987,False
2020-03-07,ETHUSDT,244.93,251.93,236.0,237.23,633748.89662,288,288,0.0014239573145672,-0.0317381599628835,True,0.037735358943135,3.773535894313503,-6.5543154421669145,-6.916815493164987,,,-6.5543154421669145,False
2020-03-08,ETHUSDT,237.23,237.23,195.5,199.43,1278973.53741,288,288,0.0064598859802913,-0.1735668371091432,True,0.0803734158804476,8.037341588044768,-5.042143611453097,-6.5543154421669145,,,-5.042143611453097,False
2020-03-09,ETHUSDT,199.43,208.62,190.0,202.81,1661331.83553,288,288,0.0079722920088478,0.0168062826009122,True,0.0892876923704931,8.928769237049309,-4.8317832479938705,-5.042143611453097,,,-4.8317832479938705,False
2020-03-10,ETHUSDT,202.79,206.2,195.54,200.7,1020260.107,288,288,0.0025874160216991,-0.0104583243637485,True,0.0508666494050784,5.086664940507841,-5.957095576299327,-4.8317832479938705,-6.072815858378023,,-5.957095576299327,False
2020-03-11,ETHUSDT,200.74,203.18,181.73,194.61,1079824.90167,288,288,0.0036805066349192,-0.0308136999092176,True,0.0606671792233599,6.06671792233599,-5.6047048637448995,-5.957095576299327,-5.86043067421564,,-5.6047048637448995,False
2020-03-12,ETHUSDT,194.61,195.55,101.2,107.82,3814533.14046,288,288,0.0512269978266895,-0.5905343858695524,True,0.2263338194497002,22.633381944970026,-2.9714885846086254,-5.6047048637448995,-5.598008548331622,,-2.9714885846086254,False
2020-03-13,ETHUSDT,107.67,139.68,86.0,134.06,4663239.92861,288,288,0.116903319031793,0.2178242909062896,True,0.3419112736248879,34.19112736248879,-2.1464080188473407,-2.9714885846086254,-4.881443176819964,,-2.1464080188473407,False
2020-03-14,ETHUSDT,134.06,134.68,120.0,122.54,1237674.88642,288,288,0.0066269759152654,-0.0898499536323018,True,0.0814062400265818,8.14062400265818,-5.016606700217132,-2.1464080188473407,-4.302296058298813,,-5.016606700217132,False
2020-03-15,ETHUSDT,122.54,133.5,120.16,123.78,1312950.90137,288,288,0.0065062374000028,0.0100682890137072,True,0.0806612509201463,8.066125092014632,-5.034993962201864,-5.016606700217132,-4.339260748743465,,-5.034993962201864,False
2020-03-16,ETHUSDT,123.82,124.33,101.1,111.02,2442064.14448,288,288,0.0187628619602958,-0.108795431049199,True,0.1369775965634376,13.697759656343766,-3.975875790520655,-5.034993962201864,-4.154840425923973,,-3.975875790520655,False
2020-03-17,ETHUSDT,111.02,120.8,109.38,115.67,1295108.4848,288,288,0.0064057510842357,0.0410309440452935,True,0.0800359362051556,8.003593620515561,-5.050559085210163,-3.975875790520655,-3.829074611279123,,-5.050559085210163,False
2020-03-18,ETHUSDT,115.67,118.5,109.86,118.11,1201850.31275,288,288,0.0046697672093327,0.0208750843164452,True,0.068335694986828,6.833569498682805,-5.366646056652419,-5.050559085210163,-4.244888711399431,,-5.366646056652419,False
2020-03-19,ETHUSDT,118.11,143.13,115.46,136.3,1801071.18816,288,288,0.0072894140156842,0.1432419450787318,True,0.0853780651905645,8.537806519056454,-4.921332118128695,-5.366646056652419,-4.888936318960447,,-4.921332118128695,False
2020-03-20,ETHUSDT,136.3,152.55,116.74,133.48,2504057.63799,288,288,0.0192275359391575,-0.0209066848193146,True,0.1386633907675617,13.866339076756171,-3.951411863880866,-4.921332118128695,-4.869881402542759,,-3.951411863880866,False
2020-03-21,ETHUSDT,133.49,137.49,125.69,132.66,1231842.11121,288,288,0.0074689836174612,-0.0061621897857614,True,0.0864232816864834,8.642328168648346,-4.896996351014192,-3.951411863880866,-4.653164982878559,,-4.896996351014192,False
2020-03-22,ETHUSDT,132.63,137.13,121.1,122.32,1055699.86532,288,288,0.0046380895772967,-0.0811489024766028,True,0.0681035210345014,6.810352103450142,-5.373452726558527,-4.896996351014192,-4.837389094977267,,-5.373452726558527,False
2020-03-23,ETHUSDT,122.31,137.5,119.5,135.92,1436796.12449,288,288,0.0059109746614184,0.1054259157428696,True,0.0768828632493514,7.688286324935147,-5.130944543831819,-5.373452726558527,-4.90196782324694,,-5.130944543831819,False
2020-03-24,ETHUSDT,135.89,143.36,132.2,138.42,1244377.16334,288,288,0.0050812463763892,0.0182260640500413,True,0.0712828617297961,7.128286172979617,-5.282198697802144,-5.130944543831819,-4.85482752068282,,-5.282198697802144,False
2020-03-25,ETHUSDT,138.42,142.33,132.54,136.1,1034248.74369,288,288,0.0036390644198931,-0.0169026317562976,True,0.0603246584730747,6.032465847307477,-5.616028657872613,-5.282198697802144,-4.92700083661751,,-5.616028657872613,False
2020-03-26,ETHUSDT,136.11,139.74,133.26,138.4,751060.63102,288,288,0.0018050127120006,0.0167581335261499,True,0.0424854411769563,4.248544117695638,-6.31718764456248,-5.616028657872613,-5.259924195415858,,-6.31718764456248,False
2020-03-27,ETHUSDT,138.4,141.27,129.68,131.33,706948.54559,288,288,0.0022519855773562,-0.0524348035864998,True,0.0474550901100846,4.745509011008469,-6.095942973096338,-6.31718764456248,-5.543962454125517,-5.135364115174722,-6.095942973096338,True
2020-03-28,ETHUSDT,131.33,132.97,124.88,130.98,896032.10594,288,288,0.0030362761869275,-0.0026685998071616,True,0.0551024154364178,5.510241543641785,-5.797123452925101,-6.095942973096338,-5.688460503433079,-5.0934060004467705,-5.797123452925101,True
2020-03-29,ETHUSDT,130.94,131.84,123.81,124.5,543997.0,288,288,0.0011989763277634,-0.0507389238851445,True,0.0346262375629157,3.462623756291576,-6.726287146448259,-5.797123452925101,-5.821696285251735,-5.0425109077085954,-6.726287146448259,True
2020-03-30,ETHUSDT,124.47,135.42,124.06,132.06,764831.92747,288,288,0.001845925148338,0.0589506488616627,True,0.0429642310339431,4.29642310339431,-6.2947746917528224,-6.726287146448259,-6.110513974980958,-5.050327803357747,-6.2947746917528224,True
2020-03-31,ETHUSDT,132.09,135.0,130.38,132.72,547669.27789,288,288,0.0009298831250286,0.0049852811157642,True,0.0304939850631005,3.049398506310057,-6.98045165172662,-6.2947746917528224,-6.2462631817570005,-5.107265579735007,-6.98045165172662,True
2020-04-01,ETHUSDT,132.72,136.99,128.62,135.69,680922.24747,288,288,0.0012338675521912,0.022131226275671,True,0.0351264508909067,3.512645089090672,-6.6976016913573355,-6.98045165172662,-6.378915983189827,-5.204932325359223,-6.6976016913573355,True
2020-04-02,ETHUSDT,135.65,149.76,135.01,141.28,1138977.66114,288,288,0.0047070477630252,0.0403708646977892,True,0.0686079278438379,6.860792784383794,-5.358694369381728,-6.6976016913573355,-6.499247726842027,-5.238591694225496,-5.358694369381728,True
2020-04-03,ETHUSDT,141.27,146.72,137.26,141.31,797546.11446,288,288,0.001905330583184,0.0002123217390056,True,0.0436500925907843,4.365009259078432,-6.263099750979049,-5.358694369381728,-6.4115619101333525,-5.22740939902717,-6.263099750979049,True
2020-04-04,ETHUSDT,141.3,146.28,138.88,144.1,573508.14086,288,288,0.0018923749429982,0.0195514444108216,True,0.0435014361027115,4.350143610271157,-6.269922655154063,-6.263099750979049,-6.318924431039511,-5.377028088407644,-6.269922655154063,True
2020-04-05,ETHUSDT,144.1,145.58,140.68,142.68,414987.45246,288,288,0.0008066742113133,-0.0099031425147858,True,0.0284020106913819,2.840201069138192,-7.122590674657662,-6.269922655154063,-6.3139540237197584,-5.564460571876132,-7.122590674657662,True
2020-04-06,ETHUSDT,142.69,172.0,142.6,171.32,1636338.7311,288,288,0.003737541102415,0.1829287922564777,True,0.0611354324628122,6.113543246281225,-5.58932734302413,-7.122590674657662,-6.342381828305967,-5.660187116168882,-5.58932734302413,True
2020-04-07,ETHUSDT,171.32,176.22,162.22,164.63,1717962.82538,288,288,0.0034874555781981,-0.039832621087241,True,0.0590546829489258,5.905468294892588,-5.6585828693500115,-5.58932734302413,-6.1207269586393265,-5.68538408802444,-5.6585828693500115,True
2020-04-08,ETHUSDT,164.62,174.48,163.59,173.11,1023575.92076,288,288,0.0025983725536909,0.050226698928708,True,0.0509742342138745,5.097423421387455,-5.952869970825601,-5.6585828693500115,-6.180704658632983,-5.761870773425775,-5.952869970825601,True
2020-04-09,ETHUSDT,173.15,173.38,165.19,169.52,719837.24423,288,288,0.001286650478737,-0.0209563166285949,True,0.0358699104924598,3.5869910492459853,-6.655712965545139,-5.952869970825601,-6.118658702602294,-5.802884904590113,-6.655712965545139,True
2020-04-10,ETHUSDT,169.56,170.1,152.11,157.81,1314841.362,288,288,0.0031610299276627,-0.0715791362000026,True,0.0562230373393568,5.622303733935683,-5.756857378010274,-6.655712965545139,-6.195816764680509,-5.861478854994328,-5.756857378010274,True
2020-04-11,ETHUSDT,157.81,161.37,153.91,158.33,621599.61289,288,288,0.0012939919101105,0.0032896847533029,True,0.035972099050661,3.5972099050661073,-6.650023334769571,-5.756857378010274,-5.922670105351031,-5.899457275898035,-6.650023334769571,True
2020-04-12,ETHUSDT,158.33,164.78,155.0,158.59,809100.24594,288,288,0.0012089282090559,0.0016407929971681,True,0.0347696449371571,3.476964493715715,-6.718021089546068,-6.650023334769571,-6.134809303700119,-6.022121433665704,-6.718021089546068,True
2020-04-13,ETHUSDT,158.56,158.97,150.0,156.29,1042091.03622,288,288,0.0027402585407398,-0.014608999656408,True,0.0523474788384299,5.234747883842993,-5.899703005099354,-6.718021089546068,-6.34669694773933,-6.104895285417152,-5.899703005099354,True
2020-04-14,ETHUSDT,156.28,161.85,155.23,158.45,698030.65089,288,288,0.001300078032416,0.0137258302828275,True,0.0360565948533139,3.6056594853313952,-6.6453309913806855,-5.899703005099354,-6.336063554594081,-6.128815752623553,-6.6453309913806855,True
2020-04-15,ETHUSDT,158.46,161.29,152.0,152.73,729119.66505,288,288,0.0012054553884681,-0.0367674295545763,True,0.0347196686111504,3.471966861115046,-6.720897867690525,-6.6453309913806855,-6.3339871597611905,-6.197651500239411,-6.720897867690525,True
2020-04-16,ETHUSDT,152.74,174.79,148.33,172.29,1647207.59991,288,288,0.0055462232841712,0.1205074469619608,True,0.0744729701581135,7.447297015811354,-5.194638072200277,-6.720897867690525,-6.52679525769724,-6.263046917052519,-5.194638072200277,True
2020-04-17,ETHUSDT,172.31,174.96,168.31,170.69,723537.75591,288,288,0.0014922935024786,-0.0093300577680748,True,0.0386302148904025,3.863021489040258,-6.507441079067959,-5.194638072200277,-6.235718205183382,-6.243892799521959,-6.507441079067959,True
2020-04-18,ETHUSDT,170.61,189.54,170.48,187.4,1127296.36979,288,288,0.0022500136051835,0.0933963240280803,True,0.0474343083135352,4.743430831353524,-6.096819016035868,-6.507441079067959,-6.193602203087759,-6.252540682908571,-6.096819016035868,True
2020-04-19,ETHUSDT,187.4,188.35,175.75,180.03,995759.5775,288,288,0.0021557802189938,-0.0401218661347907,True,0.0464303803451348,4.643038034513481,-6.139602570373752,-6.096819016035868,-6.233025405275063,-6.252580503042186,-6.139602570373752,True
2020-04-20,ETHUSDT,180.02,186.46,166.7,170.2,1547821.52737,288,288,0.0031023279875064,-0.0561492875302575,True,0.0556985456498319,5.569854564983193,-5.775602485611454,-6.139602570373752,-6.131879721073676,-6.268147735653489,-5.775602485611454,True
2020-04-21,ETHUSDT,170.21,174.7,168.0,170.74,906381.65398,288,288,0.001653079145301,0.0031677154428854,True,0.0406580760157326,4.065807601573266,-6.405115581494532,-5.775602485611454,-5.9428206446578615,-6.2249347965245425,-6.405115581494532,True
2020-04-22,ETHUSDT,170.73,184.0,169.78,182.7,988698.39076,288,288,0.0011585056347559,0.0677035318018008,True,0.0340368276247356,3.4036827624735673,-6.760624350266037,-6.405115581494532,-6.184916146516713,-6.229950291512802,-6.760624350266037,True
2020-04-23,ETHUSDT,182.7,193.63,178.16,185.51,1457867.08713,288,288,0.0021296312249185,0.0152633255663227,True,0.0461479276340613,4.61479276340614,-6.151806448091277,-6.760624350266037,-6.235552800756328,-6.219958141446413,-6.151806448091277,True
2020-04-24,ETHUSDT,185.57,189.8,184.72,187.59,780904.21257,288,288,0.0009685374085812,0.0111499412970343,True,0.0311213336568536,3.112133365685365,-6.939723450585721,-6.151806448091277,-6.246550287167411,-6.195149266752501,-6.939723450585721,True
2020-04-25,ETHUSDT,187.6,198.36,185.76,194.21,866478.04928,258,257,,,False,,,,-6.939723450585721,-6.406574463209803,-6.267014224989046,,False
2020-04-26,ETHUSDT,194.21,200.0,192.3,197.38,758525.81533,288,288,0.000766640798803,0.0161907569065006,True,0.0276882790870622,2.768827908706222,-7.173492185976112,,,,-7.173492185976112,False
2020-04-27,ETHUSDT,197.39,199.05,189.29,196.34,896627.37271,288,288,0.0008825544967361,-0.0052829544794878,True,0.0297078187811918,2.97078187811918,-7.032690018387973,-7.173492185976112,,,-7.032690018387973,False
2020-04-28,ETHUSDT,196.33,198.5,192.36,196.24,636829.89397,288,288,0.0007345976219047,-0.0005094503141416,True,0.0271034614376977,2.7103461437697773,-7.216187661849534,-7.032690018387973,,,-7.216187661849534,False
2020-04-29,ETHUSDT,196.24,218.77,196.22,215.36,1620422.72431,288,288,0.0019251481849594,0.0929726465061278,True,0.0438765106288033,4.387651062880334,-6.2527523350054475,-7.216187661849534,,,-6.2527523350054475,False
2020-04-30,ETHUSDT,215.4,227.3,202.0,206.08,1749691.00151,288,288,0.0051190241908749,-0.0440466035403745,True,0.071547356281521,7.154735628152106,-5.274791445814614,-6.2527523350054475,,,-5.274791445814614,False
2020-05-01,ETHUSDT,206.07,217.14,205.91,212.02,794913.95828,288,288,0.0014547397444219,0.0284161669289629,True,0.0381410506465403,3.814105064654032,-6.532928264170922,-5.274791445814614,-6.589982729406737,,-6.532928264170922,False
2020-05-02,ETHUSDT,212.01,215.37,210.36,213.9,443494.67248,288,288,0.0005890751645776,0.0088280062434082,True,0.0242708707008563,2.4270870700856375,-7.436956768570775,-6.532928264170922,-6.461869945045697,,-7.436956768570775,False
2020-05-03,ETHUSDT,213.89,219.3,203.92,209.86,748383.91311,288,288,0.0012885743825047,-0.0190679743585954,True,0.0358967182692894,3.589671826928946,-6.654218801556133,-7.436956768570775,-6.542723295082259,,-6.654218801556133,False
2020-05-04,ETHUSDT,209.86,210.65,194.88,206.48,1114249.32658,288,288,0.0026743001982344,-0.0162370863194058,True,0.0517136364824057,5.1713636482405745,-5.924067540996218,-6.654218801556133,-6.430329523023579,,-5.924067540996218,False
2020-05-05,ETHUSDT,206.47,211.68,201.0,205.29,640644.66268,288,288,0.0015242613126371,-0.0057799417778432,True,0.0390417893114184,3.904178931141842,-6.486245371431149,-5.924067540996218,-6.3645925642217325,,-6.486245371431149,False
2020-05-06,ETHUSDT,205.3,210.77,197.71,198.97,862700.67849,288,288,0.0012932008149215,-0.0312695540413603,True,0.0359611014141881,3.596110141418814,-6.650634881954287,-6.486245371431149,-6.60688334934504,,-6.650634881954287,False
2020-05-07,ETHUSDT,198.92,215.1,196.43,212.0,1305778.73764,288,288,0.0022005080251617,0.063432215080855,True,0.0469095728520497,4.690957285204971,-6.119067024747863,-6.650634881954287,-6.630424672901713,,-6.119067024747863,False
2020-05-08,ETHUSDT,212.01,216.61,206.9,211.31,917908.1944,288,288,0.0012449069399488,-0.0032600250931772,True,0.0352832387961882,3.5283238796188208,-6.688694498888241,-6.119067024747863,-6.3668467241371305,,-6.688694498888241,False
2020-05-09,ETHUSDT,211.32,214.6,208.4,210.07,587871.98073,288,288,0.0008234247857122,-0.0058854410712469,True,0.0286953791700375,2.8695379170037585,-7.102038347415011,-6.688694498888241,-6.373741863603551,,-7.102038347415011,False
2020-05-10,ETHUSDT,210.09,210.18,179.59,187.54,1473226.05475,288,288,0.012322602386232,-0.1134486525161091,True,0.1110072177213357,11.100721772133571,-4.396320110534536,-7.102038347415011,-6.60933602488731,,-4.396320110534536,False
2020-05-11,ETHUSDT,187.62,193.5,176.0,185.73,1093299.81927,288,288,0.0035915387657854,-0.0096981497922298,True,0.0599294482352825,5.992944823528255,-5.629174542748683,-4.396320110534536,-6.191350972707988,,-5.629174542748683,False
2020-05-12,ETHUSDT,185.8,192.24,185.48,189.76,669755.79567,288,288,0.0011321558119316,0.0214661096101096,True,0.0336475231173362,3.3647523117336218,-6.783631665623965,-5.629174542748683,-5.987058904866866,,-6.783631665623965,False
2020-05-13,ETHUSDT,189.77,201.0,188.35,199.58,806143.0070399999,288,288,0.0009841043348342,0.0504550426468064,True,0.0313704372751517,3.137043727515171,-6.923778635197376,-6.783631665623965,-6.1199718330420865,,-6.923778635197376,False
2020-05-14,ETHUSDT,199.61,206.02,195.67,203.29,1114700.24937,288,288,0.0018003723410436,0.0184183725768077,True,0.042430794725572,4.243079472557207,-6.319761779336465,-6.923778635197376,-6.166988660303915,,-6.319761779336465,False
2020-05-15,ETHUSDT,203.29,204.08,191.66,194.86,904749.6357,288,288,0.0012861424524189,-0.042352179035778,True,0.035862828282484,3.5862828282484016,-6.656107887591567,-6.319761779336465,-6.010533346688205,,-6.656107887591567,False
2020-05-16,ETHUSDT,194.87,203.5,193.21,200.45,669900.03754,288,288,0.0009039215724102,0.0282834870913209,True,0.0300652884970394,3.0065288497039497,-7.00876795751904,-6.656107887591567,-6.462490902099612,,-7.00876795751904,False
2020-05-17,ETHUSDT,200.44,209.85,199.68,207.0,708711.89315,288,288,0.0007321598884766,0.0321539541768523,True,0.0270584531796753,2.7058453179675377,-7.219511640974039,-7.00876795751904,-6.738409585053683,,-7.219511640974039,False
2020-05-18,ETHUSDT,207.02,217.07,207.0,214.91,1064139.2485,288,288,0.0012296105273003,0.0375005425717451,True,0.0350658028184211,3.506580281842119,-6.701057804211557,-7.219511640974039,-6.825585580123698,-6.521900880285907,-6.701057804211557,True
2020-05-19,ETHUSDT,214.92,215.95,209.45,214.58,643702.98849,288,288,0.0008050093245975,-0.001536706628514,True,0.0283726862421866,2.837268624218662,-7.124656697261866,-6.701057804211557,-6.781041413926533,-6.5004265902057,-7.124656697261866,True
2020-05-20,ETHUSDT,214.6,215.75,204.27,209.98,679532.61037,288,288,0.0006467181385819,-0.0216703411218055,True,0.0254306535225105,2.54306535225105,-7.343600001997377,-7.124656697261866,-6.942020397511614,-6.504606893790878,-7.343600001997377,True
2020-05-21,ETHUSDT,209.99,211.64,191.71,198.74,1003923.4342,288,288,0.0015304251491328,-0.0550148502835781,True,0.0391206486287334,3.912064862873348,-6.482209706927773,-7.343600001997377,-7.079518820392775,-6.510398363797597,-6.482209706927773,True
2020-05-22,ETHUSDT,198.72,209.19,196.24,207.36,787672.36081,288,288,0.0010834726386373,0.0424589753606915,True,0.0329161455616746,3.291614556167467,-6.827583990064169,-6.482209706927773,-6.974207170274522,-6.520828244339521,-6.827583990064169,True
2020-05-23,ETHUSDT,207.36,211.2,204.55,206.6,478559.92006,288,288,0.0007453066556034,-0.0036718564783738,True,0.0273003050459779,2.730030504597796,-7.201714806016674,-6.827583990064169,-6.895821640092549,-6.591409723623591,-7.201714806016674,True
2020-05-24,ETHUSDT,206.6,210.55,199.5,199.9,673535.05784,288,288,0.001100641453479,-0.0329673151791837,True,0.0331759167692318,3.317591676923187,-6.811862129611232,-7.201714806016674,-6.995953040453571,-6.621809111889308,-6.811862129611232,True
2020-05-25,ETHUSDT,199.9,205.67,198.01,204.15,469931.62492,288,288,0.0007611760094566,0.0210377762592298,True,0.0275894184327374,2.7589418432737443,-7.180645939780141,-6.811862129611232,-6.933394126923444,-6.593395719209329,-7.180645939780141,True
2020-05-26,ETHUSDT,204.22,205.0,196.9,200.89,477176.7353,288,288,0.0006114914292685,-0.016097523191527,True,0.0247283527407005,2.4728352740700563,-7.399609618849416,-7.180645939780141,-6.900803314479998,-6.617324225492237,-7.399609618849416,True
2020-05-27,ETHUSDT,200.92,208.44,200.76,208.29,494816.72727,288,288,0.0004794100531004,0.0361738448592349,True,0.0218954345264125,2.1895434526412556,-7.64295426601198,-7.399609618849416,-7.084283296864326,-6.68439431994011,-7.64295426601198,True
2020-05-28,ETHUSDT,208.29,220.5,204.67,220.21,643945.97769,288,288,0.0006007556517265,0.0556502970848084,True,0.0245103172506298,2.451031725062989,-7.417322275607512,-7.64295426601198,-7.247357352053887,-6.736971996966512,-7.417322275607512,True
2020-05-29,ETHUSDT,220.24,224.79,217.57,220.67,603058.0759,288,288,0.0010268690936389,0.0020867363768879,True,0.0320447982305852,3.204479823058527,-6.881240820971243,-7.417322275607512,-7.290478845972056,-6.771821423950748,-6.881240820971243,True
2020-05-30,ETHUSDT,220.63,247.0,218.8,243.66,1019550.75146,288,288,0.0021598514993429,0.0991054380312719,True,0.0464742025143301,4.64742025143301,-6.137715809953687,-6.881240820971243,-7.304354584244058,-6.806465687415447,-6.137715809953687,True
2020-05-31,ETHUSDT,243.71,245.39,229.58,231.57,821608.68884,288,288,0.0016532043324905,-0.0508916072963899,True,0.0406596154985579,4.065961549855797,-6.4050398546608225,-6.137715809953687,-7.095768558278768,-6.781421201554787,-6.4050398546608225,True
2020-06-01,ETHUSDT,231.56,250.68,230.66,248.23,823816.69936,288,288,0.0014548539491508,0.0694735321023273,True,0.0381425477537992,3.814254775379929,-6.532849761987465,-6.4050398546608225,-6.89685460544105,-6.7497394518841425,-6.532849761987465,True
2020-06-02,ETHUSDT,248.23,253.8,225.0,237.71,955520.91863,288,288,0.0068134115231476,-0.0433042924150341,True,0.0825433917594113,8.254339175941134,-4.988862326380455,-6.532849761987465,-6.6748337046361454,-6.846854436041093,-4.988862326380455,True
2020-06-03,ETHUSDT,237.71,245.0,232.71,244.52,502928.13371,288,288,0.0007881388665808,0.0282456618433592,True,0.0280738110448305,2.8073811044830586,-7.145836257007102,-4.988862326380455,-6.189141714790734,-6.817749335297083,-7.145836257007102,True
2020-06-04,ETHUSDT,244.54,246.6,236.0,243.21,669369.3392,288,288,0.0011116549660726,-0.0053718374927983,True,0.0333414901597494,3.334149015974941,-6.801905413610075,-7.145836257007102,-6.242060801997907,-6.834213180359953,-6.801905413610075,True
2020-06-05,ETHUSDT,243.22,247.87,239.14,240.03,502547.41103,288,288,0.0009186513083589,-0.0131613521375826,True,0.0303092610988614,3.030926109886144,-6.992603932680419,-6.801905413610075,-6.374898722729183,-6.82867348846962,-6.992603932680419,True
2020-06-06,ETHUSDT,240.04,244.7,237.83,241.94,389423.07798,288,288,0.0005212783551235,0.0079258460015597,True,0.0228315210865065,2.2831521086506585,-7.559226388012332,-6.992603932680419,-6.492411538333103,-6.859257222712528,-7.559226388012332,True
2020-06-07,ETHUSDT,241.94,245.37,234.6,244.56,571102.55515,288,288,0.0006891319899376,0.0107709160508767,True,0.0262513235844914,2.625132358449149,-7.280077737898758,-7.559226388012332,-6.697686863538077,-6.900308063640744,-7.280077737898758,True
2020-06-08,ETHUSDT,244.57,247.7,240.59,246.4,383116.54719,288,288,0.0004085643637046,0.007495554076786,True,0.0202129751324408,2.021297513244081,-7.802861094987289,-7.280077737898758,-7.155929945841737,-6.912640326385278,-7.802861094987289,True
2020-06-09,ETHUSDT,246.37,249.82,238.0,243.8,420327.17133,288,288,0.001354483806576,-0.0106080146121936,True,0.0368033124402684,3.680331244026845,-6.604334851788551,-7.802861094987289,-7.287334913437775,-6.939156210658607,-6.604334851788551,True
2020-06-10,ETHUSDT,243.79,250.28,242.0,247.78,431285.61715,288,288,0.0007044995502471,0.0161930386404219,True,0.0265424104076311,2.654241040763111,-7.258022865025885,-6.604334851788551,-7.247820801073471,-6.934759712821196,-7.258022865025885,True
2020-06-11,ETHUSDT,247.78,250.09,226.2,230.51,816456.8916099999,288,288,0.0021075305952273,-0.0722470102440078,True,0.0459078489501233,4.590784895012338,-6.162238350885311,-7.258022865025885,-7.300904587542563,-6.940821811355925,-6.162238350885311,True
2020-06-12,ETHUSDT,230.46,239.38,228.19,237.55,446515.34124,288,288,0.0006799275396386,0.0300838821893454,True,0.0260754202197894,2.607542021978942,-7.293524324826973,-6.162238350885311,-7.0215069801171595,-6.887123554487196,-7.293524324826973,True
2020-06-13,ETHUSDT,237.55,238.73,234.66,238.11,253797.7809,288,288,0.000307109546268,0.0023546241379639,True,0.0175245412569938,1.7524541256993889,-8.088306045790603,-7.293524324826973,-7.024196297502802,-6.924001491664431,-8.088306045790603,True
2020-06-14,ETHUSDT,238.13,238.59,229.83,231.77,304943.21188,288,288,0.0005051083176566,-0.0269872511564258,True,0.0224746149612541,2.2474614961254114,-7.590737661279585,-8.088306045790603,-7.081285287663465,-6.981307039651997,-7.590737661279585,True
2020-06-15,ETHUSDT,231.74,233.55,218.27,230.86,875026.92057,288,288,0.0013503622089279,-0.0039340344277008,True,0.0367472748503608,3.674727485036088,-6.607382419609032,-7.590737661279585,-7.278565849561671,-6.998989896709401,-6.607382419609032,True
2020-06-16,ETHUSDT,230.86,236.0,228.7,235.3,499194.66758,288,288,0.0005799429690225,0.0190498295465511,True,0.0240820050872551,2.4082005087255154,-7.452580788530001,-6.607382419609032,-7.1484377604783,-6.9896953644365745,-7.452580788530001,True
2020-06-17,ETHUSDT,235.31,237.3,227.65,233.82,478187.2917,288,288,0.0004750559881993,-0.0063097071546442,True,0.0217957791372391,2.1795779137239104,-7.65207789098248,-7.452580788530001,-7.406506248007238,-7.00205603937975,-7.65207789098248,True
2020-06-18,ETHUSDT,233.82,234.65,227.93,231.27,334347.79917,288,288,0.0003831786680666,-0.0109657294393925,True,0.0195749500144094,1.957495001440946,-7.867009181301738,-7.65207789098248,-7.47821696123834,-7.013531869931254,-7.867009181301738,True
2020-06-19,ETHUSDT,231.26,231.95,226.74,229.0,397284.59808,288,288,0.0004837348151463,-0.0098638555850405,True,0.021993972245739,2.1993972245739046,-7.633973703991405,-7.867009181301738,-7.433957588340567,-7.0237161842626055,-7.633973703991405,True
2020-06-20,ETHUSDT,229.0,230.85,225.62,228.89,303704.98826,288,288,0.0002032336618659,-0.0004804647496828,True,0.0142560044144894,1.4256004414489467,-8.50115419719097,-7.633973703991405,-7.442604796882932,-7.033563976461874,-8.50115419719097,True
2020-06-21,ETHUSDT,228.88,231.49,227.11,228.04,256305.23734,288,288,0.000168844856026,-0.0037204866411764,True,0.0129940315539879,1.2994031553987972,-8.686530276352459,-8.50115419719097,-7.821359152399319,-7.107196402653679,-8.686530276352459,True
2020-06-22,ETHUSDT,228.03,246.89,227.51,243.13,749030.11114,288,288,0.0006339044923991,0.0640752275505599,True,0.025177460006901,2.517746000690108,-7.363612257778458,-8.686530276352459,-8.06814904996381,-7.223051605671805,-7.363612257778458,True
2020-06-23,ETHUSDT,243.11,244.87,240.75,243.14,442296.31477,288,288,0.0003375538800652,4.112941370593148e-05,True,0.0183726394419881,1.837263944198815,-7.993785415755909,-7.363612257778458,-8.010455923323004,-7.266623078540788,-7.993785415755909,True
2020-06-24,ETHUSDT,243.15,249.24,231.07,234.58,921634.0534,288,288,0.0011001052630408,-0.0358407280342883,True,0.0331678347656415,3.3167834765641535,-6.812349410082705,-7.993785415755909,-8.035811170213838,-7.333029244621173,-6.812349410082705,True
2020-06-25,ETHUSDT,234.57,235.39,227.56,232.5,613748.59348,288,288,0.0007321292029009,-0.0089064560659477,True,0.0270578861499006,2.7057886149900625,-7.219553552883218,-6.812349410082705,-7.8714863114321005,-7.4159150211530935,-7.219553552883218,True
2020-06-26,ETHUSDT,232.49,233.61,227.75,229.64,628340.07007,288,288,0.0005697617514367,-0.0123773597279755,True,0.0238696826840389,2.3869682684038978,-7.470292264449254,-7.219553552883218,-7.61516618257055,-7.419265807329279,-7.470292264449254,True
2020-06-27,ETHUSDT,229.66,231.42,216.0,220.94,645950.61438,288,288,0.0008843764337632,-0.0386216938553063,True,0.0297384672396421,2.973846723964214,-7.030627755917647,-7.470292264449254,-7.3719185801899085,-7.44964702782197,-7.030627755917647,True
2020-06-28,ETHUSDT,220.94,227.96,218.32,224.93,444766.56881,246,245,,,False,,,,-7.030627755917647,-7.305321679817746,-7.451375383423661,,False
2020-06-29,ETHUSDT,224.89,229.96,221.26,227.93,597915.52242,288,288,0.000581356188244,0.0132493215828383,True,0.0241113290435032,2.411132904350324,-7.450146928296351,,,,-7.450146928296351,False
2020-06-30,ETHUSDT,227.98,228.7,222.91,225.6,415036.02977,288,288,0.0004141228287504,-0.0102750446471422,True,0.0203500080774042,2.035000807740427,-7.789347940339184,-7.450146928296351,,,-7.789347940339184,False
2020-07-01,ETHUSDT,225.59,232.71,224.16,230.99,517351.58865,288,288,0.0004381723637452,0.0236108999175586,True,0.0209325670605701,2.0932567060570135,-7.732898200465879,-7.789347940339184,,,-7.732898200465879,False
2020-07-02,ETHUSDT,230.99,232.01,222.87,226.46,592485.91115,288,288,0.0007218634258387,-0.0198060906555678,True,0.0268675161829062,2.68675161829062,-7.233674597852852,-7.732898200465879,,,-7.233674597852852,False
2020-07-03,ETHUSDT,226.46,228.13,223.97,224.87,314578.5004,288,288,0.0003082483464409,-0.0070458714371526,True,0.0175570027749887,1.7557002774988728,-8.08460478027841,-7.233674597852852,,,-8.08460478027841,False
2020-07-04,ETHUSDT,224.86,230.71,224.43,229.17,307726.46593,288,288,0.0002333176180106,0.0189416287726365,True,0.0152747379031744,1.5274737903174451,-8.363109865240329,-8.08460478027841,-7.658134489446534,,-8.363109865240329,False
2020-07-05,ETHUSDT,229.24,229.85,223.05,227.56,355747.12006,288,288,0.000381183937307,-0.0070501463389314,True,0.0195239324242599,1.9523932424259995,-7.872228524251981,-8.363109865240329,-7.840727076835331,,-7.872228524251981,False
2020-07-06,ETHUSDT,227.54,242.0,226.93,241.6,864817.507,288,288,0.000561423992843,0.0598695261782133,True,0.023694387370072,2.369438737007208,-7.48503415743101,-7.872228524251981,-7.8573031936178905,,-7.48503415743101,False
2020-07-07,ETHUSDT,241.6,243.77,234.4,239.39,600424.97209,288,288,0.0005991685225218,-0.0091894449036278,True,0.0244779190807104,2.4477919080710406,-7.4199676596481545,-7.48503415743101,-7.807730385010916,,-7.4199676596481545,False
2020-07-08,ETHUSDT,239.39,248.88,237.78,246.95,958185.83708,288,288,0.0007719106482269,0.0310918658296015,True,0.0277832800120317,2.778328001203172,-7.166641755276693,-7.4199676596481545,-7.844988997369977,,-7.166641755276693,False
2020-07-09,ETHUSDT,246.94,247.9,237.88,241.98,647641.58291,288,288,0.0005990523425751,-0.0203308088733011,True,0.0244755458075018,2.4475545807501797,-7.42016158040258,-7.166641755276693,-7.6613963923696335,,-7.42016158040258,False
2020-07-10,ETHUSDT,241.97,242.16,235.72,241.26,455025.12385,288,288,0.000436933362638,-0.0029798879760946,True,0.020902951050942,2.0902951050942056,-7.735729862738761,-7.42016158040258,-7.4728067354020835,,-7.735729862738761,False
2020-07-11,ETHUSDT,241.27,241.67,237.54,239.19,294476.00626,288,288,0.0002016492528625,-0.0086169749547239,True,0.0142003258012833,1.4200325801283349,-8.50898074177202,-7.735729862738761,-7.445507003099439,,-8.50898074177202,False
2020-07-12,ETHUSDT,239.19,244.0,236.52,242.79,469315.1172,288,288,0.0005909885884381,0.0149386569932059,True,0.0243102568566872,2.4310256856687276,-7.4337138496479795,-8.50898074177202,-7.650296319967642,,-7.4337138496479795,False
2020-07-13,ETHUSDT,242.76,245.33,237.33,239.5,604093.04245,288,288,0.0004081770640544,-0.0136434553247503,True,0.0202033923897553,2.020339238975534,-7.8038094971769345,-7.4337138496479795,-7.653045557967607,,-7.8038094971769345,False
2020-07-14,ETHUSDT,239.5,242.09,237.0,240.44,426320.89188,288,288,0.0003248796064037,0.0039171613199921,True,0.0180244169504514,1.802441695045142,-8.032055886099831,-7.8038094971769345,-7.780479106347654,,-8.032055886099831,False
2020-07-15,ETHUSDT,240.45,241.45,236.83,238.61,368350.66518,288,288,0.0001782274013868,-0.0076401582370272,True,0.013350183571279,1.3350183571279008,-8.632450287145897,-8.032055886099831,-7.902857967487106,,-8.632450287145897,False
2020-07-16,ETHUSDT,238.59,239.39,230.02,233.57,587161.73894,288,288,0.0005489951074712,-0.0213486018845483,True,0.0234306446234678,2.343064462346784,-7.5074210282044715,-8.632450287145897,-8.082202052368533,,-7.5074210282044715,False
2020-07-17,ETHUSDT,233.58,234.84,231.65,232.67,325600.21444,288,288,0.0001960028126458,-0.0038606774101846,True,0.0140001004512761,1.4000100451276123,-8.537381548603047,-7.5074210282044715,-7.881890109655022,,-8.537381548603047,False
2020-07-18,ETHUSDT,232.66,236.8,232.32,235.67,341356.6182,288,288,0.0001389023872742,0.0128113807608018,True,0.0117856856938533,1.1785685693853318,-8.88173912135239,-8.537381548603047,-8.102623649446036,,-8.88173912135239,False
2020-07-19,ETHUSDT,235.67,239.92,233.28,239.11,348803.52073,288,288,0.0001886471006825,0.0144911756945065,True,0.01373488626391,1.3734886263910002,-8.575632480436964,-8.88173912135239,-8.318209574281127,,-8.575632480436964,False
2020-07-20,ETHUSDT,239.12,239.72,234.05,236.01,396657.91938,288,288,0.0002236836355676,-0.0130495200852498,True,0.014956056818815,1.495605681881509,-8.405277845619226,-8.575632480436964,-8.426924893148556,,-8.405277845619226,False
2020-07-21,ETHUSDT,236.0,246.66,235.57,245.59,637462.08074,288,288,0.0003533608456491,0.0397893018224045,True,0.0187978947132168,1.879789471321682,-7.9480207975129735,-8.405277845619226,-8.38149040484322,-7.912364006285498,-7.9480207975129735,True
2020-07-22,ETHUSDT,245.53,269.61,241.51,263.74,718417.68296,288,288,0.0026419516185182,0.0713002905478875,True,0.0513999184680112,5.139991846801122,-5.936237385495477,-7.9480207975129735,-8.469610358704921,-7.934994636704435,-5.936237385495477,True
2020-07-23,ETHUSDT,263.75,279.98,259.7,275.3,1068774.57879,288,288,0.001226652779874,0.0428976427690098,True,0.0350236031823397,3.502360318233979,-6.7034661362883785,-5.936237385495477,-7.949381526083405,-7.850762338756994,-6.7034661362883785,True
2020-07-24,ETHUSDT,275.31,287.34,266.0,279.15,926033.06692,288,288,0.001251966334502,0.0138878596078076,True,0.0353831363010971,3.5383136301097156,-6.683039896041155,-6.7034661362883785,-7.513726929070605,-7.80396997220347,-6.683039896041155,True
2020-07-25,ETHUSDT,279.15,308.94,279.09,305.26,1058927.30554,288,288,0.0020250820894227,0.0894146007306069,True,0.0450009120954534,4.500091209545344,-6.202145041258758,-6.683039896041155,-7.135208412191441,-7.77894112212112,-6.202145041258758,True
2020-07-26,ETHUSDT,305.31,318.75,299.0,311.0,1270368.753,288,288,0.0026102552033814,0.0186290396922584,True,0.0510906567131549,5.1090656713154905,-5.948307283354263,-6.202145041258758,-6.694581851319349,-7.693374770347501,-5.948307283354263,True
2020-07-27,ETHUSDT,311.02,333.31,310.78,321.93,1636122.34727,288,288,0.004748224536384,0.0345412184279119,True,0.0689073619897327,6.890736198973273,-5.349984512623316,-5.948307283354263,-6.294639148487606,-7.583611016625406,-5.349984512623316,True
2020-07-28,ETHUSDT,321.95,326.8,305.86,316.77,1093231.55578,288,288,0.0023752590702195,-0.0161581721206138,True,0.0487366296559328,4.873662965593286,-6.042648765246879,-5.349984512623316,-6.177388573913174,-7.4689635615513765,-6.042648765246879,True
2020-07-29,ETHUSDT,316.77,325.0,312.38,317.71,792802.32148,288,288,0.0012839037605033,0.0029630585290145,True,0.0358316028179502,3.5831602817950223,-6.657850029402525,-6.042648765246879,-6.045225099704875,-7.40340058917937,-6.657850029402525,True
2020-07-30,ETHUSDT,317.76,342.0,314.05,334.87,1008827.56698,288,288,0.0013580481811926,0.0526033797933761,True,0.0368517052684494,3.685170526844945,-6.601706770951747,-6.657850029402525,-6.040187126377148,-7.368758878713661,-6.601706770951747,True
2020-07-31,ETHUSDT,334.82,349.45,328.4,346.33,948088.44982,288,288,0.0015893591132351,0.033649680936803,True,0.0398667670276283,3.9866767027628343,-6.444424417442974,-6.601706770951747,-6.120099472315746,-7.343080015789798,-6.444424417442974,True
2020-08-01,ETHUSDT,346.32,392.67,343.07,387.0,1440843.34203,288,288,0.0026965704906089,0.1110326152840586,True,0.0519285132716987,5.192851327169878,-5.915774502008595,-6.444424417442974,-6.219322899133488,-7.298728326564362,-5.915774502008595,True
2020-08-02,ETHUSDT,387.01,415.85,325.0,372.42,2324909.09616,288,288,0.0131121661719238,-0.0384024433761638,True,0.1145083672572612,11.450836725726123,-4.334214764350337,-5.915774502008595,-6.3324808970105435,-7.216003082894809,-4.334214764350337,True
2020-08-03,ETHUSDT,372.45,398.0,366.5,385.94,1191565.09389,288,288,0.0027774801771518,0.0356596673145925,True,0.0527018043064163,5.270180430641639,-5.886211173415003,-4.334214764350337,-5.990794096831236,-7.026240993012006,-5.886211173415003,True
2020-08-04,ETHUSDT,385.91,402.98,380.77,389.61,1180792.42379,288,288,0.0018760161007837,0.0094643218218985,True,0.0433130015212956,4.331300152129568,-6.278604845927631,-5.886211173415003,-5.836466325633731,-6.955899962274143,-6.278604845927631,True
2020-08-05,ETHUSDT,389.59,407.0,384.11,400.72,1124119.0672,288,288,0.0015399289799082,0.0281166902592519,True,0.0392419288505067,3.924192885050677,-6.4760189805627455,-6.278604845927631,-5.771845940628909,-6.886572478126447,-6.4760189805627455,True
2020-08-06,ETHUSDT,400.72,403.66,390.51,394.77,821379.08397,288,288,0.00072701691499,-0.0149596122192014,True,0.0269632511947293,2.696325119472938,-7.22656081386511,-6.4760189805627455,-5.778164853252862,-6.815843527874762,-7.22656081386511,True
2020-08-07,ETHUSDT,394.77,398.26,362.85,379.34,1041207.35946,288,288,0.0021561838926333,-0.0398704162739827,True,0.0464347272268648,4.643472722686485,-6.1394153361434896,-7.22656081386511,-6.040322115624166,-6.751939460907454,-6.1394153361434896,True
2020-08-08,ETHUSDT,379.34,397.05,375.79,397.03,623029.78053,288,288,0.0010953102830914,0.0455789440266219,True,0.0330954722445747,3.3095472244574777,-6.816717592299752,-6.1394153361434896,-6.401362229982796,-6.68975738399559,-6.816717592299752,True
2020-08-09,ETHUSDT,397.05,400.0,383.36,390.14,594900.58133,288,288,0.0013474428085248,-0.0175061955160112,True,0.0367075306786614,3.67075306786614,-6.609546698735047,-6.816717592299752,-6.5874635137597455,-6.611545385981804,-6.609546698735047,True
2020-08-10,ETHUSDT,390.14,399.18,385.13,395.44,826969.90633,288,288,0.0013680570703617,0.0134934199319173,True,0.0369872555126995,3.698725551269958,-6.594363742551296,-6.609546698735047,-6.653651884321228,-6.508263912226469,-6.594363742551296,True
2020-08-11,ETHUSDT,395.43,398.21,367.0,379.0,992412.6023,288,288,0.0019441822629868,-0.0424628639162776,True,0.0440928822258977,4.409288222589772,-6.24291382065832,-6.594363742551296,-6.677320836718939,-6.418206242322577,-6.24291382065832,True
2020-08-12,ETHUSDT,378.99,389.23,365.85,387.18,751848.7983,288,288,0.0012205668754637,0.0213534960933772,True,0.0349366122493826,3.4936612249382692,-6.708439876134867,-6.24291382065832,-6.48059143807758,-6.319916968460717,-6.708439876134867,True
2020-08-13,ETHUSDT,387.18,431.49,376.59,424.54,1511330.7732,288,288,0.0037884442624095,0.0921165286404947,True,0.0615503392550324,6.155033925503247,-5.575799829012146,-6.708439876134867,-6.594396346075857,-6.263572381125348,-5.575799829012146,True
2020-08-14,ETHUSDT,424.54,444.71,417.05,438.11,1109670.94324,288,288,0.0018484697445313,0.0314637905819009,True,0.0429938337966193,4.299383379661937,-6.293397147299952,-5.575799829012146,-6.346212793418336,-6.247188855830651,-6.293397147299952,True
2020-08-15,ETHUSDT,438.12,442.94,427.02,432.32,681698.5971,288,288,0.0011818406445922,-0.0133039656263622,True,0.0343779092527778,3.4377909252777865,-6.7406821875369705,-6.293397147299952,-6.282982883131316,-6.228549356331178,-6.7406821875369705,True
2020-08-16,ETHUSDT,432.3,436.99,412.47,433.62,716666.25258,288,288,0.0014528665517858,0.0030025197511111,True,0.0381164866138769,3.811648661387693,-6.534216741842534,-6.7406821875369705,-6.312246572128451,-6.231169460490079,-6.534216741842534,True
2020-08-17,ETHUSDT,433.61,446.0,420.37,430.89,868870.64996,288,288,0.001862591615805,-0.0063157374111043,True,0.0431577526732454,4.315775267324543,-6.2857864192263735,-6.534216741842534,-6.370507156365294,-6.246263628698432,-6.2857864192263735,True
2020-08-18,ETHUSDT,430.89,433.81,415.0,421.95,743254.57018,288,288,0.0015034577468344,-0.0209660135078663,True,0.0387744470861217,3.8774447086121695,-6.499987659133519,-6.2857864192263735,-6.285976464983595,-6.261603589419891,-6.499987659133519,True
2020-08-19,ETHUSDT,421.92,426.75,393.25,407.46,978339.69221,288,288,0.002786908718981,-0.034944055250221,True,0.052791180314339,5.279118031433906,-5.882822283447475,-6.499987659133519,-6.470814031007869,-6.313876459715809,-5.882822283447475,True
2020-08-20,ETHUSDT,407.46,418.98,402.07,415.94,663555.73445,288,288,0.00118456182623,0.0205982507360194,True,0.0344174639715081,3.441746397150817,-6.738382339670193,-5.882822283447475,-6.388699058237375,-6.30661161963402,-6.738382339670193,True
2020-08-21,ETHUSDT,415.94,418.68,385.1,387.97,860998.7256,288,288,0.0019959768908428,-0.0696130020434436,True,0.0446763571796403,4.467635717964033,-6.216621678893955,-6.738382339670193,-6.388239088664019,-6.31027217919164,-6.216621678893955,True
2020-08-22,ETHUSDT,387.93,397.04,379.92,395.24,643235.76543,288,288,0.0011217134226731,0.0185651582804309,True,0.0334919904256689,3.349199042566898,-6.7928979210183735,-6.216621678893955,-6.3247200760743025,-6.29276831137083,-6.7928979210183735,True
2020-08-23,ETHUSDT,395.23,396.95,383.15,390.71,445317.81989,288,288,0.0008126932487365,-0.0115275785075426,True,0.0285077752330237,2.8507775233023707,-7.115156827442155,-6.7928979210183735,-6.426142376432703,-6.308608016078804,-7.115156827442155,True
2020-08-24,ETHUSDT,390.72,410.42,387.44,407.68,717403.81877,288,288,0.0009758524892581,0.0425169561245239,True,0.0312386377625233,3.12386377625234,-6.932199121028914,-7.115156827442155,-6.54917621009443,-6.363125394507602,-6.932199121028914,True
2020-08-25,ETHUSDT,407.68,409.06,370.0,382.93,970445.38395,288,288,0.0022260902847036,-0.0626303480911551,True,0.0471814612395973,4.718146123959731,-6.107508467785247,-6.932199121028914,-6.759051577610718,-6.4812155925384465,-6.107508467785247,True
2020-08-26,ETHUSDT,382.91,392.91,377.37,385.81,738690.7794,288,288,0.0011540339831083,0.0074928154490086,True,0.0339710756837105,3.3971075683710543,-6.764491663229037,-6.107508467785247,-6.63287680323373,-6.491274560464367,-6.764491663229037,True
2020-08-27,ETHUSDT,385.81,397.1,371.48,383.27,877763.73658,288,288,0.0015219662504416,-0.0066053186536114,True,0.0390123858593867,3.9012385859386702,-6.4877521942683956,-6.764491663229037,-6.7424508001007455,-6.5133603248871585,-6.4877521942683956,True
2020-08-28,ETHUSDT,383.31,398.0,379.75,395.11,732601.46905,288,288,0.0008245428425173,0.0304245054971547,True,0.0287148540396313,2.871485403963139,-7.100681455498579,-6.4877521942683956,-6.68142165475075,-6.513893652782869,-7.100681455498579,True
2020-08-29,ETHUSDT,395.1,405.69,391.88,398.65,659802.63344,288,288,0.0006212515772518,0.0089196318033644,True,0.0249249188013091,2.492491880130915,-7.383774441720763,-7.100681455498579,-6.678526580362035,-6.508171863766208,-7.383774441720763,True
2020-08-30,ETHUSDT,398.65,429.89,398.3,428.94,894979.71788,288,288,0.0007746495901386,0.0732332100583102,True,0.0278325275556968,2.783252755569686,-7.163099772614477,-7.383774441720763,-6.768841644500403,-6.564733641292448,-7.163099772614477,True
2020-08-31,ETHUSDT,428.94,439.0,418.04,433.79,1040748.68881,288,288,0.001012077230759,0.0112434970225133,True,0.0318131612820706,3.1813161282070657,-6.895750396049454,-7.163099772614477,-6.9799599054662504,-6.580478285852209,-6.895750396049454,True
2020-09-01,ETHUSDT,433.8,488.84,429.03,475.4,1751354.57719,288,288,0.0026905006437335,0.0915960088967643,True,0.0518700360876449,5.187003608764491,-5.918027989773167,-6.895750396049454,-7.006211652030333,-6.593487544821046,-5.918027989773167,True
2020-09-02,ETHUSDT,475.4,481.39,420.0,439.5,1880642.46853,288,288,0.005558259596942,-0.0785188378008622,True,0.0745537363043732,7.4553736304373235,-5.192470241854034,-5.918027989773167,-6.892266811131289,-6.562745010603857,-5.192470241854034,True
2020-09-03,ETHUSDT,439.5,450.7,372.0,381.4,2408569.34151,288,288,0.0063364468244138,-0.1417890239589126,True,0.0796018016405023,7.960180164050233,-5.061437105426583,-5.192470241854034,-6.510624568402379,-6.514997575203663,-5.061437105426583,True
2020-09-04,ETHUSDT,381.35,400.21,357.0,385.26,1806488.22474,288,288,0.0065325811509009,0.0100697378676935,True,0.0808243846305117,8.082438463051176,-5.030953138005886,-5.061437105426583,-6.046157101143543,-6.4401338128987415,-5.030953138005886,True
2020-09-05,ETHUSDT,385.3,395.0,308.42,335.01,2777166.51389,288,288,0.0158132896727643,-0.1397580489082019,True,0.1257509032681846,12.575090326818463,-4.146904573961787,-5.030953138005886,-5.619727774221825,-6.415368054216639,-4.146904573961787,True
2020-09-06,ETHUSDT,335.04,360.0,316.1,352.8,2017811.14721,288,288,0.007993083227673,0.0517409420068268,True,0.0894040448059988,8.94040448059988,-4.829178707822342,-4.146904573961787,-5.069958609804291,-6.317800209973995,-4.829178707822342,True
2020-09-07,ETHUSDT,352.85,358.51,323.0,353.59,1740618.42462,288,288,0.0047234273794765,0.0022367256879641,True,0.0687271953412659,6.872719534126595,-5.355220603176965,-4.829178707822342,-4.852188753414127,-6.230913688168783,-5.355220603176965,True
2020-09-08,ETHUSDT,353.59,356.58,325.38,337.39,1400246.82962,288,288,0.0046575481593565,-0.0468985185593406,True,0.0682462318326552,6.824623183265527,-5.369266115368828,-5.355220603176965,-4.8847388256787125,-6.177322954593077,-5.369266115368828,True
2020-09-09,ETHUSDT,337.41,359.0,330.51,350.85,879760.56255,288,288,0.0021434468701465,0.0391192504370362,True,0.04629737433318,4.629737433318002,-6.145340058729118,-5.369266115368828,-4.946304627667162,-6.13566294078137,-6.145340058729118,True
2020-09-10,ETHUSDT,350.85,377.25,349.91,367.93,1134287.61137,288,288,0.002912632206554,0.0475339209857068,True,0.0539688077184777,5.396880771847775,-5.8386980683123,-6.145340058729118,-5.169182011811808,-6.119542595308443,-5.8386980683123,True
2020-09-11,ETHUSDT,367.93,375.27,355.49,373.63,844017.59966,288,288,0.001687950552504,0.0153733002326951,True,0.0410846753973309,4.108467539733091,-6.384240176777721,-5.8386980683123,-5.50754071068191,-6.117536949165935,-6.384240176777721,True
2020-09-12,ETHUSDT,373.62,388.57,364.73,387.78,766542.31635,288,288,0.0011440896018928,0.03717216558616,True,0.0338243935923888,3.3824393592388895,-6.773146065758776,-6.384240176777721,-5.818553004472986,-6.101439578125366,-6.773146065758776,True
2020-09-13,ETHUSDT,387.78,390.43,350.0,366.42,989195.69047,288,288,0.0017129236748498,-0.0566579520397613,True,0.0413874821032862,4.13874821032862,-6.369553617054421,-6.773146065758776,-6.102138096989348,-6.126736141164678,-6.369553617054421,True
2020-09-14,ETHUSDT,366.43,384.64,355.73,377.12,1042059.62265,288,288,0.0022482369248403,0.0287832227247218,True,0.0474155768164888,4.74155768164888,-6.097608958891976,-6.369553617054421,-6.302195597326467,-6.107493218257225,-6.097608958891976,True
2020-09-15,ETHUSDT,377.12,382.47,362.34,364.06,883856.33005,288,288,0.0015032787265571,-0.0352447499700683,True,0.0387721385347405,3.8772138534740574,-6.500106738593323,-6.097608958891976,-6.292649377359038,-6.061241042414036,-6.500106738593323,True
2020-09-16,ETHUSDT,364.05,373.45,355.0,365.11,841709.98939,288,288,0.0012449278417778,0.0028799888249764,True,0.0352835349954882,3.5283534995488206,-6.688677709156526,-6.500106738593323,-6.424931111415243,-6.041600479576053,-6.688677709156526,True
2020-09-17,ETHUSDT,365.04,394.14,363.3,389.36,1256300.411,288,288,0.0018132942759156,0.0643056874824697,True,0.0425827931906262,4.258279319062628,-6.312610046031495,-6.688677709156526,-6.485818617891004,-6.068017263274748,-6.312610046031495,True
2020-09-18,ETHUSDT,389.35,392.58,375.33,384.39,804194.47219,288,288,0.000960959509941,-0.0128467033356034,True,0.0309993469276541,3.0999346927654132,-6.947578283137595,-6.312610046031495,-6.393711413945548,-6.047477189765769,-6.947578283137595,True
2020-09-19,ETHUSDT,384.4,388.72,377.0,385.25,570908.33553,288,288,0.0005870269447856,0.0022348120106316,True,0.024228638937952,2.4228638937952085,-7.440439836658832,-6.947578283137595,-6.5093163471621835,-6.0683783756234595,-7.440439836658832,True
2020-09-20,ETHUSDT,385.25,385.45,365.0,371.04,693164.40144,288,288,0.0009161246523816,-0.0375826006930034,True,0.0302675511460971,3.0267551146097165,-6.9953581191626215,-7.440439836658832,-6.777882522715555,-6.083821938403471,-6.9953581191626215,True
2020-09-21,ETHUSDT,371.04,376.8,331.0,340.36,1283946.03098,288,288,0.0022848372732909,-0.0863059925258655,True,0.04779997147793,4.779997147793004,-6.0814604723618695,-6.9953581191626215,-6.876932798829413,-6.0661666510144645,-6.0814604723618695,True
2020-09-22,ETHUSDT,340.31,346.91,335.34,344.21,842731.12878,288,288,0.001512188500353,0.0112480552502898,True,0.0388868679679026,3.888686796790261,-6.494197339449763,-6.0814604723618695,-6.755489351470483,-6.017001228275711,-6.494197339449763,True
2020-09-23,ETHUSDT,344.18,344.65,313.29,320.72,940904.49756,288,288,0.0018264441444884,-0.0706834678973954,True,0.0427369178169,4.273691781690001,-6.305384292821555,-6.494197339449763,-6.791806810154137,-5.998748816612087,-6.305384292821555,True
2020-09-24,ETHUSDT,320.72,353.1,316.67,348.97,1071705.09721,288,288,0.001759219910694,0.0844174902880274,True,0.0419430555717398,4.194305557173986,-6.34288480074889,-6.305384292821555,-6.6633680120909276,-6.016355921296105,-6.34288480074889,True
2020-09-25,ETHUSDT,348.97,358.0,337.58,351.92,860643.7792400001,288,288,0.0013207524819348,0.0084179184181856,True,0.0363421584655454,3.634215846554543,-6.629553642735697,-6.34288480074889,-6.443857004908939,-6.0686474921549625,-6.629553642735697,True
2020-09-26,ETHUSDT,351.93,356.4,345.88,353.92,530879.20755,288,288,0.0007923815034116,0.0056670218534521,True,0.0281492718096159,2.814927180961591,-7.140467585901465,-6.629553642735697,-6.370696109623555,-6.139925516578104,-7.140467585901465,True
2020-09-27,ETHUSDT,353.95,362.14,347.24,357.49,569568.55041,288,288,0.00081404004888,0.0100364908209488,True,0.0285313870830013,2.8531387083001345,-7.113500993073739,-7.140467585901465,-6.582497532331473,-6.235812536936994,-7.113500993073739,True
2020-09-28,ETHUSDT,357.58,368.2,351.7,353.96,757758.4304,288,288,0.0009272751971905,-0.0099234773157191,True,0.0304511936907334,3.04511936907335,-6.983260167857016,-7.113500993073739,-6.706358263056269,-6.370657828714809,-6.983260167857016,True
2020-09-29,ETHUSDT,353.91,360.63,350.45,359.79,585143.16892,288,288,0.0005991311542914,0.0163366155125894,True,0.0244771557639244,2.4477155763924454,-7.42003002840471,-6.983260167857016,-6.841933438063362,-6.4685706223527495,-7.42003002840471,True
2020-09-30,ETHUSDT,359.78,361.5,351.56,359.83,498943.23226,288,288,0.0004305249026233,0.0001111697841687,True,0.0207490940193385,2.074909401933856,-7.750505389954627,-7.42003002840471,-7.057362483594526,-6.5624255962267375,-7.750505389954627,True
2020-10-01,ETHUSDT,359.83,370.45,345.51,352.85,758349.31959,288,288,0.0012576530499919,-0.0195886602490655,True,0.0354634043767927,3.54634043767927,-6.678507953661299,-7.750505389954627,-7.281552833038312,-6.670663745071547,-6.678507953661299,True
2020-10-02,ETHUSDT,352.83,354.55,334.24,345.6,733571.84211,288,288,0.0011781441253973,-0.0207610005169388,True,0.0343241041455912,3.4324104145591257,-6.743814853700683,-6.678507953661299,-7.189160906590279,-6.694898649386645,-6.743814853700683,True
2020-10-03,ETHUSDT,345.6,351.0,343.7,345.95,303595.71901,288,288,0.0003703752071403,0.0010122190149197,True,0.0192451346355481,1.924513463554817,-7.900993992798882,-6.743814853700683,-7.115223678715667,-6.736040321449753,-7.900993992798882,True
2020-10-04,ETHUSDT,345.94,354.45,343.81,352.37,343932.91712,288,288,0.0003242866091726,0.0183875039599097,True,0.0180079596060373,1.8007959606037311,-8.033882836984862,-7.900993992798882,-7.298770443704041,-6.804983676723444,-8.033882836984862,True
2020-10-05,ETHUSDT,352.34,356.1,348.54,353.62,376740.30692,288,288,0.0002854738446799,0.003541130345213,True,0.0168959712558937,1.6895971255893778,-8.161360145394472,-8.033882836984862,-7.42154100542007,-6.862289893597356,-8.161360145394472,True
2020-10-06,ETHUSDT,353.63,355.1,336.8,340.75,640063.26951,288,288,0.0009593942814953,-0.0370738196733022,True,0.0309740904869758,3.097409048697584,-6.949208429415116,-8.161360145394472,-7.50371195650804,-6.943735644885541,-6.949208429415116,True
2020-10-07,ETHUSDT,340.8,342.85,332.18,341.58,541928.86376,288,288,0.0006128491992052,0.0024328416144036,True,0.0247557912255956,2.475579122559567,-7.397391656851365,-6.949208429415116,-7.557852051658803,-6.982444711727502,-7.397391656851365,True
2020-10-08,ETHUSDT,341.58,353.32,334.21,350.95,631794.8756,288,288,0.0005253795750146,0.0270618509853835,True,0.0229211599840546,2.2921159984054653,-7.551389556583452,-7.397391656851365,-7.68856741228894,-7.0232303898301405,-7.551389556583452,True
2020-10-09,ETHUSDT,350.94,368.33,347.32,365.02,650478.19338,288,288,0.0006085392416371,0.0393083834254428,True,0.0246685881565427,2.4668588156542746,-7.40444915848357,-7.551389556583452,-7.618646525045854,-7.062444564713183,-7.40444915848357,True
2020-10-10,ETHUSDT,365.01,378.4,364.71,370.52,591005.32129,288,288,0.0007514566837186,0.0149552777839522,True,0.0274127102585393,2.741271025853936,-7.193496990194822,-7.40444915848357,-7.4927597893455955,-7.112073615279186,-7.193496990194822,True
2020-10-11,ETHUSDT,370.51,377.6,368.87,374.16,373318.23779,288,288,0.000458619182208,0.009776089031803,True,0.021415395915276,2.141539591527601,-7.687290360661192,-7.193496990194822,-7.299187158305665,-7.123251738327241,-7.687290360661192,True
2020-10-12,ETHUSDT,374.17,394.8,365.58,386.51,844422.65444,288,288,0.0012230811211154,0.032474227496357,True,0.0349725767011168,3.4972576701116824,-6.706382094864876,-7.687290360661192,-7.4468035445548795,-7.134472216690984,-6.706382094864876,True
2020-10-13,ETHUSDT,386.51,387.75,374.51,381.04,645141.91394,288,288,0.0008306681995725,-0.0142533844213817,True,0.0288213150215687,2.882131502156873,-7.093280121334487,-6.706382094864876,-7.308601632157583,-7.121336942859269,-7.093280121334487,True
2020-10-14,ETHUSDT,381.05,387.41,373.13,378.69,569557.82936,288,288,0.0006516358840369,-0.0061864280597261,True,0.025527159733056,2.552715973305601,-7.33602461210063,-7.093280121334487,-7.21697974510779,-7.167328745085297,-7.33602461210063,True
2020-10-15,ETHUSDT,378.69,381.79,369.85,377.64,634038.09453,288,288,0.0006267225272956,-0.0027765675685648,True,0.0250344268417642,2.5034426841764277,-7.375006655479571,-7.33602461210063,-7.203294835831201,-7.2055936211148826,-7.375006655479571,True
2020-10-16,ETHUSDT,377.63,379.83,361.18,365.5,654029.36404,288,288,0.0010945888215543,-0.0326750816744827,True,0.0330845707476205,3.308457074762055,-6.817376491663354,-7.375006655479571,-7.239596768888151,-7.254212819417519,-6.817376491663354,True
2020-10-17,ETHUSDT,365.5,370.46,363.36,368.32,285578.24537,288,288,0.0002911452264955,0.0076858463436845,True,0.017062978242252,1.7062978242252058,-8.141688355159875,-6.817376491663354,-7.065613995088583,-7.275780623549995,-8.141688355159875,True
2020-10-18,ETHUSDT,368.31,378.64,367.1,378.11,323468.47095,288,288,0.0002266241617175,0.0262330330432488,True,0.0150540413749123,1.50540413749124,-8.392217587881207,-8.141688355159875,-7.352675247147585,-7.344514019569275,-8.392217587881207,True
2020-10-19,ETHUSDT,378.12,384.32,372.5,379.3,577252.9026500001,288,288,0.0003292388220995,0.003142290118088,True,0.0181449392972134,1.8144939297213447,-8.018727167501087,-8.392217587881207,-7.6124627404569285,-7.40141174693199,-8.018727167501087,True
2020-10-20,ETHUSDT,379.3,380.73,365.27,368.52,617309.81677,288,288,0.0006579818438498,-0.0288324644541231,True,0.0256511567741079,2.565115677410792,-7.326333219953083,-8.018727167501087,-7.749003251537019,-7.442558391224143,-7.326333219953083,True
2020-10-21,ETHUSDT,368.53,401.49,367.74,390.38,1221663.63784,288,288,0.0012555430654451,0.0576256394777322,True,0.0354336431297305,3.5433643129730577,-6.680187078525126,-7.326333219953083,-7.739268564431721,-7.458152620864873,-6.680187078525126,True
2020-10-22,ETHUSDT,390.31,420.73,390.21,413.98,1095897.20667,288,288,0.0014687411931824,0.0586970397611814,True,0.0383241593930314,3.8324159393031465,-6.523349576220914,-6.680187078525126,-7.711830681804076,-7.424523395870347,-6.523349576220914,True
2020-10-23,ETHUSDT,413.94,419.33,401.3,409.11,727832.3224,288,288,0.0007949748978247,-0.0118335949417905,True,0.0281952992150237,2.819529921502379,-7.137200018871716,-6.523349576220914,-7.3881629260162835,-7.368743586155179,-7.137200018871716,True
2020-10-24,ETHUSDT,409.19,416.66,407.0,412.14,419236.87106,288,288,0.0004436090916571,0.0073790289159924,True,0.0210620296186553,2.1062029618655336,-7.7205668075287885,-7.137200018871716,-7.137159412214386,-7.389593225482925,-7.7205668075287885,True
2020-10-25,ETHUSDT,412.14,417.4,402.5,405.86,415586.9761,288,288,0.0005003231341545,-0.0153548249050233,True,0.0223679041073268,2.2367904107326857,-7.600256399974516,-7.7205668075287885,-7.077527340219925,-7.433991041566021,-7.600256399974516,True
2020-10-26,ETHUSDT,405.85,411.11,382.3,392.52,895142.67266,288,288,0.001158184975379,-0.0334207812105287,True,0.0340321168218945,3.4032116821894514,-6.760901175645778,-7.600256399974516,-7.132311976224211,-7.420321150983094,-6.760901175645778,True
2020-10-27,ETHUSDT,392.52,410.25,389.9,403.45,754244.37552,288,288,0.0007201633523233,0.0274650729562217,True,0.0268358594481968,2.683585944819682,-7.23603249346034,-6.760901175645778,-7.148454795648343,-7.362458348194955,-7.23603249346034,True
2020-10-28,ETHUSDT,403.41,409.2,380.52,388.23,855275.46882,288,288,0.0014281708461989,-0.0384546167928277,True,0.0377911477227004,3.7791147722700495,-6.551360782025753,-7.23603249346034,-7.290991379096228,-7.320398000379767,-6.551360782025753,True
2020-10-29,ETHUSDT,388.22,393.72,380.52,387.13,573096.01416,288,288,0.0007938516530651,-0.002837393566834,True,0.0281753731663874,2.8175373166387403,-7.138613949103563,-6.551360782025753,-7.173823531727035,-7.302314016407522,-7.138613949103563,True
2020-10-30,ETHUSDT,387.12,391.97,373.29,382.49,771750.74746,288,288,0.0011417870429791,-0.0120580448008696,True,0.0337903394919194,3.379033949191944,-6.775160662388589,-7.138613949103563,-7.05743296004199,-7.290551393328077,-6.775160662388589,True
2020-10-31,ETHUSDT,382.59,394.88,379.9,386.46,467453.8105,288,288,0.0007659031038103,0.0103258606528685,True,0.0276749544500147,2.767495445001478,-7.174454892556219,-6.775160662388589,-6.892413812524805,-7.255268261773765,-7.174454892556219,True
2020-11-01,ETHUSDT,386.44,398.29,384.61,396.67,438952.95565,288,288,0.0005417747391744,0.0260763309766477,True,0.0232760550603925,2.327605506039259,-7.520660253293895,-7.174454892556219,-6.975124555906893,-7.244813976958886,-7.520660253293895,True
2020-11-02,ETHUSDT,396.68,404.5,377.92,383.02,779968.57957,288,288,0.001110856419406,-0.0350174936250878,True,0.0333295127388027,3.3329512738802767,-6.8026240121344115,-7.520660253293895,-7.032050107873604,-7.259685034372481,-6.8026240121344115,True
2020-11-03,ETHUSDT,383.01,390.0,370.23,387.88,752954.37114,288,288,0.0008241089225089,0.0126088062979323,True,0.0287072973738207,2.8707297373820797,-7.101207849280001,-6.8026240121344115,-7.082302753895336,-7.219472927621263,-7.101207849280001,True
2020-11-04,ETHUSDT,387.88,408.39,376.47,402.49,1157064.35076,288,288,0.0015608853560818,0.0369742383931404,True,0.039508041663462,3.950804166346204,-6.462502082758439,-7.101207849280001,-7.074821533930622,-7.23741955282195,-6.462502082758439,True
2020-11-05,ETHUSDT,402.5,420.4,396.14,416.69,1475139.77342,288,288,0.0021790974652053,0.03467228823081,True,0.0466808040334075,4.668080403340754,-6.12884449469217,-6.462502082758439,-7.012289818004594,-7.2087478237957665,-6.12884449469217,True
2020-11-06,ETHUSDT,416.73,458.27,414.76,455.91,1682440.96026,288,288,0.0026387247506744,0.0899528815533282,True,0.0513685190625002,5.136851906250025,-5.937459527516628,-6.12884449469217,-6.8031677384317835,-7.1538760002772,-5.937459527516628,True
2020-11-07,ETHUSDT,455.91,468.28,424.14,435.21,1653416.5961,288,288,0.0030557589296995,-0.0464667483947017,True,0.0552789193969957,5.527891939699573,-5.790727295050025,-5.937459527516628,-6.48652759327633,-7.088532949006157,-5.790727295050025,True
2020-11-08,ETHUSDT,435.2,460.1,431.99,454.3,840908.46841,288,288,0.0013151981081443,0.042929099546437,True,0.0362656601779749,3.626566017797492,-6.633767972118153,-5.790727295050025,-6.284148249859453,-7.0418670764328235,-6.633767972118153,True
2020-11-09,ETHUSDT,454.29,459.1,433.09,444.32,1099213.24641,288,288,0.0016204455176643,-0.0222127492068681,True,0.0402547577022185,4.025475770221851,-6.425054156642522,-6.633767972118153,-6.190660274427083,-6.973325240840018,-6.425054156642522,True
2020-11-10,ETHUSDT,444.32,455.0,438.7,450.34,866872.41108,288,288,0.0010785345186928,0.013457829473024,True,0.03284104929342,3.2841049293420057,-6.832152086441595,-6.425054156642522,-6.1831706892039,-6.88390872123826,-6.832152086441595,True
2020-11-11,ETHUSDT,450.34,476.25,449.28,463.09,1205782.84262,288,288,0.0013987204452153,0.0279185666137543,True,0.03739947118898,3.739947118898005,-6.572197427987428,-6.832152086441595,-6.323832207553785,-6.829973490281011,-6.572197427987428,True
2020-11-12,ETHUSDT,463.09,470.0,451.2,462.39,990776.62912,288,288,0.0012209078041943,-0.0015127288185321,True,0.0349414911558498,3.4941491155849804,-6.708160595144852,-6.572197427987428,-6.450779787647944,-6.795694590646208,-6.708160595144852,True
2020-11-13,ETHUSDT,462.48,478.01,457.12,476.43,976665.09752,288,288,0.0008060418232288,0.0299121169639259,True,0.0283908757038039,2.8390875703803986,-7.123374926941843,-6.708160595144852,-6.63426644766691,-6.796966114128922,-7.123374926941843,True
2020-11-14,ETHUSDT,476.42,477.47,452.0,460.89,735252.7854,288,288,0.0006768154207964,-0.0331614049799866,True,0.0260156764431849,2.6015676443184965,-7.298111965067174,-7.123374926941843,-6.732187838631648,-6.824239993707146,-7.298111965067174,True
2020-11-15,ETHUSDT,460.9,462.89,440.19,448.08,665217.56671,288,288,0.0008073071104705,-0.0281876149091015,True,0.0284131503088019,2.8413150308801924,-7.121806403884391,-7.298111965067174,-6.906799400316578,-6.831554173079668,-7.121806403884391,True
2020-11-16,ETHUSDT,448.07,466.0,445.45,460.55,812060.44638,288,288,0.0007924241929151,0.0274496395326689,True,0.0281500300695254,2.8150030069525496,-7.140413712415763,-7.121806403884391,-6.964730263805137,-6.804337791095832,-7.140413712415763,True
2020-11-17,ETHUSDT,460.51,484.88,459.8,482.15,1151573.37456,288,288,0.000996888927842,0.0458338415221483,True,0.0315735479134368,3.157354791343687,-6.910871200585718,-7.140413712415763,-7.078373520690805,-6.783435850752252,-6.910871200585718,True
2020-11-18,ETHUSDT,482.11,495.31,456.6,478.41,1477696.29116,288,288,0.0027801804258219,-0.0077871635284027,True,0.0527274162634766,5.272741626347664,-5.8852394520108104,-6.910871200585718,-7.118915641778978,-6.790252670067702,-5.8852394520108104,True
2020-11-19,ETHUSDT,478.43,480.75,464.86,471.25,817418.52685,288,288,0.0006934314089749,-0.0150793666657705,True,0.026333085823256,2.6333085823256024,-7.273858228688612,-5.8852394520108104,-6.871288546792772,-6.728852986365452,-7.273858228688612,True
2020-11-20,ETHUSDT,471.26,514.4,470.65,510.12,1516361.90736,288,288,0.0016950866091983,0.0792572533964795,True,0.0411714295258055,4.117142952580554,-6.38002144258297,-7.273858228688612,-6.86643779951706,-6.761693779395582,-6.38002144258297,True
2020-11-21,ETHUSDT,510.12,553.32,502.82,552.35,1548851.29067,288,288,0.0020777720930406,0.0795359111595856,True,0.0455825854141762,4.5582585414176275,-6.176459068431323,-6.38002144258297,-6.718080807256774,-6.727212301826464,-6.176459068431323,True
2020-11-22,ETHUSDT,552.42,580.88,511.28,560.03,1850317.93581,288,288,0.0036287809876255,0.0138084504045848,True,0.0602393641037617,6.023936410376172,-5.618858503185354,-6.176459068431323,-6.525289878459887,-6.699998593010224,-5.618858503185354,True
2020-11-23,ETHUSDT,560.03,610.85,550.12,608.58,2076008.84846,288,288,0.0047671667739268,0.0831380208930903,True,0.069044672306608,6.904467230660803,-5.346003118280831,-5.618858503185354,-6.2668873389798145,-6.6292896662206395,-5.346003118280831,True
2020-11-24,ETHUSDT,608.58,623.0,585.0,604.97,1606450.49193,288,288,0.0039754654890444,-0.0059495045914392,True,0.0630512925247726,6.305129252477265,-5.527613433569885,-5.346003118280831,-6.159040072233818,-6.530441614629137,-5.527613433569885,True
2020-11-25,ETHUSDT,604.98,606.0,553.83,569.5,1219440.02727,288,288,0.0025098097150068,-0.060420087137279,True,0.0500980011078969,5.009800110789697,-5.987548339466488,-5.527613433569885,-5.809791113210073,-6.472486588330749,-5.987548339466488,True
2020-11-26,ETHUSDT,569.38,577.14,481.0,519.83,2683460.74171,288,288,0.0109270385407653,-0.0912569478396859,True,0.1045324760099238,10.453247600992386,-4.516514961286608,-5.987548339466488,-5.731296492586776,-6.421865701521043,-4.516514961286608,True
2020-11-27,ETHUSDT,519.83,530.62,493.72,518.68,1088064.28114,288,288,0.0029097716388668,-0.0022147123668706,True,0.0539422991618528,5.394229916185286,-5.839680675494249,-4.516514961286608,-5.399307671157834,-6.333411741454142,-5.839680675494249,True
2020-11-28,ETHUSDT,518.59,547.94,506.59,537.52,900508.61431,288,288,0.00146925265742,0.0356788459312095,True,0.0383308316818207,3.833083168182076,-6.523001403781641,-5.839680675494249,-5.4434721056196125,-6.320267931490601,-6.523001403781641,True
2020-11-29,ETHUSDT,537.5,576.9,530.32,576.3,855276.46664,288,288,0.0014950915822511,0.0696623898307255,True,0.0386664141374802,3.86664141374802,-6.505567814984909,-6.523001403781641,-5.6788717627197745,-6.346883471320829,-6.505567814984909,True
2020-11-30,ETHUSDT,576.32,616.85,570.07,616.66,1501989.45408,276,275,,,False,,,,-6.505567814984909,-5.874462639002779,-6.37937622222696,,False
2020-12-01,ETHUSDT,616.65,635.7,560.0,585.26,2163875.81376,288,288,0.0070573112583573,-0.0522616255948904,True,0.084007804746686,8.4007804746686,-4.953691141608013,,,,-4.953691141608013,False
2020-12-02,ETHUSDT,585.26,604.93,575.0,596.89,1069538.65619,288,288,0.0023626650638855,0.0196766488691486,True,0.0486072532024341,4.860725320243414,-6.04796503272573,-4.953691141608013,,,-6.04796503272573,False
2020-12-03,ETHUSDT,596.88,623.44,585.82,615.85,935687.91723,288,288,0.0015923487238388,0.0312705855782218,True,0.0399042444338805,3.990424443388056,-6.442545167909939,-6.04796503272573,,,-6.442545167909939,False
2020-12-04,ETHUSDT,615.84,620.0,565.82,567.24,1052452.78666,288,288,0.0019286770782967,-0.0822209327943474,True,0.0439167061412487,4.391670614124875,-6.2509209627544795,-6.442545167909939,,,-6.2509209627544795,False
2020-12-05,ETHUSDT,567.24,597.11,560.88,596.8,701567.95564,288,288,0.0010089260165686,0.0507995542964058,True,0.0317635957751734,3.1763595775173425,-6.898868863818688,-6.2509209627544795,,,-6.898868863818688,False
2020-12-06,ETHUSDT,596.82,607.5,583.0,601.54,602496.96339,288,288,0.0009646842466509,0.0079109847297561,True,0.0310593664882422,3.105936648824227,-6.943709715711811,-6.898868863818688,-6.1187982337633695,,-6.943709715711811,False
2020-12-07,ETHUSDT,601.59,603.15,584.22,591.28,498329.37589,288,288,0.0006405567950646,-0.0172033551426776,True,0.0253092235176167,2.530922351761677,-7.353172767546058,-6.943709715711811,-6.5168019485841295,,-7.353172767546058,False
2020-12-08,ETHUSDT,591.27,595.0,549.22,554.94,804443.00717,288,288,0.0013894012453081,-0.0634296786824082,True,0.0372746729738588,3.7274672973858856,-6.578882383413899,-7.353172767546058,-6.777843495548195,,-6.578882383413899,False
2020-12-09,ETHUSDT,554.92,578.08,530.43,573.09,997192.16738,288,288,0.0021734734185425,0.0321827726494476,True,0.0466205257214303,4.662052572143035,-6.131428737404323,-6.578882383413899,-6.805110938648987,,-6.131428737404323,False
2020-12-10,ETHUSDT,573.2,575.7,548.11,558.99,608414.51466,288,288,0.0013749849422975,-0.0249111885362384,True,0.0370807893969043,3.708078939690432,-6.589312498979929,-6.131428737404323,-6.7812124935789555,,-6.589312498979929,False
2020-12-11,ETHUSDT,558.99,560.8,535.5,544.43,768921.78317,288,288,0.0016302558943536,-0.0263922081091204,True,0.0403764274590218,4.037642745902188,-6.419018286084188,-6.589312498979929,-6.719301220611205,,-6.419018286084188,False
2020-12-12,ETHUSDT,544.46,574.0,543.1,568.04,573913.95311,288,288,0.0007167079254409,0.0424524629785015,True,0.026771401260317,2.6771401260317016,-7.240842156785135,-6.419018286084188,-6.614362934685678,,-7.240842156785135,False
2020-12-13,ETHUSDT,568.09,595.0,563.22,590.7,657794.46158,288,288,0.0009972662725879,0.0391164355363789,True,0.03157952299494,3.157952299494002,-6.9104927498509685,-7.240842156785135,-6.591896812533494,,-6.9104927498509685,False
2020-12-14,ETHUSDT,590.81,591.48,575.6,586.29,493012.02706,288,288,0.0007451467581759,-0.0074937266030947,True,0.0272973763973006,2.729737639730065,-7.201929368144728,-6.9104927498509685,-6.65821888582091,,-7.201929368144728,False
2020-12-15,ETHUSDT,586.29,597.2,578.58,588.64,569270.52011,288,288,0.0006030176408702,0.0040002436463684,True,0.0245564175088765,2.4556417508876516,-7.4135641064905515,-7.201929368144728,-6.87231901196899,,-7.4135641064905515,False
2020-12-16,ETHUSDT,588.78,640.0,580.71,637.18,1185588.05078,288,288,0.0015521366938913,0.0792373988673151,True,0.0393971660642149,3.939716606421491,-6.46812278513868,-7.4135641064905515,-7.037169333471114,,-6.46812278513868,False
2020-12-17,ETHUSDT,637.18,676.25,625.76,642.7,2006130.01975,288,288,0.0051252208236967,0.0086258621534624,True,0.0715906475993672,7.159064759936723,-5.273581667335331,-6.46812278513868,-7.0469902332820125,,-5.273581667335331,False
2020-12-18,ETHUSDT,642.71,664.61,629.4,653.85,1000012.98018,288,288,0.0019939252832952,0.0171999149752711,True,0.0446533905016773,4.465339050167737,-6.217650078909231,-5.273581667335331,-6.6535381353920515,,-6.217650078909231,False
2020-12-19,ETHUSDT,653.76,669.95,645.42,658.03,858803.88459,288,288,0.0010561819934658,0.006372555638657,True,0.0324989537287866,3.2498953728786626,-6.853094766250136,-6.217650078909231,-6.514969601203705,,-6.853094766250136,False
2020-12-20,ETHUSDT,658.05,661.39,621.01,638.18,823958.22843,288,288,0.0014440096834585,-0.0306301477765891,True,0.0380001274137144,3.800012741371443,-6.540331532537796,-6.853094766250136,-6.445202680824787,,-6.540331532537796,False
2020-12-21,ETHUSDT,638.1,648.0,595.9,607.58,834470.38231,242,241,,,False,,,,-6.540331532537796,-6.270556166034234,,,False
2020-12-22,ETHUSDT,607.68,637.73,588.0,636.45,918851.25654,288,288,0.0017358201720078,0.0464220065289458,True,0.0416631752511473,4.166317525114737,-6.35627525566265,,,,-6.35627525566265,False
2020-12-23,ETHUSDT,636.41,638.44,551.28,585.56,1208807.36518,288,288,0.0051241322798317,-0.0833372060132339,True,0.0715830446392982,7.158304463929819,-5.273794079544785,-6.35627525566265,,,-5.273794079544785,False
2020-12-24,ETHUSDT,585.48,615.02,565.43,612.31,886335.86333,288,288,0.0028240291649683,0.0446700359108008,True,0.053141595431153,5.314159543115301,-5.86959063186612,-5.273794079544785,,,-5.86959063186612,False
2020-12-25,ETHUSDT,612.31,634.24,604.28,626.82,798009.62915,276,275,,,False,,,,-5.86959063186612,,,,False
2020-12-26,ETHUSDT,626.78,652.91,615.26,637.44,958585.50647,288,288,0.0017565856547683,0.0168007368787069,True,0.0419116410412235,4.1911641041223575,-6.344383322990579,,,,-6.344383322990579,False
2020-12-27,ETHUSDT,637.44,717.13,625.0,685.11,1859968.15029,288,288,0.0056762572747876,0.0721192543554315,True,0.0753409402303133,7.53409402303133,-5.171463193934331,-6.344383322990579,,,-5.171463193934331,False
2020-12-28,ETHUSDT,685.1,748.09,681.04,730.41,1627154.39266,288,288,0.0045929620782652,0.064026611003575,True,0.0677713957231607,6.7771395723160754,-5.383230130092073,-5.171463193934331,,,-5.383230130092073,False
2020-12-29,ETHUSDT,730.4,740.78,689.2,732.0,1106876.35855,288,288,0.0033044026687133,0.0021744936461258,True,0.057483934005193,5.748393400519309,-5.712499557652082,-5.383230130092073,,,-5.712499557652082,False
2020-12-30,ETHUSDT,732.0,758.74,716.62,752.17,1008574.09906,288,288,0.0017715959360873,0.0271818482697383,True,0.0420903306721072,4.209033067210729,-6.335874479840136,-5.712499557652082,,,-6.335874479840136,False
2020-12-31,ETHUSDT,752.17,755.74,722.0,736.42,863375.57981,288,288,0.0016166402382418,-0.0211617540882959,True,0.0402074649566702,4.020746495667029,-6.4274052103137755,-6.335874479840136,-5.78949013690184,,-6.4274052103137755,False
2021-01-01,ETHUSDT,736.42,749.0,714.29,728.91,675114.09329,288,288,0.0010627949712303,-0.0102503405456356,True,0.0326005363641515,3.2600536364151576,-6.84685307571354,-6.4274052103137755,-5.80609451436648,,-6.84685307571354,False
2021-01-02,ETHUSDT,728.91,787.69,714.91,774.56,1352618.57668,288,288,0.0027537210001348,0.0607448585942659,True,0.0524759087594953,5.247590875949539,-5.894802190948185,-6.84685307571354,-6.141172490722321,,-5.894802190948185,False
2021-01-03,ETHUSDT,774.44,1011.07,768.71,978.28,2813603.88615,288,288,0.0115502997306496,0.2335008014363255,True,0.1074723207651607,10.74723207651608,-4.461043891645455,-5.894802190948185,-6.243486902893544,,-4.461043891645455,False
2021-01-04,ETHUSDT,978.33,1162.97,890.0,1041.43,4245010.94004,288,288,0.0263302074427962,0.0625541200608543,True,0.1622658542109099,16.226585421090988,-3.637038426933128,-4.461043891645455,-5.9931957696922185,,-3.637038426933128,False
2021-01-05,ETHUSDT,1041.45,1134.6,974.45,1099.56,2706995.67525,288,288,0.0141766495119403,0.0543153310765595,True,0.1190657360954036,11.906573609540366,-4.256159068453132,-3.637038426933128,-5.453428559110817,,-4.256159068453132,False
2021-01-06,ETHUSDT,1100.16,1213.0,1057.26,1208.42,2390136.59334,288,288,0.0090113009610756,0.0944036214214208,True,0.0949278724141423,9.492787241414234,-4.709275826988835,-4.256159068453132,-5.019179330738688,,-4.709275826988835,False
2021-01-07,ETHUSDT,1208.75,1289.0,1131.0,1224.87,1972922.82059,288,288,0.0083931196533065,0.0135209947119183,True,0.0916139708412779,9.161397084127792,-4.780342997661549,-4.709275826988835,-4.591663880993747,,-4.780342997661549,False
2021-01-08,ETHUSDT,1224.86,1273.75,1065.0,1216.93,2131172.92341,288,288,0.0156813434773145,-0.006503422053274,True,0.125225171101159,12.522517110115905,-4.155283586779098,-4.780342997661549,-4.36877204233642,,-4.155283586779098,False
2021-01-09,ETHUSDT,1216.72,1304.37,1171.36,1276.0,1448871.11514,288,288,0.0056913406672783,0.0473988910595449,True,0.0754409747238087,7.544097472380871,-5.168809440446651,-4.155283586779098,-4.307619981363148,,-5.168809440446651,False
2021-01-10,ETHUSDT,1276.0,1348.33,1170.0,1254.25,1951179.35003,288,288,0.0094369346614022,-0.0171924005403721,True,0.0971438863820172,9.714388638201727,-4.663124069628857,-5.168809440446651,-4.613974184065853,,-4.663124069628857,False
2021-01-11,ETHUSDT,1254.24,1260.0,915.0,1087.01,4068784.65678,288,288,0.0465744436096126,-0.1431069766534551,True,0.2158111294850491,21.58111294850491,-3.0667033086825852,-4.663124069628857,-4.695367184300998,,-3.0667033086825852,False
2021-01-12,ETHUSDT,1087.0,1150.02,1006.33,1050.16,2302645.34052,288,288,0.013206499234456,-0.0344882742157556,True,0.1149195337375504,11.491953373755049,-4.327046204315633,-3.0667033086825852,-4.366852680639749,,-4.327046204315633,False
2021-01-13,ETHUSDT,1050.36,1137.65,987.48,1129.89,1564202.39081,288,288,0.0083175266039958,0.0731777493401456,True,0.0912004748013727,9.12004748013727,-4.789390351520004,-4.327046204315633,-4.276193321970565,,-4.789390351520004,False
2021-01-14,ETHUSDT,1129.79,1247.55,1086.7,1231.62,1555737.38556,288,288,0.0050361843161076,0.0862100931218436,True,0.0709660786299175,7.0966078629917595,-5.291106563766135,-4.789390351520004,-4.403014674918746,,-5.291106563766135,False
2021-01-15,ETHUSDT,1231.89,1256.98,1069.42,1168.53,1944038.83738,288,288,0.0095115326716038,-0.0525838273668506,True,0.0975270868610556,9.75270868610556,-4.655250251203896,-5.291106563766135,-4.427474099582644,,-4.655250251203896,False
2021-01-16,ETHUSDT,1168.48,1298.0,1151.77,1227.83,1575384.43797,288,288,0.0061155309842092,0.0495018350514958,True,0.0782018604907151,7.820186049071511,-5.096923680545038,-4.655250251203896,-4.425899335897651,,-5.096923680545038,False
2021-01-17,ETHUSDT,1227.83,1269.02,1165.0,1232.45,1317285.00579,288,288,0.0049252803968428,0.0037556745008371,True,0.070180341954445,7.018034195444502,-5.313374072609631,-5.096923680545038,-4.83194341027014,-5.053364037729759,-5.313374072609631,True
2021-01-18,ETHUSDT,1232.5,1260.75,1182.58,1258.45,998050.11073,288,288,0.0026197682423984,0.0208767468063877,True,0.0511836716385067,5.118367163850677,-5.944669422221539,-5.313374072609631,-5.029208983928941,-5.006499980894261,-5.944669422221539,True
2021-01-19,ETHUSDT,1258.52,1438.3,1251.49,1365.36,2278852.55758,288,288,0.0061760294865717,0.0815373251614899,True,0.0785877184207035,7.858771842070356,-5.087079691890927,-5.944669422221539,-5.260264798069247,-5.0416457185436805,-5.087079691890927,True
2021-01-20,ETHUSDT,1365.36,1407.93,1235.42,1376.99,2219137.62144,288,288,0.0069216847008701,0.0084818274276588,True,0.0831966627988777,8.319666279887773,-4.973096085099684,-5.087079691890927,-5.219459423694206,-5.028184334989082,-4.973096085099684,True
2021-01-21,ETHUSDT,1376.72,1390.0,1086.0,1110.96,2310208.57298,288,288,0.0116179225450599,-0.2146754511470369,True,0.1077864673558789,10.778646735587891,-4.455206326238986,-4.973096085099684,-5.283028590473363,-4.994575086236701,-4.455206326238986,True
2021-01-22,ETHUSDT,1111.98,1273.79,1042.31,1232.62,2020593.21673,288,288,0.0101938832699062,0.1039174788694081,True,0.1009647625159701,10.09647625159701,-4.585967417992493,-4.455206326238986,-5.154685119612154,-4.90909017016392,-4.585967417992493,True
2021-01-23,ETHUSDT,1232.61,1272.44,1195.9,1233.6,1009545.08258,288,288,0.0033459381058602,0.000794738548533,True,0.057844084450013,5.784408445001303,-5.700008174538325,-4.585967417992493,-5.009203788688725,-4.825388452331136,-5.700008174538325,True
2021-01-24,ETHUSDT,1233.46,1398.83,1220.0,1392.51,1510879.53817,288,288,0.0034813516350004,0.1211711502951341,True,0.0590029798823794,5.900297988237949,-5.66033465974166,-5.700008174538325,-4.9602715391520835,-4.773259138641353,-5.66033465974166,True
2021-01-25,ETHUSDT,1392.19,1475.0,1293.69,1317.88,1885441.31289,288,288,0.0056933716420789,-0.055083489227751,True,0.0754544342108461,7.545443421084613,-5.168452650610078,-5.66033465974166,-5.074922532722229,-4.762601523586511,-5.168452650610078,True
2021-01-26,ETHUSDT,1317.6,1378.49,1244.56,1365.97,1682923.65799,288,288,0.0062656827305169,0.0358404140804698,True,0.0791560656584,7.915606565840008,-5.072667721229603,-5.168452650610078,-5.113993845824308,-4.794756467175812,-5.072667721229603,True
2021-01-27,ETHUSDT,1366.54,1373.9,1207.0,1239.03,2009772.08358,288,288,0.0069117463021834,-0.0975359835458466,True,0.0831369129940692,8.31369129940692,-4.974532952120511,-5.072667721229603,-5.237486124822432,-4.860012344189288,-4.974532952120511,True
2021-01-28,ETHUSDT,1238.93,1360.0,1217.23,1329.69,1365269.71962,288,288,0.0039283874088672,0.0706170169299651,True,0.0626768490661999,6.267684906619997,-5.539526265841275,-4.974532952120511,-5.315199231648036,-4.892665702537806,-5.539526265841275,True
2021-01-29,ETHUSDT,1329.44,1436.9,1285.35,1379.5,2253963.18682,288,288,0.0078060806419582,0.0367752823163037,True,0.0883520268129615,8.835202681296154,-4.852852279511229,-5.539526265841275,-5.283102849908625,-4.93040435884928,-4.852852279511229,True
2021-01-30,ETHUSDT,1379.56,1406.0,1326.41,1378.05,1040042.2363,288,288,0.0025426239599552,-0.0010516582717543,True,0.0504244381223553,5.042443812235536,-5.974558676085431,-4.852852279511229,-5.121606373862539,-4.9337002352969925,-5.974558676085431,True
2021-01-31,ETHUSDT,1378.04,1380.74,1281.12,1312.55,958704.85571,288,288,0.0019578969377704,-0.0486976464073155,True,0.0442481292007974,4.424812920079745,-6.235884372740065,-5.974558676085431,-5.28282757895761,-5.01639455753819,-6.235884372740065,True
2021-02-01,ETHUSDT,1312.45,1377.99,1269.99,1374.17,1096397.91862,288,288,0.0023730716519599,0.0458781024969877,True,0.048714183273046,4.871418327304608,-6.043570107310994,-6.235884372740065,-5.515470909259703,-5.064897963551527,-6.043570107310994,True
2021-02-02,ETHUSDT,1374.09,1547.9,1360.28,1511.87,1944227.99878,288,288,0.0041835735691765,0.0954973827318514,True,0.0646805501613625,6.468055016136254,-5.476589476826534,-6.043570107310994,-5.729278340297799,-5.127645510718897,-5.476589476826534,True
2021-02-03,ETHUSDT,1511.93,1669.35,1508.39,1664.49,1535869.88801,288,288,0.0030717367101413,0.0961714749797709,True,0.0554232506277049,5.542325062770492,-5.785512173703921,-5.476589476826534,-5.716690982494851,-5.237185791089076,-5.785512173703921,True
2021-02-04,ETHUSDT,1664.67,1695.2,1554.44,1595.67,1646502.32962,288,288,0.0037878071825088,-0.0422250594736453,True,0.061545163762142,6.154516376214204,-5.575968007142673,-5.785512173703921,-5.903222961333389,-5.303479698788544,-5.575968007142673,True
2021-02-05,ETHUSDT,1595.53,1760.49,1591.0,1719.19,1194123.29946,288,288,0.0029816198197429,0.0745595389392394,True,0.0546042106411492,5.460421064114923,-5.815288562469931,-5.575968007142673,-5.823504827544837,-5.339233228589574,-5.815288562469931,True
2021-02-06,ETHUSDT,1718.95,1743.67,1642.94,1676.35,1149808.33101,288,288,0.0023520452798955,-0.0252344388635825,True,0.0484978894375364,4.849788943753644,-6.052469997474817,-5.815288562469931,-5.73938566549081,-5.36305968307611,-6.052469997474817,True
2021-02-07,ETHUSDT,1676.35,1693.0,1490.46,1611.62,1281734.86814,288,288,0.0040407465937108,-0.0393789265213988,True,0.0635668671063068,6.356686710630681,-5.5113258036591075,-6.052469997474817,-5.741165643523575,-5.42656967154297,-5.5113258036591075,True
2021-02-08,ETHUSDT,1611.46,1775.57,1563.89,1750.15,1339777.09536,288,288,0.0041283685962627,0.0824616142625232,True,0.0642523820279277,6.425238202792771,-5.48987296305884,-5.5113258036591075,-5.74811290889009,-5.445406131684519,-5.48987296305884,True
2021-02-09,ETHUSDT,1749.68,1821.88,1708.49,1769.13,1185071.89593,288,288,0.0036364534024394,0.0107864017759113,True,0.0603030132119404,6.030301321194047,-5.616746412300422,-5.48987296305884,-5.688985066761074,-5.45342880852312,-5.616746412300422,True
2021-02-10,ETHUSDT,1769.14,1837.86,1680.0,1740.78,1219932.25474,288,288,0.0044702393497758,-0.0161546116808888,True,0.0668598485623163,6.685984856231639,-5.410313325979044,-5.616746412300422,-5.6971407477926235,-5.438523217163068,-5.410313325979044,True
2021-02-11,ETHUSDT,1740.76,1819.0,1703.44,1785.62,735079.82699,273,272,,,False,,,,-5.410313325979044,-5.616145700494447,-5.453215655076165,,False
2021-02-12,ETHUSDT,1785.83,1864.88,1739.88,1840.26,909600.20653,288,288,0.0016808805007227,0.030141172127229,True,0.0409985426658409,4.099854266584098,-6.388437515290338,,,,-6.388437515290338,False
2021-02-13,ETHUSDT,1840.24,1871.72,1765.0,1814.96,767589.07285,288,288,0.001828957600395,-0.013843437079732,True,0.0427663138509154,4.276631385091547,-6.3040090916928495,-6.388437515290338,,,-6.3040090916928495,False
2021-02-14,ETHUSDT,1815.25,1850.0,1784.11,1800.42,675261.77873,288,288,0.0010285277377064,-0.0080434578890041,True,0.0320706678712253,3.2070667871225393,-6.879626880147512,-6.3040090916928495,,,-6.879626880147512,False
2021-02-15,ETHUSDT,1800.03,1835.72,1655.67,1779.25,1053474.57879,288,288,0.0034143881385965,-0.011828043820221,True,0.0584327659673624,5.843276596736248,-5.6797569707978255,-6.879626880147512,,,-5.6797569707978255,False
2021-02-16,ETHUSDT,1779.33,1827.28,1724.0,1781.99,817493.47513,288,288,0.0023548455808511,0.0015387901633492,True,0.048526751187888,4.852675118788809,-6.0512801244274765,-5.6797569707978255,,,-6.0512801244274765,False
2021-02-17,ETHUSDT,1781.99,1855.0,1733.01,1849.88,795711.63311,288,288,0.0013783644569869,0.0373900547609576,True,0.0371263310466698,3.7126331046669887,-6.586857658786073,-6.0512801244274765,-6.260622116471201,,-6.586857658786073,False
2021-02-18,ETHUSDT,1849.7,1950.5,1849.69,1939.61,937227.10191,288,288,0.0014587862379942,0.0473661498164224,True,0.0381940602449425,3.8194060244942527,-6.530150532859413,-6.586857658786073,-6.300306145170348,,-6.530150532859413,False
2021-02-19,ETHUSDT,1938.91,1972.82,1891.0,1955.0,793404.4115,288,288,0.0011591820380672,0.0079032714993521,True,0.0340467625196171,3.4046762519617135,-6.760040662188963,-6.530150532859413,-6.34553443340366,,-6.760040662188963,False
2021-02-20,ETHUSDT,1955.46,2042.34,1803.14,1913.0,1261315.81279,288,288,0.0035314456027173,-0.0217175029792134,True,0.0594259674108663,5.942596741086633,-5.646047972683656,-6.760040662188963,-6.321617189811951,,-5.646047972683656,False
2021-02-21,ETHUSDT,1912.9,1976.31,1883.01,1933.53,756568.19743,288,288,0.0019337102601897,0.0106746573905307,True,0.043973972531371,4.3973972531371,-6.24831470693344,-5.646047972683656,-6.314875390189116,,-6.24831470693344,False
2021-02-22,ETHUSDT,1933.54,1936.29,1551.0,1777.58,1807244.98099,288,288,0.0104253677027728,-0.0840944591338251,True,0.1021046899156587,10.210468991565872,-4.5635132406700984,-6.24831470693344,-6.35428230669031,,-4.5635132406700984,False
2021-02-23,ETHUSDT,1777.42,1782.39,1355.0,1577.89,2547837.82068,288,288,0.0279768346531945,-0.119164377212651,True,0.1672627712708198,16.726277127081982,-3.5763784450509175,-4.5635132406700984,-5.949613423067115,,-3.5763784450509175,False
2021-02-24,ETHUSDT,1577.79,1712.7,1500.2,1623.39,1384388.81727,288,288,0.0083733413484643,0.0284280439124955,True,0.0915059634584783,9.15059634584784,-4.782702268829652,-3.5763784450509175,-5.358859005505415,,-4.782702268829652,False
2021-02-25,ETHUSDT,1623.16,1671.59,1459.16,1481.75,1032670.79409,288,288,0.0049294827214298,-0.0912927337288588,True,0.0702102750416909,7.021027504169094,-5.312521221091785,-4.782702268829652,-4.963391326833553,,-5.312521221091785,False
2021-02-26,ETHUSDT,1482.08,1562.25,1400.0,1444.59,1355973.29378,288,288,0.0075818095632051,-0.0253982774066013,True,0.0870735870583331,8.70735870583331,-4.882003379163981,-5.312521221091785,-4.896685976515179,,-4.882003379163981,False
2021-02-27,ETHUSDT,1444.56,1529.0,1425.0,1458.13,927423.0475,288,288,0.0045395445586548,0.0093292485697644,True,0.067376142355101,6.7376142355101,-5.3949285894379315,-4.882003379163981,-4.623423710961286,,-5.3949285894379315,False
2021-02-28,ETHUSDT,1458.27,1468.75,1293.18,1419.18,1410207.56284,288,288,0.008365741462329,-0.0270755528215413,True,0.0914644273055324,9.146442730553243,-4.783610309818923,-5.3949285894379315,-4.7897067807148535,,-4.783610309818923,False
2021-03-01,ETHUSDT,1418.67,1572.0,1409.91,1569.86,1094695.17839,288,288,0.0030993862092827,0.1009072033822078,True,0.0556721313520755,5.5672131352075525,-5.776551184100612,-4.783610309818923,-5.031153153668455,,-5.776551184100612,False
2021-03-02,ETHUSDT,1570.0,1602.9,1455.52,1486.78,1061142.38743,288,288,0.0041535644744295,-0.0543737357675186,True,0.0644481533826189,6.444815338261899,-5.483788403890134,-5.776551184100612,-5.229922936722646,,-5.483788403890134,False
2021-03-03,ETHUSDT,1486.79,1656.94,1475.47,1567.69,1054846.31471,288,288,0.0032699823408828,0.0529904906584367,True,0.057183759415439,5.718375941543901,-5.7229706944292085,-5.483788403890134,-5.264176373282316,,-5.7229706944292085,False
2021-03-04,ETHUSDT,1567.68,1624.87,1506.36,1539.23,946365.67088,288,288,0.0039153737250328,-0.0183209069166986,True,0.0625729472298761,6.257294722987616,-5.542844494316872,-5.7229706944292085,-5.432369836335361,,-5.542844494316872,False
2021-03-05,ETHUSDT,1539.22,1548.96,1441.66,1528.31,910786.28976,288,288,0.0032824855542312,-0.0071197416356542,True,0.0572929799733896,5.729297997338967,-5.71915435264051,-5.542844494316872,-5.46195301731115,,-5.71915435264051,False
2021-03-06,ETHUSDT,1528.08,1671.58,1513.03,1650.35,1013300.93928,270,269,,,False,,,,-5.71915435264051,-5.649061825875467,-5.664340395420371,,False
2021-03-07,ETHUSDT,1650.68,1734.16,1630.35,1726.16,848470.78136,288,288,0.0023079153832755,0.044911901618906,True,0.0480407679297021,4.8040767929702195,-6.071410593367333,,,,-6.071410593367333,False
2021-03-08,ETHUSDT,1726.46,1843.59,1664.96,1833.18,1149711.39987,288,288,0.0025823158674652,0.0601528754599703,True,0.0508164920814617,5.081649208146176,-5.959068659622735,-6.071410593367333,,,-5.959068659622735,False
2021-03-09,ETHUSDT,1833.22,1870.77,1798.2,1870.51,857229.47855,288,288,0.0018984488008328,0.0201589572469364,True,0.0435711923274184,4.3571192327418435,-6.266718146876872,-5.959068659622735,,,-6.266718146876872,False
2021-03-10,ETHUSDT,1870.5,1877.69,1757.0,1795.12,937230.62831,288,288,0.0031576438013162,-0.04113924888249,True,0.0561929159353401,5.619291593534015,-5.757929162000359,-6.266718146876872,,,-5.757929162000359,False
2021-03-11,ETHUSDT,1795.28,1846.7,1725.0,1825.78,909011.4961,288,288,0.0028516886773697,0.016935420913123,True,0.0534012048306942,5.340120483069426,-5.859843941795948,-5.757929162000359,,,-5.859843941795948,False
2021-03-12,ETHUSDT,1825.78,1841.88,1719.72,1766.1,869564.6361,288,288,0.0027037030319923,-0.0332335672663465,True,0.0519971444599828,5.199714445998281,-5.91313295227931,-5.859843941795948,-5.9829941007326495,,-5.91313295227931,False
2021-03-13,ETHUSDT,1766.13,1944.3,1727.75,1922.35,926283.22642,288,288,0.0020842964554801,0.0847746702264678,True,0.045654095714187,4.565409571418702,-6.173323912098578,-5.91313295227931,-5.951338572515045,,-6.173323912098578,False
2021-03-14,ETHUSDT,1922.35,1933.1,1836.0,1848.1,637963.63627,288,288,0.0015286582098345,-0.0393903116370825,True,0.0390980589011081,3.909805890110818,-6.483364915392178,-6.173323912098578,-5.994189623010213,,-6.483364915392178,False
2021-03-15,ETHUSDT,1848.1,1891.76,1730.0,1793.48,1025326.79658,288,288,0.0028468434195185,-0.0300002177615326,True,0.0533558189846105,5.335581898461057,-5.861544470611595,-6.483364915392178,-6.037518976713274,,-5.861544470611595,False
2021-03-16,ETHUSDT,1793.99,1819.5,1711.68,1805.12,764993.40147,288,288,0.0022929616455859,0.006469205021433,True,0.0478848790912746,4.7884879091274595,-6.0779110019859495,-5.861544470611595,-6.058242038435521,,-6.0779110019859495,False
2021-03-17,ETHUSDT,1805.01,1838.88,1741.18,1823.58,658349.44843,288,288,0.0011212565037035,0.010174530410139,True,0.0334851684138443,3.34851684138443,-6.793305344203631,-6.0779110019859495,-6.101855450473522,,-6.793305344203631,False
2021-03-18,ETHUSDT,1823.58,1850.0,1759.04,1776.08,603721.61056,288,288,0.001137082256186,-0.0263929133790887,True,0.0337206502930474,3.3720650293047494,-6.779289721899987,-6.793305344203631,-6.277889928858386,,-6.779289721899987,False
2021-03-19,ETHUSDT,1775.92,1840.61,1733.47,1809.1,500258.42875,288,288,0.001212443543308,0.0184207954445526,True,0.0348201600126719,3.4820160012671915,-6.7151174984568955,-6.779289721899987,-6.399083090818668,,-6.7151174984568955,False
2021-03-20,ETHUSDT,1809.01,1868.83,1800.86,1806.1,451556.10639,288,288,0.000659833236263,-0.0016596595975984,True,0.0256872193174549,2.568721931745495,-7.323523427199622,-6.7151174984568955,-6.445433607431612,,-7.323523427199622,False
2021-03-21,ETHUSDT,1806.57,1817.16,1747.0,1782.98,465953.98749,288,288,0.0010453554286214,-0.012883702679305,True,0.0323319567706856,3.233195677068563,-6.863398328311427,-7.323523427199622,-6.737829398749217,,-6.863398328311427,False
2021-03-22,ETHUSDT,1783.23,1807.51,1655.15,1680.97,582727.49081,288,288,0.0018938775539855,-0.0589151140208771,True,0.0435187034961469,4.351870349614698,-6.269128935734989,-6.863398328311427,-6.894926864014313,,-6.269128935734989,False
2021-03-23,ETHUSDT,1681.17,1721.17,1650.0,1668.08,577213.99589,288,288,0.0015053712186094,-0.0076977433301715,True,0.0387991136317501,3.8799113631750113,-6.498715754312784,-6.269128935734989,-6.790091582320585,,-6.498715754312784,False
2021-03-24,ETHUSDT,1668.2,1740.86,1536.92,1581.84,753834.52393,288,288,0.0031938759754159,-0.0530845379866898,True,0.0565143873311566,5.651438733115663,-5.746520060432939,-6.498715754312784,-6.733976788803143,,-5.746520060432939,False
2021-03-25,ETHUSDT,1581.88,1622.0,1549.4,1585.74,701697.00258,288,288,0.003239350629346,0.0024624489172733,True,0.0569152934574358,5.691529345743584,-5.732382392306639,-5.746520060432939,-6.540257301198352,,-5.732382392306639,False
2021-03-26,ETHUSDT,1585.83,1699.93,1585.79,1698.84,515470.92907,288,288,0.0010533559175949,0.0688944898645601,True,0.0324554451147249,3.2455445114724903,-6.855774099526624,-5.732382392306639,-6.222029094219755,,-6.855774099526624,False
2021-03-27,ETHUSDT,1698.84,1732.67,1666.41,1712.63,443845.49957,288,288,0.0008723874945722,0.0080845354695322,True,0.0295362065027359,2.953620650273592,-7.044276858251003,-6.855774099526624,-6.220504248462794,,-7.044276858251003,False
2021-03-28,ETHUSDT,1712.52,1725.66,1661.4,1687.01,348895.51314,288,288,0.0007987490107275,-0.0150724694532633,True,0.0282621480204105,2.826214802041052,-7.132463790799118,-7.044276858251003,-6.375533832965997,,-7.132463790799118,False
2021-03-29,ETHUSDT,1687.16,1841.0,1677.85,1816.74,647724.46387,288,288,0.0011910297244216,0.0740859549362575,True,0.0345112985038471,3.451129850384715,-6.7329370313875785,-7.132463790799118,-6.502283440263265,-6.371733816703024,-6.7329370313875785,True
2021-03-30,ETHUSDT,1816.76,1859.13,1786.3,1840.46,568842.00526,288,288,0.0008504535970182,0.0129718542113057,True,0.029162537561369,2.9162537561369017,-7.069740707266172,-6.7329370313875785,-6.699566834454193,-6.4018032002493985,-7.069740707266172,True
2021-03-31,ETHUSDT,1840.41,1947.29,1768.15,1919.37,746995.8591,288,288,0.0017207007405694,0.0419814668188004,True,0.041481330024114,4.148133002411403,-6.3650236638168085,-7.069740707266172,-6.967038497446099,-6.4522882933240995,-6.3650236638168085,True
2021-04-01,ETHUSDT,1919.37,1984.77,1885.02,1968.05,741585.07266,288,288,0.0021191603763822,0.0250461976164844,True,0.046034339100092,4.603433910009203,-6.156735317622607,-6.3650236638168085,-6.868888410304136,-6.456756725912279,-6.156735317622607,True
2021-04-02,ETHUSDT,1968.05,2146.0,1948.48,2133.69,846197.93215,288,288,0.0014009212266861,0.080809670411858,True,0.0374288822526958,3.742888225269589,-6.570625239699042,-6.156735317622607,-6.6913801021784565,-6.474884278440563,-6.570625239699042,True
2021-04-03,ETHUSDT,2133.69,2138.12,1996.3,2008.52,770176.32192,288,288,0.0026090455725251,-0.0604547427757613,True,0.0510788172584796,5.107881725847969,-5.948770805550011,-6.570625239699042,-6.579012391958441,-6.50719251925434,-5.948770805550011,True
2021-04-04,ETHUSDT,2008.59,2091.83,1975.24,2075.69,514345.76554,288,288,0.001224157338538,0.0328954960797738,True,0.0349879599082034,3.4987959908203443,-6.705502558595957,-5.948770805550011,-6.422179146790929,-6.508812421675736,-6.705502558595957,True
2021-04-05,ETHUSDT,2075.7,2130.64,2002.15,2107.38,684923.61494,288,288,0.0012566097441636,0.015151841243722,True,0.0354486917130047,3.5448691713004736,-6.679337863637779,-6.705502558595957,-6.349331517056885,-6.533002360152889,-6.679337863637779,True
2021-04-06,ETHUSDT,2107.43,2151.0,2044.65,2112.21,673386.0557499999,288,288,0.0015993893180337,0.0022893229482011,True,0.0399923657468991,3.999236574689914,-6.4381333988222496,-6.679337863637779,-6.412194357021079,-6.54191022143678,-6.4381333988222496,True
2021-04-07,ETHUSDT,2112.22,2129.01,1930.01,1963.47,892984.90422,288,288,0.0029235640787178,-0.0730214766387856,True,0.0540699924053797,5.406999240537974,-5.8349518320945535,-6.4381333988222496,-6.468473973261007,-6.568118809082719,-5.8349518320945535,True
2021-04-08,ETHUSDT,1963.46,2084.61,1947.35,2080.46,501355.998,288,288,0.001042257739744,0.0578757070280768,True,0.0322840167845342,3.228401678453421,-6.866366015235258,-5.8349518320945535,-6.32133929174011,-6.557075210451291,-6.866366015235258,True
2021-04-09,ETHUSDT,2080.39,2100.0,2047.57,2066.87,426387.4379,288,288,0.0005977735126538,-0.0065536374684557,True,0.024449407204549,2.444940720454902,-7.42229861713588,-6.866366015235258,-6.50485833367716,-6.560396150043639,-7.42229861713588,True
2021-04-10,ETHUSDT,2067.19,2200.0,2058.0,2133.49,655458.20894,288,288,0.0013323146798538,0.0317237508610979,True,0.0365008860146415,3.650088601464156,-6.620837488629177,-7.42229861713588,-6.648217545385144,-6.589623827099815,-6.620837488629177,True
2021-04-11,ETHUSDT,2133.49,2165.02,2113.4,2151.36,392265.50773,288,288,0.0008915721082401,0.0083410637974194,True,0.0298592047489568,2.9859204748956807,-7.022524239759172,-6.620837488629177,-6.636517470383422,-6.585338372107646,-7.022524239759172,True
2021-04-12,ETHUSDT,2151.42,2203.46,2102.0,2137.69,579093.35694,288,288,0.0011682008690963,-0.006374393531251,True,0.0341789535986163,3.4178953598616375,-6.752290432396435,-7.022524239759172,-6.753395638570808,-6.5716565908603535,-6.752290432396435,True
2021-04-13,ETHUSDT,2137.86,2318.0,2135.53,2299.19,782608.6209,288,288,0.0015362896757453,0.0728310802269799,True,0.0391955313236767,3.919553132367675,-6.478385071057687,-6.752290432396435,-6.936863358631184,-6.566606231955126,-6.478385071057687,True
2021-04-14,ETHUSDT,2299.19,2447.29,2281.33,2432.6,972931.60866,288,288,0.0036514099292987,0.0564037572079349,True,0.0604268973992436,6.042689739924364,-5.612641903975778,-6.478385071057687,-6.85926716979567,-6.576117874469795,-5.612641903975778,True
2021-04-15,ETHUSDT,2432.59,2543.47,2400.0,2514.04,681950.96645,288,288,0.0018731658787366,0.0329303767382462,True,0.0432800863993669,4.328008639936697,-6.280125296314813,-5.612641903975778,-6.49733582716365,-6.535841790363566,-6.280125296314813,True
2021-04-16,ETHUSDT,2514.04,2548.29,2300.0,2422.67,999163.75205,288,288,0.0040302732874687,-0.0370207831812453,True,0.0634844334263817,6.348443342638179,-5.513921092055094,-6.280125296314813,-6.429193388700777,-6.560096573812743,-5.513921092055094,True
2021-04-17,ETHUSDT,2422.38,2495.0,2310.0,2317.6,624232.2556800001,288,288,0.0021629083734966,-0.0443380702861956,True,0.0465070787461074,4.6507078746107435,-6.136301493751457,-5.513921092055094,-6.127472759159962,-6.550166514710399,-6.136301493751457,True
2021-04-18,ETHUSDT,2317.65,2340.0,1946.8,2235.64,1475383.69204,288,288,0.0150648057272424,-0.0360046269312395,True,0.1227387702693916,12.27387702693916,-4.195394002119105,-6.136301493751457,-6.004274971430966,-6.517463214447893,-4.195394002119105,True
2021-04-19,ETHUSDT,2235.65,2300.0,2080.0,2161.12,820592.26555,288,288,0.0039362147850177,-0.0339009347114479,True,0.0627392603161509,6.273926031615096,-5.537535731916731,-4.195394002119105,-5.5476767576432495,-6.3879685391691705,-5.537535731916731,True
2021-04-20,ETHUSDT,2161.12,2346.62,2055.0,2330.03,992240.809,258,257,,,False,,,,-5.537535731916731,-5.53265552323144,-6.315471809219971,,False
2021-04-21,ETHUSDT,2330.26,2469.54,2235.16,2357.06,1177885.8617,288,288,0.0041031778279356,0.0115339366870409,True,0.06405605223502,6.4056052235020005,-5.495993525506954,,,,-5.495993525506954,False
2021-04-22,ETHUSDT,2357.06,2644.47,2303.44,2397.94,2219344.1438,288,288,0.0085268366375054,0.0171949557233455,True,0.092340871977177,9.234087197717706,-4.764536837667104,-5.495993525506954,,,-4.764536837667104,False
2021-04-23,ETHUSDT,2397.94,2442.89,2107.0,2367.39,2504555.27883,288,288,0.0126877321772146,-0.012821952956106,True,0.1126398338831103,11.263983388311036,-4.367119722665629,-4.764536837667104,,,-4.367119722665629,False
2021-04-24,ETHUSDT,2367.39,2368.74,2154.8,2213.35,997688.94623,288,288,0.0050783096802236,-0.0672808775731168,True,0.0712622598590844,7.126225985908448,-5.282776812875485,-4.367119722665629,,,-5.282776812875485,False
2021-04-25,ETHUSDT,2214.08,2356.64,2168.0,2320.49,857517.38218,232,231,,,False,,,,-5.282776812875485,,,,False
2021-04-26,ETHUSDT,2320.44,2542.8,2303.64,2532.6,1076469.01367,288,288,0.0041910917901031,0.0874680727606365,True,0.0647386421706783,6.473864217067839,-5.474794008560335,,,,-5.474794008560335,False
2021-04-27,ETHUSDT,2532.06,2680.0,2480.29,2666.13,771728.46451,288,288,0.0022597913756944,0.0513815397238573,True,0.0475372630227535,4.753726302275356,-6.09248278159857,-5.474794008560335,,,-6.09248278159857,False
2021-04-28,ETHUSDT,2666.13,2760.0,2559.44,2748.24,999383.1852,288,288,0.0030707607804075,0.0303327240328263,True,0.0554144455932526,5.541444559325263,-5.785829936875502,-6.09248278159857,,,-5.785829936875502,False
2021-04-29,ETHUSDT,2748.23,2798.0,2668.0,2757.04,863890.01069,288,288,0.0019396758809654,0.003196933669114,True,0.0440417515655933,4.4041751565593295,-6.245234391532246,-5.785829936875502,,,-6.245234391532246,False
2021-04-30,ETHUSDT,2757.04,2798.3,2723.09,2772.42,695339.20482,288,288,0.0012313957603116,0.0055629445417414,True,0.0350912490560205,3.5091249056020577,-6.699606988475388,-6.245234391532246,,,-6.699606988475388,False
2021-05-01,ETHUSDT,2772.42,2954.28,2743.41,2944.77,690260.07741,288,288,0.0011373655537267,0.0603101305798073,True,0.0337248506850178,3.372485068501787,-6.7790406086506705,-6.699606988475388,-6.059589621408408,,-6.7790406086506705,False
2021-05-02,ETHUSDT,2944.83,2985.0,2852.26,2949.56,571982.5445,288,288,0.0009938596909322,0.0016252911032893,True,0.0315255402956443,3.1525540295644303,-6.91391451727497,-6.7790406086506705,-6.320438941426476,,-6.91391451727497,False
2021-05-03,ETHUSDT,2949.33,3454.0,2949.32,3431.04,1329088.0628,288,288,0.0028694103953171,0.1512074155319737,True,0.0535668777820503,5.356687778205035,-5.853648707487456,-6.91391451727497,-6.484725288561755,,-5.853648707487456,False
2021-05-04,ETHUSDT,3431.04,3527.0,3160.0,3239.01,1826039.38558,288,288,0.0081213295384776,-0.0575956946599091,True,0.0901184195294039,9.011841952940394,-4.813261401946155,-5.853648707487456,-6.498289042684147,,-4.813261401946155,False
2021-05-05,ETHUSDT,3239.01,3549.34,3200.23,3524.26,1174816.73588,288,288,0.0036784899596637,0.0844027575909517,True,0.0606505561364753,6.06505561364753,-5.605252948060489,-4.813261401946155,-6.211894444766928,,-5.605252948060489,False
2021-05-06,ETHUSDT,3524.33,3605.4,3376.47,3489.73,920592.57706,288,288,0.0031430922082347,-0.0098461158232773,True,0.0560632875261054,5.606328752610546,-5.762548183946809,-5.605252948060489,-5.993023636683948,,-5.762548183946809,False
2021-05-07,ETHUSDT,3489.74,3587.0,3353.23,3479.53,760544.64781,288,288,0.0022186523518684,-0.0029271421307101,True,0.0471025726671957,4.7102572667195775,-6.110855316134545,-5.762548183946809,-5.789725151743175,,-6.110855316134545,False
2021-05-08,ETHUSDT,3479.79,3958.33,3449.27,3910.26,1130467.54852,288,288,0.0025603973035486,0.1167066407561484,True,0.0506003686107977,5.060036861079775,-5.967592835833756,-6.110855316134545,-5.62911331151509,,-5.967592835833756,False
2021-05-09,ETHUSDT,3910.26,3983.65,3726.08,3923.95,1000401.0082,288,288,0.0031368954153068,0.0034949315718514,True,0.0560079942089234,5.600799420892348,-5.764521689409113,-5.967592835833756,-5.651902137184351,,-5.764521689409113,False
2021-05-10,ETHUSDT,3923.95,4208.0,3650.0,3945.88,1505897.92612,288,288,0.0107442225832516,0.0055731970736546,True,0.1036543418446696,10.365434184466965,-4.533387102994074,-5.764521689409113,-5.842154194676942,,-4.533387102994074,False
2021-05-11,ETHUSDT,3946.63,4180.22,3771.64,4173.45,1095927.10403,288,288,0.0044534293478881,0.0560710352889759,True,0.0667340194195443,6.673401941954431,-5.4140808396196505,-4.533387102994074,-5.627781025663659,,-5.4140808396196505,False
2021-05-12,ETHUSDT,4173.46,4372.72,3701.58,3823.21,1601842.74017,288,288,0.0086915816639719,-0.0876526479963156,True,0.0932286525912068,9.322865259120686,-4.745400346603536,-5.4140808396196505,-5.5580875567982275,,-4.745400346603536,False
2021-05-13,ETHUSDT,3810.15,4034.77,3500.0,3717.91,2068708.17427,288,288,0.0210104326861611,-0.0279287014447511,True,0.1449497591793829,14.49497591793829,-3.862736170041186,-4.745400346603536,-5.284996562892026,,-3.862736170041186,False
2021-05-14,ETHUSDT,3717.92,4173.28,3691.35,4075.01,1153390.42631,288,288,0.0043999701688038,0.0917115182339459,True,0.0663322709456252,6.633227094562527,-5.426157517898223,-3.862736170041186,-4.864025229733512,,-5.426157517898223,False
2021-05-15,ETHUSDT,4075.02,4134.05,3632.0,3646.68,1039174.88082,288,288,0.0054357966809681,-0.1110560360513726,True,0.0737278555294276,7.372785552942762,-5.214749185716474,-5.426157517898223,-4.7963523954313345,,-5.214749185716474,False
2021-05-16,ETHUSDT,3646.24,3879.0,3343.06,3582.1,1324065.65875,288,288,0.0073629033101149,-0.0178679440127318,True,0.0858073616312434,8.58073616312435,-4.91130095254177,-5.214749185716474,-4.932624811975813,,-4.91130095254177,False
2021-05-17,ETHUSDT,3581.81,3587.06,3102.0,3282.51,1904012.43998,288,288,0.0109014393340711,-0.0873408469647725,True,0.1044099580215947,10.44099580215947,-4.518860449467392,-4.91130095254177,-4.832068834560237,,-4.518860449467392,False
2021-05-18,ETHUSDT,3282.25,3565.71,3240.0,3375.07,1287110.84143,288,288,0.0071998854743883,0.0278076912014809,True,0.0848521388910637,8.485213889106378,-4.933690159421593,-4.518860449467392,-4.786760855133009,-5.567966221848559,-4.933690159421593,True
2021-05-19,ETHUSDT,3375.08,3441.73,1888.0,2438.92,4309836.31939,288,288,0.1639694813538013,-0.3248607464823099,True,0.4049314526605723,40.49314526605723,-1.8080749577807915,-4.933690159421593,-5.000951653009091,-5.543370592342253,-1.8080749577807915,True
2021-05-20,ETHUSDT,2438.92,2990.05,2155.0,2768.62,2942777.9301,288,288,0.0297283820622083,0.1267936827452274,True,0.1724192044472086,17.24192044472086,-3.5156530645021755,-1.8080749577807915,-4.2773351409856035,-5.348624782168718,-3.5156530645021755,True
2021-05-21,ETHUSDT,2767.87,2938.54,2101.0,2430.98,2727031.93514,288,288,0.0292842947747383,-0.1300545328799705,True,0.1711265460842891,17.112654608428915,-3.5307039211803013,-3.5156530645021755,-3.9375159167427447,-5.2454349243335665,-3.5307039211803013,True
2021-05-22,ETHUSDT,2430.98,2485.0,2145.0,2294.87,1684318.01157,288,288,0.0143882048052343,-0.0576182712051404,True,0.119950843286883,11.995084328688309,-4.241346518802313,-3.5307039211803013,-3.6613965104704507,-5.122047175681205,-4.241346518802313,True
2021-05-23,ETHUSDT,2295.45,2381.57,1728.74,2096.39,2914548.73125,288,288,0.0340425010276262,-0.0904593791755009,True,0.1845061002450224,18.45061002450224,-3.3801455047789775,-4.241346518802313,-3.6058937243374345,-5.010308063423338,-3.3801455047789775,True
2021-05-24,ETHUSDT,2096.63,2675.0,2079.94,2648.43,2186632.92245,288,288,0.0185876732359934,0.2337501937459652,True,0.1363366173703653,13.633661737036531,-3.98525664721275,-3.3801455047789775,-3.295184793408912,-4.85581283142917,-3.98525664721275,True
2021-05-25,ETHUSDT,2647.92,2750.0,2378.54,2705.11,2115349.50445,288,288,0.0152970896700634,0.0211755653075936,True,0.1236814038975279,12.368140389752796,-4.180092686320332,-3.98525664721275,-3.7306211312953033,-4.722692019153615,-4.180092686320332,True
2021-05-26,ETHUSDT,2705.1,2910.0,2643.0,2884.94,1583799.59251,288,288,0.0078587884741324,0.0643615256107517,True,0.088649808088526,8.864980808852605,-4.846122822572622,-4.180092686320332,-3.863509055658935,-4.646621290918746,-4.846122822572622,True
2021-05-27,ETHUSDT,2884.82,2889.74,2633.68,2742.23,1099029.91206,288,288,0.0064340361283737,-0.050732644515116,True,0.0802124437252335,8.021244372523354,-5.046153234953573,-4.846122822572622,-4.1265928359374,-4.648114991856312,-5.046153234953573,True
2021-05-28,ETHUSDT,2742.23,2762.45,2327.38,2412.1,1554584.61362,288,288,0.0095859291932342,-0.128273720626305,True,0.0979077585957021,9.79077585957021,-4.647458964748694,-5.046153234953573,-4.2875541791676515,-4.622701368533271,-4.647458964748694,True
2021-05-29,ETHUSDT,2412.34,2574.27,2204.1,2278.74,1379427.18851,288,288,0.008861160115189,-0.05687507874505,True,0.0941337352663169,9.413373526631696,-4.726077584427929,-4.647458964748694,-4.5410168711615935,-4.572015494933357,-4.726077584427929,True
2021-05-30,ETHUSDT,2278.74,2476.42,2180.53,2385.98,1151113.19883,288,288,0.0058946556709133,0.045987282780631,True,0.0767766609778864,7.67766609778864,-5.133709157061214,-4.726077584427929,-4.68918105860463,-4.509071052583056,-5.133709157061214,True
2021-05-31,ETHUSDT,2385.82,2720.0,2271.44,2706.15,1307958.04068,288,288,0.005486917959568,0.1259170191738626,True,0.0740737332633376,7.407373326333763,-5.205388572799837,-5.133709157061214,-4.879904352752806,-4.471167249002486,-5.205388572799837,True
2021-06-01,ETHUSDT,2706.15,2740.0,2523.74,2634.57,1179577.10806,288,288,0.0049421559470534,-0.0268069797638336,True,0.0703004690386446,7.030046903864466,-5.3099536164596355,-5.205388572799837,-4.95175750279825,-4.445752107338428,-5.3099536164596355,True
2021-06-02,ETHUSDT,2634.31,2802.99,2550.0,2706.22,970070.53563,288,288,0.0025942067354914,0.0268328464359206,True,0.0509333558239731,5.093335582397313,-5.954474498695564,-5.3099536164596355,-5.004517579099462,-4.481050585223226,-5.954474498695564,True
2021-06-03,ETHUSDT,2706.21,2891.95,2662.4,2857.25,1024290.89423,288,288,0.0027781192438013,0.0543067965386984,True,0.0527078670010597,5.270786700105972,-5.885981111236687,-5.954474498695564,-5.265920685888836,-4.5056139333630405,-5.885981111236687,True
2021-06-04,ETHUSDT,2857.25,2860.0,2552.0,2689.51,1188314.11191,288,288,0.00430530110808,-0.0605006029080939,True,0.0656147933630829,6.561479336308297,-5.447908199743519,-5.885981111236687,-5.497901391250588,-4.557458513573637,-5.447908199743519,True
2021-06-05,ETHUSDT,2689.54,2816.87,2552.23,2627.73,961824.12413,288,288,0.0036758938824706,-0.023238665269226,True,0.0606291504350063,6.062915043500631,-5.605958942568433,-5.447908199743519,-5.560741199787048,-4.629511787651016,-5.605958942568433,True
2021-06-06,ETHUSDT,2627.63,2745.0,2614.0,2711.92,673792.69369,288,288,0.0016873743214562,0.0315365154997377,True,0.0410776620738839,4.107766207388397,-6.384581614165181,-5.605958942568433,-5.640855273740767,-4.637684579681481,-6.384581614165181,True
2021-06-07,ETHUSDT,2711.92,2847.55,2570.0,2592.05,1152128.07856,288,288,0.0029511240109445,-0.0452078026905537,True,0.0543242488300071,5.432424883000719,-5.825569160541194,-6.384581614165181,-5.855780873281877,-4.6908587809746045,-5.825569160541194,True
2021-06-08,ETHUSDT,2592.05,2620.99,2304.91,2507.23,1693747.42759,288,288,0.0062327954371762,-0.0332705103401527,True,0.0789480553096545,7.894805530965451,-5.077930341014349,-5.825569160541194,-5.829999805651003,-4.73241642679276,-5.077930341014349,True
2021-06-09,ETHUSDT,2507.43,2626.63,2405.28,2610.18,1276718.24011,288,288,0.0054201812659882,0.0402406263865525,True,0.0736218803480886,7.362188034808868,-5.217626020180555,-5.077930341014349,-5.668389651606534,-4.757828694590348,-5.217626020180555,True
2021-06-10,ETHUSDT,2610.2,2624.46,2425.11,2471.09,741237.49926,288,288,0.0024113440351012,-0.0547598356296288,True,0.0491054379381881,4.910543793818811,-6.027570996017997,-5.217626020180555,-5.622333215693943,-4.770734870079393,-6.027570996017997,True
2021-06-11,ETHUSDT,2471.01,2497.99,2321.37,2354.01,587364.27358,288,288,0.0021516911414102,-0.0485390919267778,True,0.0463863249396874,4.63863249396874,-6.141501168632352,-6.027570996017997,-5.706655626383855,-4.962530144544719,-6.141501168632352,True
2021-06-12,ETHUSDT,2354.09,2454.53,2256.22,2370.74,767439.4984,288,288,0.0029595212862801,0.0070818857809314,True,0.0544014823904655,5.440148239046552,-5.822727751333562,-6.141501168632352,-5.658039537277289,-5.081886876550636,-5.822727751333562,True
2021-06-13,ETHUSDT,2370.64,2548.41,2308.41,2509.33,715948.75986,288,288,0.0021662107444527,0.0568136425416634,True,0.0465425691647196,4.65425691647196,-6.134775838528451,-5.822727751333562,-5.657471255435763,-5.18606977792124,-6.134775838528451,True
2021-06-14,ETHUSDT,2509.33,2609.17,2461.0,2580.77,684183.55622,288,288,0.001486813489099,0.0280720187786852,True,0.0385592205457919,3.855922054579196,-6.511120047011039,-6.134775838528451,-5.868840354938583,-5.272134746999701,-6.511120047011039,True
2021-06-15,ETHUSDT,2580.58,2640.0,2507.7,2543.54,599826.64933,288,288,0.0015668467454584,-0.0145309925003638,True,0.0395834150302674,3.958341503026744,-6.458690121630162,-6.511120047011039,-6.12753916030468,-5.414451771646612,-6.458690121630162,True
2021-06-16,ETHUSDT,2543.55,2556.19,2351.18,2367.89,624741.78358,288,288,0.0016395923395283,-0.0715575482782415,True,0.0404918799208974,4.049187992089744,-6.413307641503886,-6.458690121630162,-6.213762985427113,-5.5268805659383125,-6.413307641503886,True
2021-06-17,ETHUSDT,2368.02,2460.5,2306.0,2373.28,560667.58566,288,288,0.0015714131900661,0.0022737013530689,True,0.0396410543510906,3.9641054351090625,-6.455779943426738,-6.413307641503886,-6.2681242800014205,-5.628390336628474,-6.455779943426738,True
2021-06-18,ETHUSDT,2373.28,2378.0,2139.0,2234.09,778905.2019699999,288,288,0.0026033777962688,-0.0604389782759859,True,0.0510233064027494,5.102330640274942,-5.950945524711927,-6.455779943426738,-6.394734718420056,-5.70155656939457,-5.950945524711927,True
2021-06-19,ETHUSDT,2234.09,2278.82,2161.67,2164.67,496872.24997,288,288,0.001801828119135,-0.0315660614228502,True,0.0424479459943006,4.244794599430061,-6.318953507733178,-5.950945524711927,-6.35796865565675,-5.742683491656314,-6.318953507733178,True
2021-06-20,ETHUSDT,2165.34,2280.01,2040.68,2243.47,743883.64741,288,288,0.0024686709277332,0.0357558494867188,True,0.049685721568004,4.9685721568004055,-6.004075359100418,-6.318953507733178,-6.319535347801178,-5.818660516337427,-6.004075359100418,True
2021-06-21,ETHUSDT,2243.49,2260.16,1865.54,1885.49,1629819.66576,288,288,0.010504854341911,-0.1738360403118226,True,0.1024931916856481,10.249319168564815,-4.555917810377589,-6.004075359100418,-6.2286123952952295,-5.876751324277086,-4.555917810377589,True
2021-06-22,ETHUSDT,1885.27,1998.0,1700.48,1879.28,1695338.08052,288,288,0.009304690919714,-0.0032990093058492,True,0.0964608258295255,9.64608258295255,-4.677236606020584,-4.555917810377589,-5.85713442906997,-5.850488081246012,-4.677236606020584,True
2021-06-23,ETHUSDT,1879.29,2045.0,1821.95,1968.14,918612.30494,288,288,0.0044709883999668,0.0462002095478685,True,0.0668654499720658,6.686544997206586,-5.41014577623896,-4.677236606020584,-5.501425761588739,-5.826481173665136,-5.41014577623896,True
2021-06-24,ETHUSDT,1967.95,2036.61,1884.79,1989.52,701231.67478,288,288,0.0023617672978949,0.0108044693001564,True,0.0485980174276168,4.8598017427616815,-6.048345085156439,-5.41014577623896,-5.393265811894146,-5.831035362746015,-6.048345085156439,True
2021-06-25,ETHUSDT,1989.53,2019.99,1791.22,1808.82,858808.54767,288,288,0.0044369035878755,-0.0952187046365014,True,0.066610086232308,6.661008623230806,-5.4177985359457415,-6.048345085156439,-5.339144127378798,-5.835302207585145,-5.4177985359457415,True
2021-06-26,ETHUSDT,1808.97,1852.8,1717.32,1829.64,832315.14904,288,288,0.0038518064817381,0.0114445272147838,True,0.0620629235674417,6.206292356744174,-5.559213024693996,-5.4177985359457415,-5.221888762747863,-5.814021181435558,-5.559213024693996,True
2021-06-27,ETHUSDT,1829.84,1984.5,1804.26,1982.28,696055.79307,288,288,0.0029812506507544,0.0801284711832351,True,0.0546008301288037,5.460083012880373,-5.815412385045248,-5.559213024693996,-5.422547805611144,-5.819080491660579,-5.815412385045248,True
2021-06-28,ETHUSDT,1982.27,2145.0,1960.52,2084.41,1044244.68308,288,288,0.00330524439846,0.0502381442121598,True,0.0574912549737789,5.749125497377893,-5.71224486031569,-5.815412385045248,-5.650182961416077,-5.828601102682253,-5.71224486031569,True
2021-06-29,ETHUSDT,2084.42,2245.0,2073.57,2165.33,831257.23277,288,288,0.0022847251922712,0.0380869331961434,True,0.0477987990672486,4.779879906724862,-6.081509527832964,-5.71224486031569,-5.710602778231423,-5.798040341143639,-6.081509527832964,True
2021-06-30,ETHUSDT,2165.46,2287.78,2087.99,2275.68,910583.6032,288,288,0.0031266550023731,0.0497061340585642,True,0.0559165002693585,5.5916500269358504,-5.767791535223369,-6.081509527832964,-5.717235666766728,-5.809673994202355,-5.767791535223369,True
2021-07-01,ETHUSDT,2275.68,2275.93,2073.12,2106.41,787865.25137,288,288,0.0034254685712418,-0.0772938322147023,True,0.0585275026909727,5.852750269097274,-5.67651700750377,-5.767791535223369,-5.787234266622253,-5.841031321211857,-5.67651700750377,True
2021-07-02,ETHUSDT,2106.41,2160.0,2018.5,2154.13,672282.37476,288,288,0.0022471231459897,0.0224018531199011,True,0.0474038304991247,4.740383049912476,-6.098104482656854,-5.67651700750377,-5.810695063184208,-5.86189000245382,-6.098104482656854,True
2021-07-03,ETHUSDT,2153.95,2240.0,2112.01,2226.99,569264.801,288,288,0.0014257533799118,0.0332639681744127,True,0.0377591496184942,3.7759149618494297,-6.553054917310201,-6.098104482656854,-5.867233482706529,-5.865096070028314,-6.553054917310201,True
2021-07-04,ETHUSDT,2226.99,2389.93,2189.58,2322.69,590656.25069,288,288,0.0015052393465661,0.0420750988364636,True,0.0387974141737066,3.879741417370666,-6.498803359162716,-6.553054917310201,-6.0353954941054315,-5.883803058604581,-6.498803359162716,True
2021-07-05,ETHUSDT,2322.69,2324.64,2157.32,2196.53,781806.31605,288,288,0.0026398943523852,-0.0558471543230117,True,0.0513799022224178,5.137990222241781,-5.937016380660564,-6.498803359162716,-6.118854260371381,-5.91453376805136,-5.937016380660564,True
2021-07-06,ETHUSDT,2196.85,2350.0,2193.0,2322.5,785330.17152,288,288,0.0027237635694895,0.0557653492730104,True,0.0521896883444382,5.218968834443823,-5.905740689803398,-5.937016380660564,-6.152699229458821,-5.905544701784638,-5.905740689803398,True
2021-07-07,ETHUSDT,2322.51,2409.0,2291.9,2316.57,666501.35572,288,288,0.001601859395035,-0.0025565482865489,True,0.0400232356892229,4.002323568922297,-6.436590202580475,-5.905740689803398,-6.198543965918747,-5.8780274582751995,-6.436590202580475,True
2021-07-08,ETHUSDT,2316.25,2325.6,2084.79,2116.33,880265.04124,288,288,0.0022856351513473,-0.0904041869515317,True,0.0478083167591935,4.780831675919356,-6.081111327682556,-6.436590202580475,-6.266241109903471,-5.877022916500215,-6.081111327682556,True
2021-07-09,ETHUSDT,2116.32,2189.4,2046.51,2146.99,738611.36304,288,288,0.0023299530323867,0.0143834047561706,True,0.0482695870335218,4.8269587033521875,-6.061907169381647,-6.081111327682556,-6.171852391977941,-5.861923084053789,-6.061907169381647,True
2021-07-10,ETHUSDT,2146.99,2194.82,2074.16,2110.69,499071.85904,288,288,0.0016210742929168,-0.0170519529754541,True,0.0402625668942863,4.026256689428634,-6.424666205744716,-6.061907169381647,-6.084473154021728,-5.84401977614265,-6.424666205744716,True
2021-07-11,ETHUSDT,2110.68,2174.0,2081.02,2140.45,342294.40302,288,288,0.0008562735502,0.014001179053285,True,0.0292621521799065,2.9262152179906553,-7.062920664882852,-6.424666205744716,-6.1820031190385585,-5.865552534371412,-7.062920664882852,True
2021-07-12,ETHUSDT,2140.54,2167.83,2006.68,2031.58,540630.10742,288,288,0.00117583033384,-0.0522022718628481,True,0.0342903825268839,3.4290382526883953,-6.745780713859767,-7.062920664882852,-6.41343911405445,-5.899369223332761,-6.745780713859767,True
2021-07-13,ETHUSDT,2031.57,2047.35,1918.0,1940.15,647388.24969,288,288,0.001651956238607,-0.0460485257650656,True,0.0406442645228952,4.064426452289529,-6.405795094181552,-6.745780713859767,-6.475277216310308,-5.93308310309455,-6.405795094181552,True
2021-07-14,ETHUSDT,1940.44,2019.18,1865.0,1994.58,690505.60937,288,288,0.0026391135401324,0.0276682121884019,True,0.0513723032395124,5.137230323951242,-5.937312198463603,-6.405795094181552,-6.540213969610106,-6.017168434176548,-5.937312198463603,True
2021-07-15,ETHUSDT,1994.41,2042.88,1881.0,1919.51,645271.32563,288,288,0.002583495708248,-0.0383635567270931,True,0.0508280995931197,5.082809959311971,-5.958611871454594,-5.937312198463603,-6.515294975426498,-6.074444597469412,-5.958611871454594,True
2021-07-16,ETHUSDT,1919.54,1965.0,1850.0,1876.26,577068.89724,288,288,0.0018879296667637,-0.0227895114036888,True,0.043450312619862,4.3450312619862,-6.272274464726194,-5.958611871454594,-6.422084108568474,-6.09937487452467,-6.272274464726194,True
2021-07-17,ETHUSDT,1876.47,1919.19,1844.45,1899.59,430300.51578,288,288,0.0012952593658598,0.0123576396813331,True,0.0359897119446636,3.5989711944663605,-6.649044321367282,-6.272274464726194,-6.263954868537142,-6.10955348268693,-6.649044321367282,True
2021-07-18,ETHUSDT,1899.5,1993.79,1877.1,1891.64,534837.63654,288,288,0.0014982579644539,-0.0041938957291169,True,0.0387073373464769,3.87073373464769,-6.5034522028023645,-6.649044321367282,-6.244607590038645,-6.1655192002060915,-6.5034522028023645,True
2021-07-19,ETHUSDT,1891.65,1919.0,1805.0,1818.73,547419.93771,288,288,0.0013599603867744,-0.0393057223700648,True,0.036877640743063,3.687764074306304,-6.6002997070301515,-6.5034522028023645,-6.264139011762808,-6.20843916284738,-6.6002997070301515,True
2021-07-20,ETHUSDT,1818.73,1841.34,1706.0,1786.03,786257.272,288,288,0.0023952913294159,-0.018143175687964,True,0.0489417135929668,4.894171359296688,-6.034250414842188,-6.6002997070301515,-6.396736513476117,-6.24411585930124,-6.034250414842188,True
2021-07-21,ETHUSDT,1786.03,2035.23,1747.55,1995.5,1115949.82033,288,288,0.0027881600173661,0.1108993658809875,True,0.0528030303805199,5.280303038051994,-5.882373392692836,-6.034250414842188,-6.411864222153636,-6.25875247541608,-5.882373392692836,True
2021-07-22,ETHUSDT,1995.5,2046.0,1947.62,2024.56,768854.3659,288,288,0.0021350333753993,0.0144577474916566,True,0.0462064213654268,4.620642136542682,-6.1492729999182085,-5.882373392692836,-6.333884007746964,-6.249700832909711,-6.1492729999182085,True
2021-07-23,ETHUSDT,2024.27,2130.9,1993.22,2124.25,708160.91322,288,288,0.0013658046609761,0.0480664059032067,True,0.0369567945170594,3.695679451705949,-6.596011528808681,-6.1492729999182085,-6.23392974345715,-6.26704089948675,-6.596011528808681,True
2021-07-24,ETHUSDT,2124.26,2199.5,2105.58,2184.75,633075.18592,288,288,0.0011461931739468,0.0280826066240026,True,0.0338554748001986,3.3855474800198606,-6.771309111241442,-6.596011528808681,-6.252441608658414,-6.308836105000609,-6.771309111241442,True
2021-07-25,ETHUSDT,2184.9,2197.41,2105.93,2189.79,535630.27,288,288,0.0011720483985646,0.0023042432941551,True,0.0342351923985342,3.4235192398534204,-6.749002292976376,-6.771309111241442,-6.286643489500671,-6.339436315390818,-6.749002292976376,True
2021-07-26,ETHUSDT,2189.82,2433.65,2171.57,2228.08,1393738.163,288,288,0.0050706134800796,0.0173345792434678,True,0.0712082402540581,7.120824025405814,-5.284293466711109,-6.749002292976376,-6.42959386512751,-6.348343014284734,-5.284293466711109,True
2021-07-27,ETHUSDT,2227.81,2319.26,2150.5,2299.49,906359.23478,288,288,0.0032614878169735,0.0315471311537757,True,0.0571094371971351,5.7109437197135104,-5.725571802141048,-5.284293466711109,-6.309977879931163,-6.293138019173298,-5.725571802141048,True
2021-07-28,ETHUSDT,2299.47,2345.0,2243.15,2300.9,718202.57727,288,288,0.0024955556620158,0.0006129915264357,True,0.0499555368504417,4.995553685044178,-5.9932438643481225,-5.725571802141048,-6.225237640375731,-6.283526901967866,-5.9932438643481225,True
2021-07-29,ETHUSDT,2300.9,2400.0,2266.12,2382.92,499364.83496,288,288,0.0009867809503581,0.0350262756809035,True,0.0314130697378992,3.1413069737899284,-6.9210624779561885,-5.9932438643481225,-6.104684107483619,-6.287504318992626,-6.9210624779561885,True
2021-07-30,ETHUSDT,2382.93,2471.7,2315.92,2461.81,762577.28797,288,288,0.0015806889708136,0.0325702253299598,True,0.0397578793550875,3.9757879355087526,-6.449894469511732,-6.9210624779561885,-6.134634780826569,-6.309525786055159,-6.449894469511732,True
2021-07-31,ETHUSDT,2461.77,2553.86,2420.68,2531.05,507601.05026,288,288,0.0011000210273506,0.0277373846511804,True,0.0331665649012772,3.316656490127729,-6.812425983587244,-6.449894469511732,-6.07481321613364,-6.326288656138303,-6.812425983587244,True
2021-08-01,ETHUSDT,2531.1,2697.61,2511.24,2555.69,853495.94078,288,288,0.0023856216550845,0.0096880094994025,True,0.0488428260349926,4.88428260349927,-6.038295536578627,-6.812425983587244,-6.380439719508867,-6.360403147693102,-6.038295536578627,True
2021-08-02,ETHUSDT,2555.5,2666.0,2507.0,2606.93,726701.84952,288,288,0.0018890984137038,0.019851037899738,True,0.043463759774136,4.3463759774136035,-6.2716555935118405,-6.038295536578627,-6.442984466396384,-6.3428408445491895,-6.2716555935118405,True
2021-08-03,ETHUSDT,2606.92,2632.44,2442.32,2509.04,792960.84375,288,288,0.0026268951025817,-0.0382730739407118,True,0.0512532448005171,5.125324480051717,-5.941952699573998,-6.2716555935118405,-6.498666812229127,-6.306874250395961,-5.941952699573998,True
2021-08-04,ETHUSDT,2508.51,2772.71,2457.68,2724.78,954590.7536,288,288,0.0021016369295547,0.0824874810472718,True,0.0458436138361139,4.584361383611396,-6.165038747633371,-5.941952699573998,-6.302844856552688,-6.270336613382971,-6.165038747633371,True
2021-08-05,ETHUSDT,2724.55,2843.98,2529.91,2826.99,1307720.20654,288,288,0.0048092998414645,0.0368248504753924,True,0.069349115650198,6.934911565019805,-5.337203768564898,-6.165038747633371,-6.2458737121770165,-6.259393143085328,-5.337203768564898,True
2021-08-06,ETHUSDT,2827.01,2946.75,2720.06,2891.58,825399.48637,288,288,0.0020052111337571,0.0225905241476289,True,0.044779583894417,4.477958389441707,-6.21200592014814,-5.337203768564898,-5.950829269172547,-6.232115487180841,-6.21200592014814,True
2021-08-07,ETHUSDT,2891.54,3171.0,2865.5,3160.31,1205277.10095,288,288,0.003083219709233,0.0888670585189158,True,0.0555267476918381,5.552674769183814,-5.781780867864497,-6.21200592014814,-5.9855713458864495,-6.243633398485093,-5.781780867864497,True
2021-08-08,ETHUSDT,3160.48,3189.99,2949.03,3011.85,966349.70579,288,288,0.002656620876433,-0.0481156161522955,True,0.0515424182245366,5.154241822453664,-5.930700310969186,-5.781780867864497,-5.887596400756982,-6.221338234991379,-5.930700310969186,True
2021-08-09,ETHUSDT,3011.84,3186.0,2893.23,3160.52,1129584.61614,288,288,0.0028314875962283,0.0481820631221007,True,0.0532117242365663,5.3211724236566305,-5.866953053056315,-5.930700310969186,-5.885345923036018,-6.188686234518738,-5.866953053056315,True
2021-08-10,ETHUSDT,3160.51,3233.0,3051.22,3141.66,880675.74443,288,288,0.0024183111930371,-0.0059852483750379,True,0.0491763275676123,4.917632756761239,-6.024685836543972,-5.866953053056315,-5.825728784120607,-6.159754454984827,-6.024685836543972,True
2021-08-11,ETHUSDT,3141.14,3274.0,3120.27,3160.5,732546.60433,288,288,0.0015348082264266,0.0059789202824176,True,0.0391766285740189,3.917662857401897,-6.479349839671908,-6.024685836543972,-5.963225197716422,-6.133590188144546,-6.479349839671908,True
2021-08-12,ETHUSDT,3160.4,3239.0,2979.29,3045.96,737628.45808,288,288,0.0020650736364549,-0.0369141205198334,True,0.0454430812825777,4.544308128257779,-6.182589393904725,-6.479349839671908,-6.0166939816211755,-6.153821980182261,-6.182589393904725,True
2021-08-13,ETHUSDT,3046.11,3327.83,3033.8,3322.32,579333.4032299999,234,233,,,False,,,,-6.182589393904725,-6.096855686829221,-6.1674681620555285,,False
2021-08-14,ETHUSDT,3322.33,3330.98,3200.0,3263.16,486102.53787,288,288,0.0012142733470871,-0.0179672830257176,True,0.0348464251694086,3.4846425169408612,-6.713609449344845,,,,-6.713609449344845,False
2021-08-15,ETHUSDT,3263.16,3320.0,3111.13,3307.09,565579.67765,288,288,0.0012716523261445,0.0133725975880882,True,0.0356602345217263,3.5660234521726375,-6.667438179928001,-6.713609449344845,,,-6.667438179928001,False
2021-08-16,ETHUSDT,3307.35,3335.0,3135.22,3146.53,635667.05422,288,288,0.0013284416246044,-0.0497683902851185,True,0.0364477931376433,3.644779313764336,-6.623748734562049,-6.667438179928001,,,-6.623748734562049,False
2021-08-17,ETHUSDT,3147.18,3290.0,2991.89,3011.72,804996.06971,288,288,0.0022978752783521,-0.0437889142136292,True,0.0479361583603878,4.793615836038783,-6.075770375026676,-6.623748734562049,,,-6.075770375026676,False
2021-08-18,ETHUSDT,3011.73,3125.81,2950.0,3014.55,625103.25568,288,288,0.0022609399188969,0.000939221179283,True,0.0475493419396831,4.754934193968313,-6.0919746588403845,-6.075770375026676,,,-6.0919746588403845,False
2021-08-19,ETHUSDT,3014.18,3188.0,2958.33,3184.12,634769.92174,288,288,0.0016656312068544,0.054725390405798,True,0.0408121453351133,4.081214533511331,-6.397551124175342,-6.0919746588403845,-6.434508279540391,,-6.397551124175342,False
2021-08-20,ETHUSDT,3184.11,3300.0,3177.16,3284.82,558127.4554,288,288,0.0011500369090314,0.0311359002005934,True,0.0339121941052389,3.391219410523895,-6.767961242312093,-6.397551124175342,-6.371296614506491,,-6.767961242312093,False
2021-08-21,ETHUSDT,3284.81,3309.16,3207.0,3223.43,421156.09084,288,288,0.0008253233083827,-0.0188658459086007,True,0.0287284407579451,2.87284407579451,-7.0997353594492845,-6.767961242312093,-6.391401226983309,,-7.0997353594492845,False
2021-08-22,ETHUSDT,3223.36,3272.0,3126.42,3238.0,406479.07654,288,288,0.00098323360621,0.0045098452492931,True,0.0313565560323524,3.1356556032352434,-6.924663819855171,-7.0997353594492845,-6.486598551960756,,-6.924663819855171,False
2021-08-23,ETHUSDT,3238.0,3377.89,3230.02,3321.28,602103.44614,288,288,0.001028594262377,0.0253943955393432,True,0.0320717050120052,3.2071705012005283,-6.8795622027286525,-6.924663819855171,-6.656377240926455,,-6.8795622027286525,False
2021-08-24,ETHUSDT,3321.28,3357.85,3147.31,3170.62,540480.0785299999,288,288,0.0012744323107791,-0.0464230984333611,True,0.0356991920185751,3.569919201857518,-6.6652544459711445,-6.8795622027286525,-6.813894749704109,,-6.6652544459711445,False
2021-08-25,ETHUSDT,3170.63,3248.0,3080.0,3226.87,483697.69444,288,288,0.0015147543887614,0.0175854748024171,True,0.038919845692929,3.891984569292908,-6.492501972793051,-6.6652544459711445,-6.8674354140632685,,-6.492501972793051,False
2021-08-26,ETHUSDT,3226.88,3250.0,3053.3,3093.2,442298.47372,288,288,0.0018951317723444,-0.0423064734110993,True,0.0435331112182951,4.353311121829517,-6.268466906008119,-6.492501972793051,-6.81234356015946,,-6.268466906008119,False
2021-08-27,ETHUSDT,3093.06,3280.0,3060.18,3273.45,451027.80711,288,288,0.0011598405829057,0.0566383208582383,True,0.034056432327914,3.4056432327914012,-6.759472711837598,-6.268466906008119,-6.646089869471228,,-6.759472711837598,False
2021-08-28,ETHUSDT,3273.89,3287.0,3210.31,3244.48,262360.34921,288,288,0.0004626121181689,-0.0088893838289017,True,0.0215084197041291,2.150841970412917,-7.678621612727722,-6.759472711837598,-6.613051647867714,,-7.678621612727722,False
2021-08-29,ETHUSDT,3244.75,3285.0,3152.34,3223.47,335806.7827,288,288,0.0008448049028336,-0.0064966717111036,True,0.0290655277404984,2.906552774049844,-7.076404841485557,-7.678621612727722,-6.772863529867527,,-7.076404841485557,False
2021-08-30,ETHUSDT,3223.47,3347.95,3143.0,3229.64,625347.27541,288,288,0.0012538448545227,0.0019122568436507,True,0.0354096717652497,3.5409671765249784,-6.681540564901733,-7.076404841485557,-6.855093608970409,,-6.681540564901733,False
2021-08-31,ETHUSDT,3229.14,3476.0,3188.77,3429.2,863071.13092,288,288,0.0020121277234077,0.0599563219078408,True,0.0448567466877359,4.485674668773599,-6.20856254794053,-6.681540564901733,-6.892901327392146,,-6.20856254794053,False
2021-09-01,ETHUSDT,3429.19,3842.0,3382.22,3826.82,845759.95868,288,288,0.0018892458071673,0.109707173284491,True,0.0434654553314164,4.346545533141647,-6.271577573376587,-6.20856254794053,-6.880920455778627,,-6.271577573376587,False
2021-09-02,ETHUSDT,3826.82,3836.8,3717.04,3785.82,525165.7996,288,288,0.0012942936198387,-0.0107716630316714,True,0.0359762924693302,3.597629246933029,-6.649790199958071,-6.271577573376587,-6.783341428086426,,-6.649790199958071,False
2021-09-03,ETHUSDT,3785.82,4027.88,3705.05,3938.11,655903.75739,288,288,0.001540796829446,0.0394384047124278,True,0.0392529849749811,3.925298497498119,-6.475455574654877,-6.649790199958071,-6.577575145532495,,-6.475455574654877,False
2021-09-04,ETHUSDT,3938.11,3970.0,3832.5,3885.52,364478.1193,288,288,0.0007348106714333,-0.0134440897911135,True,0.0271073914538706,2.7107391453870684,-7.215897681820077,-6.475455574654877,-6.45738529216636,,-7.215897681820077,False
2021-09-05,ETHUSDT,3885.61,3980.0,3830.0,3950.29,365759.8597,288,288,0.0006299188548847,0.0165321709430048,True,0.0250981842945801,2.5098184294580124,-7.369919548644674,-7.215897681820077,-6.5642567155500275,-6.667525535440799,-7.369919548644674,True
2021-09-06,ETHUSDT,3950.28,3970.0,3864.3,3926.77,397768.5783,288,288,0.0005266306594146,-0.0059717889410503,True,0.0229484347922605,2.2948434792260595,-7.54901109114871,-7.369919548644674,-6.796528115690856,-6.697357812681701,-7.54901109114871,True
2021-09-07,ETHUSDT,3926.67,3947.15,3005.0,3434.57,1203536.00209,288,288,0.0372369871816587,-0.1339254691106615,True,0.1929688761993984,19.29688761993984,-3.29045273259423,-7.54901109114871,-7.052014819245281,-6.737429308646278,-3.29045273259423,True
2021-09-08,ETHUSDT,3434.84,3560.0,3215.16,3499.0,780611.7657,288,288,0.0049618767955054,0.0185854774976622,True,0.0704405905391589,7.044059053915891,-5.305971223624697,-3.29045273259423,-6.380147325772514,-6.585915854011376,-5.305971223624697,True
2021-09-09,ETHUSDT,3499.01,3567.06,3390.4,3424.93,628553.8831,288,288,0.0027006012386833,-0.0213961798364263,True,0.0519673093269547,5.196730932695472,-5.9142808497677715,-5.305971223624697,-6.146250455566478,-6.550924983493105,-5.9142808497677715,True
2021-09-10,ETHUSDT,3424.94,3514.11,3150.0,3208.86,633026.2659,288,288,0.0024691814227195,-0.0651652996713282,True,0.0496908585427901,4.969085854279016,-6.0038685910758245,-5.9142808497677715,-5.8859270891560165,-6.542847992171622,-6.0038685910758245,True
2021-09-11,ETHUSDT,3208.85,3348.37,3200.0,3267.21,413524.1761,288,288,0.0016079852176738,0.0180206758305067,True,0.040099690992249,4.0099690992249,-6.432773301256549,-6.0038685910758245,-5.612716897642247,-6.5249533315761905,-6.432773301256549,True
2021-09-12,ETHUSDT,3267.1,3474.16,3231.1,3404.21,408858.9595,288,288,0.001861318764349,0.0410764912268508,True,0.0431430036546951,4.31430036546951,-6.286470029397205,-6.432773301256549,-5.3894693396638145,-6.509717516073664,-6.286470029397205,True
2021-09-13,ETHUSDT,3404.3,3430.3,3108.49,3285.35,647855.7199,288,288,0.0047744676027353,-0.0355397097730216,True,0.0690975224066341,6.909752240663411,-5.344472808075036,-6.286470029397205,-5.9886727990244095,-6.472750910162206,-5.344472808075036,True
2021-09-14,ETHUSDT,3285.09,3437.05,3269.95,3434.37,373634.9026,288,288,0.0015631825469191,0.044360311577683,True,0.0395371034209529,3.9537103420952993,-6.461031441707954,-5.344472808075036,-5.996373115914477,-6.400924045990382,-6.461031441707954,True
2021-09-15,ETHUSDT,3434.37,3616.16,3357.78,3613.55,428507.5278,288,288,0.0010500028276445,0.0508571659054891,True,0.032403747123513,3.2403747123513007,-6.85896242182157,-6.461031441707954,-6.105723234302514,-6.381899920489443,-6.85896242182157,True
2021-09-16,ETHUSDT,3613.55,3676.28,3481.14,3567.98,467985.4919,288,288,0.0018705435784188,-0.0126910593244209,True,0.0432497812528436,4.324978125284369,-6.281526206709531,-6.85896242182157,-6.276742000451662,-6.390704828482643,-6.281526206709531,True
2021-09-17,ETHUSDT,3567.97,3594.17,3350.07,3399.81,398888.3705,288,288,0.0015670838482783,-0.0482800616131893,True,0.0395864098937793,3.958640989377936,-6.458538808247009,-6.281526206709531,-6.24649258154226,-6.381115020933393,-6.458538808247009,True
2021-09-18,ETHUSDT,3399.89,3541.96,3368.88,3435.64,315162.7627,288,288,0.0011753689056092,0.010483677933387,True,0.0342836536210669,3.4283653621066925,-6.7461732184412435,-6.458538808247009,-6.28090633731222,-6.389754652853341,-6.7461732184412435,True
2021-09-19,ETHUSDT,3435.64,3456.53,3277.74,3328.62,312948.0013,288,288,0.0011142687461764,-0.0316454219565313,True,0.0333806642560703,3.3380664256070385,-6.799556922248258,-6.7461732184412435,-6.56124641938546,-6.389150130426234,-6.799556922248258,True
2021-09-20,ETHUSDT,3328.57,3347.82,2913.39,2977.28,917939.57849,288,288,0.0054341804777915,-0.1115476716565555,True,0.0737168941138429,7.371689411384297,-5.215046555833246,-6.799556922248258,-6.628951515493523,-6.34919264449535,-5.215046555833246,True
2021-09-21,ETHUSDT,2977.32,3105.83,2652.0,2765.9,971519.88941,288,288,0.0085461170479904,-0.0736440527289281,True,0.0924452110603381,9.24452110603381,-4.762278245623064,-5.215046555833246,-6.300168342295858,-6.264585449692973,-4.762278245623064,True
2021-09-22,ETHUSDT,2766.72,3088.88,2737.54,3076.92,677457.64825,288,288,0.0036632416194653,0.1065630173528281,True,0.0605247190779552,6.052471907795522,-5.60940683518088,-4.762278245623064,-5.996318750078563,-6.177346253362123,-5.60940683518088,True
2021-09-23,ETHUSDT,3076.92,3174.5,3033.85,3152.5,459293.8858,288,288,0.001788933041411,0.0242666922050382,True,0.0422957804208772,4.229578042087721,-6.326135903098423,-5.60940683518088,-5.826492355465339,-6.15011190278214,-6.326135903098423,True
2021-09-24,ETHUSDT,3152.41,3158.52,2733.0,2928.53,932090.8856,288,288,0.0044960527633649,-0.0736951982094104,True,0.0670526119056144,6.705261190561447,-5.404555430835743,-6.326135903098423,-5.742484892396774,-6.152591826860404,-5.404555430835743,True
2021-09-25,ETHUSDT,2928.22,2967.52,2801.57,2921.73,491974.0226,288,288,0.0037474743553654,-0.0023246840524531,True,0.0612166182940996,6.121661829409961,-5.58667317114225,-5.404555430835743,-5.463484594114272,-6.095990246445754,-5.58667317114225,True
2021-09-26,ETHUSDT,2921.84,3115.51,2738.17,3059.37,703594.478,288,288,0.0040442450368179,0.0460331058195969,True,0.0635943789718709,6.35943789718709,-5.510460386974634,-5.58667317114225,-5.537809917176072,-6.0555910462860885,-5.510460386974634,True
2021-09-27,ETHUSDT,3059.36,3164.94,2922.71,2925.59,510130.7319,288,288,0.0026286321982757,-0.0447128426697457,True,0.0512701882020709,5.127018820207098,-5.941291644780515,-5.510460386974634,-5.687446345446386,-5.978071169247659,-5.941291644780515,True
2021-09-28,ETHUSDT,2924.76,2970.82,2789.0,2804.91,511325.4643,288,288,0.0030032320129351,-0.042124716846513,True,0.0548017519148353,5.480175191483535,-5.808066232580725,-5.941291644780515,-5.753823307366313,-5.913133537253834,-5.808066232580725,True
2021-09-29,ETHUSDT,2805.15,2950.0,2782.0,2850.45,411305.0893,264,263,,,False,,,,-5.808066232580725,-5.650209373262773,-5.833999680046198,,False
2021-09-30,ETHUSDT,2850.45,3048.42,2837.19,3000.61,506896.7612,288,288,0.0020085524209559,0.051338724778685,True,0.0448168765194087,4.481687651940872,-6.210341004950683,,,,-6.210341004950683,False
2021-10-01,ETHUSDT,3000.62,3330.0,2969.07,3309.91,648714.6151,288,288,0.0020376135231986,0.0981053973549593,True,0.0451399326893458,4.513993268934586,-6.195975997494097,-6.210341004950683,,,-6.195975997494097,False
2021-10-02,ETHUSDT,3309.91,3469.0,3257.0,3387.76,422551.1811,288,288,0.0013758447899397,0.0232479373410235,True,0.0370923818315808,3.709238183158087,-6.588687343842098,-6.195975997494097,,,-6.588687343842098,False
2021-10-03,ETHUSDT,3387.77,3488.0,3342.51,3417.73,360586.8905,288,288,0.0011330439380336,0.0088076519817519,True,0.0336607180261149,3.3660718026114984,-6.782847517429068,-6.588687343842098,,,-6.782847517429068,False
2021-10-04,ETHUSDT,3417.73,3437.19,3270.0,3386.31,485204.642,288,288,0.001882446889469,-0.0092357550341685,True,0.0433871742507978,4.338717425079781,-6.275182811453685,-6.782847517429068,,,-6.275182811453685,False
2021-10-05,ETHUSDT,3386.31,3545.0,3363.78,3515.27,393900.8818,288,288,0.0008559408353254,0.0373755029927861,True,0.0292564665557118,2.9256466555711853,-7.0633093018217785,-6.275182811453685,-6.410606935033925,,-7.0633093018217785,False
2021-10-06,ETHUSDT,3515.48,3632.11,3342.0,3574.89,618265.5402,288,288,0.0018944679273492,0.0168180704734477,True,0.0435254859519026,4.352548595190264,-6.2688172569974565,-7.0633093018217785,-6.581200594408145,,-6.2688172569974565,False
2021-10-07,ETHUSDT,3574.88,3653.98,3470.8,3587.47,486102.3591,288,288,0.0016068432869215,0.0035128122396177,True,0.0400854498156318,4.008544981563186,-6.433483716010365,-6.2688172569974565,-6.595768846308817,,-6.433483716010365,False
2021-10-08,ETHUSDT,3587.47,3695.0,3532.0,3563.13,403597.1437,288,288,0.0010539354645257,-0.0068078466161272,True,0.0324643722336611,3.246437223366119,-6.855224059840296,-6.433483716010365,-6.56472812074247,,-6.855224059840296,False
2021-10-09,ETHUSDT,3563.13,3635.0,3538.07,3574.82,361906.7514,288,288,0.00058034564916,0.0032754531627244,True,0.0240903642388405,2.409036423884052,-7.451886685102014,-6.855224059840296,-6.579203429224717,,-7.451886685102014,False
2021-10-10,ETHUSDT,3574.83,3604.0,3405.0,3414.22,580223.6302,288,288,0.001337126284738,-0.0459657623930324,True,0.0365667374089905,3.6566737408990586,-6.617232531517276,-7.451886685102014,-6.814544203954382,,-6.617232531517276,False
2021-10-11,ETHUSDT,3414.22,3623.8,3371.0,3542.12,493521.882,288,288,0.0015577935680856,0.0367763551160658,True,0.0394688936769913,3.946889367699137,-6.464484838331731,-6.617232531517276,-6.725328849893481,,-6.464484838331731,False
2021-10-12,ETHUSDT,3542.12,3547.11,3403.21,3491.46,409377.1918,288,288,0.0015814316681192,-0.0144054311068422,True,0.0397672185112211,3.9767218511221105,-6.449424723158533,-6.464484838331731,-6.764462366160336,,-6.449424723158533,False
2021-10-13,ETHUSDT,3491.43,3613.0,3412.7,3607.42,393463.1222,288,288,0.0012802660764589,0.0326728485535938,True,0.0357808059783305,3.5780805978330545,-6.6606873504195345,-6.449424723158533,-6.76765056758997,,-6.6606873504195345,False
2021-10-14,ETHUSDT,3607.41,3824.0,3586.04,3790.82,481894.1473,288,288,0.0012023860461505,0.0495895191333659,True,0.0346754386583719,3.467543865837196,-6.723447324590769,-6.6606873504195345,-6.728743225705817,,-6.723447324590769,False
2021-10-15,ETHUSDT,3790.82,3907.77,3734.1,3868.99,504321.732,288,288,0.0011061725325531,0.0204111365366535,True,0.0332591721567615,3.3259172156761574,-6.806849391164788,-6.723447324590769,-6.583055353603568,,-6.806849391164788,False
2021-10-16,ETHUSDT,3868.38,3971.0,3803.56,3829.96,373727.8549,288,288,0.0008693600314348,-0.0101391317940527,True,0.0294849119285581,2.9484911928558155,-7.047753213051125,-6.806849391164788,-6.620978725533071,,-7.047753213051125,False
2021-10-17,ETHUSDT,3829.96,3919.19,3640.0,3846.85,368898.9831,288,288,0.0011381602307426,0.0044002723142989,True,0.033736630399947,3.373663039994703,-6.778342152888375,-7.047753213051125,-6.73763240047695,,-6.778342152888375,False
2021-10-18,ETHUSDT,3847.0,3893.14,3676.0,3744.96,401819.9734,288,288,0.0015226022161472,-0.0268436955838208,True,0.0390205358259879,3.902053582598792,-6.487334423591316,-6.778342152888375,-6.803415886422918,,-6.487334423591316,False
2021-10-19,ETHUSDT,3744.96,3886.89,3732.0,3877.03,341268.3723,288,288,0.0011094550044458,0.0346584605962972,True,0.0333084824698734,3.330848246987349,-6.803886371217239,-6.487334423591316,-6.768745301057274,,-6.803886371217239,False
2021-10-20,ETHUSDT,3876.98,4169.0,3828.05,4161.15,537383.0973200001,288,288,0.0009406239515233,0.0707220817771673,True,0.0306695932728709,3.0669593272870928,-6.9689671246872695,-6.803886371217239,-6.784833110382569,,-6.9689671246872695,False
2021-10-21,ETHUSDT,4161.37,4375.0,4013.13,4052.99,798566.55805,288,288,0.0039334475248845,-0.0263365980427674,True,0.0627172027826862,6.2717202782686226,-5.5382390048497445,-6.9689671246872695,-6.817256657087064,,-5.5382390048497445,False
2021-10-22,ETHUSDT,4053.0,4167.41,3888.0,3972.2,463222.5428,288,288,0.0012984570829759,-0.0201347829524074,True,0.0360341099928385,3.603410999283853,-6.646578578639173,-5.5382390048497445,-6.515353815446789,-6.612382006564056,-6.646578578639173,True
2021-10-23,ETHUSDT,3972.19,4172.0,3937.51,4167.12,326576.9601,288,288,0.0009228343646243,0.0479050523393002,True,0.0303781889622206,3.0378188962220674,-6.988060792843203,-6.646578578639173,-6.489001100596949,-6.6322109871862605,-6.988060792843203,True
2021-10-24,ETHUSDT,4167.13,4186.57,3961.5,4082.33,350115.8386,288,288,0.000884186750172,-0.0205572458776452,True,0.0297352778727906,2.9735277872790684,-7.030842261787327,-6.988060792843203,-6.589146374447326,-6.668214841520311,-7.030842261787327,True
2021-10-25,ETHUSDT,4082.33,4236.0,4067.71,4220.37,347438.6534,288,288,0.0006309724383547,0.0332548980853615,True,0.0251191647622841,2.5119164762284107,-7.368248375688124,-7.030842261787327,-6.634537552561343,-6.688312792336003,-7.368248375688124,True
2021-10-26,ETHUSDT,4220.36,4297.0,4090.21,4131.52,414498.1599,288,288,0.0010388138571423,-0.021277423925354,True,0.0322306353822317,3.2230635382231796,-6.8696757386975555,-7.368248375688124,-6.714393802761515,-6.714921922256869,-6.8696757386975555,True
2021-10-27,ETHUSDT,4131.52,4307.0,3909.0,3922.0,704604.25,288,288,0.0033979306848453,-0.0520436502300628,True,0.058291772016686,5.829177201668605,-5.684588654749961,-6.8696757386975555,-6.980681149531077,-6.741944328040682,-5.684588654749961,True
2021-10-28,ETHUSDT,3921.99,4295.0,3890.17,4286.02,626378.5055,288,288,0.0018754268815986,0.0887568356219194,True,0.0433061991128133,4.33061991128134,-6.278918975286767,-5.684588654749961,-6.788283164753234,-6.679275207719235,-6.278918975286767,True
2021-10-29,ETHUSDT,4286.01,4460.47,4265.97,4418.89,559231.07691,288,288,0.0014100317799647,0.0305299699330894,True,0.0375503898776669,3.7550389877666985,-6.564143035864002,-6.278918975286767,-6.646454801241947,-6.6797343767323865,-6.564143035864002,True
2021-10-30,ETHUSDT,4418.89,4434.06,4232.2,4322.68,340223.069,288,288,0.0007635317371205,-0.0220129530529221,True,0.0276320780456436,2.7632078045643653,-7.177555866231724,-6.564143035864002,-6.553114956057281,-6.685673436725733,-7.177555866231724,True
2021-10-31,ETHUSDT,4322.68,4399.14,4164.35,4287.21,412856.2893,288,288,0.0009931600543608,-0.0082394085557325,True,0.0315144419966599,3.1514441996659945,-6.914618724268353,-7.177555866231724,-6.514976454166002,-6.700324882470798,-6.914618724268353,True
2021-11-01,ETHUSDT,4287.48,4386.58,4146.3,4319.43,417620.6179,288,288,0.0013256403061092,0.0074872773856336,True,0.0364093436649068,3.6409343664906806,-6.625859686377841,-6.914618724268353,-6.523965051280162,-6.675903611523813,-6.625859686377841,True
2021-11-02,ETHUSDT,4319.43,4599.6,4284.43,4589.89,468184.79301,288,288,0.0009531735299714,0.0607326095375331,True,0.0308735085465097,3.087350854650978,-6.955713582773403,-6.625859686377841,-6.712219257605737,-6.676295754926565,-6.955713582773403,True
2021-11-03,ETHUSDT,4589.68,4665.87,4455.0,4603.35,448658.35125,288,288,0.000995264586298,0.0029282406676717,True,0.0315478142871748,3.1547814287174876,-6.912501940277655,-6.955713582773403,-6.847578179103064,-6.698624334219369,-6.912501940277655,True
2021-11-04,ETHUSDT,4603.35,4606.65,4420.08,4532.32,368218.25695,288,288,0.0009024304537765,-0.0155503496356349,True,0.0300404802520948,3.0040480252094865,-7.0104189302539,-6.912501940277655,-6.917249959985796,-6.719673298633875,-7.0104189302539,True
2021-11-05,ETHUSDT,4532.31,4570.05,4438.8,4474.24,305651.7244,288,288,0.0006779466648644,-0.0128974447742808,True,0.0260374089506708,2.6037408950670846,-7.296441938509903,-7.0104189302539,-6.88382257279023,-6.735570188626346,-7.296441938509903,True
2021-11-06,ETHUSDT,4474.24,4530.0,4326.17,4518.0,322154.0973,288,288,0.0007082202785628,0.0097329131443822,True,0.0266124083570595,2.661240835705957,-7.252755384747248,-7.296441938509903,-6.960187215638541,-6.761615398349943,-7.252755384747248,True
2021-11-07,ETHUSDT,4518.0,4637.98,4502.37,4612.59,243596.5952,288,288,0.0004276005836975,0.020720103325597,True,0.020678505354535,2.0678505354535,-7.757321013759357,-7.252755384747248,-7.085566355312421,-6.78188385260369,-7.757321013759357,True
2021-11-08,ETHUSDT,4612.59,4822.97,4612.0,4807.98,391102.31806,288,288,0.0005809900470017,0.0414875161190704,True,0.0241037351255299,2.410373512552998,-7.4507769320651205,-7.757321013759357,-7.245887841509612,-6.814136934454066,-7.4507769320651205,True
2021-11-09,ETHUSDT,4807.98,4838.28,4713.89,4732.33,311267.57998,288,288,0.0006480787856633,-0.0158593558515619,True,0.02545739157226,2.545739157226005,-7.341498286188856,-7.4507769320651205,-7.353542839867106,-6.844702151689372,-7.341498286188856,True
2021-11-10,ETHUSDT,4732.33,4868.0,4461.93,4628.78,553596.99163,288,288,0.0028030129562849,-0.0221243471827993,True,0.0529434883275078,5.294348832750786,-5.877060384518018,-7.341498286188856,-7.419758711054096,-6.883527781807444,-5.877060384518018,True
2021-11-11,ETHUSDT,4628.68,4779.0,4576.47,4719.0,303688.9765,288,288,0.0008928314159417,0.0193035782881332,True,0.0298802847366242,2.988028473662422,-7.021112778849572,-5.877060384518018,-7.13588240025572,-6.841399327866568,-7.021112778849572,True
2021-11-12,ETHUSDT,4719.0,4809.71,4507.85,4665.46,461580.0415,288,288,0.0015717793168469,-0.0114104766610284,True,0.0396456721073934,3.96456721073934,-6.455546978515012,-7.021112778849572,-7.089553879076185,-6.843769584873946,-6.455546978515012,True
2021-11-13,ETHUSDT,4665.47,4707.6,4584.08,4644.28,220720.6611,288,288,0.0006481567671676,-0.0045500812141277,True,0.0254589231344852,2.545892313448528,-7.341377966229689,-6.455546978515012,-6.829199072027315,-6.88546540185873,-7.341377966229689,True
2021-11-14,ETHUSDT,4644.27,4696.05,4514.12,4626.5,245309.0674,288,288,0.0005609532544492,-0.003835712162145,True,0.0236844517447469,2.368445174474693,-7.485872981315827,-7.341377966229689,-6.80731927886023,-6.917047192203754,-7.485872981315827,True
2021-11-15,ETHUSDT,4626.5,4772.01,4540.0,4563.78,375421.6601,288,288,0.000763503557492,-0.0136494151993485,True,0.0276315681330618,2.763156813306181,-7.177592773863921,-7.485872981315827,-6.836194217885622,-6.93967501895251,-7.177592773863921,True
2021-11-16,ETHUSDT,4563.77,4563.77,4103.0,4209.76,735857.063,288,288,0.0033025222444107,-0.0807455885641671,True,0.0574675755918998,5.746757559189989,-5.713068785962711,-7.177592773863921,-7.096300695754803,-6.946345496774174,-5.713068785962711,True
2021-11-17,ETHUSDT,4209.59,4299.91,4063.48,4287.8,472852.1842,288,288,0.0025109209057578,0.0183681419462625,True,0.0501090900511858,5.010909005118582,-5.987105698403632,-5.713068785962711,-6.834691897177431,-6.871110060877563,-5.987105698403632,True
2021-11-18,ETHUSDT,4288.07,4344.81,3956.44,3996.9,576945.1837,288,288,0.0025815292843556,-0.0702547202375556,True,0.0508087520448558,5.08087520448558,-5.959373309778794,-5.987105698403632,-6.741003641155156,-6.830993240864203,-5.959373309778794,True
2021-11-19,ETHUSDT,3996.9,4308.97,3973.01,4294.76,420045.0897,288,288,0.0013603010742835,0.0718766142938062,True,0.0368822596146648,3.688225961466481,-6.600049225585071,-5.959373309778794,-6.464602709864977,-6.843483452456424,-6.600049225585071,True
2021-11-20,ETHUSDT,4294.75,4435.88,4199.86,4412.17,365584.578,288,288,0.0009958073530078,0.0269709569813312,True,0.0315564154017499,3.155641540174995,-6.911956739762767,-6.600049225585071,-6.287437958718826,-6.858080282015436,-6.911956739762767,True
2021-11-21,ETHUSDT,4412.17,4451.0,4242.41,4258.31,340206.3203,288,288,0.0010506904773279,-0.0354942639726853,True,0.0324143560375327,3.241435603753273,-6.858307733480026,-6.911956739762767,-6.234310751898595,-6.873889995829018,-6.858307733480026,True
2021-11-22,ETHUSDT,4259.7,4320.0,4022.74,4085.97,518501.3338,288,288,0.0025606748864612,-0.0413132137300205,True,0.0506031114306348,5.060311143063488,-5.96748442771039,-6.858307733480026,-6.463358541402057,-6.859378717067576,-5.96748442771039,True
2021-11-23,ETHUSDT,4086.28,4385.59,4059.62,4339.44,502811.7902,288,288,0.0021213405090616,0.0601861533043012,True,0.0460580124306473,4.605801243064738,-6.155707074530396,-5.96748442771039,-6.4594342872634085,-6.816327158133124,-6.155707074530396,True
2021-11-24,ETHUSDT,4339.45,4373.94,4167.65,4269.36,448727.0306,288,288,0.0016000558677302,-0.0162813744258844,True,0.0400006983405319,4.000069834053192,-6.437716733014622,-6.155707074530396,-6.49870104021373,-6.794956584867331,-6.437716733014622,True
2021-11-25,ETHUSDT,4270.1,4550.0,4248.27,4524.85,445868.2434,288,288,0.0008780974153639,0.0581204943281866,True,0.029632708539111,2.9632708539111077,-7.037753019044292,-6.437716733014622,-6.46623454169964,-6.7714112735146585,-7.037753019044292,True
2021-11-26,ETHUSDT,4524.48,4551.0,3913.0,4041.2,720245.1612,288,288,0.003730075238624,-0.113042749859733,True,0.0610743419008671,6.10743419008671,-5.59132687431698,-7.037753019044292,-6.491393797555945,-6.777104504367688,-5.59132687431698,True
2021-11-27,ETHUSDT,4041.2,4183.66,4028.34,4095.29,275326.5202,288,288,0.0012229101459689,0.0132958552969297,True,0.0349701321983343,3.4970132198334385,-6.7065218951569525,-5.59132687431698,-6.237997625723336,-6.712600320006919,-6.7065218951569525,True
2021-11-28,ETHUSDT,4095.29,4298.51,3964.0,4294.78,346471.3551,288,288,0.0017707297163494,0.0475627989043675,True,0.0420800394052746,4.208003940527467,-6.3363635482320095,-6.7065218951569525,-6.385805119212648,-6.685785772581784,-6.3363635482320095,True
2021-11-29,ETHUSDT,4294.77,4458.92,4276.89,4444.53,406881.2284,288,288,0.0011730625531614,0.0342737948196983,True,0.0342500007760802,3.425000077608021,-6.748137383229334,-6.3363635482320095,-6.421936413952972,-6.644131598194729,-6.748137383229334,True
2021-11-30,ETHUSDT,4444.54,4753.0,4346.36,4630.26,743024.4662,288,288,0.0025282417583784,0.0409388954366037,True,0.0502816244604174,5.028162446041744,-5.980231175000063,-6.748137383229334,-6.484020543995913,-6.598259614988819,-5.980231175000063,True
2021-12-01,ETHUSDT,4630.25,4778.75,4523.99,4582.95,508198.3105,288,288,0.0018204941259961,-0.0102701264459237,True,0.0426672488683786,4.266724886837864,-6.308647316942237,-5.980231175000063,-6.272516175187068,-6.531416626031316,-6.308647316942237,True
2021-12-02,ETHUSDT,4582.95,4634.83,4433.0,4511.21,451861.9545,288,288,0.0019665758174473,-0.0157774853696491,True,0.0443460913435147,4.434609134351473,-6.2314614123238945,-6.308647316942237,-6.415980263712119,-6.484468854701924,-6.2314614123238945,True
2021-12-03,ETHUSDT,4511.35,4654.88,4032.5,4215.73,677974.8659,288,288,0.0024992007696167,-0.0677426427708978,True,0.0499920070572965,4.999200705729656,-5.991784290373732,-6.2314614123238945,-6.320968167145507,-6.500577992329463,-5.991784290373732,True
2021-12-04,ETHUSDT,4215.01,4238.59,3503.68,4117.25,1111773.1451,288,288,0.0069130449928731,-0.0236373026703894,True,0.0831447231811684,8.314472318116845,-4.974345073596228,-5.991784290373732,-6.252052315573852,-6.453790333762379,-4.974345073596228,True
2021-12-05,ETHUSDT,4117.25,4248.19,4031.39,4196.44,536325.4413,288,288,0.0022575619809741,0.0190510820373739,True,0.0475138083189949,4.751380831899498,-6.0934698174690345,-4.974345073596228,-5.8972938536472315,-6.386462974447889,-6.0934698174690345,True
2021-12-06,ETHUSDT,4196.44,4376.15,3921.0,4347.59,726742.9638,288,288,0.0036374928463441,0.0353851217750868,True,0.0603116311033295,6.031163110332954,-5.616460613127257,-6.0934698174690345,-5.919941582141025,-6.32973987677695,-5.616460613127257,True
2021-12-07,ETHUSDT,4347.57,4425.0,4255.92,4306.4,420749.751,288,288,0.0014385440489745,-0.0095193803200334,True,0.0379281432313073,3.792814323130731,-6.544123753978517,-5.616460613127257,-5.7815042413780295,-6.244766587313833,-6.544123753978517,True
2021-12-08,ETHUSDT,4306.4,4450.49,4222.95,4436.91,429403.9351,288,288,0.0016811726759475,0.0298558999507805,True,0.0410021057501634,4.100210575016342,-6.388263707673277,-6.544123753978517,-5.844036709708954,-6.215972540955406,-6.388263707673277,True
2021-12-09,ETHUSDT,4436.91,4488.0,4076.16,4105.64,462173.711,288,288,0.001968530862071,-0.0775965500333365,True,0.04436812889982,4.436812889982006,-6.230467769739956,-6.388263707673277,-5.923332593168863,-6.246663219214978,-6.230467769739956,True
2021-12-10,ETHUSDT,4105.64,4231.08,3887.37,3897.94,563236.5671,288,288,0.003635719587467,-0.0519134297241314,True,0.0602969285077362,6.029692850773623,-5.616948226799585,-6.230467769739956,-6.1745571323976085,-6.257725131548447,-5.616948226799585,True
2021-12-11,ETHUSDT,3898.31,4097.08,3828.22,4089.37,427853.4343,288,288,0.002204300263902,0.0479427155024675,True,0.0469499761863842,4.694997618638426,-6.117345161080536,-5.616948226799585,-6.079252814263719,-6.242160355049392,-6.117345161080536,True
2021-12-12,ETHUSDT,4089.68,4173.63,3986.25,4130.0,260535.5157,288,288,0.0006989099744662,0.0098864830125505,True,0.0264369055387768,2.643690553877683,-7.2659886159187,-6.117345161080536,-6.1794297238543745,-6.2202192612082765,-7.2659886159187,True
2021-12-13,ETHUSDT,4130.0,4142.75,3671.45,3781.93,533467.2307,288,288,0.0022757290965476,-0.0880429456335056,True,0.0477046024671375,4.770460246713754,-6.085454795923664,-7.2659886159187,-6.323802696242412,-6.236311619215365,-6.085454795923664,True
2021-12-14,ETHUSDT,3781.92,3882.74,3685.0,3858.99,395145.7462,288,288,0.0025399796194951,0.020171029867778,True,0.050398210479095,5.0398210479095065,-5.97559922180471,-6.085454795923664,-6.2632409138924885,-6.2011819402355295,-5.97559922180471,True
2021-12-15,ETHUSDT,3858.99,4092.22,3643.73,4019.08,542068.0573,288,288,0.002817510674196,0.0406475295108528,True,0.0530802286562152,5.308022865621523,-5.871901523523003,-5.97559922180471,-6.212267204305439,-6.201550794512545,-5.871901523523003,True
2021-12-16,ETHUSDT,4019.54,4113.43,3942.11,3958.11,368780.031,288,288,0.0012913822691338,-0.015286382109833,True,0.0359358076176651,3.593580761766519,-6.652042107822955,-5.871901523523003,-6.263257863650122,-6.188650542194026,-6.652042107822955,True
2021-12-17,ETHUSDT,3959.11,3994.1,3700.0,3875.42,463370.9225,288,288,0.002310490174602,-0.0211125945796073,True,0.04806755844228,4.806755844228001,-6.070295580161588,-6.652042107822955,-6.370197252998606,-6.198392604685315,-6.070295580161588,True
2021-12-18,ETHUSDT,3875.43,3996.93,3767.01,3959.93,339593.25430000003,288,288,0.0015067987685604,0.0215723043138476,True,0.0388175059549222,3.881750595492223,-6.497767899401567,-6.070295580161588,-6.131058645847183,-6.154417266554282,-6.497767899401567,True
2021-12-19,ETHUSDT,3959.93,4032.43,3884.0,3924.14,306006.323,288,288,0.0012461230542943,-0.0090791293960857,True,0.0353004681880338,3.53004681880338,-6.687718104027541,-6.497767899401567,-6.213521266542765,-6.195619131330854,-6.687718104027541,True
2021-12-20,ETHUSDT,3924.14,3983.37,3753.0,3944.73,366916.4771,288,288,0.0015851962918311,0.005233291944613,True,0.0398145236293387,3.981452362933871,-6.447047035894296,-6.687718104027541,-6.355945042987331,-6.194764413552244,-6.447047035894296,True
2021-12-21,ETHUSDT,3944.72,4063.0,3913.21,4014.15,340826.3553,288,288,0.0008273217094041,0.0174451079927051,True,0.0287632006112699,2.8763200611269935,-7.097316930840706,-6.447047035894296,-6.470974145461589,-6.199795481173258,-7.097316930840706,True
2021-12-22,ETHUSDT,4014.41,4074.87,3933.4,3979.51,303191.8076,288,288,0.0006544416153269,-0.0086669227445955,True,0.0255820565109005,2.558205651090052,-7.331728181594239,-7.097316930840706,-6.560029110065139,-6.215667278791956,-7.331728181594239,True
2021-12-23,ETHUSDT,3979.51,4150.0,3893.23,4111.41,380207.8166,288,288,0.0009283739430366,0.0326073392288821,True,0.0304692294460592,3.0469229446059267,-6.982075950484577,-7.331728181594239,-6.812315630351671,-6.277098960909874,-6.982075950484577,True
2021-12-24,ETHUSDT,4111.41,4134.84,4017.17,4046.36,230741.8072,288,288,0.0006584224824417,-0.0159483238134601,True,0.0256597443954869,2.565974439548693,-7.3256637620979905,-6.982075950484577,-6.909177240568272,-6.307709353343617,-7.3256637620979905,True
2021-12-25,ETHUSDT,4046.35,4137.91,4018.62,4094.83,208126.8805,288,288,0.0004729886906054,0.0119074908472536,True,0.0217483031661197,2.1748303166119753,-7.656439079683347,-7.3256637620979905,-7.0367663721823615,-6.357445823787893,-7.656439079683347,True
2021-12-26,ETHUSDT,4094.36,4105.0,4000.0,4063.56,189309.255,288,288,0.0004076028978858,-0.007665765703515,True,0.0201891777416977,2.0189177741697764,-7.805217147009476,-7.656439079683347,-7.278644780940172,-6.433111950574695,-7.805217147009476,True
2021-12-27,ETHUSDT,4063.57,4127.46,4031.0,4037.23,222202.1383,288,288,0.0003726061328662,-0.0065006234506171,True,0.0193030083890124,1.9303008389012415,-7.894988640280608,-7.805217147009476,-7.420224824173926,-6.561787953911661,-7.894988640280608,True
2021-12-28,ETHUSDT,4037.22,4037.23,3759.36,3792.75,358064.71630000003,288,288,0.0013647090448276,-0.0624674636015908,True,0.0369419686106141,3.694196861061419,-6.596814027038205,-7.894988640280608,-7.5328769159112,-6.643675173130368,-6.596814027038205,True
2021-12-29,ETHUSDT,3792.75,3827.78,3604.2,3630.19,302753.6375,288,288,0.001299890819358,-0.0438063611412825,True,0.0360539986597605,3.6053998659760502,-6.645475003150824,-6.596814027038205,-7.455824531221926,-6.6882366919445015,-6.645475003150824,True
2021-12-30,ETHUSDT,3630.18,3769.1,3585.0,3709.27,249263.7305,288,288,0.0009381174764677,0.0215501032550383,True,0.0306287034735024,3.0628703473502457,-6.971635375363323,-6.645475003150824,-7.3197867794324925,-6.6928435669068795,-6.971635375363323,True
2021-12-31,ETHUSDT,3709.27,3815.0,3622.29,3676.23,268014.2942,288,288,0.0011906853770335,-0.0089473212149707,True,0.034506309235176,3.450630923517601,-6.733226190565592,-6.971635375363323,-7.1828260385684874,-6.719360460892791,-6.733226190565592,True
2022-01-01,ETHUSDT,3676.22,3776.45,3673.46,3765.54,154143.8968,288,288,0.0007105777630937,0.0240035067172611,True,0.0266566645155343,2.6656664515534323,-7.2494321680084175,-6.733226190565592,-6.9684278472797105,-6.742213116384866,-7.2494321680084175,True
2022-01-02,ETHUSDT,3765.54,3857.44,3717.3,3828.27,154791.4263,288,288,0.0005754140298999,0.0165217267566275,True,0.0239877891832489,2.398778918324895,-7.460420724280163,-7.2494321680084175,-6.839316552825272,-6.8164169318943575,-7.460420724280163,True
2022-01-03,ETHUSDT,3828.11,3853.09,3680.0,3765.89,236245.8586,288,288,0.000698490307495,-0.0164287829198673,True,0.0264289672044714,2.64289672044714,-7.266589255533898,-7.460420724280163,-7.012037892273663,-6.877465821130705,-7.266589255533898,True
2022-01-04,ETHUSDT,3765.89,3900.73,3713.11,3785.11,288258.5549,288,288,0.00084207555346,0.0050907274554318,True,0.0290185380999806,2.90185380999806,-7.07964081679741,-7.266589255533898,-7.136260742750278,-6.877493122931395,-7.07964081679741,True
2022-01-05,ETHUSDT,3785.1,3848.0,3415.0,3540.63,397942.0363,288,288,0.0023882601890961,-0.0667702711410135,True,0.0488698290266721,4.886982902667214,-6.03719013247924,-7.07964081679741,-7.157861831037096,-6.922683396607474,-6.03719013247924,True
2022-01-06,ETHUSDT,3539.82,3550.43,3300.0,3406.81,496745.7413,288,288,0.0016953739050902,-0.0385283078269505,True,0.0411749183981004,4.117491839810043,-6.379851969503207,-6.03719013247924,-7.018654619419825,-6.925482983456316,-6.379851969503207,True
2022-01-07,ETHUSDT,3406.81,3416.76,3064.42,3199.24,669631.7262,288,288,0.0041052305853382,-0.0628630879882517,True,0.0640720733653771,6.407207336537714,-5.495493365831158,-6.379851969503207,-6.844738579718784,-6.948571640091782,-5.495493365831158,True
2022-01-08,ETHUSDT,3198.68,3250.0,3000.0,3080.95,400692.1061,288,288,0.001967238168753,-0.0376752906124829,True,0.0443535586932214,4.435355869322144,-6.231124664671727,-5.495493365831158,-6.451753108028983,-6.8960012427285164,-6.231124664671727,True
2022-01-09,ETHUSDT,3080.98,3211.72,3057.35,3151.97,275874.1643,288,288,0.0010316957843224,0.0227896631982352,True,0.0321200215492213,3.212002154922134,-6.87655143801304,-6.231124664671727,-6.244660189856548,-6.903311655660797,-6.87655143801304,True
2022-01-10,ETHUSDT,3151.97,3185.0,2928.83,3082.68,529818.3866,288,288,0.0024759127902519,-0.0222283056717678,True,0.0497585448968514,4.975854489685146,-6.001146146810832,-6.87655143801304,-6.2040423140996745,-6.920529089234045,-6.001146146810832,True
2022-01-11,ETHUSDT,3082.87,3263.54,3051.8,3239.72,362446.7087,288,288,0.0012618432085595,0.0496875578046758,True,0.0355224324696313,3.552243246963138,-6.675181763025735,-6.001146146810832,-6.1968335169659925,-6.889321272996923,-6.675181763025735,True
2022-01-12,ETHUSDT,3239.73,3411.43,3206.2,3371.26,370465.8015,288,288,0.0009135065764869,0.0397996554094593,True,0.0302242713144077,3.0224271314407787,-6.998219982952751,-6.675181763025735,-6.255899475670498,-6.899691033321077,-6.998219982952751,True
2022-01-13,ETHUSDT,3371.6,3410.0,3233.43,3240.61,336234.8799,288,288,0.0012546295343536,-0.0395249780379079,True,0.0354207500535165,3.5420750053516534,-6.68091494172617,-6.998219982952751,-6.556444799094817,-6.895186626598899,-6.68091494172617,True
2022-01-14,ETHUSDT,3240.61,3342.79,3188.0,3307.42,285326.3505,288,288,0.0009741365453151,0.020406845573391,True,0.0312111605890456,3.1211160589045597,-6.933959073885566,-6.68091494172617,-6.646402854505706,-6.865604206604894,-6.933959073885566,True
2022-01-15,ETHUSDT,3307.42,3371.64,3261.0,3326.04,203100.3778,288,288,0.0004885328269144,0.0056139778949325,True,0.0221027787147781,2.2102778714778113,-7.624103889323863,-6.933959073885566,-6.65788438168021,-6.863417075850395,-7.624103889323863,True
2022-01-16,ETHUSDT,3326.51,3393.6,3269.62,3346.88,210782.2277,288,288,0.0006291669402829,0.0062461614271392,True,0.0250832003596614,2.5083200359661406,-7.37111393062257,-7.624103889323863,-6.982475930182818,-6.8769825361788435,-7.37111393062257,True
2022-01-17,ETHUSDT,3346.89,3357.57,3141.1,3209.67,284063.6548,288,288,0.0011176580925437,-0.0418604404648251,True,0.033431393816946,3.3431393816946064,-6.796519771644701,-7.37111393062257,-7.121662363702184,-6.864013211221535,-6.796519771644701,True
2022-01-18,ETHUSDT,3209.68,3243.87,3082.0,3159.85,299134.2728,288,288,0.0011938874053717,-0.0156435700012089,True,0.0345526758062485,3.455267580624853,-6.730540568816996,-6.796519771644701,-7.081322321440574,-6.818163330523137,-6.730540568816996,True
2022-01-19,ETHUSDT,3159.85,3174.87,3000.0,3084.02,332996.5703,288,288,0.0013219939045126,-0.0242906173533704,True,0.0363592341023933,3.635923410239334,-6.628614148370685,-6.730540568816996,-7.091247446858739,-6.765233872729336,-6.628614148370685,True
2022-01-20,ETHUSDT,3084.02,3273.37,2987.15,3001.48,357596.7062,288,288,0.0013015647563247,-0.0271284404117991,True,0.036077205494949,3.6077205494949,-6.644188079619725,-6.628614148370685,-7.030178461755763,-6.766679332789903,-6.644188079619725,True
2022-01-21,ETHUSDT,3001.48,3034.12,2403.0,2568.15,1022021.70024,288,288,0.0078523050869906,-0.1559197050157634,True,0.0886132331369907,8.861323313699073,-4.84694814863724,-6.644188079619725,-6.834195299814935,-6.766620836265762,-4.84694814863724,True
2022-01-22,ETHUSDT,2567.47,2626.0,2300.0,2412.18,1081357.54893,288,288,0.0106817925601012,-0.0626548923906359,True,0.1033527578737076,10.335275787370762,-4.539214616827994,-4.84694814863724,-6.329362143417869,-6.670044144141849,-4.539214616827994,True
2022-01-23,ETHUSDT,2412.18,2556.78,2370.8,2539.01,580497.7613,288,288,0.0031790483785135,0.0512433383271089,True,0.0563830504541354,5.638305045413544,-5.751173379014658,-4.539214616827994,-5.877901112454528,-6.570316345335595,-5.751173379014658,True
2022-01-24,ETHUSDT,2539.0,2539.75,2159.0,2439.29,1123134.70389,288,288,0.0070389571430034,-0.0400672279186644,True,0.0838984930913748,8.389849309137484,-4.956295252881085,-5.751173379014658,-5.68202767449406,-6.5022136731086055,-4.956295252881085,True
2022-01-25,ETHUSDT,2439.56,2506.55,2348.96,2458.83,510152.954,288,288,0.003061863302798,0.0079786136953713,True,0.055334106144385,5.533410614438505,-5.78873162585291,-4.956295252881085,-5.34756389539614,-6.388389788045012,-5.78873162585291,True
2022-01-26,ETHUSDT,2459.04,2722.0,2402.03,2462.99,806441.62289,288,288,0.0070687493065171,0.0016904319908571,True,0.0840758544798514,8.407585447985145,-4.952071716205299,-5.78873162585291,-5.176472604642777,-6.32121444124133,-4.952071716205299,True
2022-01-27,ETHUSDT,2463.0,2521.0,2316.43,2424.25,599481.7159,288,288,0.0040284690043205,-0.0158538608383183,True,0.063470221398074,6.347022139807404,-5.514368874876039,-4.952071716205299,-5.197497318156389,-6.224506754850779,-5.514368874876039,True
2022-01-28,ETHUSDT,2424.02,2558.98,2357.88,2544.99,485149.8065,288,288,0.0033363798617849,0.0486045225191639,True,0.057761404603636,5.776140460363604,-5.702868933526525,-5.514368874876039,-5.392528169765998,-6.200742152232453,-5.702868933526525,True
2022-01-29,ETHUSDT,2544.99,2636.66,2520.01,2601.43,376666.8246,288,288,0.0015792908367026,0.0219345731111904,True,0.0397402923580421,3.974029235804216,-6.450779370230976,-5.702868933526525,-5.382867280668372,-6.169970196051693,-6.450779370230976,True
2022-01-30,ETHUSDT,2601.43,2640.0,2542.5,2601.68,290770.0859,288,288,0.0012994656210283,9.609637320438596e-05,True,0.0360481014899309,3.60481014899309,-6.645802159770736,-6.450779370230976,-5.68176410413835,-6.213392287160776,-6.645802159770736,True
2022-01-31,ETHUSDT,2601.67,2706.77,2476.07,2686.94,444584.851,288,288,0.0020501015464565,0.0322456094422013,True,0.0452780470698166,4.52780470698166,-6.189865952201801,-6.645802159770736,-5.853178210921915,-6.232241264210731,-6.189865952201801,True
2022-02-01,ETHUSDT,2686.94,2813.0,2673.52,2787.23,390034.27362,288,288,0.0016074421230768,0.0366452714600837,True,0.0400929186150978,4.009291861509785,-6.433111106807482,-6.189865952201801,-6.100737058121216,-6.2010282875829486,-6.433111106807482,True
2022-02-02,ETHUSDT,2787.48,2810.88,2612.72,2680.67,447852.1228,288,288,0.0022162740794117,-0.0389815078303895,True,0.047077320223349,4.7077320223349,-6.111927835700103,-6.433111106807482,-6.284485504507503,-6.220663058491886,-6.111927835700103,True
2022-02-03,ETHUSDT,2680.25,2726.64,2576.05,2695.46,405043.3931,288,288,0.0022898801007429,0.0055021129741127,True,0.047852691677093,4.785269167709302,-6.079255820540896,-6.111927835700103,-6.3662972849422195,-6.195060607249812,-6.079255820540896,True
2022-02-04,ETHUSDT,2695.21,2995.0,2671.4,2994.99,664002.9328,288,288,0.002345087771898,0.1053720164115888,True,0.0484261063053607,4.84261063053607,-6.055432448403546,-6.079255820540896,-6.291992575004204,-6.153289508958365,-6.055432448403546,True
2022-02-05,ETHUSDT,2994.99,3060.47,2958.01,3012.65,356803.3071,288,288,0.001213860260597,0.0058791974446115,True,0.0348404974217803,3.4840497421780374,-6.7139496995623595,-6.055432448403546,-6.173918632730766,-6.124858486534609,-6.7139496995623595,True
2022-02-06,ETHUSDT,3012.64,3074.56,2950.21,3054.99,249394.5966,288,288,0.0009058526173017,0.0139562291874909,True,0.0300973855559203,3.009738555592035,-7.006633939214089,-6.7139496995623595,-6.278735382202877,-6.114858060429009,-7.006633939214089,True
2022-02-07,ETHUSDT,3055.0,3186.0,2991.8,3139.77,455070.2529,288,288,0.0010350907775988,0.0273732295339441,True,0.0321728266958137,3.217282669581376,-6.873266148285984,-7.006633939214089,-6.393439948684199,-6.086791244514928,-6.873266148285984,True
2022-02-08,ETHUSDT,3139.77,3232.87,3025.21,3116.69,514773.5837,288,288,0.001438918709546,-0.0073780075942456,True,0.0379330819937699,3.7933081993769977,-6.543863343606561,-6.873266148285984,-6.545707611201375,-6.064161799863265,-6.543863343606561,True
2022-02-09,ETHUSDT,3116.69,3269.7,3055.0,3243.94,370267.8913,288,288,0.0012052216412339,0.0400170991623019,True,0.0347163022402154,3.47163022402154,-6.721091794319477,-6.543863343606561,-6.638629115814508,-6.052677416770622,-6.721091794319477,True
2022-02-10,ETHUSDT,3243.6,3283.66,3056.74,3072.49,578212.8383,288,288,0.0028201992959118,-0.0543003326236229,True,0.0531055486358241,5.310554863582418,-5.8709477242201356,-6.721091794319477,-6.771760984997694,-6.052247927020735,-5.8709477242201356,True
2022-02-11,ETHUSDT,3072.36,3138.62,2879.0,2927.54,462025.8751,288,288,0.0025143084102545,-0.0483258278423259,True,0.0501428799557281,5.014287995572816,-5.985757499228319,-5.8709477242201356,-6.6031605899292485,-6.017808544104801,-5.985757499228319,True
2022-02-12,ETHUSDT,2927.54,2985.98,2858.3,2918.88,336250.31309999997,288,288,0.0017163607640207,-0.0029624988740571,True,0.0414289845883386,4.14289845883386,-6.367549064569442,-5.985757499228319,-6.398985301932095,-5.987879881359737,-6.367549064569442,True
2022-02-13,ETHUSDT,2918.58,2954.4,2836.7,2871.13,242751.3547,288,288,0.0010970368028329,-0.0164943005538633,True,0.0331215459004102,3.3121545900410276,-6.815142549634739,-6.367549064569442,-6.297841885188786,-6.056998104811201,-6.815142549634739,True
2022-02-14,ETHUSDT,2871.14,2964.97,2829.01,2929.75,381778.238,288,288,0.0010951297391387,0.0202114146526665,True,0.0330927445090117,3.309274450901172,-6.816882439500567,-6.815142549634739,-6.352097726394423,-6.1604493744842355,-6.816882439500567,True
2022-02-15,ETHUSDT,2929.75,3196.19,2912.06,3183.52,448971.754,288,288,0.0011539502718862,0.0830704076922265,True,0.0339698435658198,3.3969843565819833,-6.764564203777747,-6.816882439500567,-6.3712558554306415,-6.208890695415412,-6.764564203777747,True
2022-02-16,ETHUSDT,3183.53,3186.77,3044.03,3122.3,319997.62440000003,288,288,0.0010237575461521,-0.0194175931235668,True,0.0319962114343578,3.1996211434357895,-6.884275551735419,-6.764564203777747,-6.549979151342162,-6.291084738637988,-6.884275551735419,True
2022-02-17,ETHUSDT,3122.31,3160.0,2851.55,2891.87,488693.2624,288,288,0.0018010851870228,-0.076666558029664,True,0.0424391939959142,4.243919399591423,-6.319365914060835,-6.884275551735419,-6.729682761843582,-6.340882189814465,-6.319365914060835,True
2022-02-18,ETHUSDT,2891.88,2943.97,2750.0,2779.48,502977.4069,288,288,0.0019441450033001,-0.0396394918488381,True,0.0440924597102512,4.409245971025128,-6.24293298555065,-6.319365914060835,-6.720046131741862,-6.403031926080627,-6.24293298555065,True
2022-02-19,ETHUSDT,2779.3,2830.96,2694.45,2763.63,293838.0025,288,288,0.0009898121902999,-0.0057188268671573,True,0.0314612808114983,3.146128081149831,-6.917995339600021,-6.24293298555065,-6.605604218925043,-6.436148476565836,-6.917995339600021,True
2022-02-20,ETHUSDT,2763.63,2764.64,2576.0,2621.99,386384.904,288,288,0.0015414396272777,-0.0526114615278712,True,0.0392611720059115,3.926117200591158,-6.475038476323815,-6.917995339600021,-6.625826798944933,-6.491381495023722,-6.475038476323815,True
2022-02-21,ETHUSDT,2621.99,2759.51,2558.0,2568.02,761838.9858,288,288,0.0042742366709228,-0.0207983974923219,True,0.0653776465691664,6.537764656916647,-5.455149749045812,-6.475038476323815,-6.567921653454148,-6.492484181664306,-5.455149749045812,True
2022-02-22,ETHUSDT,2568.03,2665.74,2500.0,2636.29,692639.4942,288,288,0.0028445713500902,0.0262374518041619,True,0.0533345230604928,5.333452306049288,-5.862342890561985,-5.455149749045812,-6.282096492916226,-6.438363617540446,-5.862342890561985,True
2022-02-23,ETHUSDT,2636.28,2753.55,2575.83,2579.71,504470.1412,288,288,0.0018663125831492,-0.0216956362484926,True,0.0432008400745773,4.320084007457739,-6.283790675500754,-5.862342890561985,-6.190691888216457,-6.423476205647727,-6.283790675500754,True
2022-02-24,ETHUSDT,2579.7,2740.0,2300.0,2596.2,1395732.7753,288,288,0.0087651774271729,0.0063718479617065,True,0.0936225262806604,9.362252628066042,-4.736968518124384,-6.283790675500754,-6.1988634262064775,-6.416688913315602,-4.736968518124384,True
2022-02-25,ETHUSDT,2596.26,2834.97,2571.72,2768.49,679394.1762,288,288,0.0033285493274064,0.0642532077333083,True,0.0576935813362842,5.769358133628424,-5.705218707322826,-4.736968518124384,-5.76265806191135,-6.354190762516708,-5.705218707322826,True
2022-02-26,ETHUSDT,2768.05,2878.0,2727.5,2779.47,418485.2529,288,288,0.0016942450015149,0.003958216834924,True,0.0411612074836853,4.116120748368531,-6.3805180642165915,-5.705218707322826,-5.608694108111152,-6.337189075552248,-6.3805180642165915,True
2022-02-27,ETHUSDT,2779.47,2836.33,2557.98,2616.79,650198.7785,288,288,0.0033070528079781,-0.0603118862715802,True,0.0575069805152219,5.750698051522197,-5.711697876565042,-6.3805180642165915,-5.793767771145308,-6.351965694452843,-5.711697876565042,True
2022-02-28,ETHUSDT,2616.79,2951.6,2568.62,2920.95,733794.4488,288,288,0.003321765196886,0.1099605300601497,True,0.057634756847635,5.763475684763506,-5.707258951539523,-5.711697876565042,-5.76363876834592,-6.30640879340751,-5.707258951539523,True
2022-03-01,ETHUSDT,2920.83,3037.94,2854.09,2976.33,673901.6976,288,288,0.0023723715807967,0.0187820920865398,True,0.0487069972467688,4.870699724676885,-6.043865157165746,-5.707258951539523,-5.648332423553674,-6.247346293967755,-6.043865157165746,True
2022-03-02,ETHUSDT,2976.33,3043.91,2914.21,2947.3,614623.7461,288,288,0.0026524491246828,-0.0098015009065608,True,0.0515019332130632,5.150193321306327,-5.932271867798512,-6.043865157165746,-5.909711751361945,-6.209646248916837,-5.932271867798512,True
2022-03-03,ETHUSDT,2947.31,2970.97,2785.0,2833.99,446192.2353,288,288,0.0013040028792966,-0.0392038843327857,True,0.0361109800378864,3.6110980037886495,-6.6423166074305735,-5.932271867798512,-5.955122383457083,-6.181846636380106,-6.6423166074305735,True
2022-03-04,ETHUSDT,2834.0,2836.17,2573.0,2622.1,556178.7588,288,288,0.002238886072709,-0.0777100892411884,True,0.0473168687965404,4.731686879654048,-6.101776825773552,-6.6423166074305735,-6.007482092099879,-6.178265946066975,-6.101776825773552,True
2022-03-05,ETHUSDT,2622.11,2685.12,2589.38,2665.15,268730.3036,288,288,0.0006159513873019,0.0162848177725277,True,0.0248183679419492,2.4818367941949258,-7.392342514262537,-6.101776825773552,-6.085497881941581,-6.188758177955766,-7.392342514262537,True
2022-03-06,ETHUSDT,2665.16,2676.29,2535.0,2551.29,336487.9099,288,288,0.0009686432162939,-0.0436612276041545,True,0.0311230335329629,3.112303353296294,-6.939614211714088,-7.392342514262537,-6.4225145944861834,-6.252693860457322,-6.939614211714088,True
2022-03-07,ETHUSDT,2551.3,2649.0,2445.0,2491.12,620171.6787,288,288,0.0018795452550469,-0.0238667050638675,True,0.0433537225050734,4.33537225050734,-6.276725417012673,-6.939614211714088,-6.6016644053958515,-6.278696821691169,-6.276725417012673,True
2022-03-08,ETHUSDT,2491.12,2624.0,2480.15,2575.97,561659.7421,288,288,0.0023197551591643,0.033493753667491,True,0.0481638366325228,4.816383663252287,-6.066293633716086,-6.276725417012673,-6.670555115238685,-6.254223315662893,-6.066293633716086,True
2022-03-09,ETHUSDT,2575.98,2775.85,2567.7,2726.98,562771.7403,288,288,0.0013859403981563,0.0569686075582575,True,0.0372282204537942,3.722822045379421,-6.581376381912303,-6.066293633716086,-6.555350520495788,-6.2201056426726895,-6.581376381912303,True
2022-03-10,ETHUSDT,2726.98,2733.25,2550.27,2606.7,559029.9377,288,288,0.0019371503939448,-0.0451097162386849,True,0.0440130707170589,4.401307071705891,-6.2465372548533,-6.581376381912303,-6.651270431723537,-6.211778923496988,-6.2465372548533,True
2022-03-11,ETHUSDT,2606.69,2676.78,2522.57,2556.86,494583.6568,288,288,0.001578593862745,-0.0193051103831147,True,0.0397315222807419,3.973152228074192,-6.451220788481009,-6.2465372548533,-6.42210937984169,-6.182790819093255,-6.451220788481009,True
2022-03-12,ETHUSDT,2556.86,2616.79,2553.39,2568.8,219236.5711,288,288,0.0003975286586841,0.0046589206451475,True,0.0199381207410374,1.993812074103742,-7.830243529150284,-6.451220788481009,-6.324430695195074,-6.188784222475989,-7.830243529150284,True
2022-03-13,ETHUSDT,2568.8,2603.32,2493.0,2515.65,316942.1601,288,288,0.0007680612491564,-0.0209076443295589,True,0.0277139179683496,2.7713917968349624,-7.171641076490855,-7.830243529150284,-6.635134317622596,-6.260934701730519,-7.171641076490855,True
2022-03-14,ETHUSDT,2515.66,2609.6,2498.67,2589.41,386630.1912,288,288,0.0011915644016158,0.0288988310698514,True,0.0345190440426127,3.451904404261277,-6.732488212012652,-7.171641076490855,-6.856203806177549,-6.272464053407375,-6.732488212012652,True
2022-03-15,ETHUSDT,2589.42,2669.0,2507.0,2617.73,461202.3014,288,288,0.0009129418544201,0.010877479473803,True,0.0302149276752423,3.0214927675242356,-6.99883836568422,-6.732488212012652,-6.886426172197621,-6.284166314120504,-6.99883836568422,True
2022-03-16,ETHUSDT,2617.74,2788.0,2603.38,2773.81,666224.7217,288,288,0.0025539723225461,0.0579142963889261,True,0.0505368412402885,5.05368412402886,-5.9701053583349335,-6.99883836568422,-7.036886394363805,-6.354333978513159,-5.9701053583349335,True
2022-03-17,ETHUSDT,2773.8,2836.0,2746.42,2811.92,379312.541,288,288,0.0006671677376247,0.0136456976453977,True,0.0258295903495339,2.582959034953398,-7.312469062967919,-5.9701053583349335,-6.94066330833459,-6.359232272502838,-7.312469062967919,True
2022-03-18,ETHUSDT,2811.91,2984.0,2765.59,2938.92,556535.7966,288,288,0.0008896649617684,0.0441746428818088,True,0.0298272519982729,2.982725199827299,-7.024665613563454,-7.312469062967919,-6.8371084150981165,-6.405990381024074,-7.024665613563454,True
2022-03-19,ETHUSDT,2938.84,2987.7,2890.86,2950.84,325971.5398,288,288,0.0005000020553517,0.00404770865866,True,0.022360725734014,2.236072573401408,-7.600898348847132,-7.024665613563454,-6.807713322512636,-6.50997661263494,-7.600898348847132,True
2022-03-20,ETHUSDT,2950.85,2964.17,2817.21,2861.38,377608.8214,288,288,0.0006657067099382,-0.0307858496419079,True,0.0258012927958697,2.5801292795869757,-7.314661359885807,-7.600898348847132,-6.981395349879532,-6.596143869067863,-7.314661359885807,True
2022-03-21,ETHUSDT,2861.39,2960.57,2829.81,2890.03,450223.9073,288,288,0.0010098678562979,0.0099628567531495,True,0.0317784180899236,3.177841808992365,-6.8979357920372735,-7.314661359885807,-7.044559948719849,-6.638604927961918,-6.8979357920372735,True
2022-03-22,ETHUSDT,2890.03,3052.85,2886.43,2969.64,564868.9839,288,288,0.0011264209333707,0.0271738506533137,True,0.033562195002275,3.356219500227505,-6.788709988419706,-6.8979357920372735,-7.230126035460318,-6.692524833210655,-6.788709988419706,True
2022-03-23,ETHUSDT,2969.64,3045.2,2920.65,3036.0,453962.7298,288,288,0.000863526274449,0.0221001261867708,True,0.0293858175732622,2.9385817573262214,-7.05448623298985,-6.788709988419706,-7.125374220550674,-6.741681698523393,-7.05448623298985,True
2022-03-24,ETHUSDT,3035.99,3129.11,2999.11,3110.76,577171.5239,288,288,0.0009766066250606,0.0243262097938968,True,0.0312507059929963,3.1250705992996335,-6.931426622558168,-7.05448623298985,-7.131338344435953,-6.7876190201517606,-6.931426622558168,True
2022-03-25,ETHUSDT,3110.75,3193.28,3076.0,3102.14,489099.5572,288,288,0.0007683681769991,-0.0027748734185676,True,0.0277194548467155,2.7719454846715585,-7.1712415425564515,-6.931426622558168,-6.997443999178161,-6.833035145368108,-7.1712415425564515,True
2022-03-26,ETHUSDT,3102.13,3153.2,3084.9,3145.0,207134.847,288,288,0.0003029661219356,0.0137216942436897,True,0.0174059220363554,1.740592203635548,-8.101889567499374,-7.1712415425564515,-6.9687600357122905,-6.85707718787383,-8.101889567499374,True
2022-03-27,ETHUSDT,3145.01,3299.37,3126.02,3295.65,335467.4145,288,288,0.0007559837163024,0.046789526935946,True,0.027495158051964,2.749515805196408,-7.1874907212992545,-8.101889567499374,-7.20955079080471,-6.947991403406821,-7.1874907212992545,True
2022-03-28,ETHUSDT,3295.65,3431.15,3275.01,3332.92,527237.1133,288,288,0.000940747172325,0.0112453795489485,True,0.0306716020501878,3.0671602050187814,-6.96883613426192,-7.1874907212992545,-7.28930693738062,-6.938679958272126,-6.96883613426192,True
2022-03-29,ETHUSDT,3332.91,3481.87,3329.68,3400.51,465899.8226,288,288,0.0010604385934701,0.02007662373594,True,0.0325643761412702,3.256437614127027,-6.849072689011674,-6.96883613426192,-7.272176917635034,-6.940008227478845,-6.849072689011674,True
2022-03-30,ETHUSDT,3400.51,3446.9,3331.84,3385.79,356082.5231,288,288,0.000738806297379,-0.0043381586683148,True,0.0271809914715967,2.7180991471596743,-7.210474785881527,-6.849072689011674,-7.255706130925735,-6.96602401256971,-7.210474785881527,True
2022-03-31,ETHUSDT,3385.8,3444.83,3261.35,3281.51,455091.2395,288,288,0.0009069911356049,-0.0312835793910634,True,0.0301162935236886,3.011629352368864,-7.005377881210127,-7.210474785881527,-7.263552779590749,-7.018032246759049,-7.005377881210127,True
2022-04-01,ETHUSDT,3281.51,3481.29,3210.68,3455.21,532169.2392,288,288,0.0010623804140114,0.0515795545347714,True,0.0325941776090671,3.259417760906714,-6.847243215018782,-7.005377881210127,-7.044250442332901,-7.037305042181677,-6.847243215018782,True
2022-04-02,ETHUSDT,3455.2,3532.2,3433.14,3443.77,499893.29,288,288,0.0009308755440003,-0.0033164353239065,True,0.0305102530963003,3.0510253096300355,-6.979384969536912,-6.847243215018782,-6.976200941076806,-7.064609858552836,-6.979384969536912,True
2022-04-03,ETHUSDT,3443.77,3580.34,3412.11,3521.91,381581.7683,288,288,0.0007308165997084,0.0224366545600942,True,0.0270336198040224,2.703361980402246,-7.221348019284346,-6.979384969536912,-6.978310708131803,-7.088617321328104,-7.221348019284346,True
2022-04-04,ETHUSDT,3521.9,3547.0,3405.97,3519.5,449984.1586,288,288,0.0006776888805661,-0.0006845220187723,True,0.0260324582121273,2.6032458212127385,-7.296822253561801,-7.221348019284346,-7.052765774186338,-7.060940252697833,-7.296822253561801,True
2022-04-05,ETHUSDT,3519.5,3555.0,3400.0,3406.99,397782.7437,288,288,0.0008115051497728,-0.0324897305250753,True,0.0284869294549777,2.848692945497772,-7.116619825037404,-7.296822253561801,-7.070035267722393,-7.066630306201059,-7.116619825037404,True
2022-04-06,ETHUSDT,3407.0,3407.5,3162.39,3168.51,736273.1047,288,288,0.0021524722106185,-0.0725677576969799,True,0.046394743351144,4.639474335114404,-6.141138232027492,-7.116619825037404,-7.092283656487849,-7.08409083406582,-6.141138232027492,True
2022-04-07,ETHUSDT,3168.52,3268.98,3143.15,3227.19,458179.3272,288,288,0.0011506046412428,0.018350343707638,True,0.0339205636928811,3.392056369288117,-6.767467699784482,-6.141138232027492,-6.951062659889591,-7.04510446435415,-6.767467699784482,True
2022-04-08,ETHUSDT,3227.2,3314.02,3173.52,3192.39,502422.5048,288,288,0.0010889491398463,-0.0108419369763639,True,0.032999229382614,3.2999229382614037,-6.822542139660709,-6.767467699784482,-6.908679205939104,-7.081348207147311,-6.822542139660709,True
2022-04-09,ETHUSDT,3192.39,3268.4,3181.28,3258.57,212444.2566,288,288,0.0005580285384056,0.0205185962614125,True,0.0236226276778363,2.362262767783638,-7.49110045279472,-6.822542139660709,-6.828918030014377,-7.059078801542438,-7.49110045279472,True
2022-04-10,ETHUSDT,3258.57,3307.22,3193.0,3203.04,232303.2326,288,288,0.0003864206658671,-0.0171880899954079,True,0.0196575854536404,1.9657585453640471,-7.858583973963172,-7.49110045279472,-6.867773669860962,-7.080280385143859,-7.858583973963172,True
2022-04-11,ETHUSDT,3203.04,3213.63,2950.0,2979.74,693394.2912,288,288,0.0015309462998762,-0.0722643104524606,True,0.0391273088759783,3.9127308875978346,-6.481869238116906,-7.858583973963172,-7.016166499646116,-7.091993368103679,-6.481869238116906,True
2022-04-12,ETHUSDT,2979.75,3085.0,2950.0,3027.66,579522.9505,288,288,0.0011178526311098,0.0159539955450678,True,0.0334343032095762,3.3434303209576273,-6.796345727687289,-6.481869238116906,-7.084312700863999,-7.054139180750548,-6.796345727687289,True
2022-04-13,ETHUSDT,3027.65,3128.97,2996.86,3118.28,419100.4286,288,288,0.000855429538268,0.0294915238244137,True,0.0292477270615696,2.924772706156962,-7.063906831240894,-6.796345727687289,-7.090088306444559,-7.04952145055282,-7.063906831240894,True
2022-04-14,ETHUSDT,3118.28,3145.0,2976.3,3021.98,408382.5572,288,288,0.0005938649046982,-0.0313693220633259,True,0.0243693435426207,2.436934354262074,-7.428858697636488,-7.063906831240894,-7.1383612447605955,-7.062030397953785,-7.428858697636488,True
2022-04-15,ETHUSDT,3021.98,3060.92,2993.13,3040.56,249626.2981,288,288,0.0004942703942869,0.0061294632848076,True,0.0222321927458129,2.2232192745812904,-7.612427833665403,-7.428858697636488,-7.12591289372895,-7.079047328164995,-7.612427833665403,True
2022-04-16,ETHUSDT,3040.57,3086.1,3010.03,3059.3,176352.4165,288,288,0.0002629348560261,0.0061444226454427,True,0.0162152661410836,1.6215266141083615,-8.243604252186412,-7.612427833665403,-7.076681665669396,-7.11000192866987,-8.243604252186412,True
2022-04-17,ETHUSDT,3059.3,3083.0,2981.7,2988.06,243772.074,288,288,0.00050498525614,-0.0235617842349637,True,0.0224718770052709,2.2471877005270917,-7.590981324877495,-8.243604252186412,-7.429028668483298,-7.158745688198504,-7.590981324877495,True
2022-04-18,ETHUSDT,2988.07,3069.6,2883.22,3055.56,510251.6536,288,288,0.0013227519883643,0.0223385344904533,True,0.036369657523331,3.636965752333104,-6.628040872976249,-7.590981324877495,-7.587955787921338,-7.135522586261146,-6.628040872976249,True
2022-04-19,ETHUSDT,3055.56,3131.0,3030.34,3101.77,359375.0038,288,288,0.0005706686408262,0.0150100344122718,True,0.0238886718095895,2.38886718095895,-7.468701830544974,-6.628040872976249,-7.50078259626841,-7.11009304770101,-7.468701830544974,True
2022-04-20,ETHUSDT,3101.74,3166.5,3036.45,3076.04,415000.0685,288,288,0.0008146066158522,-0.0083298608329565,True,0.0285413141928029,2.8541314192802982,-7.1128052411868214,-7.468701830544974,-7.5087512228501065,-7.132814215713876,-7.1128052411868214,True
2022-04-21,ETHUSDT,3076.03,3180.0,2942.31,2983.58,562699.697,288,288,0.0009681085697975,-0.0305191336950507,True,0.0311144431060162,3.1114443106016254,-6.9401663180953195,-7.1128052411868214,-7.408826704354391,-7.144802058994565,-6.9401663180953195,True
2022-04-22,ETHUSDT,2983.57,3034.32,2930.35,2962.39,452433.082,288,288,0.0009015907018745,-0.0071275467947702,True,0.0300264999937479,3.002649999374795,-7.011349908208368,-6.9401663180953195,-7.148139117536172,-7.132515310458827,-7.011349908208368,True
2022-04-23,ETHUSDT,2962.39,2978.03,2913.89,2933.03,187576.7324,288,288,0.0003561382466323,-0.0099603565921431,True,0.0188716254369444,1.8871625436944457,-7.940191569257283,-7.011349908208368,-7.032212834202346,-7.132786766231475,-7.940191569257283,True
2022-04-24,ETHUSDT,2933.04,2967.06,2912.09,2921.0,218957.0222,288,288,0.0004389116614971,-0.0041099949724491,True,0.0209502186503424,2.0950218650342407,-7.73121239179599,-7.940191569257283,-7.294642973458553,-7.182466236878679,-7.73121239179599,True
2022-04-25,ETHUSDT,2920.99,3025.65,2797.01,3006.62,619198.3616,288,288,0.0013542410772569,0.0288905008160633,True,0.0368000146366409,3.6800014636640914,-6.60451407214511,-7.73121239179599,-7.347145085708756,-7.2166402106177285,-6.60451407214511,True
2022-04-26,ETHUSDT,3006.63,3039.54,2767.0,2809.67,531184.3504,288,288,0.0013929390286286,-0.0677494854947839,True,0.0373220983953031,3.732209839530319,-6.57633935497111,-6.60451407214511,-7.245486851900414,-7.188602303929581,-6.57633935497111,True
2022-04-27,ETHUSDT,2809.68,2919.87,2794.46,2888.96,488951.2416,288,288,0.0011653338024474,0.0278295370400388,True,0.0341369858430333,3.413698584303334,-6.7547477072992015,-6.57633935497111,-7.1727214592755715,-7.1558530812663665,-6.7547477072992015,True
2022-04-28,ETHUSDT,2888.95,2980.0,2853.83,2936.93,537392.9978,288,288,0.0013399467401306,0.0164682423214674,True,0.0366052829538398,3.660528295383981,-6.615125411980411,-6.7547477072992015,-7.121401019093739,-7.139404348641904,-6.615125411980411,True
2022-04-29,ETHUSDT,2936.92,2946.46,2776.63,2817.13,525978.147,288,288,0.0009484243093381,-0.0416461818741559,True,0.0307964983291636,3.079649832916363,-6.960708572154975,-6.615125411980411,-6.856387787638364,-7.160949220457946,-6.960708572154975,True
2022-04-30,ETHUSDT,2817.13,2841.63,2709.26,2726.66,367757.2469,288,288,0.0007662497635752,-0.0326412192584567,True,0.027681216800842,2.7681216800842003,-7.174002379261763,-6.960708572154975,-6.702287023710161,-7.169732896474787,-7.174002379261763,True
2022-05-01,ETHUSDT,2726.67,2849.9,2716.13,2824.81,442544.8792,288,288,0.0008661878321517,0.0353636887436246,True,0.0294310691642645,2.9431069164264536,-7.051408776671353,-7.174002379261763,-6.816184685133491,-7.185708361911197,-7.051408776671353,True
2022-05-02,ETHUSDT,2824.81,2894.22,2778.78,2856.54,521706.8567,288,288,0.0009195764759525,0.0111699965356375,True,0.0303245193853506,3.0324519385350626,-6.991597346141348,-7.051408776671353,-6.911198569473541,-7.165722376632863,-6.991597346141348,True
2022-05-03,ETHUSDT,2856.54,2861.47,2755.19,2781.7,371331.1796,288,288,0.0006149736263524,-0.0265488506376672,True,0.024798661785517,2.479866178551702,-7.393931175057138,-6.991597346141348,-6.95856849724197,-7.126313893550053,-7.393931175057138,True
2022-05-04,ETHUSDT,2781.7,2965.85,2771.74,2940.64,548738.0668,288,288,0.0011707593846556,0.0555649931376485,True,0.0342163613590877,3.4216361359087775,-6.7501026939980076,-7.393931175057138,-7.114329649857315,-7.167771254320062,-6.7501026939980076,True
2022-05-05,ETHUSDT,2940.65,2954.65,2683.0,2747.97,734845.3194,288,288,0.0014762379221707,-0.0677647874650841,True,0.0384218417331952,3.842184173319525,-6.518258371911606,-6.7501026939980076,-7.072208474225922,-7.165669298243278,-6.518258371911606,True
2022-05-06,ETHUSDT,2747.96,2758.18,2632.95,2692.85,711449.3234,288,288,0.0016197016378555,-0.0202623449546496,True,0.0402455169907853,4.024551699078536,-6.42551332086326,-6.518258371911606,-6.941059672755889,-7.140867095546492,-6.42551332086326,True
2022-05-07,ETHUSDT,2692.86,2704.36,2584.75,2635.34,371271.4532,288,288,0.0006952667638115,-0.0215879063878505,True,0.0263679116315933,2.636791163159336,-7.271214953222153,-6.42551332086326,-6.815880581594271,-7.095260487511345,-7.271214953222153,True
2022-05-08,ETHUSDT,2635.35,2642.0,2484.0,2519.71,757615.3415,288,288,0.0013745917855578,-0.0448683903913303,True,0.0370754876644649,3.707548766446496,-6.589598475172844,-7.271214953222153,-6.871804103010433,-7.079750811127561,-6.589598475172844,True
2022-05-09,ETHUSDT,2519.71,2530.78,2225.0,2228.55,1574924.9793,288,288,0.0054281408103796,-0.1227926657667792,True,0.0736759174383301,7.36759174383301,-5.216158595861169,-6.589598475172844,-6.710937563033573,-7.004568730354217,-5.216158595861169,True
2022-05-10,ETHUSDT,2229.0,2457.34,2200.0,2342.05,1550626.1387,288,288,0.0052904083473235,0.0496754644524239,True,0.0727351933201768,7.273519332017687,-5.241859843780421,-5.216158595861169,-6.404148743406206,-6.896622242671657,-5.241859843780421,True
2022-05-11,ETHUSDT,2342.04,2451.37,2005.0,2084.99,2022864.83806,288,288,0.0152092083932734,-0.1162625551455632,True,0.1233256193711325,12.332561937113258,-4.185854219215009,-5.241859843780421,-6.14886903777997,-6.833614014071847,-4.185854219215009,True
2022-05-12,ETHUSDT,2084.99,2195.0,1800.0,1960.22,2305192.90836,288,288,0.0201333350158805,-0.0617073472347946,True,0.1418919836209237,14.18919836209238,-3.9053783791392576,-4.185854219215009,-5.700937217450319,-6.684393668102302,-3.9053783791392576,True
2022-05-13,ETHUSDT,1960.22,2147.54,1940.23,2009.69,1134042.3387,288,288,0.0050700221756071,0.0249237694793715,True,0.071204088194479,7.120408819447902,-5.284410087501609,-3.9053783791392576,-5.02776990263374,-6.538601538009232,-5.284410087501609,True
2022-05-14,ETHUSDT,2009.69,2070.06,1951.21,2056.48,563788.3078,288,288,0.0020463658331746,0.0230153020589154,True,0.0452367752296139,4.523677522961393,-6.191689823343092,-5.284410087501609,-4.766732225099493,-6.463339891164063,-6.191689823343092,True
2022-05-15,ETHUSDT,2056.47,2167.0,2000.68,2145.29,514398.2587,288,288,0.0015979875760092,0.0422789579970495,True,0.0399748367852728,3.997483678527285,-6.439010206380918,-6.191689823343092,-4.961838470595878,-6.426082614579277,-6.439010206380918,True
2022-05-16,ETHUSDT,2145.29,2145.29,1979.12,2023.66,822070.8531,288,288,0.0024298866664577,-0.058366988252163,True,0.0492938806187722,4.929388061877223,-6.019910662035146,-6.439010206380918,-5.201268543115978,-6.357847098084897,-6.019910662035146,True
2022-05-17,ETHUSDT,2023.66,2122.42,2008.0,2090.72,568249.0448,288,288,0.0017828676435631,0.0326007511341269,True,0.0422240173783022,4.2224017378302285,-6.329532175294467,-6.019910662035146,-5.568079831680005,-6.280060655823041,-6.329532175294467,True
2022-05-18,ETHUSDT,2090.72,2110.72,1908.0,1915.11,631577.2341,288,288,0.0019478343472561,-0.087733442022511,True,0.044134276330944,4.413427633094407,-6.241037114720538,-6.329532175294467,-6.052910590911047,-6.267561478693467,-6.241037114720538,True
2022-05-19,ETHUSDT,1915.11,2040.39,1903.18,2019.55,741476.9794,288,288,0.0021344953905962,0.0530996520822687,True,0.0462005994614384,4.620059946143843,-6.1495250112456565,-6.241037114720538,-6.244235996354833,-6.252320467772987,-6.1495250112456565,True
2022-05-20,ETHUSDT,2019.55,2064.0,1923.0,1959.08,576981.5371,288,288,0.0016358285509714,-0.030399739028049,True,0.0404453773745713,4.044537737457134,-6.415605843987987,-6.1495250112456565,-6.235803033935345,-6.224810345225098,-6.415605843987987,True
2022-05-21,ETHUSDT,1959.08,1990.86,1937.36,1975.07,238869.7632,288,288,0.0007792142951707,0.0081288654725628,True,0.0279144101705687,2.7914410170568713,-7.157224459845943,-6.415605843987987,-6.231122161456759,-6.215741273952715,-7.157224459845943,True
2022-05-22,ETHUSDT,1975.06,2056.41,1966.33,2043.19,355735.1927,288,288,0.0006830543140122,0.0339084712377134,True,0.0261353078040464,2.613530780404644,-7.288936178843388,-7.157224459845943,-6.458584921018918,-6.224673814302304,-7.288936178843388,True
2022-05-23,ETHUSDT,2043.19,2088.5,1957.12,1973.32,636085.0224,288,288,0.0011855545735449,-0.0347949085524633,True,0.0344318830961213,3.443188309612135,-6.7375446193176804,-7.288936178843388,-6.650465721728702,-6.229898077919651,-6.7375446193176804,True
2022-05-24,ETHUSDT,1973.33,1993.83,1913.02,1979.41,534096.972,288,288,0.0009845933472817,0.0030814170554424,True,0.031378230467662,3.1378230467662025,-6.923281847435599,-6.7375446193176804,-6.749767222648131,-6.2156315253126655,-6.923281847435599,True
2022-05-25,ETHUSDT,1979.4,2022.34,1934.61,1942.63,524786.3091,288,288,0.0010669272684637,-0.0187560954163895,True,0.0326638526273888,3.2663852627388827,-6.842972473499698,-6.923281847435599,-6.904518589886119,-6.212526275371496,-6.842972473499698,True
2022-05-26,ETHUSDT,1942.64,1966.01,1735.0,1792.23,1168740.57514,288,288,0.0032827958909554,-0.080582070556177,True,0.0572956882405254,5.729568824052545,-5.719059813898486,-6.842972473499698,-6.989991915788461,-6.187482698027975,-5.719059813898486,True
2022-05-27,ETHUSDT,1792.24,1822.26,1703.0,1727.27,1296693.28537,288,288,0.0035824872811031,-0.0369185271116425,True,0.0598538827571207,5.985388275712072,-5.631697948553497,-5.719059813898486,-6.702358986598971,-6.140617112568905,-5.631697948553497,True
2022-05-28,ETHUSDT,1727.26,1808.98,1722.26,1792.22,558271.1818,288,288,0.0013868133525752,0.0369129474550694,True,0.0372399429722341,3.723994297223411,-6.580746715864598,-5.631697948553497,-6.370911340540992,-6.100318911507173,-6.580746715864598,True
2022-05-29,ETHUSDT,1792.21,1827.4,1759.96,1813.64,432430.611,288,288,0.0007087548637796,0.0118808006734996,True,0.0266224503714379,2.662245037143798,-7.252000840470233,-6.580746715864598,-6.339551759850376,-6.1073749749163255,-7.252000840470233,True
2022-05-30,ETHUSDT,1813.64,2013.0,1803.18,1998.78,814922.8359,288,288,0.0016993023443008,0.0972011188862252,True,0.0412225950699471,4.122259506994714,-6.377537497856638,-7.252000840470233,-6.405295558457302,-6.106501606154874,-6.377537497856638,True
2022-05-31,ETHUSDT,1998.78,2016.45,1925.0,1941.9,751103.4226,288,288,0.0015177638727542,-0.0288701191968142,True,0.0389584890974257,3.895848909742578,-6.4905171636534185,-6.377537497856638,-6.31220856332869,-6.09686247082232,-6.4905171636534185,True
2022-06-01,ETHUSDT,1941.9,1972.58,1763.75,1817.95,1037841.2706,288,288,0.001974479840054,-0.0659573826106338,True,0.0444351194445797,4.443511944457973,-6.227450287442138,-6.4905171636534185,-6.466500033279678,-6.1547878602674215,-6.227450287442138,True
2022-06-02,ETHUSDT,1817.96,1853.05,1782.42,1834.08,788784.4017,288,288,0.0019193373862206,0.0088335007577576,True,0.0438102429372472,4.3810242937247255,-6.255775263850508,-6.227450287442138,-6.585650501057406,-6.199587425888409,-6.255775263850508,True
2022-06-03,ETHUSDT,1834.09,1843.91,1737.0,1775.12,741282.5346,288,288,0.0012288374724068,-0.0326749671085379,True,0.0350547781679886,3.5054778167988667,-6.701686700913112,-6.255775263850508,-6.520656210654588,-6.293674746099114,-6.701686700913112,True
2022-06-04,ETHUSDT,1775.13,1816.0,1748.43,1804.58,388279.4579,288,288,0.0005498130485838,0.0164598514523965,True,0.0234480926427682,2.344809264276821,-7.505932249186641,-6.701686700913112,-6.410593382743163,-6.420779669816107,-7.505932249186641,True
2022-06-05,ETHUSDT,1804.58,1830.17,1773.05,1806.23,371974.5061,288,288,0.0005928764775743,0.0009139224245237,True,0.0243490549626538,2.4349054962653884,-7.430524481550701,-7.505932249186641,-6.636272333009164,-6.5217579498927,-7.430524481550701,True
2022-06-06,ETHUSDT,1806.22,1920.0,1804.35,1859.84,804250.3567,288,288,0.0010506596396062,0.0292486623667282,True,0.0324138803540441,3.24138803540441,-6.858337083869048,-7.430524481550701,-6.824273796588619,-6.578068616174863,-6.858337083869048,True
2022-06-07,ETHUSDT,1859.84,1874.98,1725.13,1813.33,1397598.2288,288,288,0.0051192490369438,-0.0253255285569137,True,0.0715489275736812,7.154892757368126,-5.2747475231600935,-6.858337083869048,-6.950451155874002,-6.597128928787961,-5.2747475231600935,True
2022-06-08,ETHUSDT,1813.33,1838.77,1765.28,1791.88,941510.1373,288,288,0.0019556960429664,-0.0118995859379413,True,0.0442232522884333,4.422325228843335,-6.237009116701358,-5.2747475231600935,-6.754245607735919,-6.563257877020913,-6.237009116701358,True
2022-06-09,ETHUSDT,1791.88,1833.0,1777.33,1788.81,535310.9618,288,288,0.0008654727741002,-0.0017147537219063,True,0.029418918642605,2.941891864260506,-7.05223464068831,-6.237009116701358,-6.661310090893568,-6.559052283448498,-7.05223464068831,True
2022-06-10,ETHUSDT,1788.8,1804.32,1655.93,1662.91,955035.79239,288,288,0.0026546768985973,-0.0729815146185433,True,0.0515235567347339,5.152355673473393,-5.931432327137304,-7.05223464068831,-6.570570569193902,-6.595924898265215,-5.931432327137304,True
2022-06-11,ETHUSDT,1662.91,1682.21,1496.74,1532.89,1220325.2542,288,288,0.0035136689100799,-0.081414237098471,True,0.0592762086344926,5.927620863449267,-5.651094513895309,-5.931432327137304,-6.270752138311223,-6.586011594442107,-5.651094513895309,True
2022-06-12,ETHUSDT,1532.89,1547.0,1423.0,1434.84,1563225.37018,288,288,0.0047579123661178,-0.0661014978485433,True,0.0689776222126988,6.897762221269886,-5.34794628548919,-5.651094513895309,-6.029303624316475,-6.551261079437896,-5.34794628548919,True
2022-06-13,ETHUSDT,1434.84,1455.0,1165.45,1209.82,3626351.66536,288,288,0.0159256495310342,-0.1705817565251972,True,0.1261968681506569,12.619686815065691,-4.139824291477543,-5.34794628548919,-6.043943376782294,-6.46902116242168,-4.139824291477543,True
2022-06-14,ETHUSDT,1209.35,1268.45,1075.8,1208.9,2716493.80131,288,288,0.012116939180946,-0.0007607329863476,True,0.1100769693484793,11.007696934847935,-4.413150873061515,-4.139824291477543,-5.624506411737531,-6.32587971299596,-4.413150873061515,True
2022-06-15,ETHUSDT,1208.9,1250.0,1014.4,1237.52,3114823.13621,288,288,0.0220237146787813,0.0233985217204648,True,0.1484038903761669,14.840389037616694,-3.81563546623931,-4.413150873061515,-5.096689658212172,-6.220225451802497,-3.81563546623931,True
2022-06-16,ETHUSDT,1237.53,1257.85,1051.55,1068.5,1447386.8304,288,288,0.0070972749156711,-0.1468535811692081,True,0.0842453257793638,8.42453257793639,-4.948044383304791,-3.81563546623931,-4.673530286032573,-6.078968798111757,-4.948044383304791,True
2022-06-17,ETHUSDT,1068.5,1118.0,1051.11,1086.94,1220677.9491,288,288,0.0040113433955627,0.0171106130464657,True,0.0633351671314032,6.333516713140325,-5.518629082405166,-4.948044383304791,-4.532920259914469,-5.992835703102897,-5.518629082405166,True
2022-06-18,ETHUSDT,1086.93,1097.58,881.56,995.13,2308983.5187,288,288,0.0112317271018675,-0.0882483059151379,True,0.1059798429035802,10.597984290358022,-4.489012728480001,-5.518629082405166,-4.567056819297664,-5.9837252153077465,-4.489012728480001,True
2022-06-19,ETHUSDT,995.12,1158.62,936.15,1128.53,2018599.4499,288,288,0.0105038397361877,0.1257977979747224,True,0.1024882419411504,10.248824194115048,-4.55601439950591,-4.489012728480001,-4.636894506698157,-5.931784978031678,-4.55601439950591,True
2022-06-20,ETHUSDT,1128.53,1170.0,1053.0,1128.24,1721772.9132,288,288,0.0055298011274145,-0.000257004481268,True,0.0743626326014254,7.4362632601425425,-5.197603426587417,-4.55601439950591,-4.6654672119870355,-5.839751690924465,-5.197603426587417,True
2022-06-21,ETHUSDT,1128.24,1194.0,1109.23,1125.85,1306095.3757,288,288,0.0033745955260564,-0.0021205904783141,True,0.058091268931367,5.8091268931367015,-5.691479805970963,-5.197603426587417,-4.941860804056658,-5.746369990293428,-5.691479805970963,True
2022-06-22,ETHUSDT,1125.86,1127.33,1043.65,1050.19,1306959.8593,288,288,0.0034903411818685,-0.0695672057430541,True,0.0590791095216279,5.9079109521627915,-5.657755787698276,-5.691479805970963,-5.090547888589891,-5.71518554975317,-5.657755787698276,True
2022-06-23,ETHUSDT,1050.19,1155.0,1045.3,1144.72,1278257.0899,288,288,0.0026045963192757,0.0861889654358638,True,0.0510352458529964,5.103524585299648,-5.950477579594651,-5.657755787698276,-5.118373229648514,-5.677332759937028,-5.950477579594651,True
2022-06-24,ETHUSDT,1144.71,1245.43,1132.0,1225.02,1337137.483,288,288,0.0026076267663199,0.0677971047776836,True,0.0510649269687121,5.106492696871216,-5.949314756232756,-5.950477579594651,-5.410666199871444,-5.664743091398505,-5.949314756232756,True
2022-06-25,ETHUSDT,1225.02,1256.77,1180.0,1242.36,861986.6177000001,288,288,0.0019691656498951,0.0140556261898587,True,0.0443752819697533,4.437528196975338,-6.230145353917574,-5.949314756232756,-5.689326271216812,-5.650813068324971,-6.230145353917574,True
2022-06-26,ETHUSDT,1242.31,1280.0,1194.6,1197.79,884184.273,288,288,0.0017033396493894,-0.0365346044096821,True,0.0412715355831291,4.127153558312918,-6.375164455385109,-6.230145353917574,-5.895834656682844,-5.629379370734265,-6.375164455385109,True
2022-06-27,ETHUSDT,1197.79,1238.93,1172.49,1192.51,868734.2061,288,288,0.0017108411068381,-0.0044178626847687,True,0.0413623150565602,4.1362315056560215,-6.370770154054673,-6.375164455385109,-6.032571586565672,-5.577980834652378,-6.370770154054673,True
2022-06-28,ETHUSDT,1192.51,1237.99,1136.32,1144.05,1104065.2211,288,288,0.001745787108021,-0.0414857311932136,True,0.0417826172950078,4.178261729500786,-6.350549760258397,-6.370770154054673,-6.175174459836953,-5.5298101834025575,-6.350549760258397,True
2022-06-29,ETHUSDT,1144.05,1156.8,1087.42,1100.21,1295517.796,288,288,0.0022867186985639,-0.0390735276218076,True,0.0478196476206585,4.781964762065857,-6.080637371697323,-6.350549760258397,-6.2551888959697015,-5.506728941420255,-6.080637371697323,True
2022-06-30,ETHUSDT,1100.21,1106.62,998.0,1071.01,1420670.3656,288,288,0.0049794626097664,-0.0268989421842296,True,0.070565307409282,7.056530740928202,-5.302433303453706,-6.080637371697323,-6.281453419062615,-5.543360298171948,-5.302433303453706,True
2022-07-01,ETHUSDT,1071.02,1117.0,1033.44,1059.73,1562255.1439,288,288,0.0049347604319441,-0.0105879697932177,True,0.0702478500165246,7.024785001652464,-5.311451151967202,-5.302433303453706,-6.095911008969841,-5.500879579387964,-5.311451151967202,True
2022-07-02,ETHUSDT,1059.73,1078.88,1028.29,1067.01,714812.0804,288,288,0.0013576339678873,0.006846185649963,True,0.0368460848379761,3.6846084837976174,-6.602011823815649,-5.311451151967202,-5.88316834828626,-5.421753057173368,-6.602011823815649,True
2022-07-03,ETHUSDT,1067.01,1088.34,1040.78,1074.26,644746.3337,288,288,0.0017627985001507,0.0067717081028207,True,0.0419856939939155,4.198569399391553,-6.340852675830307,-6.602011823815649,-5.929416682238456,-5.45223394338602,-6.340852675830307,True
2022-07-04,ETHUSDT,1074.26,1160.9,1045.37,1151.0,1150108.9861,288,288,0.0018801273434912,0.0689990772899974,True,0.0433604352318014,4.3360435231801455,-6.276415768534677,-6.340852675830307,-5.927477265352837,-5.483586587110338,-6.276415768534677,True
2022-07-05,ETHUSDT,1151.01,1174.9,1076.34,1132.5,1398961.4495,288,288,0.0023175145704957,-0.0162035513646932,True,0.0481405709406918,4.814057094069181,-6.067259973382993,-6.276415768534677,-5.966632944720308,-5.525789745430587,-6.067259973382993,True
2022-07-06,ETHUSDT,1132.51,1205.0,1111.44,1186.57,1211768.0757,288,288,0.0028518910091795,0.0466392138285187,True,0.0534030992469497,5.340309924694978,-5.8597729927355315,-6.067259973382993,-6.119598278706166,-5.613400458244471,-5.8597729927355315,True
2022-07-07,ETHUSDT,1186.57,1254.29,1163.18,1237.49,1001316.079,288,288,0.0014847079439765,0.0420183424164064,True,0.0385319081278946,3.853190812789465,-6.512537196792592,-5.8597729927355315,-6.229262646859832,-5.679156009138745,-6.512537196792592,True
2022-07-08,ETHUSDT,1237.49,1276.46,1193.15,1214.04,1189518.3631,288,288,0.0028303153457251,-0.0191314935963157,True,0.0532007081318019,5.320070813180192,-5.867367143949965,-6.512537196792592,-6.21136772145522,-5.8017424514366205,-5.867367143949965,True
2022-07-09,ETHUSDT,1214.03,1235.4,1204.67,1217.02,576337.1809,288,288,0.0008630641004607,0.0024516067004325,True,0.0293779526254078,2.937795262540789,-7.055021593323205,-5.867367143949965,-6.116670615079152,-5.843529849647766,-7.055021593323205,True
2022-07-10,ETHUSDT,1217.02,1219.95,1153.0,1168.36,1018038.6506,288,288,0.0011173953761833,-0.0408041916297495,True,0.0334274643995518,3.3427464399551834,-6.796754858961659,-7.055021593323205,-6.272391780036857,-5.913365872871313,-6.796754858961659,True
2022-07-11,ETHUSDT,1168.37,1171.29,1091.71,1096.4,1201652.3048,288,288,0.0012523881281204,-0.0635689706478524,True,0.0353890961755233,3.5389096175523376,-6.68270304786037,-6.796754858961659,-6.41829075715259,-6.01826324243866,-6.68270304786037,True
2022-07-12,ETHUSDT,1096.37,1098.26,1033.46,1038.58,1261349.6321,288,288,0.0013189753349811,-0.0541776898955253,True,0.0363177000232828,3.6317700023282815,-6.630900105208687,-6.68270304786037,-6.582876768177559,-6.114930908272954,-6.630900105208687,True
2022-07-13,ETHUSDT,1038.58,1119.18,1006.32,1115.0,2035605.8299,288,288,0.0052324662045748,0.0710000093611131,True,0.0723357878548015,7.233578785480155,-5.252872562418002,-6.630900105208687,-6.606549349860776,-6.180080757301194,-5.252872562418002,True
2022-07-14,ETHUSDT,1115.01,1214.65,1072.11,1193.42,1605101.9262,288,288,0.0023071525403078,0.0679687298936221,True,0.0480328277359123,4.8032827735912305,-6.071741181340156,-5.252872562418002,-6.483650433554385,-6.160144064412422,-6.071741181340156,True
2022-07-15,ETHUSDT,1193.42,1287.82,1181.05,1231.25,1466037.2584,288,288,0.002925561197296,0.0312067786984576,True,0.0540884571539626,5.408845715396262,-5.83426895437812,-6.071741181340156,-6.286994351157775,-6.178961582305235,-5.83426895437812,True
2022-07-16,ETHUSDT,1231.25,1422.91,1191.23,1355.85,1493809.9226,288,288,0.0069375575156367,0.0963986504262303,True,0.0832920015105698,8.329200151056982,-4.970805509401724,-5.83426895437812,-6.094497170241067,-6.173679372068121,-4.970805509401724,True
2022-07-17,ETHUSDT,1355.84,1387.0,1319.04,1338.65,1246202.8795,288,288,0.0032661145940619,-0.0127669204857812,True,0.0571499308316462,5.714993083164628,-5.724154198073923,-4.970805509401724,-5.752117662549337,-6.129201679030346,-5.724154198073923,True
2022-07-18,ETHUSDT,1338.65,1597.47,1336.07,1581.04,2029918.76521,288,288,0.0048101189429736,0.1664212149054319,True,0.0693550210365022,6.935502103650229,-5.337033466901266,-5.724154198073923,-5.570768481122385,-6.106202081037453,-5.337033466901266,True
2022-07-19,ETHUSDT,1581.03,1631.0,1493.11,1542.32,1846048.6816,288,288,0.0050989869233123,-0.0247950820409641,True,0.0714071909776064,7.140719097760642,-5.2787134014716734,-5.337033466901266,-5.587600662019038,-6.059014308833642,-5.2787134014716734,True
2022-07-20,ETHUSDT,1542.33,1620.4,1484.23,1521.58,1351177.4247,288,288,0.0042241422930702,-0.0135385076453556,True,0.0649934019195046,6.499340191950467,-5.4669390463391725,-5.2787134014716734,-5.428995106045342,-6.0093753655344155,-5.4669390463391725,True
2022-07-21,ETHUSDT,1521.63,1605.98,1463.56,1575.45,1247327.4963,288,288,0.0032316343777112,0.0347916770910377,True,0.0568474658864515,5.684746588645158,-5.734767270430652,-5.4669390463391725,-5.355529124437552,-5.96921124217445,-5.734767270430652,True
2022-07-22,ETHUSDT,1575.45,1650.05,1516.11,1535.27,1170723.0873,288,288,0.0026543724541282,-0.0258346844179701,True,0.0515206022298681,5.1520602229868135,-5.9315470160200805,-5.734767270430652,-5.508321476643337,-5.953489873935055,-5.9315470160200805,True
2022-07-23,ETHUSDT,1535.27,1596.51,1488.0,1548.67,851284.7339,288,288,0.0019900247804124,0.0086902367301577,True,0.0446096937942022,4.460969379420223,-6.219608187854725,-5.9315470160200805,-5.549800040232569,-5.982085951778983,-6.219608187854725,True
2022-07-24,ETHUSDT,1548.66,1664.34,1545.67,1597.7,1009935.8997,288,288,0.0034646795412903,0.0311685969844446,True,0.0588615285334176,5.886152853341767,-5.665135135093327,-6.219608187854725,-5.72631498442326,-6.023365817046597,-5.665135135093327,True
2022-07-25,ETHUSDT,1597.7,1609.55,1435.58,1440.79,1418390.9809,288,288,0.003493590447625,-0.1033735207844285,True,0.0591066024029893,5.910660240298934,-5.656825290046432,-5.665135135093327,-5.803599331147592,-5.980780513013764,-5.656825290046432,True
2022-07-26,ETHUSDT,1440.79,1454.11,1356.17,1449.12,1199643.7408,288,288,0.002203879950741,0.0057649013775398,True,0.0469454997922171,4.694549979221711,-6.1175358579857475,-5.656825290046432,-5.841576579889043,-5.949688359114497,-6.1175358579857475,True
2022-07-27,ETHUSDT,1449.12,1644.44,1420.83,1635.74,1513426.0413,288,288,0.0033778806648167,0.1211388257008861,True,0.0581195377202603,5.811953772026038,-5.690506788391448,-6.1175358579857475,-5.9181302974000625,-5.942466544998637,-5.690506788391448,True
2022-07-28,ETHUSDT,1635.74,1784.79,1593.27,1724.52,1578145.07555,288,288,0.003699628012368,0.0528534495466313,True,0.0608245675066256,6.082456750662568,-5.599523001583999,-5.690506788391448,-5.869922251874336,-5.925341400226293,-5.599523001583999,True
2022-07-29,ETHUSDT,1724.52,1765.99,1655.02,1721.68,1205266.5703,288,288,0.0038105533881115,-0.0016481925848255,True,0.0617296799611948,6.172967996119488,-5.569980854167248,-5.599523001583999,-5.745905214620191,-5.913511855173951,-5.569980854167248,True
2022-07-30,ETHUSDT,1721.68,1744.85,1673.01,1697.0,735132.5286,288,288,0.0023432989014552,-0.0144385720551028,True,0.0484076326776602,4.840763267766021,-6.056195555482481,-5.569980854167248,-5.726874358434975,-5.870668385054617,-6.056195555482481,True
2022-07-31,ETHUSDT,1697.0,1754.69,1666.0,1678.12,696326.8079,288,288,0.0019563967919226,-0.0111878670572655,True,0.0442311744352631,4.423117443526315,-6.236650869086452,-6.056195555482481,-5.806748411522184,-5.879251494669732,-6.236650869086452,True
2022-08-01,ETHUSDT,1678.12,1704.68,1606.12,1630.28,801566.5648,288,288,0.0014539043636133,-0.0289223399873962,True,0.0381300978704929,3.8130097870492903,-6.53350267671542,-6.236650869086452,-5.830571413742326,-5.842052825386244,-6.53350267671542,True
2022-08-02,ETHUSDT,1630.28,1678.0,1559.28,1630.91,1081964.5104,288,288,0.0036350358462507,0.0003863620382953,True,0.0602912584563532,6.029125845635329,-5.6171363066283035,-6.53350267671542,-5.99917059140712,-5.830086817102323,-5.6171363066283035,True
2022-08-03,ETHUSDT,1630.91,1685.03,1589.71,1618.16,777724.7413,288,288,0.0014716502867781,-0.0078484399830219,True,0.0383620944003076,3.836209440030761,-6.521370863818371,-5.6171363066283035,-6.00269325241598,-5.781651965228138,-6.521370863818371,True
2022-08-04,ETHUSDT,1618.16,1662.79,1580.39,1607.96,735552.181,288,288,0.0016061007368074,-0.0063234064372231,True,0.0400761866550124,4.007618665501248,-6.433945940139909,-6.521370863818371,-6.192971254346205,-5.77667336334676,-6.433945940139909,True
2022-08-05,ETHUSDT,1607.97,1742.07,1605.64,1736.81,1005846.4712,288,288,0.0020846935400754,0.0770838024552273,True,0.0456584443457665,4.565844434576652,-6.173133417711724,-6.433945940139909,-6.268521331277691,-5.830358516879574,-6.173133417711724,True
2022-08-06,ETHUSDT,1736.81,1749.93,1685.26,1690.6,523314.6444,288,288,0.0008239666016898,-0.0269666017680173,True,0.028704818440288,2.8704818440288,-7.101380560806097,-6.173133417711724,-6.255817841002745,-5.834967254896464,-7.101380560806097,True
2022-08-07,ETHUSDT,1690.6,1729.79,1668.0,1700.19,439904.764,288,288,0.0005686250681819,0.0056565140101545,True,0.0238458606089594,2.3845860608959484,-7.4722892721674965,-7.101380560806097,-6.369393417820881,-5.892563237006826,-7.4722892721674965,True
2022-08-08,ETHUSDT,1700.2,1818.0,1693.87,1777.05,781620.5443,288,288,0.00145898883359,0.0442146765638973,True,0.0381967123400693,3.81967123400693,-6.530011662938906,-7.4722892721674965,-6.74042401092872,-6.006267044405271,-6.530011662938906,True
2022-08-09,ETHUSDT,1777.05,1790.83,1667.93,1702.76,818171.1019,288,288,0.0010283866345167,-0.0427042221119573,True,0.0320684679165797,3.206846791657978,-6.879764079042933,-6.530011662938906,-6.742152170752826,-6.04289692917186,-6.879764079042933,True
2022-08-10,ETHUSDT,1702.76,1885.0,1656.78,1853.57,1317767.5127,288,288,0.002778180893644,0.0848630453086479,True,0.0527084518236307,5.2708451823630735,-5.885958920267453,-6.879764079042933,-6.831315798533431,-6.113021047905573,-5.885958920267453,True
2022-08-11,ETHUSDT,1853.58,1942.0,1850.32,1880.19,1105261.9009,288,288,0.0017644408030556,0.0142593262816077,True,0.0420052473276339,4.200524732763392,-6.339921464260917,-5.885958920267453,-6.773880899044578,-6.140623116941743,-6.339921464260917,True
2022-08-12,ETHUSDT,1880.19,1964.71,1853.06,1958.28,717628.1015,288,288,0.0009906799224905,0.0406937013836642,True,0.0314750682682421,3.147506826824216,-6.917119060173791,-6.339921464260917,-6.62158907973554,-6.180304135938187,-6.917119060173791,True
2022-08-13,ETHUSDT,1958.28,2020.0,1946.5,1983.55,695876.0293,288,288,0.0009772288989391,0.0128216316715414,True,0.0312606605646639,3.12606605646639,-6.930789645809719,-6.917119060173791,-6.5105550373368,-6.234047399108331,-6.930789645809719,True
2022-08-14,ETHUSDT,1983.55,2030.0,1906.0,1935.31,569583.4852,288,288,0.0008685649392694,-0.0246206482518829,True,0.0294714258099165,2.9471425809916587,-7.048668203323173,-6.930789645809719,-6.590710633910962,-6.279467518644222,-7.048668203323173,True
2022-08-15,ETHUSDT,1935.32,2012.47,1872.31,1899.06,949162.3305,288,288,0.0020292543299724,-0.0189084934607275,True,0.045047245531469,4.504724553146906,-6.200086878545593,-7.048668203323173,-6.624491458767011,-6.3171520648018795,-6.200086878545593,True
2022-08-16,ETHUSDT,1899.05,1915.0,1853.0,1876.67,622729.1499,288,288,0.0013901188250724,-0.0118600972267911,True,0.0372842972988963,3.728429729889633,-6.578366049829631,-6.200086878545593,-6.68731705042264,-6.341468053140619,-6.578366049829631,True
2022-08-17,ETHUSDT,1876.67,1959.43,1818.74,1834.25,951824.8975,288,288,0.0015512014019437,-0.0228632510688798,True,0.039385294234571,3.938529423457107,-6.468725550256135,-6.578366049829631,-6.735005967536381,-6.3833562694944,-6.468725550256135,True
2022-08-18,ETHUSDT,1834.24,1882.37,1821.25,1846.39,606254.024,288,288,0.0009569269185911,0.0065967027604697,True,0.0309342353807412,3.093423538074121,-6.951783534535852,-6.468725550256135,-6.645327265552851,-6.399319437324872,-6.951783534535852,True
2022-08-19,ETHUSDT,1846.39,1848.0,1602.37,1609.01,1419826.9515,288,288,0.0025428544890422,-0.1376132983411064,True,0.050426723957067,5.042672395706703,-5.974468014375045,-6.951783534535852,-6.649526043298077,-6.456650198513255,-5.974468014375045,True
2022-08-20,ETHUSDT,1609.0,1657.08,1523.67,1576.04,914615.9226,288,288,0.002186098482033,-0.0207037112070678,True,0.0467557320767526,4.675573207675262,-6.125636838992339,-5.974468014375045,-6.434686005508451,-6.473693153640119,-6.125636838992339,True
2022-08-21,ETHUSDT,1576.03,1646.52,1562.34,1618.13,780662.6062,288,288,0.0020969673242131,0.0263557896907668,True,0.045792655789036,4.5792655789036045,-6.167263109342508,-6.125636838992339,-6.4197959975978005,-6.4989502438594435,-6.167263109342508,True
2022-08-22,ETHUSDT,1618.13,1629.72,1529.92,1624.66,941192.8954,288,288,0.0021856334524475,0.004027401605633,True,0.0467507588435472,4.675075884354721,-6.1258495828632915,-6.167263109342508,-6.337575409500376,-6.503998769034897,-6.1258495828632915,True
2022-08-23,ETHUSDT,1624.65,1676.07,1563.76,1665.41,940246.932,288,288,0.0020749231718574,0.0247727762443638,True,0.045551324589494,4.5551324589494,-6.177831151595832,-6.1258495828632915,-6.269000216021807,-6.498962346933846,-6.177831151595832,True
2022-08-24,ETHUSDT,1665.4,1694.13,1604.92,1656.56,744667.6078,288,288,0.0013439242769433,-0.0053281763153907,True,0.0366595727872457,3.665957278724579,-6.6121613800284695,-6.177831151595832,-6.114209739433804,-6.48279545942841,-6.6121613800284695,True
2022-08-25,ETHUSDT,1656.56,1722.0,1653.68,1695.11,603090.713,288,288,0.0009651468540503,0.0230044724322404,True,0.0310668127436721,3.1066812743672148,-6.94323028784054,-6.6121613800284695,-6.241748412564488,-6.528023871855691,-6.94323028784054,True
2022-08-26,ETHUSDT,1695.11,1706.45,1486.85,1508.18,1149912.8292,288,288,0.0036537120808839,-0.116844009624124,True,0.0604459434609469,6.044594346094699,-5.6120116197291345,-6.94323028784054,-6.405267102334129,-6.547199300220334,-5.6120116197291345,True
2022-08-27,ETHUSDT,1508.18,1518.42,1447.52,1491.06,756136.6768,288,288,0.0016977714875578,-0.0114163494361179,True,0.0412040227108696,4.1204022710869666,-6.378438777559346,-5.6120116197291345,-6.2942168044114535,-6.509838649292572,-6.378438777559346,True
2022-08-28,ETHUSDT,1491.06,1511.0,1424.0,1426.76,544846.4486,288,288,0.0010846205224358,-0.0440811370751161,True,0.0329335774314878,3.2933577431487846,-6.826525102073225,-6.378438777559346,-6.344734643350664,-6.519170711103828,-6.826525102073225,True
2022-08-29,ETHUSDT,1426.76,1559.99,1422.08,1551.8,826252.0831,288,288,0.0017812767420814,0.0840094081311986,True,0.0422051743519848,4.220517435198489,-6.330424900961679,-6.826525102073225,-6.474473433446143,-6.506677281161425,-6.330424900961679,True
2022-08-30,ETHUSDT,1551.79,1606.13,1473.61,1524.59,1003075.0172,288,288,0.0029676504723671,-0.0176900260246527,True,0.054476145902286,5.447614590228602,-5.819984725986855,-6.330424900961679,-6.418126137632785,-6.454774355197523,-5.819984725986855,True
2022-08-31,ETHUSDT,1524.59,1619.78,1524.59,1554.1,949227.6775,288,288,0.002977906558596,0.0191710784863724,True,0.0545701984474681,5.45701984474682,-5.816534722446981,-5.819984725986855,-6.193477025262048,-6.422500403517884,-5.816534722446981,True
2022-09-01,ETHUSDT,1554.11,1599.0,1512.77,1586.16,728710.482,288,288,0.0020487497550653,0.0204194009087412,True,0.0452631169393505,4.526311693935059,-6.190525547459481,-5.816534722446981,-6.234381645805618,-6.374171796399887,-6.190525547459481,True
2022-09-02,ETHUSDT,1586.17,1650.0,1546.41,1575.35,919009.6598,288,288,0.0020038920349632,-0.0068385310360513,True,0.0447648526744278,4.476485267442788,-6.212663971979678,-6.190525547459481,-6.196798999785645,-6.3880157339995245,-6.212663971979678,True
2022-09-03,ETHUSDT,1575.35,1582.71,1534.28,1557.46,321397.2189,288,288,0.0006984883168939,-0.0114211806454242,True,0.0264289295449872,2.6428929544987256,-7.2665921054001235,-6.212663971979678,-6.074026773766935,-6.382231302532196,-7.2665921054001235,True
2022-09-04,ETHUSDT,1557.45,1583.66,1540.66,1579.28,296591.1166,288,288,0.0005810131626232,0.0139127578085831,True,0.0241042146236546,2.410421462365465,-7.450737146251602,-7.2665921054001235,-6.261260214654624,-6.398116440951574,-7.450737146251602,True
2022-09-05,ETHUSDT,1579.29,1631.99,1556.56,1617.8,503492.937,288,288,0.0007254007837832,0.0240981546264405,True,0.0269332653754285,2.693326537542855,-7.228786250631909,-7.450737146251602,-6.587410698707574,-6.421750418244387,-7.228786250631909,True
2022-09-06,ETHUSDT,1617.8,1687.4,1555.0,1559.01,1010722.8578,288,288,0.0023254308120245,-0.0370161971784642,True,0.0482227209106306,4.8222720910630645,-6.063849961613498,-7.228786250631909,-6.869861004344559,-6.4299376022129655,-6.063849961613498,True
2022-09-07,ETHUSDT,1559.01,1657.5,1490.66,1630.0,850991.4243,288,288,0.0024803015166534,0.0445290103954182,True,0.0498026255999963,4.980262559999639,-5.999375146899684,-6.063849961613498,-6.8445258871753625,-6.423745015079689,-5.999375146899684,True
2022-09-08,ETHUSDT,1630.0,1663.56,1595.06,1635.37,645124.0085,288,288,0.0017451105701193,0.003289063622821,True,0.0417745205851529,4.177452058515296,-6.350937361369943,-5.999375146899684,-6.801868122159364,-6.397427246764692,-6.350937361369943,True
2022-09-09,ETHUSDT,1635.37,1746.13,1630.51,1718.23,837458.2126,288,288,0.0015081702637292,0.0494256127605962,True,0.0388351678730661,3.883516787306616,-6.4968581087876585,-6.350937361369943,-6.6187371733533285,-6.392073238178956,-6.4968581087876585,True
2022-09-10,ETHUSDT,1718.24,1789.0,1706.03,1774.12,411046.2466,288,288,0.0010688277406466,0.0320098341405168,True,0.0326929310501008,3.26929310501008,-6.841192800572421,-6.4968581087876585,-6.427961365860538,-6.371394809735855,-6.841192800572421,True
2022-09-11,ETHUSDT,1774.12,1789.0,1720.1,1766.11,409287.7263,288,288,0.0010202883558583,-0.0045251374449138,True,0.031941952912406,3.194195291240603,-6.887669989816725,-6.841192800572421,-6.350442675848641,-6.410791390926646,-6.887669989816725,True
2022-09-12,ETHUSDT,1766.12,1783.0,1693.0,1716.37,630774.6032,288,288,0.0014829120744484,-0.028567792358462,True,0.0385085974095196,3.850859740951966,-6.513747506560132,-6.887669989816725,-6.515206681489286,-6.445429261418662,-6.513747506560132,True
2022-09-13,ETHUSDT,1716.37,1760.51,1560.54,1574.4,1134549.7256,288,288,0.0041639147746958,-0.0863373482233785,True,0.0645284028525104,6.452840285251046,-5.481299595610868,-6.513747506560132,-6.618081153421376,-6.461178552201283,-5.481299595610868,True
2022-09-14,ETHUSDT,1574.4,1647.01,1552.38,1638.39,764562.5393,288,288,0.0018998740615077,0.03983980501295,True,0.043587544797886,4.358754479788607,-6.265967678423585,-5.481299595610868,-6.444153600269561,-6.43188082550799,-6.265967678423585,True
2022-09-15,ETHUSDT,1638.4,1655.2,1458.0,1472.75,1335499.8047,288,288,0.0041102225162173,-0.1065826509091406,True,0.0641110171204397,6.411101712043979,-5.494278111740665,-6.265967678423585,-6.397975514196746,-6.4358870312728875,-5.494278111740665,True
2022-09-16,ETHUSDT,1472.76,1483.35,1405.52,1433.9,693597.2425,288,288,0.002226893267976,-0.0267333966808026,True,0.047189969993379,4.718996999337906,-6.107147818224518,-5.494278111740665,-6.128592576430394,-6.385074155441625,-6.107147818224518,True
2022-09-17,ETHUSDT,1433.9,1476.13,1409.12,1468.83,421391.3743,288,288,0.0007900579785652,0.0240681607732493,True,0.0281079700185776,2.810797001857766,-7.143404224607304,-6.107147818224518,-5.972488142111954,-6.347070406822715,-7.143404224607304,True
2022-09-18,ETHUSDT,1468.82,1469.63,1325.55,1334.51,804113.468,288,288,0.0021578415302864,-0.0959019822345018,True,0.0464525729135256,4.645257291352564,-6.138646848444798,-7.143404224607304,-6.098419485721388,-6.4166791615899035,-6.138646848444798,True
2022-09-19,ETHUSDT,1334.51,1393.35,1280.0,1375.98,974855.198,288,288,0.0028886702452996,0.0306020212441959,True,0.0537463509952034,5.374635099520344,-5.846959005480446,-6.138646848444798,-6.229888936288174,-6.405779528448332,-5.846959005480446,True
2022-09-20,ETHUSDT,1375.98,1384.78,1312.71,1322.93,658027.1465,288,288,0.0020426373347649,-0.0393172308416756,True,0.045195545519055,4.5195545519055,-6.19351349492754,-5.846959005480446,-6.146087201699546,-6.361253796785025,-6.19351349492754,True
2022-09-21,ETHUSDT,1322.94,1408.9,1220.0,1245.78,1192266.7379,288,288,0.0061318595928738,-0.0600871339123231,True,0.0783061912805997,7.830619128059975,-5.094257215678653,-6.19351349492754,-6.285934278336922,-6.3550305510562,-5.094257215678653,True
2022-09-22,ETHUSDT,1245.79,1350.08,1237.32,1326.46,904282.2725,288,288,0.002489696470149,0.0627518998311722,True,0.0498968583194277,4.989685831942773,-5.9955944754744275,-5.094257215678653,-6.083356157827748,-6.3220429369512825,-5.9955944754744275,True
2022-09-23,ETHUSDT,1326.47,1360.0,1262.15,1327.25,974052.3644,288,288,0.0030441931353353,0.0005953928826708,True,0.0551742071563817,5.5174207156381705,-5.794519393119181,-5.9955944754744275,-5.853794208001173,-6.330182016634348,-5.794519393119181,True
2022-09-24,ETHUSDT,1327.24,1349.33,1306.52,1317.13,517557.3497,288,288,0.0010175655534775,-0.0076540054043837,True,0.0318993033384359,3.1899303338435927,-6.890342216700678,-5.794519393119181,-5.784968716936049,-6.312181736891608,-6.890342216700678,True
2022-09-25,ETHUSDT,1317.13,1337.0,1269.27,1294.63,515533.8409,288,288,0.0011488658917488,-0.017230187035576,True,0.0338949242770775,3.38949242770775,-6.768980004291489,-6.890342216700678,-5.993645359180095,-6.342985293469835,-6.768980004291489,True
2022-09-26,ETHUSDT,1294.62,1340.42,1277.85,1336.17,799166.4333,288,288,0.0015099301805574,0.0315823724867292,True,0.0388578200695496,3.885782006954961,-6.495691867265772,-6.768980004291489,-6.108738661052885,-6.3203665616012605,-6.495691867265772,True
2022-09-27,ETHUSDT,1336.17,1400.0,1303.75,1328.02,860584.8944,288,288,0.0014973547329583,-0.0061182013466109,True,0.0386956681420332,3.8695668142033233,-6.504055239051845,-6.495691867265772,-6.389025591370309,-6.2769554125564495,-6.504055239051845,True
2022-09-28,ETHUSDT,1328.01,1355.7,1253.2,1337.2,919314.9131,288,288,0.0022603505687961,0.0068887643820056,True,0.0475431442880689,4.754314428806892,-6.092235358791314,-6.504055239051845,-6.490717744085794,-6.244013093848266,-6.092235358791314,True
2022-09-29,ETHUSDT,1337.2,1352.02,1288.52,1335.7,770591.6895,288,288,0.0017255389476346,-0.0011223765628842,True,0.0415396069749657,4.153960697496575,-6.362215843884607,-6.092235358791314,-6.55026093722022,-6.24530333917453,-6.362215843884607,True
2022-09-30,ETHUSDT,1335.69,1373.19,1313.35,1328.72,740753.611,288,288,0.0015019760613561,-0.0052394261923146,True,0.0387553359081831,3.875533590818317,-6.500973663612675,-6.362215843884607,-6.444635662657005,-6.261796098128389,-6.500973663612675,True
2022-10-01,ETHUSDT,1328.71,1333.69,1302.68,1311.79,252081.9056,288,288,0.0003178308555256,-0.0128234560734456,True,0.0178278112937537,1.7827811293753753,-8.053991217556437,-6.500973663612675,-6.3910343945212436,-6.268615930048514,-8.053991217556437,True
2022-10-02,ETHUSDT,1311.79,1317.93,1270.0,1276.72,371740.0407,288,288,0.0006730681763201,-0.0270983276263677,True,0.0259435575108754,2.5943557510875443,-7.303663931340155,-8.053991217556437,-6.7026942645793754,-6.339394707719822,-7.303663931340155,True
2022-10-03,ETHUSDT,1276.72,1329.9,1263.04,1323.09,483775.2435,288,288,0.0007044397013492,0.0356756209211633,True,0.0265412829635128,2.6541282963512822,-7.258107820992394,-7.303663931340155,-6.862616003037037,-6.360416122754719,-7.258107820992394,True
2022-10-04,ETHUSDT,1323.1,1369.55,1318.66,1361.49,476207.6702,288,288,0.0005442267208162,0.0286097782344957,True,0.0233286673604875,2.332866736048754,-7.516144631724995,-7.258107820992394,-7.095790495477255,-6.377254205989977,-7.516144631724995,True
2022-10-05,ETHUSDT,1361.5,1364.77,1316.29,1352.2,483508.7782,288,288,0.0006541017295654,-0.0068467925900133,True,0.0255754125981473,2.5575412598147316,-7.332247668809501,-7.516144631724995,-7.3265762530453316,-6.422817711679287,-7.332247668809501,True
2022-10-06,ETHUSDT,1352.2,1383.99,1345.01,1352.06,573975.324,288,288,0.0009425573462824,-0.0001035403401474,True,0.0307010968253985,3.0701096825398535,-6.966913795631119,-7.332247668809501,-7.492831054084695,-6.506951715006499,-6.966913795631119,True
2022-10-07,ETHUSDT,1352.07,1361.75,1317.26,1331.1,491999.8776,288,288,0.0005285552723942,-0.0156236872634563,True,0.0229903299757591,2.2990329975759147,-7.545363174595116,-6.966913795631119,-7.275415569699632,-6.538812902152296,-7.545363174595116,True
2022-10-08,ETHUSDT,1331.1,1337.35,1303.51,1315.48,203391.6612,288,288,0.0001844658959828,-0.0118040500329333,True,0.0135818222629682,1.358182226296829,-8.59804595719143,-7.545363174595116,-7.323755418350625,-6.632044041372953,-8.59804595719143,True
2022-10-09,ETHUSDT,1315.48,1329.0,1307.26,1323.13,186201.9185,288,288,0.0002418896741668,0.0057985237943999,True,0.0155528027752838,1.555280277528385,-8.32702882763061,-8.59804595719143,-7.591743045590432,-6.7452666840532665,-8.32702882763061,True
2022-10-10,ETHUSDT,1323.13,1338.0,1288.0,1290.03,393663.0114,288,288,0.0005122264955597,-0.025334667915182,True,0.0226324213366529,2.2632421336652975,-7.57674365660332,-8.32702882763061,-7.753919884771555,-6.799067802372508,-7.57674365660332,True
2022-10-11,ETHUSDT,1290.03,1298.0,1267.01,1280.11,429430.3941,288,288,0.0005370927188863,-0.0077194621780118,True,0.0231752609238024,2.317526092380241,-7.529339817491239,-7.57674365660332,-7.802819082330319,-6.864435839106988,-7.529339817491239,True
2022-10-12,ETHUSDT,1280.11,1306.87,1275.25,1294.44,369712.5759,288,288,0.0004242216824412,0.0111321574540912,True,0.0205966425040881,2.059664250408818,-7.765254403417182,-7.529339817491239,-7.915304286702343,-6.940907694198386,-7.765254403417182,True
2022-10-13,ETHUSDT,1294.44,1301.58,1190.0,1287.08,945618.3163,288,288,0.0026079433426782,-0.0057020824489082,True,0.0510680266182107,5.106802661821072,-5.949193359586915,-7.765254403417182,-7.959282532466757,-7.012350462766097,-5.949193359586915,True
2022-10-14,ETHUSDT,1287.08,1343.12,1283.39,1296.27,669742.8093,288,288,0.0010043467666828,0.0071148228207468,True,0.0316914304928459,3.1691430492845987,-6.903417932202086,-5.949193359586915,-7.429512012945854,-7.051211196580109,-6.903417932202086,True
2022-10-15,ETHUSDT,1296.26,1301.69,1263.64,1274.92,287100.9529,288,288,0.0003025007702602,-0.0166074780212458,True,0.0173925492743367,1.7392549274336704,-8.103426734181909,-6.903417932202086,-7.144789833860147,-7.092475899158639,-8.103426734181909,True
2022-10-16,ETHUSDT,1274.93,1315.35,1274.67,1305.95,293321.3632,288,288,0.0004315195704454,0.0240473137383594,True,0.0207730491369329,2.0773049136932995,-7.748197694018752,-8.103426734181909,-7.250126449375867,-7.197426232843307,-7.748197694018752,True
2022-10-17,ETHUSDT,1305.96,1338.57,1295.64,1331.4,459848.4941,288,288,0.0004671016952012,0.0193002749023124,True,0.021612535603239,2.161253560323902,-7.6689635612587725,-7.748197694018752,-7.2938980246813685,-7.236419663630493,-7.6689635612587725,True
2022-10-18,ETHUSDT,1331.39,1341.73,1286.72,1310.71,572728.9189,288,288,0.0005208375295218,-0.0156620450592584,True,0.0228218651630818,2.2821865163081863,-7.5600724083724264,-7.6689635612587725,-7.274639856249688,-7.2773280071290065,-7.5600724083724264,True
2022-10-19,ETHUSDT,1310.71,1313.5,1280.31,1285.09,368637.5105,288,288,0.0003885396417049,-0.0197402203201277,True,0.0197114089223706,1.9711408922370648,-7.853115355511629,-7.5600724083724264,-7.5968156660067905,-7.325708940815673,-7.853115355511629,True
2022-10-20,ETHUSDT,1285.09,1310.87,1270.36,1282.57,428531.6103,288,288,0.0004829139594514,-0.0019628773350873,True,0.0219753033983928,2.197530339839284,-7.6356720579619015,-7.853115355511629,-7.786755150668698,-7.3870298552002085,-7.6356720579619015,True
2022-10-21,ETHUSDT,1282.57,1306.97,1252.65,1299.75,468076.7986,288,288,0.0005972524432615,0.0133060608116965,True,0.0244387488072032,2.4438748807203203,-7.423170680914483,-7.6356720579619015,-7.693204215424696,-7.457186068798871,-7.423170680914483,True
2022-10-22,ETHUSDT,1299.76,1320.2,1294.32,1313.61,221776.7007,288,288,0.000170945322694,0.0106071340728402,True,0.0130746060244298,1.3074606024429831,-8.674166802920135,-7.423170680914483,-7.628198812803842,-7.505411288663866,-8.674166802920135,True
2022-10-23,ETHUSDT,1313.62,1371.55,1299.44,1364.2,432269.46,288,288,0.0004209370522678,0.0377891038839528,True,0.0205167505289675,2.051675052896759,-7.773027255014975,-8.674166802920135,-7.8292394611361145,-7.604192794996023,-7.773027255014975,True
2022-10-24,ETHUSDT,1364.19,1370.6,1324.17,1343.61,611830.797,288,288,0.000640794384828,-0.0152081548189012,True,0.0253139168211483,2.5313916821148372,-7.352801925001327,-7.773027255014975,-7.871830430464625,-7.591421705789593,-7.352801925001327,True
2022-10-25,ETHUSDT,1343.61,1525.16,1334.94,1459.74,1127932.9012,288,288,0.0035449415006271,0.0828983162503676,True,0.0595394113224776,5.953941132247765,-5.642233621072964,-7.352801925001327,-7.771767744362565,-7.59365525095601,-5.642233621072964,True
2022-10-26,ETHUSDT,1459.74,1594.99,1457.44,1566.1,1236044.7023,288,288,0.0025777510165335,0.0703301148203041,True,0.0507715571608119,5.077155716081191,-5.960837959217157,-5.642233621072964,-7.373080056984778,-7.520206423686944,-5.960837959217157,True
2022-10-27,ETHUSDT,1566.11,1578.58,1503.2,1514.05,869454.4851,288,288,0.0014669097493998,-0.0338002729212354,True,0.038300257824196,3.830025782419602,-6.524597302231958,-5.960837959217157,-7.080613512645312,-7.44951066584568,-6.524597302231958,True
2022-10-28,ETHUSDT,1514.04,1574.9,1479.82,1554.41,858954.4425,288,288,0.0012436815985186,0.026307872841873,True,0.0352658701653407,3.526587016534074,-6.689679267169766,-6.524597302231958,-6.650699612507677,-7.4127992855467,-6.689679267169766,True
2022-10-29,ETHUSDT,1554.4,1663.06,1547.66,1619.55,914161.0846,288,288,0.0014472035205703,0.0410522804682348,True,0.038042128233977,3.804212823397706,-6.538122191209047,-6.689679267169766,-6.434030014938635,-7.400197716071184,-6.538122191209047,True
2022-10-30,ETHUSDT,1619.55,1640.06,1576.56,1590.44,476036.4243,288,288,0.0007288749418137,-0.0181376253697952,True,0.0269976840083317,2.6997684008331793,-7.224008388252244,-6.538122191209047,-6.271094068180178,-7.3544140350081815,-7.224008388252244,True
2022-10-31,ETHUSDT,1590.45,1635.8,1545.43,1572.69,810334.2413999999,288,288,0.0019934653692028,-0.0112231785067656,True,0.0446482403819327,4.464824038193278,-6.217880763150893,-7.224008388252244,-6.5874490216160355,-7.291957781874583,-6.217880763150893,True
2022-11-01,ETHUSDT,1572.69,1612.92,1563.69,1578.48,527539.2965,288,288,0.0007203855534633,0.0036748296765068,True,0.026839999133073,2.683999913307304,-7.235723998357023,-6.217880763150893,-6.638857582402781,-7.196087415307321,-7.235723998357023,True
2022-11-02,ETHUSDT,1578.47,1621.68,1502.32,1518.34,981395.3648,288,288,0.0023945437764369,-0.0388447258655327,True,0.0489340758208114,4.893407582081145,-6.034562556270254,-7.235723998357023,-6.781082921627795,-7.180586521750672,-6.034562556270254,True
2022-11-03,ETHUSDT,1518.33,1559.01,1515.17,1531.01,560202.8813,288,288,0.0007713373507579,0.0083100155193213,True,0.0277729607848709,2.7772960784870913,-7.167384730476725,-6.034562556270254,-6.650059579447893,-7.112642100786082,-7.167384730476725,True
2022-11-04,ETHUSDT,1531.01,1680.0,1528.4,1644.78,935531.4781,288,288,0.0015733566584568,0.0716789883388499,True,0.0396655601051693,3.966556010516932,-6.454543942872337,-7.167384730476725,-6.775912087301428,-7.085466206561517,-6.454543942872337,True
2022-11-05,ETHUSDT,1644.78,1666.97,1621.42,1626.98,351385.5362,288,288,0.0004381445401242,-0.01088110107336,True,0.0209319024487557,2.093190244875578,-7.732961701742384,-6.454543942872337,-6.622019198225447,-7.108436687619943,-7.732961701742384,True
2022-11-06,ETHUSDT,1626.98,1639.02,1564.39,1568.29,414863.9525,288,288,0.0008145061451347,-0.0367396817914915,True,0.028539554045829,2.853955404582903,-7.112928585279426,-7.732961701742384,-6.925035385943744,-7.146143222599048,-7.112928585279426,True
2022-11-07,ETHUSDT,1568.25,1608.04,1545.03,1568.1,642409.4494,288,288,0.0008922875904176,-0.0001211584020037,True,0.0298711832778294,2.987118327782941,-7.021722066565389,-7.112928585279426,-6.900476303328224,-7.101120579467118,-7.021722066565389,True
2022-11-08,ETHUSDT,1568.09,1579.98,1233.0,1334.77,2339916.5089,288,288,0.0122512272051601,-0.1611057030395356,True,0.1106852619148553,11.068526191485532,-4.402129166996014,-7.021722066565389,-7.0979082053872515,-7.068098960037418,-4.402129166996014,True
2022-11-09,ETHUSDT,1334.78,1337.16,1073.53,1102.73,2494797.9357,288,288,0.0160751491046911,-0.190970069003859,True,0.1267878113411976,12.678781134119763,-4.1304807333374844,-4.402129166996014,-6.54485709269111,-6.91960648757093,-4.1304807333374844,True
2022-11-10,ETHUSDT,1102.73,1350.0,1085.93,1299.28,1975955.6767,288,288,0.016356956006143,0.1640213415227576,True,0.1278943157694783,12.78943157694783,-4.113102028313633,-4.1304807333374844,-6.080044450784139,-6.763715956887523,-4.113102028313633,True
2022-11-11,ETHUSDT,1299.28,1310.0,1201.26,1289.28,1308087.1498,288,288,0.0076807096384961,-0.0077263418633641,True,0.0876396579095114,8.763965790951147,-4.869043335245405,-4.113102028313633,-5.356072516098389,-6.593715351105796,-4.869043335245405,True
2022-11-12,ETHUSDT,1289.35,1292.16,1238.7,1257.25,547772.9172,288,288,0.001674996522714,-0.0251571269509076,True,0.0409267213775307,4.092672137753079,-6.391944189698904,-4.869043335245405,-4.907295466091585,-6.467959500073229,-6.391944189698904,True
2022-11-13,ETHUSDT,1257.25,1274.23,1200.66,1221.49,547410.5304,288,288,0.001555627575377,-0.0288553710435401,True,0.0394414448946418,3.944144489464184,-6.465876229318195,-6.391944189698904,-4.7813398907182885,-6.4210855686543375,-6.465876229318195,True
2022-11-14,ETHUSDT,1221.5,1291.2,1171.13,1243.28,934742.0059,288,288,0.0041986673346505,0.0176816235988232,True,0.0647971244319572,6.479712443195725,-5.472988105317206,-6.465876229318195,-5.194089303182724,-6.320708724399704,-5.472988105317206,True
2022-11-15,ETHUSDT,1243.29,1291.0,1234.01,1253.23,632825.568,288,288,0.0013858909832462,0.0079711699010382,True,0.037227556772453,3.722755677245307,-6.581412036974467,-5.472988105317206,-5.462590777578669,-6.216161490322534,-6.581412036974467,True
2022-11-16,ETHUSDT,1253.22,1268.67,1187.06,1216.17,673339.7215,288,288,0.001134738793318,-0.0300176421221797,True,0.033685884184893,3.368588418489308,-6.781352792580409,-6.581412036974467,-5.9562527793108355,-6.18109831359404,-6.781352792580409,True
2022-11-17,ETHUSDT,1216.16,1228.22,1181.05,1200.43,530537.3488,288,288,0.0012029366495754,-0.0130267504628459,True,0.034683377136251,3.4683377136251035,-6.722989503745778,-6.781352792580409,-6.3387146707778355,-6.232876457753469,-6.722989503745778,True
2022-11-18,ETHUSDT,1200.42,1234.0,1199.18,1212.58,360218.53369999997,288,288,0.0004970301762193,0.0100704950931704,True,0.0222941735935498,2.229417359354985,-7.606859816971798,-6.722989503745778,-6.404923733587211,-6.267519709777497,-7.606859816971798,True
2022-11-19,ETHUSDT,1212.58,1235.0,1197.67,1217.67,209789.5888,288,288,0.0002407410086457,0.0041888755829343,True,0.0155158309041366,1.551583090413664,-8.33178885524951,-7.606859816971798,-6.6331204511179305,-6.316713460447491,-8.33178885524951,True
2022-11-20,ETHUSDT,1217.67,1227.07,1132.65,1142.21,531108.7607,288,288,0.0014077846174477,-0.0639742143728908,True,0.0375204559866717,3.7520455986671704,-6.565738003510189,-8.33178885524951,-7.204880601104392,-6.391354805360206,-6.565738003510189,True
2022-11-21,ETHUSDT,1142.21,1146.99,1079.76,1107.34,922647.9454,288,288,0.002296422497888,-0.0310042392699775,True,0.0479210026803289,4.792100268032895,-6.076402802693874,-6.565738003510189,-7.201745794411536,-6.392610069555713,-6.076402802693874,True
2022-11-22,ETHUSDT,1107.34,1146.13,1075.0,1139.6,748884.5791,288,288,0.001377728952198,0.0287165806671485,True,0.0371177713797325,3.7117771379732583,-6.587318822256109,-6.076402802693874,-7.060755796434231,-6.340446179303059,-6.587318822256109,True
2022-11-23,ETHUSDT,1139.59,1190.0,1127.75,1184.52,636927.1594,288,288,0.0012772018592078,0.0386603055940431,True,0.0357379610387593,3.5737961038759356,-6.66308364143429,-6.587318822256109,-7.033621660136296,-6.357238818353296,-6.66308364143429,True
2022-11-24,ETHUSDT,1184.52,1217.71,1180.6,1203.73,486080.6123,288,288,0.000687128679646,0.0160874400109248,True,0.026213139446583,2.621313944658306,-7.282988976664443,-6.66308364143429,-6.844866425028795,-6.331209711220445,-7.282988976664443,True
2022-11-25,ETHUSDT,1203.72,1207.77,1171.2,1199.3,391430.1658,288,288,0.0006202277929174,-0.0036870159910476,True,0.0249043729677628,2.4904372967762813,-7.385423739471613,-7.282988976664443,-6.63510644931178,-6.387956366692907,-7.385423739471613,True
2022-11-26,ETHUSDT,1199.29,1235.66,1196.2,1205.6,379840.8116,288,288,0.0004234535984338,0.0052393150746088,True,0.0205779882018109,2.057798820181098,-7.76706661673739,-7.385423739471613,-6.799043596504066,-6.39786723073813,-7.76706661673739,True
2022-11-27,ETHUSDT,1205.61,1223.33,1188.65,1193.88,286386.7986,288,288,0.0003613305021866,-0.0097688609230149,True,0.0190086954362126,1.900869543621261,-7.925717499940426,-7.76706661673739,-7.13717635931277,-6.45752735227745,-7.925717499940426,True
2022-11-28,ETHUSDT,1193.88,1199.25,1151.02,1167.77,478795.6093,288,288,0.0007506741873241,-0.0221125602001725,True,0.0273984340305092,2.7398434030509233,-7.1945388387852,-7.925717499940426,-7.404856094849632,-6.466288979468271,-7.1945388387852,True
2022-11-29,ETHUSDT,1167.77,1228.37,1158.27,1216.49,512143.5861,288,288,0.0005964431614351,0.040873715696544,True,0.024422185844743,2.4422185844743027,-7.424526607747433,-7.1945388387852,-7.511147134319813,-6.469998536445806,-7.424526607747433,True
2022-11-30,ETHUSDT,1216.49,1309.77,1212.5,1294.46,815679.2717,288,288,0.002011182179083,0.0621239568671651,True,0.0448462058493587,4.484620584935875,-6.209032581005357,-7.424526607747433,-7.539454660536412,-6.488307833772263,-6.209032581005357,True
2022-12-01,ETHUSDT,1294.46,1299.9,1262.77,1276.41,430018.7391,288,288,0.0005366800016303,-0.0140421698447751,True,0.0231663549491577,2.3166354949157717,-7.530108541204252,-6.209032581005357,-7.304176428843161,-6.5704398071363235,-7.530108541204252,True
2022-12-02,ETHUSDT,1276.4,1297.18,1265.24,1295.59,371559.585,288,288,0.0004948605308703,0.0149147399277445,True,0.0222454609048752,2.224546090487521,-7.611234590913787,-7.530108541204252,-7.256784813736533,-6.72496834385754,-7.611234590913787,True
2022-12-03,ETHUSDT,1295.58,1309.0,1236.26,1240.51,347148.2588,288,288,0.0004504260919703,-0.0434436044707889,True,0.0212232441433996,2.1223244143399653,-7.705316552154409,-7.611234590913787,-7.193888231931206,-6.883974369430274,-7.705316552154409,True
2022-12-04,ETHUSDT,1240.5,1287.19,1240.1,1279.41,324129.5466,288,288,0.0003703137738227,0.0308764487843356,True,0.0192435384953691,1.924353849536914,-7.901159874347872,-7.705316552154409,-7.296043774605048,-7.012895879289775,-7.901159874347872,True
2022-12-05,ETHUSDT,1279.4,1305.11,1246.61,1259.41,391628.5166,288,288,0.0004593236055595,-0.015755676837174,True,0.0214318362619622,2.1431836261962283,-7.685755573310251,-7.901159874347872,-7.391370427925136,-7.081496592228365,-7.685755573310251,True
2022-12-06,ETHUSDT,1259.41,1274.76,1241.56,1271.32,301631.839,288,288,0.0003634140756077,0.0094123734481346,True,0.0190634224526373,1.9063422452637329,-7.919967669654622,-7.685755573310251,-7.686715026386113,-7.136945653318913,-7.919967669654622,True
2022-12-07,ETHUSDT,1271.31,1278.69,1218.01,1231.18,398559.5166,288,288,0.0005049330269241,-0.0320826716820399,True,0.0224707148734568,2.24707148734568,-7.591084757435995,-7.919967669654622,-7.7646868520761885,-7.248171997152431,-7.591084757435995,True
2022-12-08,ETHUSDT,1231.18,1292.58,1222.01,1280.18,406653.5447,288,288,0.0005171455261892,0.0390276339486557,True,0.0227408338938837,2.274083389388376,-7.5671862410737525,-7.591084757435995,-7.760656885380629,-7.294066211718865,-7.5671862410737525,True
2022-12-09,ETHUSDT,1280.18,1296.64,1250.0,1263.1,406008.0032,288,288,0.0003922274332283,-0.0134316762469642,True,0.01980473259674,1.980473259674009,-7.843668699610217,-7.5671862410737525,-7.7330308231644995,-7.329785913923107,-7.843668699610217,True
2022-12-10,ETHUSDT,1263.11,1283.61,1259.6,1266.35,182278.6396,288,288,0.0001480522998731,0.0025697300112282,True,0.0121676743822762,1.2167674382276212,-8.817944969102344,-7.843668699610217,-7.721532588216968,-7.38072587737149,-8.817944969102344,True
2022-12-11,ETHUSDT,1266.35,1284.75,1255.85,1263.01,180494.902,288,288,0.0001933391058412,-0.0026409858156372,True,0.0139046433194531,1.3904643319453172,-8.551064885738343,-8.817944969102344,-7.947970467375386,-7.435775202468334,-8.551064885738343,True
2022-12-12,ETHUSDT,1263.0,1278.9,1240.03,1275.4,363750.5481,288,288,0.0003890866292659,0.0097620939056528,True,0.0197252789401308,1.972527894013084,-7.851708541797555,-8.551064885738343,-8.07418991059213,-7.4457422947632805,-7.851708541797555,True
2022-12-13,ETHUSDT,1275.41,1349.0,1255.1,1320.69,659393.8825,288,288,0.0015802009773445,0.034894472397664,True,0.039751741815228,3.9751741815228017,-6.450203239181654,-7.851708541797555,-8.126314667464444,-7.504195501049069,-6.450203239181654,True
2022-12-14,ETHUSDT,1320.69,1352.72,1301.0,1307.44,554465.5717,288,288,0.0006982029350511,-0.0100833004940316,True,0.0264235299506173,2.642352995061739,-7.267000759562415,-6.450203239181654,-7.902918067086023,-7.521186429980332,-7.267000759562415,True
2022-12-15,ETHUSDT,1307.45,1311.14,1259.27,1266.54,390051.2447,288,288,0.0004408125069034,-0.031782253738769,True,0.0209955354040664,2.0995535404066428,-7.7268909273352495,-7.267000759562415,-7.787584479076462,-7.5520810634942555,-7.7268909273352495,True
2022-12-16,ETHUSDT,1266.53,1280.06,1155.32,1166.83,751422.2779,288,288,0.0017457024673156,-0.0819981030357242,True,0.0417816044128954,4.1781604412895454,-6.350598244267065,-7.7268909273352495,-7.569373670723044,-7.6004359401261175,-6.350598244267065,True
2022-12-17,ETHUSDT,1166.82,1190.03,1161.92,1187.16,328881.6281,288,288,0.0004189342767151,0.0172732301128216,True,0.0204678840312111,2.0467884031211105,-7.77779650782742,-6.350598244267065,-7.129280342428788,-7.558054543198964,-7.77779650782742,True
2022-12-18,ETHUSDT,1187.16,1199.54,1170.32,1183.06,252260.144,288,288,0.0003508816603615,-0.0034595979186286,True,0.0187318354776435,1.8731835477643557,-7.955061541313473,-7.77779650782742,-7.114497935634761,-7.575889669033319,-7.955061541313473,True
2022-12-19,ETHUSDT,1183.06,1195.0,1150.51,1167.82,296832.7228,288,288,0.0005569005087888,-0.0129655392814744,True,0.0235987395593252,2.359873955932529,-7.493123953760162,-7.955061541313473,-7.415469596061124,-7.584434892877686,-7.493123953760162,True
2022-12-20,ETHUSDT,1167.82,1230.47,1163.12,1216.94,465184.1943,288,288,0.0006910316960505,0.0412007482879206,True,0.0262874817365708,2.628748173657083,-7.27732486542153,-7.493123953760162,-7.460694234900674,-7.564771549869492,-7.27732486542153,True
2022-12-21,ETHUSDT,1216.95,1223.39,1203.02,1213.78,245723.8377,288,288,0.0002602567598123,-0.0026000541240526,True,0.01613247531572,1.6132475315720085,-8.253841876503737,-7.27732486542153,-7.37078102251793,-7.5685345510802335,-8.253841876503737,True
2022-12-22,ETHUSDT,1213.78,1237.99,1182.54,1217.71,336761.6598,288,288,0.0007223002651185,0.0032325885956774,True,0.0268756444595952,2.6875644459595245,-7.2330696258599145,-8.253841876503737,-7.751429748965265,-7.606230699660066,-7.2330696258599145,True
2022-12-23,ETHUSDT,1217.72,1231.99,1210.0,1219.99,278604.2882,288,288,0.0002247148058091,0.001870616289821,True,0.0149904905126268,1.499049051262689,-8.400678489492469,-7.2330696258599145,-7.642484372571763,-7.652777838062547,-8.400678489492469,True
2022-12-24,ETHUSDT,1219.98,1227.99,1214.69,1220.41,123701.5301,288,288,5.0835714332515885e-05,0.0003442058712896,True,0.0071299168531278,0.7129916853127803,-9.886911412353664,-8.400678489492469,-7.731607762207562,-7.6923491993483735,-9.886911412353664,True
2022-12-25,ETHUSDT,1220.42,1225.0,1193.18,1218.51,231652.0612,288,288,0.0004563762010116,-0.0015580670004479,True,0.0213629633012753,2.1362963301275375,-7.692193086358739,-9.886911412353664,-8.210365253926263,-7.795789054868369,-7.692193086358739,True
2022-12-26,ETHUSDT,1218.52,1231.09,1211.67,1228.11,162723.0857,288,288,0.0001098699378903,0.0078476013993413,True,0.0104818861799952,1.048188617999524,-9.116213274553365,-7.692193086358739,-8.293338898113706,-7.795192533695839,-9.116213274553365,True
2022-12-27,ETHUSDT,1228.12,1233.73,1200.58,1211.55,262437.6398,288,288,0.0001432991855036,-0.0135758706861658,True,0.0119707637811319,1.197076378113196,-8.85057590700115,-9.116213274553365,-8.465813177723629,-7.850422233705178,-8.85057590700115,True
2022-12-28,ETHUSDT,1211.55,1215.78,1181.06,1190.15,367828.8914,288,288,0.000423849325181,-0.0178211819743582,True,0.0205876012488359,2.0587601248835985,-7.766132531028622,-8.85057590700115,-8.789314433951878,-7.90336861250931,-7.766132531028622,True
2022-12-29,ETHUSDT,1190.15,1206.57,1186.77,1200.49,249130.4869,288,288,0.0001880061914715,0.0086504571820007,True,0.0137115349786779,1.3711534978677946,-8.579035662317574,-7.766132531028622,-8.662405242259108,-7.896376106208129,-8.579035662317574,True
2022-12-30,ETHUSDT,1200.48,1202.15,1181.08,1199.99,266014.2115,288,288,0.0001796221757072,-0.0004165833560217,True,0.0134023197882774,1.3402319788277477,-8.62465493696107,-8.579035662317574,-8.40083009225189,-7.941282965520927,-8.62465493696107,True
2022-12-31,ETHUSDT,1199.98,1208.46,1191.66,1196.13,139379.2811,288,288,7.926721860242915e-05,-0.00322187815223,True,0.0089032139479195,0.8903213947919547,-9.442685899375187,-8.62465493696107,-8.587322462372356,-7.989349724424897,-9.442685899375187,True
2023-01-01,ETHUSDT,1196.13,1204.67,1190.57,1200.34,117762.0685,288,288,6.54624861392058e-05,0.0035135047223104,True,0.0080908890821222,0.8090889082122297,-9.634033310095091,-9.442685899375187,-8.652616987336723,-8.062032324414213,-9.634033310095091,True
2023-01-02,ETHUSDT,1200.33,1224.29,1193.0,1214.0,252794.14,288,288,0.0001517580814731,0.0113158426413277,True,0.0123190130072658,1.231901300726588,-8.793222874265737,-9.634033310095091,-8.809308467955509,-8.099127249004793,-8.793222874265737,True
2023-01-03,ETHUSDT,1213.99,1219.89,1204.93,1214.55,205519.4944,288,288,9.89319725617254e-05,0.0004529451807893,True,0.009946455276214,0.9946455276214003,-9.22107808986375,-8.793222874265737,-9.014726536602932,-8.110134430301493,-9.22107808986375,True
2023-01-04,ETHUSDT,1214.56,1272.6,1212.71,1256.9,457799.6648,288,288,0.0004807157388059,0.0342747341305589,True,0.0219252306443055,2.192523064430558,-7.64023444216931,-9.22107808986375,-9.143135022112165,-8.172378500668138,-7.64023444216931,True
2023-01-05,ETHUSDT,1256.91,1259.95,1242.81,1251.24,272805.33,288,288,0.0001201748623682,-0.0045133123412902,True,0.0109624295832733,1.096242958327339,-9.026562689446399,-7.64023444216931,-8.946250923153816,-8.226470828076668,-9.026562689446399,True
2023-01-06,ETHUSDT,1251.25,1276.7,1236.0,1269.14,342344.2023,288,288,0.0002665856663541,0.0142044461287881,True,0.0163274513122587,1.63274513122587,-8.229814916278313,-9.026562689446399,-8.863026281168057,-8.306450915798667,-8.229814916278313,True
2023-01-07,ETHUSDT,1269.13,1271.09,1261.3,1264.07,129474.2884,288,288,4.273614756191515e-05,-0.0040028317980527,True,0.0065372890070667,0.6537289007066702,-10.06046544873116,-8.229814916278313,-8.582182602404703,-8.32931109711426,-10.06046544873116,True
2023-01-08,ETHUSDT,1264.06,1296.0,1257.77,1290.16,213636.7848,288,288,0.0002543304965042,0.0204295677520244,True,0.0159477426773899,1.5947742677389976,-8.276875969390998,-10.06046544873116,-8.835631117297787,-8.497941424589902,-8.276875969390998,True
2023-01-09,ETHUSDT,1290.15,1344.91,1285.44,1320.39,581727.6968,288,288,0.0004438665571965,0.023160905815511,True,0.0210681408101555,2.10681408101556,-7.719986587560037,-8.276875969390998,-8.646790693203236,-8.520626854660973,-7.719986587560037,True
2023-01-10,ETHUSDT,1320.4,1347.69,1316.8,1335.62,459660.2307,288,288,0.0002859700671909,0.0114684560128863,True,0.0169106495200779,1.6910649520077956,-8.159623412793358,-7.719986587560037,-8.662741122281382,-8.509941629490363,-8.159623412793358,True
2023-01-11,ETHUSDT,1335.63,1398.0,1321.04,1389.39,472465.9556,288,288,0.0008459542397989,0.0394691983808467,True,0.0290852924998009,2.908529249980091,-7.075045289893194,-8.159623412793358,-8.489353266950774,-8.540237059446417,-7.075045289893194,True
2023-01-12,ETHUSDT,1389.4,1438.0,1361.92,1415.92,877712.4492,288,288,0.0014879204166614,0.018914694600993,True,0.0385735714792068,3.8573571479206854,-6.510375827428005,-7.075045289893194,-8.258399341673748,-8.531042533286039,-6.510375827428005,True
2023-01-13,ETHUSDT,1415.91,1464.0,1401.03,1451.2,499377.8649,288,288,0.0005727339885473,0.0246113038783734,True,0.0239318613682128,2.393186136821289,-7.4650891924168015,-6.510375827428005,-7.548381417413118,-8.451794076509868,-7.4650891924168015,True
2023-01-14,ETHUSDT,1451.21,1599.98,1449.14,1549.9,940691.7774,288,288,0.0038688225387001,0.0657996123421336,True,0.062199859635695,6.219985963569502,-5.554805071800819,-7.4650891924168015,-7.386024062018279,-8.462340420444272,-5.554805071800819,True
2023-01-15,ETHUSDT,1549.91,1566.66,1516.03,1552.52,387832.7138,288,288,0.0008774265043035,0.0016890044693164,True,0.0296213859281348,2.962138592813485,-7.038517361911452,-5.554805071800819,-6.952987758866435,-8.332982537821925,-7.038517361911452,True
2023-01-16,ETHUSDT,1552.52,1604.5,1521.31,1576.94,574622.8953,288,288,0.001618289734333,0.0156068431423742,True,0.0402279720385331,4.02279720385331,-6.426385406949783,-7.038517361911452,-6.728766548690054,-8.203510080983643,-6.426385406949783,True
2023-01-17,ETHUSDT,1576.94,1609.0,1541.15,1565.57,506771.7219,288,288,0.0008356523019552,-0.0072362853990497,True,0.0289076512701261,2.890765127012619,-7.0872979381449275,-6.426385406949783,-6.599034572101371,-8.145973368283235,-7.0872979381449275,True
2023-01-18,ETHUSDT,1565.56,1610.0,1501.39,1511.43,752534.8857,288,288,0.0017365674423249,-0.0351937523795321,True,0.041672142281444,4.167214228144407,-6.355844848454911,-7.0872979381449275,-6.714418994244757,-8.053749943901034,-6.355844848454911,True
2023-01-19,ETHUSDT,1511.44,1564.43,1509.15,1551.09,308679.4645,288,288,0.0005053564072423,0.0259016870362221,True,0.0224801336126443,2.248013361264433,-7.590246620702765,-6.355844848454911,-6.492570125452379,-7.940353077603478,-7.590246620702765,True
2023-01-20,ETHUSDT,1551.09,1669.9,1542.02,1658.52,440570.9974,288,288,0.0008360901889797,0.066967728831599,True,0.0289152241730841,2.891522417308417,-7.086774069143704,-7.590246620702765,-6.899658435232768,-7.932358263497758,-7.086774069143704,True
2023-01-21,ETHUSDT,1658.53,1679.26,1616.21,1626.66,494248.6009,288,288,0.0013540235301055,-0.0193968055939062,True,0.0367970587154123,3.6797058715412354,-6.604674726426288,-7.086774069143704,-6.909309776679218,-7.864528191080763,-6.604674726426288,True
2023-01-22,ETHUSDT,1626.65,1663.89,1604.0,1627.44,431729.6909,288,288,0.0007336176884255,0.0004793952336675,True,0.0270853777604363,2.708537776043639,-7.217522525500408,-6.604674726426288,-6.94496764057452,-7.772710908783727,-7.217522525500408,True
2023-01-23,ETHUSDT,1627.43,1648.09,1585.29,1626.29,407267.1156,288,288,0.0012787426425213,-0.0007068810552104,True,0.035759511217596,3.5759511217596054,-6.661877994364023,-7.217522525500408,-6.971012558045615,-7.671567119062146,-6.661877994364023,True
2023-01-24,ETHUSDT,1626.28,1641.46,1535.0,1555.97,462275.3243,288,288,0.0015972231923156,-0.0442022016416705,True,0.0399652748309783,3.99652748309783,-6.439488662272316,-6.661877994364023,-7.0322191872274376,-7.53646915016528,-6.439488662272316,True
2023-01-25,ETHUSDT,1555.97,1641.0,1518.0,1611.94,646474.9166,288,288,0.001023844401536,0.0353392771833732,True,0.0319975686816368,3.199756868163689,-6.884190715535639,-6.439488662272316,-6.802067595541348,-7.429481231438305,-6.884190715535639,True
2023-01-26,ETHUSDT,1611.95,1632.84,1577.43,1601.09,532777.8466,288,288,0.0006329561416582,-0.0067537752477615,True,0.0251586196294275,2.515861962942755,-7.365109424700454,-6.884190715535639,-6.761550924819735,-7.323259078059755,-7.365109424700454,True
2023-01-27,ETHUSDT,1601.08,1621.0,1552.54,1597.62,512093.3875,288,288,0.0009304500497529,-0.0021696254810135,True,0.0305032793278524,3.0503279327852453,-6.979842164405171,-7.365109424700454,-6.913637864474568,-7.310753395447534,-6.979842164405171,True
2023-01-28,ETHUSDT,1597.61,1606.83,1555.99,1572.1,313675.6574,288,288,0.0003555625671404,-0.0161027166039444,True,0.0188563667534459,1.8856366753445992,-7.941809326624739,-6.979842164405171,-6.86610179225552,-7.2177206443092965,-7.941809326624739,True
2023-01-29,ETHUSDT,1572.1,1660.0,1566.33,1644.72,551767.9134,288,288,0.0009654311259046,0.0451578517482097,True,0.0310713875761066,3.1071387576106653,-6.942935793798542,-7.941809326624739,-7.122088058707663,-7.204629481143225,-6.942935793798542,True
2023-01-30,ETHUSDT,1644.73,1647.53,1535.0,1566.2,595055.3281,288,288,0.0007517492045411,-0.0489178536288407,True,0.0274180452355952,2.741804523559526,-7.193107794239062,-6.942935793798542,-7.22277748501291,-7.062923587737196,-7.193107794239062,True
2023-01-31,ETHUSDT,1566.21,1605.18,1561.63,1585.33,348856.6751,288,288,0.0005691892998506,0.0121402842162832,True,0.0238576884850695,2.3857688485069537,-7.471297490501168,-7.193107794239062,-7.284560900753594,-7.013661397957563,-7.471297490501168,True
2023-02-01,ETHUSDT,1585.32,1647.77,1555.18,1641.68,474617.1709,288,288,0.0009971577793835,0.0349275201993915,True,0.0315778051704602,3.1577805170460245,-6.9106015463773645,-7.471297490501168,-7.305798513913738,-7.002357348091252,-6.9106015463773645,True
2023-02-02,ETHUSDT,1641.67,1714.68,1626.85,1643.12,629188.8874,288,288,0.0016774043593153,0.0008767657648842,True,0.0409561272499648,4.09561272499648,-6.3905077045647705,-6.9106015463773645,-7.291950390308176,-6.945583626890524,-6.3905077045647705,True
2023-02-03,ETHUSDT,1643.12,1676.0,1625.93,1663.52,464815.032,288,288,0.0006645519512497,0.012338965732266,True,0.0257789051600287,2.5778905160028796,-7.316397501904268,-6.3905077045647705,-6.981690065896181,-6.91446828210287,-7.316397501904268,True
2023-02-04,ETHUSDT,1663.52,1695.29,1645.43,1666.38,308227.1295,288,288,0.0003968807656966,0.0017177697247722,True,0.0199218665214039,1.992186652140393,-7.83187466068338,-7.316397501904268,-7.056382407517328,-6.951105630942698,-7.83187466068338,True
2023-02-05,ETHUSDT,1666.39,1673.81,1609.3,1629.02,413579.6748,288,288,0.0004466656555457,-0.0226750019569136,True,0.0211344660577391,2.1134466057739156,-7.7137002173936455,-7.83187466068338,-7.18413578080619,-6.967777697682089,-7.7137002173936455,True
2023-02-06,ETHUSDT,1629.01,1658.56,1605.01,1614.29,384119.4197,288,288,0.0005589254870182,-0.0090833754886673,True,0.0236416050008922,2.3641605000892256,-7.489494390620297,-7.7137002173936455,-7.232616326184686,-7.065909295209035,-7.489494390620297,True
2023-02-07,ETHUSDT,1614.28,1678.37,1613.14,1671.03,451922.4,288,288,0.0008230488956467,0.0345449712467486,True,0.0286888287604564,2.86888287604564,-7.102494947573624,-7.489494390620297,-7.348394895033271,-7.086408251059438,-7.102494947573624,True
2023-02-08,ETHUSDT,1671.03,1697.91,1630.47,1650.43,417966.2539,288,288,0.0006796554092553,-0.0124043427522269,True,0.026070201557628,2.6070201557628048,-7.293924639330998,-7.102494947573624,-7.490792343635043,-7.117140502905976,-7.293924639330998,True
2023-02-09,ETHUSDT,1650.42,1656.17,1524.4,1545.35,658011.6964,288,288,0.0013306297680299,-0.065785438110378,True,0.0364777982892321,3.647779828923212,-6.6221029390219455,-7.293924639330998,-7.486297771120389,-7.126532625687161,-6.6221029390219455,True
2023-02-10,ETHUSDT,1545.35,1555.01,1490.0,1513.06,484654.2199,288,288,0.000750973757741,-0.0211163315789648,True,0.027403900411092,2.7403900411092015,-7.194139849898546,-6.6221029390219455,-7.2443434267881015,-7.138635266167481,-7.194139849898546,True
2023-02-11,ETHUSDT,1513.05,1543.0,1505.0,1538.51,289691.5708,288,288,0.0002744175362375,0.0166803252644497,True,0.0165655526994298,1.6565552699429895,-8.200859756583482,-7.194139849898546,-7.140431353289083,-7.120630412949106,-8.200859756583482,True
2023-02-12,ETHUSDT,1538.5,1548.02,1493.08,1514.83,286758.374,288,288,0.0003052384358114,-0.015511194152279,True,0.0174710742603716,1.7471074260371626,-8.094417330010828,-8.200859756583482,-7.282704426481719,-7.171270671469096,-8.094417330010828,True
2023-02-13,ETHUSDT,1514.82,1526.1,1461.93,1505.24,643152.3904,288,288,0.0009832823081634,-0.0063508675184233,True,0.0313573326060016,3.135733260600168,-6.924614288648173,-8.094417330010828,-7.48108890296916,-7.238986244359302,-6.924614288648173,True
2023-02-14,ETHUSDT,1505.25,1569.0,1482.66,1555.71,668964.3768,288,288,0.0009476841690345,0.0329796791391852,True,0.030784479352988,3.078447935298806,-6.961489266244616,-6.924614288648173,-7.4072268328325945,-7.225672233593292,-6.961489266244616,True
2023-02-15,ETHUSDT,1555.7,1680.0,1542.55,1674.92,581207.8586,288,288,0.0010302897976385,0.0738333698775737,True,0.0320981276344669,3.2098127634466964,-6.877915159383448,-6.961489266244616,-7.475104098277129,-7.239290927769684,-6.877915159383448,True
2023-02-16,ETHUSDT,1674.92,1742.97,1633.72,1637.84,832723.6731,288,288,0.0019298028800411,-0.0223871023802117,True,0.0439295217369955,4.392952173699557,-6.250337415975176,-6.877915159383448,-7.411859160174108,-7.259219404911099,-6.250337415975176,True
2023-02-17,ETHUSDT,1637.83,1722.0,1630.51,1693.87,579934.663,288,288,0.0011106929669801,0.0336375512825244,True,0.0333270605811581,3.332706058115811,-6.80277116387202,-6.250337415975176,-7.021754692052449,-7.230407891294714,-6.80277116387202,True
2023-02-18,ETHUSDT,1693.81,1713.13,1679.77,1691.62,267305.7813,288,288,0.0003039561956174,-0.0013292021723724,True,0.0174343395520853,1.743433955208538,-8.098626960304314,-6.80277116387202,-6.7634254588246865,-7.204847061257058,-8.098626960304314,True
2023-02-19,ETHUSDT,1691.62,1726.59,1666.14,1679.75,401023.0477,288,288,0.0004030831455391,-0.0070416768542148,True,0.0200769306802407,2.0076930680240728,-7.816367700823714,-8.098626960304314,-6.998227993155915,-7.255700915616109,-7.816367700823714,True
2023-02-20,ETHUSDT,1679.74,1719.89,1650.56,1703.27,451314.8335,288,288,0.0005910081524798,0.0139049600420276,True,0.024310659235814,2.4310659235814,-7.4336807462712535,-7.816367700823714,-7.1692036800717345,-7.249999023534245,-7.4336807462712535,True
2023-02-21,ETHUSDT,1703.27,1716.66,1636.3,1659.76,520354.4688,288,288,0.0008229768832395,-0.0258769192574033,True,0.0286875736729251,2.868757367292516,-7.102582446090561,-7.4336807462712535,-7.280356797449295,-7.272305612283005,-7.102582446090561,True
2023-02-22,ETHUSDT,1659.77,1666.95,1595.07,1643.14,528875.4809,288,288,0.0009350671277351,-0.010063968196039,True,0.0305788673389835,3.057886733898356,-6.974892236883589,-7.102582446090561,-7.450805803472372,-7.2681908237308,-6.974892236883589,True
2023-02-23,ETHUSDT,1643.15,1679.0,1628.75,1650.53,501305.9717,288,288,0.0008628033844664,0.0044874030494246,True,0.0293735150172133,2.937351501721336,-7.055323720802353,-6.974892236883589,-7.485230018074685,-7.245626948566365,-7.055323720802353,True
2023-02-24,ETHUSDT,1650.52,1664.66,1575.64,1607.8,512515.4982,288,288,0.0009500998149848,-0.0262296635444105,True,0.0308236891851842,3.082368918518426,-6.958943510483933,-7.055323720802353,-7.276569370174295,-7.252205229222046,-6.958943510483933,True
2023-02-25,ETHUSDT,1607.8,1608.98,1557.33,1594.58,290188.0391,288,288,0.0003355848824728,-0.0082564062344857,True,0.0183189760214073,1.8318976021407387,-7.999635630652821,-6.958943510483933,-7.105084532106337,-7.278043220400189,-7.999635630652821,True
2023-02-26,ETHUSDT,1594.58,1651.26,1587.76,1641.36,308607.9941,288,288,0.0003845865411235,0.0289147877985778,True,0.0196108781323923,1.961087813239231,-7.863341719900595,-7.999635630652821,-7.218275508982652,-7.309099498979669,-7.863341719900595,True
2023-02-27,ETHUSDT,1641.37,1665.22,1608.0,1633.45,431861.4129,288,288,0.0004820306913817,-0.0048308240068115,True,0.0219551973660402,2.195519736604022,-7.637502770875077,-7.863341719900595,-7.370427363744659,-7.310529819853179,-7.637502770875077,True
2023-02-28,ETHUSDT,1633.45,1647.52,1596.66,1605.23,393523.1647,288,288,0.0004792642957321,-0.0174272939731142,True,0.0218921057856979,2.189210578569794,-7.6432583470997875,-7.637502770875077,-7.502949470542956,-7.30706629955688,-7.6432583470997875,True
2023-03-01,ETHUSDT,1605.24,1669.72,1595.0,1665.22,474456.8235,288,288,0.0006349984779709,0.0366901983399693,True,0.0251991761367491,2.5199176136749126,-7.361887955970675,-7.6432583470997875,-7.620536395802444,-7.314055570305948,-7.361887955970675,True
2023-03-02,ETHUSDT,1665.23,1677.86,1619.18,1647.86,423023.8082,288,288,0.00044549348728,-0.0104797704134685,True,0.0211067166390249,2.1106716639024925,-7.7163279300603795,-7.361887955970675,-7.701125284899791,-7.325846161596723,-7.7163279300603795,True
2023-03-03,ETHUSDT,1647.86,1649.25,1544.39,1569.45,742816.5976,288,288,0.0009783752771637,-0.0487522369093606,True,0.0312789909869819,3.1278990986981996,-6.929617242549469,-7.7163279300603795,-7.644463744781302,-7.345046311175332,-6.929617242549469,True
2023-03-04,ETHUSDT,1569.45,1577.53,1549.12,1566.73,237640.2606,288,288,0.0001971951891708,-0.0017345947503018,True,0.0140426204524256,1.4042620452425614,-8.531316511778916,-6.929617242549469,-7.457718849311076,-7.359024234062946,-8.531316511778916,True
2023-03-05,ETHUSDT,1566.74,1588.77,1553.05,1564.58,299240.7415,288,288,0.0003784577811571,-0.0013732273954752,True,0.0194539913939817,1.945399139398176,-7.879406033825669,-8.531316511778916,-7.636481597491846,-7.419804991421144,-7.879406033825669,True
2023-03-06,ETHUSDT,1564.57,1583.49,1554.44,1565.84,307709.3011,288,288,0.0002796895990937,0.0008050038448792,True,0.0167239229576587,1.6723922957658783,-8.181830144383778,-7.879406033825669,-7.683711134837021,-7.405193458568518,-8.181830144383778,True
2023-03-07,ETHUSDT,1565.84,1584.49,1536.14,1561.96,437947.9032,288,288,0.0005256010346279,-0.002480978317154,True,0.0229259903739833,2.292599037398332,-7.550968122325681,-8.181830144383778,-7.847699572519642,-7.409166768312743,-7.550968122325681,True
2023-03-08,ETHUSDT,1561.95,1570.89,1523.61,1532.38,460101.7658,288,288,0.0004446091902117,-0.0191193605583975,True,0.0210857579947165,2.108575799471651,-7.718314885906249,-7.550968122325681,-7.814627610972702,-7.437637397116265,-7.718314885906249,True
2023-03-09,ETHUSDT,1532.38,1546.45,1408.0,1437.32,718485.1364,288,288,0.0014014501776102,-0.0640418138788697,True,0.0374359476654495,3.7435947665449567,-6.570247737324038,-7.718314885906249,-7.972367139644058,-7.47203856164634,-6.570247737324038,True
2023-03-10,ETHUSDT,1437.32,1439.43,1368.39,1426.44,960262.4509,288,288,0.0018700040168612,-0.0075984386593142,True,0.0432435430655401,4.324354306554013,-6.281814700063832,-6.570247737324038,-7.580153384753084,-7.458053678825456,-6.281814700063832,True
2023-03-11,ETHUSDT,1426.43,1478.07,1408.4,1471.97,1374859.6201,288,288,0.0017069745756464,0.0314198098658213,True,0.0413155488363217,4.131554883632176,-6.373032729453922,-6.281814700063832,-7.260635118000716,-7.4594844644658505,-6.373032729453922,True
2023-03-12,ETHUSDT,1471.93,1594.19,1448.3,1580.33,1002355.0929,288,288,0.0022948883963983,0.0710320463257786,True,0.0479049934390808,4.790499343908084,-6.077071065672406,-6.373032729453922,-6.898875635014744,-7.439950899265027,-6.077071065672406,True
2023-03-13,ETHUSDT,1580.33,1693.49,1565.0,1673.45,1228063.6053,288,288,0.002331180265676,0.0572536777306644,True,0.0482822976428842,4.828229764288427,-6.061380587866303,-6.077071065672406,-6.60409622368409,-7.348061994963578,-6.061380587866303,True
2023-03-14,ETHUSDT,1673.44,1780.02,1655.24,1699.4,1283321.2355,288,288,0.0028661017033944,0.0153878838666424,True,0.0535359851258422,5.353598512584227,-5.854802464024897,-6.061380587866303,-6.2727093640761,-7.268289853465513,-5.854802464024897,True
2023-03-15,ETHUSDT,1699.41,1716.9,1611.0,1649.96,963142.4833,288,288,0.0018290156902692,-0.0295242023929089,True,0.0427669930000841,4.276699300008418,-6.303977331004846,-5.854802464024897,-6.129620309416272,-7.196522658817952,-6.303977331004846,True
2023-03-16,ETHUSDT,1649.95,1691.42,1632.18,1673.73,627985.6119,288,288,0.0012130961776817,0.0143036235416262,True,0.0348295302535332,3.482953025353324,-6.714579363060635,-6.303977331004846,-6.134052835604475,-7.160222426314055,-6.714579363060635,True
2023-03-17,ETHUSDT,1673.73,1800.0,1662.65,1789.27,907528.2825,288,288,0.0017839284829154,0.0667530467058982,True,0.0422365775473758,4.223657754737587,-6.3289373336797725,-6.714579363060635,-6.202362162325818,-7.148390022958466,-6.3289373336797725,True
2023-03-18,ETHUSDT,1789.26,1841.0,1747.47,1758.84,711614.731,288,288,0.0016123002271702,-0.0171532145968454,True,0.0401534584708497,4.015345847084975,-6.43009340709637,-6.3289373336797725,-6.252735415927291,-7.115372459907439,-6.43009340709637,True
2023-03-19,ETHUSDT,1758.84,1841.36,1757.92,1780.68,541131.8908,288,288,0.001234097633308,0.0123408129788272,True,0.0351297257790047,3.5129725779004763,-6.697415237254321,-6.43009340709637,-6.326477979773304,-7.09133381884437,-6.697415237254321,True
2023-03-20,ETHUSDT,1780.67,1803.05,1722.0,1732.78,682848.1248,288,288,0.0010922293102272,-0.0272682586388473,True,0.0330488927231654,3.304889272316541,-6.819534432653909,-6.697415237254321,-6.495000534419189,-7.032141982780801,-6.819534432653909,True
2023-03-21,ETHUSDT,1732.77,1835.0,1717.01,1801.23,742348.4999,288,288,0.0009917267940436,0.0387427096844825,True,0.0314916940484898,3.149169404848983,-6.91606289784173,-6.819534432653909,-6.598111954749001,-6.984696196996861,-6.91606289784173,True
2023-03-22,ETHUSDT,1801.23,1819.98,1710.12,1734.33,891287.6009,288,288,0.0013778807312647,-0.0378485931994209,True,0.0371198158840359,3.7119815884035976,-6.587208662194063,-6.91606289784173,-6.6384086617052205,-6.951903475495345,-6.587208662194063,True
2023-03-23,ETHUSDT,1734.34,1857.16,1729.35,1813.79,732061.103,288,288,0.0010653638602874,0.0447974070589945,True,0.0326399120753638,3.263991207536386,-6.844438885318776,-6.587208662194063,-6.6900629274080785,-6.903901217090539,-6.844438885318776,True
2023-03-24,ETHUSDT,1813.78,1818.99,1726.4,1749.57,564770.1417,272,271,,,False,,,,-6.844438885318776,-6.772932023052559,-6.88038080478818,,False
2023-03-25,ETHUSDT,1749.57,1763.23,1713.09,1741.88,355679.3743,288,288,0.0003867534794893,-0.0044050537370123,True,0.0196660489038677,1.966604890386772,-7.857723071811297,,,,-7.857723071811297,False
2023-03-26,ETHUSDT,1741.88,1801.0,1739.31,1773.88,354933.2372,288,288,0.0005686837587373,0.018204248136498,True,0.0238470912007603,2.3847091200760304,-7.472186062636254,-7.857723071811297,,,-7.472186062636254,False
2023-03-27,ETHUSDT,1773.88,1780.48,1686.13,1715.22,570563.5023,288,288,0.0008164013201036,-0.0336278855823673,True,0.0285727373575518,2.8572737357551827,-7.11060451004851,-7.472186062636254,,,-7.11060451004851,False
2023-03-28,ETHUSDT,1715.21,1795.73,1701.13,1772.99,536511.3973,288,288,0.0008212204479962,0.0331260346441175,True,0.0286569441496509,2.865694414965097,-7.104718972987999,-7.11060451004851,,,-7.104718972987999,False
2023-03-29,ETHUSDT,1773.0,1827.99,1772.48,1793.07,536865.5972,288,288,0.0005256109674293,0.0112618476565736,True,0.0229262070004906,2.292620700049066,-7.550949224517473,-7.104718972987999,,,-7.550949224517473,False
2023-03-30,ETHUSDT,1793.06,1829.69,1763.0,1793.61,579690.0394,288,288,0.0007391408348944,0.0003011141245261,True,0.0271871446624032,2.7187144662403218,-7.21002208021458,-7.550949224517473,-7.419236368400307,,-7.21002208021458,False
2023-03-31,ETHUSDT,1793.6,1847.28,1777.91,1821.52,554525.4762,288,288,0.0005494143285022,0.0154409686684311,True,0.023439588914958,2.34395889149581,-7.506657704369796,-7.21002208021458,-7.289696170080964,,-7.506657704369796,False
2023-04-01,ETHUSDT,1821.52,1842.83,1807.81,1820.79,272904.9674,288,288,0.0001765764377233,-0.0004008445243674,True,0.013288206715858,1.3288206715858044,-8.641756700421253,-7.506657704369796,-7.296590498427672,,-8.641756700421253,False
2023-04-02,ETHUSDT,1820.8,1824.81,1771.7,1794.51,322122.9385,288,288,0.000222859929689,-0.0145384686705137,True,0.0149284938854891,1.4928493885489105,-8.408967101839448,-8.641756700421253,-7.602820936502221,,-8.408967101839448,False
2023-04-03,ETHUSDT,1794.51,1839.99,1762.77,1810.51,628503.6619,288,288,0.0008831163608665,0.0088765693715099,True,0.0297172737791762,2.9717273779176248,-7.032053587031647,-8.408967101839448,-7.8636705622725085,,-7.032053587031647,False
2023-04-04,ETHUSDT,1810.51,1891.91,1802.01,1870.37,622208.6411,288,288,0.000821234257057,0.0325276987127646,True,0.0286571850860665,2.8657185086066557,-7.104702157838384,-7.032053587031647,-7.759891434775343,,-7.104702157838384,False
2023-04-05,ETHUSDT,1870.38,1942.98,1864.58,1908.69,548595.5155,288,288,0.0009053788853337,0.0202808706148007,True,0.0300895145413445,3.0089514541344538,-7.007157044049791,-7.104702157838384,-7.738827450300105,,-7.007157044049791,False
2023-04-06,ETHUSDT,1908.68,1909.91,1853.7,1872.41,396241.4352,288,288,0.0003440533059853,-0.0191907717032902,True,0.0185486739683814,1.8548673968381435,-7.974713953336229,-7.007157044049791,-7.638927318236104,,-7.974713953336229,False
2023-04-07,ETHUSDT,1872.41,1882.61,1841.46,1863.72,284256.4873,288,288,0.0002885040730311,-0.0046518807808916,True,0.0169854076498377,1.6985407649837796,-8.150801354157025,-7.974713953336229,-7.505518768819099,,-8.150801354157025,False
2023-04-08,ETHUSDT,1863.73,1879.38,1847.0,1848.82,197905.5407,288,288,0.000129505510858,-0.0080268926404802,True,0.0113800488073679,1.1380048807367962,-8.951787122842084,-8.150801354157025,-7.453885619282616,,-8.951787122842084,False
2023-04-09,ETHUSDT,1848.82,1873.99,1824.01,1858.92,287131.3079,288,288,0.0003711449693049,0.005448076176832,True,0.0192651231323587,1.9265123132358704,-7.898917818837453,-8.951787122842084,-7.837832326444703,,-7.898917818837453,False
2023-04-10,ETHUSDT,1858.91,1918.79,1846.4,1910.2,434739.7984,288,288,0.0004082000749007,0.0272122746943648,True,0.0202039618614948,2.020396186149486,-7.803753124098345,-7.898917818837453,-7.996675458644516,,-7.803753124098345,False
2023-04-11,ETHUSDT,1910.21,1937.37,1881.11,1889.86,405203.4892,288,288,0.0003992971066426,-0.0107051963646443,True,0.0199824199396023,1.9982419939602325,-7.825804789995481,-7.803753124098345,-8.155994674654227,,-7.825804789995481,False
2023-04-12,ETHUSDT,1889.86,1933.0,1852.65,1917.39,630844.4186,288,288,0.0007709410061449,0.0144621339974539,True,0.0277658244276109,2.776582442761094,-7.1678987033532175,-7.825804789995481,-8.126212841986078,,-7.1678987033532175,False
2023-04-13,ETHUSDT,1917.4,2023.0,1899.55,2012.01,676164.5188,288,288,0.0005966081108398,0.0481693361527575,True,0.0244255626514497,2.4425562651449773,-7.424250090870776,-7.1678987033532175,-7.929632311825316,,-7.424250090870776,False
2023-04-14,ETHUSDT,2012.0,2128.76,2009.22,2099.99,896307.3934000001,288,288,0.0025048188131265,0.042798360409209,True,0.0500481649326583,5.004816493265833,-5.989538877150477,-7.424250090870776,-7.624124905431055,,-5.989538877150477,False
2023-04-15,ETHUSDT,2099.99,2111.85,2071.13,2090.6,321823.7851,288,288,0.0002969548361481,-0.0044814766968068,True,0.0172323775535513,1.7232377553551348,-8.121930497566323,-5.989538877150477,-7.242249117093659,,-8.121930497566323,False
2023-04-16,ETHUSDT,2090.61,2141.54,2072.72,2118.67,319880.43929999997,288,288,0.0004554047392669,0.0133374272052041,True,0.021340214133577,2.1340214133577033,-7.694323997566432,-8.121930497566323,-7.305884591787256,-7.605313388635175,-7.694323997566432,True
2023-04-17,ETHUSDT,2118.66,2120.51,2056.25,2074.0,426972.7071,288,288,0.0003648199548118,-0.0213094235143389,True,0.0191002605953915,1.91002605953916,-7.916106600569885,-7.694323997566432,-7.279588433301444,-7.5978861579876815,-7.916106600569885,True
2023-04-18,ETHUSDT,2073.99,2125.0,2051.0,2103.5,414244.6135,288,288,0.000325670636359,0.0141235142411025,True,0.018046346897891,1.8046346897891024,-8.02962400522991,-7.916106600569885,-7.429230012744779,-7.61806436425739,-8.02962400522991,True
2023-04-19,ETHUSDT,2103.51,2104.6,1923.03,1933.73,775389.0602,288,288,0.0010939060245215,-0.0841518437953618,True,0.0330742501732321,3.3074250173232103,-6.8180004794750495,-8.02962400522991,-7.550304795616606,-7.659837977674727,-6.8180004794750495,True
2023-04-20,ETHUSDT,1933.74,1982.99,1914.43,1942.98,625336.2495,288,288,0.0007867816050738,0.0047720967284663,True,0.0280496275389509,2.8049627538950896,-7.147559851140822,-6.8180004794750495,-7.715997116081519,-7.646805318878685,-7.147559851140822,True
2023-04-21,ETHUSDT,1942.98,1957.27,1825.0,1848.78,688876.6186,288,288,0.0009360136259566,-0.0496969148898029,True,0.0305943397699099,3.0594339769909924,-6.973880523946703,-7.147559851140822,-7.521122986796419,-7.628469438270655,-6.973880523946703,True
2023-04-22,ETHUSDT,1848.77,1887.31,1841.64,1874.16,331007.5879,288,288,0.0002514853858845,0.0136345969486518,True,0.01585829076176,1.5858290761760083,-8.288125677927914,-6.973880523946703,-7.377034292072475,-7.61773573116757,-8.288125677927914,True
2023-04-23,ETHUSDT,1874.17,1882.01,1836.37,1862.0,344514.3444,288,288,0.0005301955304124,-0.0065093801855165,True,0.0230259751240294,2.3025975124029427,-7.5422646941478995,-8.288125677927914,-7.451438107544081,-7.653257002692939,-7.5422646941478995,True
2023-04-24,ETHUSDT,1862.01,1890.0,1806.0,1841.84,447864.0517,288,288,0.0006992078062482,-0.0108861069008968,True,0.026442537817847,2.6442537817847076,-7.265562569142651,-7.5422646941478995,-7.353966245327678,-7.603280093316877,-7.265562569142651,True
2023-04-25,ETHUSDT,1841.84,1877.86,1801.66,1866.1,457870.6047,288,288,0.000547431495249,0.0130856196033109,True,0.0233972540108667,2.339725401086673,-7.510273226935009,-7.265562569142651,-7.443478663261198,-7.551307160012477,-7.510273226935009,True
2023-04-26,ETHUSDT,1866.1,1964.72,1785.0,1866.01,897709.7298,288,288,0.0021666608571493,-4.8230089688807587e-05,True,0.0465474044082949,4.654740440829499,-6.134568072067958,-7.510273226935009,-7.5160213384200345,-7.573044416371721,-6.134568072067958,True
2023-04-27,ETHUSDT,1866.01,1940.96,1861.19,1908.68,727472.9466,288,288,0.0016391761594739,0.0226094421951725,True,0.0404867405390198,4.048674053901981,-6.413561505146142,-6.134568072067958,-7.348158848044287,-7.528947412473064,-6.413561505146142,True
2023-04-28,ETHUSDT,1908.68,1923.88,1873.94,1890.94,387630.7791,288,288,0.0004216569323091,-0.0093378437336201,True,0.0205342867494619,2.0534286749461947,-7.7713185311702,-6.413561505146142,-6.973246013487932,-7.501965797068354,-7.7713185311702,True
2023-04-29,ETHUSDT,1890.93,1918.0,1883.05,1907.8,182046.1406,288,288,0.000151153066986,0.0088766857998199,True,0.0122944323572125,1.2294432357212586,-8.797217545935736,-7.7713185311702,-7.019056780892392,-7.492720550606261,-8.797217545935736,True
2023-04-30,ETHUSDT,1907.79,1939.0,1866.16,1870.09,355336.4888,288,288,0.0005693036309662,-0.0199641876783591,True,0.0238600844710619,2.3860084471061938,-7.471096644078868,-8.797217545935736,-7.3253877762510085,-7.522103104778022,-7.471096644078868,True
2023-05-01,ETHUSDT,1870.08,1886.49,1806.12,1830.73,445519.1779,288,288,0.0008762594005494,-0.0212717636357399,True,0.0296016790157157,2.9601679015715785,-7.039848391513933,-7.471096644078868,-7.31755245967978,-7.454798992106967,-7.039848391513933,True
2023-05-02,ETHUSDT,1830.73,1881.87,1822.94,1870.08,373753.2027,288,288,0.0003827462155645,0.0212664162852188,True,0.0195639008268949,1.956390082689497,-7.868138410961973,-7.039848391513933,-7.498608523568976,-7.41575038177408,-7.868138410961973,True
2023-05-03,ETHUSDT,1870.09,1916.52,1842.64,1905.12,465185.2501,288,288,0.0005652282835081,0.0185637880206402,True,0.0237745301427415,2.377453014274155,-7.478280866813407,-7.868138410961973,-7.7895239047321425,-7.418676985722425,-7.478280866813407,True
2023-05-04,ETHUSDT,1905.12,1918.26,1866.71,1877.07,354528.6144,288,288,0.0002919307074661,-0.0148329482582009,True,0.0170859798509225,1.7085979850922508,-8.138994087055138,-7.478280866813407,-7.730916371860784,-7.402880443759605,-8.138994087055138,True
2023-05-05,ETHUSDT,1877.07,1998.36,1875.65,1993.3,546608.875,288,288,0.0009929479175342,0.0600795062840556,True,0.0315110761087952,3.1511076108795235,-6.9148323449077225,-8.138994087055138,-7.599271680084664,-7.447021143018781,-6.9148323449077225,True
2023-05-06,ETHUSDT,1993.3,2019.0,1860.0,1896.33,608106.9915,288,288,0.0008205938918019,-0.0498711174258935,True,0.028646010050301,2.864601005030104,-7.105482221559447,-6.9148323449077225,-7.488018820250434,-7.423865790929551,-7.105482221559447,True
2023-05-07,ETHUSDT,1896.33,1933.33,1867.59,1870.4,413268.8357,288,288,0.000522963985547,-0.0137681275850202,True,0.0228684058374669,2.2868405837466996,-7.555997957557206,-7.105482221559447,-7.501145586259537,-7.474590488402688,-7.555997957557206,True
2023-05-08,ETHUSDT,1870.41,1883.97,1810.73,1847.56,625316.6168,288,288,0.001191165868737,-0.0122864621034382,True,0.0345132709075367,3.4513270907536713,-6.732822729844969,-7.555997957557206,-7.438717495578584,-7.448866282038637,-6.732822729844969,True
2023-05-09,ETHUSDT,1847.55,1861.88,1830.99,1846.52,304396.186,288,288,0.0003270409438305,-0.0005630630779384,True,0.0180842733840901,1.808427338409014,-8.025425184414374,-6.732822729844969,-7.289625868184896,-7.405161678960388,-8.025425184414374,True
2023-05-10,ETHUSDT,1846.53,1887.47,1790.51,1840.84,639933.3855,288,288,0.0015774198947488,-0.0030807973686069,True,0.0397167457723918,3.9716745772391886,-6.4519647447122255,-8.025425184414374,-7.266912087656744,-7.410130705498774,-6.4519647447122255,True
2023-05-11,ETHUSDT,1840.83,1842.02,1772.68,1794.3,522096.0725,288,288,0.0006569653632367,-0.0256070154491953,True,0.0256313355726304,2.5631335572630443,-7.327879260448233,-6.4519647447122255,-7.174338567617644,-7.338418920929788,-7.327879260448233,True
2023-05-12,ETHUSDT,1794.31,1818.63,1740.0,1807.45,565539.8309,288,288,0.0006858539850956,0.0073020384143941,True,0.026188814121599,2.6188814121599044,-7.284845802608973,-7.327879260448233,-7.2188179753954005,-7.361595229155842,-7.284845802608973,True
2023-05-13,ETHUSDT,1807.45,1817.03,1785.23,1795.11,212895.4373,288,288,0.0002545890762565,-0.0068507107512144,True,0.0159558477135053,1.5955847713505331,-8.275859778274004,-7.284845802608973,-7.164587544405755,-7.367835499677121,-8.275859778274004,True
2023-05-14,ETHUSDT,1795.12,1824.0,1789.82,1799.21,218101.0977,288,288,0.0002116104780181,0.0022813782736488,True,0.0145468373888659,1.4546837388865914,-8.460763341162156,-8.275859778274004,-7.4731949540915625,-7.4270163748738165,-8.460763341162156,True
2023-05-15,ETHUSDT,1799.2,1846.7,1785.05,1816.2,388171.9261,288,288,0.0003548257228226,0.0093987266002771,True,0.018836818277583,1.8836818277583096,-7.9438838106568115,-8.460763341162156,-7.5602625854411185,-7.434863541384464,-7.9438838106568115,True
2023-05-16,ETHUSDT,1816.21,1832.64,1796.2,1824.21,311238.6786,288,288,0.0002517701496205,0.0044006103303652,True,0.0158672666083519,1.5867266608351902,-8.286993991353992,-7.9438838106568115,-7.858646398630036,-7.453118955771234,-8.286993991353992,True
2023-05-17,ETHUSDT,1824.21,1837.5,1783.68,1822.12,352097.9913,288,288,0.0002995336361024,-0.0011463582445245,True,0.0173070400734037,1.7307040073403743,-8.113283839194253,-8.286993991353992,-8.050469344811187,-7.49954765678084,-8.113283839194253,True
2023-05-18,ETHUSDT,1822.12,1831.92,1771.12,1800.56,293755.311,288,288,0.0003596350768172,-0.011902930731227,True,0.0189640469525171,1.8964046952517184,-7.930420716138375,-8.113283839194253,-8.216156952128244,-7.52695723006535,-7.930420716138375,True
2023-05-19,ETHUSDT,1800.56,1829.54,1796.81,1812.32,243116.4676,288,288,0.0002471317293574,0.0065100648420625,True,0.0157204239560347,1.5720423956034772,-8.305589046262954,-7.930420716138375,-8.147069139701118,-7.6085868957049145,-8.305589046262954,True
2023-05-20,ETHUSDT,1812.31,1828.87,1807.06,1819.42,127754.4349,288,288,7.71875078567197e-05,0.0039099765100745,True,0.0087856421425368,0.8785642142536862,-9.46927292935452,-8.305589046262954,-8.116034280721276,-7.694588147573861,-9.46927292935452,True
2023-05-21,ETHUSDT,1819.42,1828.98,1797.21,1804.91,161517.8053,288,288,0.0001415268531874,-0.0080070399344674,True,0.0118965059234817,1.1896505923481728,-8.863021083710041,-9.46927292935452,-8.42111210446082,-7.771767892945877,-8.863021083710041,True
2023-05-22,ETHUSDT,1804.91,1828.27,1792.01,1817.35,237498.9423,288,288,0.0001863121328164,0.0068686670246914,True,0.0136496202444059,1.3649620244405938,-8.588087157322157,-8.863021083710041,-8.536317522932029,-7.774758962844708,-8.588087157322157,True
2023-05-23,ETHUSDT,1817.36,1872.5,1815.24,1854.05,396869.6097,288,288,0.0002771515215965,0.0199930394257381,True,0.0166478683799624,1.6647868379962418,-8.19094619195838,-8.588087157322157,-8.63127818655761,-7.825531258901221,-8.19094619195838,True
2023-05-24,ETHUSDT,1854.06,1854.09,1777.6,1799.89,420846.1445,288,288,0.0003931036533972,-0.0296468835726564,True,0.0198268417403581,1.9826841740358183,-7.841437231768403,-8.19094619195838,-8.68338328172161,-7.877853886194149,-7.841437231768403,True
2023-05-25,ETHUSDT,1799.89,1818.81,1761.41,1805.6,350633.0089,288,288,0.0003964608104364,0.0031673945975426,True,0.0199113236736408,1.9911323673640815,-7.832933360522287,-7.841437231768403,-8.5905529188227,-7.876640196230806,-7.832933360522287,True
2023-05-26,ETHUSDT,1805.61,1838.2,1796.99,1827.79,275690.6854,288,288,0.0001845121857146,0.0122146402617065,True,0.0135835262621562,1.3583526262156262,-8.597795049431111,-7.832933360522287,-8.263285005056254,-7.892760764126664,-8.597795049431111,True
2023-05-27,ETHUSDT,1827.8,1836.12,1812.18,1829.89,138824.9406,288,288,8.212059322759413e-05,0.0011482689741805,True,0.0090620413388813,0.906204133888133,-9.407321741928357,-8.597795049431111,-8.210239798200467,-7.913615353325573,-9.407321741928357,True
2023-05-28,ETHUSDT,1829.89,1918.65,1823.6,1908.64,378392.4371,288,288,0.000564920364491,0.0421350907944231,True,0.0237680534434569,2.3768053443456996,-7.478825784555448,-9.407321741928357,-8.37408671512171,-8.02691032591742,-7.478825784555448,True
2023-05-29,ETHUSDT,1908.64,1927.62,1873.65,1892.6,313593.4942,288,288,0.0002421103375683,-0.0084394014595048,True,0.0155598951657238,1.5559895165723892,-8.326116995351937,-7.478825784555448,-8.231662633641122,-8.043880487871782,-8.326116995351937,True
2023-05-30,ETHUSDT,1892.6,1917.0,1881.19,1900.59,272665.8402,288,288,0.0002828202497142,0.0042128191928711,True,0.0168172604699535,1.6817260469953532,-8.170699022141111,-8.326116995351937,-8.328598586357828,-8.078885898680635,-8.170699022141111,True
2023-05-31,ETHUSDT,1900.58,1907.13,1846.95,1873.63,319255.5681,288,288,0.0002441337879494,-0.0142866385961463,True,0.015624781212849,1.5624781212849037,-8.317794171670736,-8.170699022141111,-8.396151718681592,-8.144243911966823,-8.317794171670736,True
2023-06-01,ETHUSDT,1873.63,1889.2,1840.0,1861.78,270496.60970000003,288,288,0.0003402498994188,-0.0063447063385719,True,0.0184458640193101,1.8445864019310156,-7.985830212042441,-8.317794171670736,-8.340151543129519,-8.157533411387568,-7.985830212042441,True
2023-06-02,ETHUSDT,1861.78,1910.0,1847.51,1906.68,313004.0658,288,288,0.0002546645728678,0.023830490355989,True,0.0159582133357036,1.5958213335703673,-8.27556327922296,-7.985830212042441,-8.055853237152334,-8.227254568993486,-8.27556327922296,True
2023-06-03,ETHUSDT,1906.69,1907.92,1881.6,1892.06,148818.2427,288,288,7.011988224639088e-05,-0.0076973271057097,True,0.0083737615350803,0.837376153508033,-9.56530417722824,-8.27556327922296,-8.215200736085837,-8.270331115301428,-9.56530417722824,True
2023-06-04,ETHUSDT,1892.05,1914.63,1884.22,1890.01,172683.0119,288,288,0.0001626213125938,-0.001084062537584,True,0.0127523061676637,1.2752306167663798,-8.724086295677372,-9.56530417722824,-8.463038172461097,-8.37398831414776,-8.724086295677372,True
2023-06-05,ETHUSDT,1890.0,1890.63,1778.0,1810.5,555361.2683,288,288,0.0011095686028556,-0.0429790698392858,True,0.0333101876736774,3.331018767367744,-6.8037839852763895,-8.724086295677372,-8.57371562716835,-8.394362246757002,-6.8037839852763895,True
2023-06-06,ETHUSDT,1810.49,1898.29,1797.18,1884.64,491407.2174,288,288,0.0006606454272985,0.0401337710047771,True,0.0257030236995292,2.570302369952924,-7.322293280646961,-6.8037839852763895,-8.27091358988948,-8.319045003307648,-7.322293280646961,True
2023-06-07,ETHUSDT,1884.65,1897.8,1821.18,1832.13,429196.7064,288,288,0.0005415919746857,-0.0282575967953009,True,0.0232721287098051,2.3272128709805155,-7.520997654264582,-7.322293280646961,-8.138206203610384,-8.290790888307201,-7.520997654264582,True
2023-06-08,ETHUSDT,1832.12,1861.28,1828.31,1845.64,189270.4853,288,288,0.0001942614102883,0.007346876378128,True,0.0139377692005691,1.3937769200569143,-8.546305830218747,-7.520997654264582,-7.987293078618708,-8.255972872984955,-8.546305830218747,True
2023-06-09,ETHUSDT,1845.65,1855.0,1827.0,1840.37,198324.3252,288,288,0.0002117226316864,-0.0028594624490201,True,0.014550691794085,1.4550691794085038,-8.460233481019621,-8.546305830218747,-7.78349340921681,-8.275655690758796,-8.460233481019621,True
2023-06-10,ETHUSDT,1840.37,1844.99,1715.03,1751.53,652324.6695,288,288,0.0011276817297598,-0.0494769466775759,True,0.0335809727339725,3.358097273397256,-6.787591320187594,-8.460233481019621,-7.730722846285261,-8.299738089162489,-6.787591320187594,True
2023-06-11,ETHUSDT,1751.52,1778.25,1738.72,1752.76,219956.2434,288,288,0.0002981107856315,0.0007019967243077,True,0.0172658850231176,1.7265885023117673,-8.118045376681838,-6.787591320187594,-7.727484313267501,-8.2307381925227,-8.118045376681838,True
2023-06-12,ETHUSDT,1752.77,1759.33,1720.0,1742.57,302132.4819,288,288,0.0004688858388891,-0.0058306533967859,True,0.0216537719321406,2.1653771932140664,-7.665151233030478,-8.118045376681838,-7.8866347324744766,-8.169318758310304,-7.665151233030478,True
2023-06-13,ETHUSDT,1742.57,1770.13,1724.22,1740.12,284268.0018,288,288,0.0004061986289865,-0.0014069586464214,True,0.020154369972455,2.015436997245509,-7.808668284041559,-7.665151233030478,-7.915465448227655,-8.114870128733962,-7.808668284041559,True
2023-06-14,ETHUSDT,1740.12,1750.03,1630.43,1650.95,415847.327,288,288,0.0009870346093831,-0.0526031965622201,True,0.0314171069543829,3.141710695438296,-6.920805453914459,-7.808668284041559,-7.767937938992217,-8.079441998130298,-6.920805453914459,True
2023-06-15,ETHUSDT,1650.95,1680.91,1626.01,1666.96,370774.7696,288,288,0.0003930009454052,0.0096507284763619,True,0.0198242514462772,1.9824251446277208,-7.8416985404867106,-6.920805453914459,-7.460052333571186,-8.021708328219212,-7.8416985404867106,True
2023-06-16,ETHUSDT,1666.96,1729.5,1649.86,1717.92,311734.5904,288,288,0.0005565277533116,0.0301126484238805,True,0.0235908404536939,2.359084045369392,-7.4937935173123265,-7.8416985404867106,-7.670873777631009,-8.021720205888224,-7.4937935173123265,True
2023-06-17,ETHUSDT,1717.91,1770.0,1714.26,1727.76,210914.9216,288,288,0.0004323364920664,0.005711515143332,True,0.0207927028562047,2.079270285620476,-7.746306356098066,-7.4937935173123265,-7.546023405757107,-8.00630475846959,-7.746306356098066,True
2023-06-18,ETHUSDT,1727.75,1747.84,1712.0,1720.95,156535.0128,288,288,0.0001940451880843,-0.0039493079158946,True,0.0139300103404235,1.3930010340423586,-8.547419497754936,-7.746306356098066,-7.562254430370624,-7.96760072695445,-8.547419497754936,True
2023-06-19,ETHUSDT,1720.95,1752.19,1698.0,1737.11,245162.7589,288,288,0.0004194094562743,0.0093463488990183,True,0.0204794886721905,2.0479488672190533,-7.776662892601615,-8.547419497754936,-7.710004673113299,-7.928514261310206,-7.776662892601615,True
2023-06-20,ETHUSDT,1737.1,1796.99,1714.72,1791.99,328855.6846,288,288,0.0004730934898265,0.0311039213498825,True,0.0217507123981382,2.175071239813824,-7.6562175360929565,-7.776662892601615,-7.881176160850731,-7.94205231167594,-7.6562175360929565,True
2023-06-21,ETHUSDT,1791.99,1901.0,1787.38,1889.11,613755.8869,288,288,0.0008924467059078,0.0527790845126504,True,0.0298738465201223,2.987384652012239,-7.021543759361959,-7.6562175360929565,-7.84407995997198,-7.911602336255077,-7.021543759361959,True
2023-06-22,ETHUSDT,1889.1,1933.17,1865.98,1872.01,416714.5719,288,288,0.0006674714341413,-0.0090930987712007,True,0.0258354685295487,2.5835468529548744,-7.312013963899547,-7.021543759361959,-7.7496300083819065,-7.8593680061287525,-7.312013963899547,True
2023-06-23,ETHUSDT,1872.0,1936.42,1861.01,1892.63,401147.9324,288,288,0.0006889155713922,0.010954676254866,True,0.0262472012106482,2.624720121064829,-7.280391832351304,-7.312013963899547,-7.662771529942202,-7.813650723957334,-7.280391832351304,True
2023-06-24,ETHUSDT,1892.63,1906.0,1864.77,1874.96,226910.2941,288,288,0.000251595975526,-0.0093800703148576,True,0.0158617771868736,1.5861777186873642,-8.28768602879056,-7.280391832351304,-7.409365996861476,-7.781585343062283,-8.28768602879056,True
2023-06-25,ETHUSDT,1874.95,1930.0,1868.83,1898.8,338757.6158,288,288,0.0004321606803768,0.0126347818335441,True,0.0207884747005852,2.07884747005852,-7.746713093558009,-8.28768602879056,-7.5115706240992655,-7.782136377133537,-7.746713093558009,True
2023-06-26,ETHUSDT,1898.8,1909.1,1837.18,1858.97,458743.861,288,288,0.0006516884854728,-0.0211995367943773,True,0.0255281900156046,2.5528190015604677,-7.335943893229474,-7.746713093558009,-7.529669735592276,-7.699473146057617,-7.335943893229474,True
2023-06-27,ETHUSDT,1858.97,1912.53,1855.19,1889.58,366634.5707,288,288,0.0004653238411508,0.0163320112536638,True,0.0215713662328289,2.157136623282895,-7.672776962191188,-7.335943893229474,-7.592549762365779,-7.636375764128169,-7.672776962191188,True
2023-06-28,ETHUSDT,1889.58,1890.19,1816.56,1828.02,337836.5792,288,288,0.0004822566653229,-0.0331211682631683,True,0.021960343014693,2.1960343014693096,-7.637034084971927,-7.672776962191188,-7.664702362024107,-7.675875444897023,-7.637034084971927,True
2023-06-29,ETHUSDT,1828.03,1880.0,1827.84,1851.99,241844.8281,288,288,0.0003640389612263,0.0130273227502327,True,0.0190798050625871,1.907980506258716,-7.918249659719525,-7.637034084971927,-7.736030812548232,-7.690181845093611,-7.918249659719525,True
2023-06-30,ETHUSDT,1851.99,1948.6,1825.01,1933.79,716538.1035,288,288,0.0015298280147518,0.0432210712469837,True,0.0391130159250329,3.911301592503296,-6.482599958555074,-7.918249659719525,-7.662143538734024,-7.708238754432473,-6.482599958555074,True
2023-07-01,ETHUSDT,1933.8,1944.56,1909.44,1924.5,178373.3688,288,288,0.0001654732252148,-0.0048156141466959,True,0.0128636396565981,1.2863639656598151,-8.7067011574146,-6.482599958555074,-7.409320911733438,-7.614433942084123,-8.7067011574146,True
2023-07-02,ETHUSDT,1924.5,1959.2,1885.75,1937.48,255852.7832,288,288,0.000624555728589,0.0067219658697779,True,0.0249911129922031,2.499111299220313,-7.378469995247932,-8.7067011574146,-7.683472364570463,-7.625637018283896,-7.378469995247932,True
2023-07-03,ETHUSDT,1937.49,1976.16,1933.55,1955.54,322102.42949999997,288,288,0.0003356916695765,0.009278210519352,True,0.0183218904476735,1.8321890447673523,-7.999317469369592,-7.378469995247932,-7.624610971181812,-7.652495139877547,-7.999317469369592,True
2023-07-04,ETHUSDT,1955.55,1967.08,1931.58,1936.2,205525.0984,288,288,0.0001411630961767,-0.0099390808269596,True,0.0118812076901602,1.1881207690160271,-8.865594625587178,-7.999317469369592,-7.697067648061344,-7.6470984168179,-8.865594625587178,True
2023-07-05,ETHUSDT,1936.19,1942.5,1894.51,1910.36,267633.4783,288,288,0.0002447198107075,-0.0134355833303435,True,0.0156435229634346,1.5643522963434693,-8.315396631628381,-8.865594625587178,-7.8865366412348745,-7.701664025570477,-8.315396631628381,True
2023-07-06,ETHUSDT,1910.35,1958.0,1846.0,1846.17,456362.741,288,288,0.0005980012981065,-0.0341784831253634,True,0.0244540650630217,2.4454065063021795,-7.421917633269343,-8.315396631628381,-8.253095975849536,-7.72469713227897,-7.421917633269343,True
2023-07-07,ETHUSDT,1846.17,1878.0,1826.0,1870.91,232944.3466,288,288,0.0002943127238633,0.0133117206679373,True,0.0171555449888165,1.7155544988816538,-8.130867669329488,-7.421917633269343,-7.996139271020485,-7.747474958613282,-8.130867669329488,True
2023-07-08,ETHUSDT,1870.92,1876.0,1842.8,1865.24,125819.8273,288,288,0.0001060267804918,-0.0030352123725825,True,0.0102969306345048,1.0296930634504862,-9.151818849612814,-8.130867669329488,-8.146618805836797,-7.7606190099243175,-9.151818849612814,True
2023-07-09,ETHUSDT,1865.24,1879.36,1856.15,1862.8,135046.3743,288,288,0.000150554710187,-0.0013089990173955,True,0.0122700737645331,1.2270073764533171,-8.801184016996553,-9.151818849612814,-8.377119081885443,-7.835983797756157,-8.801184016996553,True
2023-07-10,ETHUSDT,1862.81,1905.5,1846.63,1880.4,247868.1494,288,288,0.0002977747599814,0.0094037880417532,True,0.0172561513664384,1.725615136643848,-8.119173196237766,-8.801184016996553,-8.364236960167316,-7.883932782342452,-8.119173196237766,True
2023-07-11,ETHUSDT,1880.41,1891.99,1862.38,1878.3,177771.6117,288,288,0.0001441541990202,-0.0011174077306014,True,0.0120064232400922,1.200642324009228,-8.844627004784869,-8.119173196237766,-8.324992273089194,-7.8644670413643984,-8.844627004784869,True
2023-07-12,ETHUSDT,1878.31,1902.0,1864.37,1871.82,264406.8673,288,288,0.00022104419501,-0.0034558928510697,True,0.0148675551120555,1.4867555112055597,-8.417147899018525,-8.844627004784869,-8.6095341473923,-7.913010864645457,-8.417147899018525,True
2023-07-13,ETHUSDT,1871.82,2012.63,1862.59,2004.49,548861.4207,288,288,0.0007445933854807,0.0684784447265554,True,0.0272872385096175,2.728723850961755,-7.202672279884077,-8.417147899018525,-8.666790193330105,-7.9475986084148,-7.202672279884077,True
2023-07-14,ETHUSDT,2004.49,2029.11,1898.39,1937.83,498724.0359,288,288,0.0006642840820768,-0.0338208739899584,True,0.025773709125324,2.577370912532403,-7.316800665529892,-7.202672279884077,-8.276960879384358,-7.955831722983987,-7.316800665529892,True
2023-07-15,ETHUSDT,1937.82,1946.37,1926.23,1931.41,135181.7663,288,288,0.0001036813307483,-0.0033184841941053,True,0.0101824029947919,1.018240299479196,-9.174188490293181,-7.316800665529892,-7.980084209091027,-7.956049300330822,-9.174188490293181,True
2023-07-16,ETHUSDT,1931.41,1943.55,1914.0,1922.11,148667.1051,288,288,0.0001382200460699,-0.0048267651683026,True,0.0117567021766285,1.1756702176628546,-8.886663605992588,-9.174188490293181,-8.191087267902109,-8.042130966600906,-8.886663605992588,True
2023-07-17,ETHUSDT,1922.12,1936.18,1873.26,1911.2,277159.0349,288,288,0.0004810255521316,-0.0056922239308947,True,0.0219322947301839,2.1932294730183917,-7.6395901663347665,-8.886663605992588,-8.199494588143653,-8.06935722011009,-7.6395901663347665,True
2023-07-18,ETHUSDT,1911.21,1917.19,1875.73,1897.21,215780.5006,288,288,0.0002593484139943,-0.0073469310964913,True,0.0161042979975627,1.6104297997562758,-8.257338172495762,-7.6395901663347665,-8.043983041606902,-8.064487996145397,-8.257338172495762,True
2023-07-19,ETHUSDT,1897.21,1922.04,1882.17,1888.63,218045.0005,288,288,0.0002223946437495,-0.0045326874299247,True,0.0149129019224822,1.4912901922482231,-8.411057079738029,-8.257338172495762,-8.254916220129237,-8.106369554293865,-8.411057079738029,True
2023-07-20,ETHUSDT,1888.64,1929.05,1878.0,1891.59,292907.5164,288,288,0.000215396554502,0.0015660467406402,True,0.0146763944653311,1.4676394465331182,-8.443029789182361,-8.411057079738029,-8.473767502970864,-8.139927741455084,-8.443029789182361,True
2023-07-21,ETHUSDT,1891.59,1905.74,1884.64,1891.73,165554.0428,288,288,0.000129497996856,7.400907143067105e-05,True,0.0113797186633062,1.137971866330623,-8.951845145237753,-8.443029789182361,-8.3275357627487,-8.176563909828287,-8.951845145237753,True
2023-07-22,ETHUSDT,1891.73,1897.35,1851.18,1866.52,131901.6487,288,288,0.0002277082297662,-0.0134160197575937,True,0.0150900042997433,1.5090004299743394,-8.387445442525326,-8.951845145237753,-8.340572070597734,-8.223545522806388,-8.387445442525326,True
2023-07-23,ETHUSDT,1866.52,1905.25,1857.82,1888.73,153501.0178,288,288,0.00014332081199,0.0118289109773244,True,0.0119716670514208,1.1971667051420871,-8.850424999970029,-8.387445442525326,-8.490143125835846,-8.3101294084414,-8.850424999970029,True
2023-07-24,ETHUSDT,1888.74,1890.86,1833.19,1850.0,276504.5547,288,288,0.0002800362753655,-0.0207190064446168,True,0.0167342844294436,1.6734284429443649,-8.180591408309747,-8.850424999970029,-8.608760491330699,-8.316662310375735,-8.180591408309747,True
2023-07-25,ETHUSDT,1850.0,1868.71,1845.45,1857.66,152251.21,288,288,0.0001403171485449,0.0041319920912326,True,0.011845553956864,1.184555395686406,-8.871605350635104,-8.180591408309747,-8.562667357045042,-8.35312237460582,-8.871605350635104,True
2023-07-26,ETHUSDT,1857.66,1888.0,1848.35,1872.0,272090.5333,288,288,0.0002085198324606,0.007689746873935,True,0.0144402158038107,1.4440215803810723,-8.475476401533903,-8.871605350635104,-8.648382469335592,-8.392771823754252,-8.475476401533903,True
2023-07-27,ETHUSDT,1871.99,1886.11,1854.84,1861.28,163766.4259,288,288,9.973266285228146e-05,-0.0057429549690811,True,0.0099866241970087,0.9986624197008792,-9.21301732329248,-8.475476401533903,-8.553108720594823,-8.375039177206375,-9.21301732329248,True
2023-07-28,ETHUSDT,1861.29,1883.39,1856.52,1874.19,138695.7147,288,288,8.190198178609842e-05,0.0069121429971727,True,0.0090499713693524,0.9049971369352416,-9.409987369765549,-9.21301732329248,-8.718223096748252,-8.415840117736563,-9.409987369765549,True
2023-07-29,ETHUSDT,1874.2,1886.58,1869.54,1880.46,72867.0269,288,288,3.72231233108429e-05,0.0033398616799516,True,0.0061010755863899,0.6101075586389902,-10.19858039541744,-9.409987369765549,-8.830135570707357,-8.506206923940935,-10.19858039541744,True
2023-07-30,ETHUSDT,1880.45,1885.3,1848.17,1861.79,158657.5902,288,288,0.0001110194823798,-0.0099780372238196,True,0.0105365783051178,1.0536578305117814,-9.1058048551181,-10.19858039541744,-9.233733368128895,-8.600193866035841,-9.1058048551181,True
2023-07-31,ETHUSDT,1861.79,1877.4,1851.02,1856.14,168204.4534,288,288,0.0001067628717515,-0.0030393279859111,True,0.0103326120488281,1.0332612048828191,-9.144900334656155,-9.1058048551181,-9.280573269025494,-8.598102320831536,-9.144900334656155,True
2023-08-01,ETHUSDT,1856.13,1875.62,1813.8,1873.47,358476.0966,288,288,0.0003605281741247,0.0092932637594351,True,0.0189875794698742,1.8987579469874256,-7.927940451381261,-9.144900334656155,-9.414458055649945,-8.613725789816064,-7.927940451381261,True
2023-08-02,ETHUSDT,1873.48,1879.74,1821.21,1839.9,254213.0553,288,288,0.0002467587527644,-0.0180811039952409,True,0.0157085566734972,1.570855667349728,-8.307099408083657,-7.927940451381261,-9.157442681267701,-8.605033392322586,-8.307099408083657,True
2023-08-03,ETHUSDT,1839.9,1859.12,1826.0,1835.81,171148.052,288,288,0.0001606051849893,-0.0022254213134205,True,0.0126730100997883,1.267301009978832,-8.736561471858819,-8.307099408083657,-8.936865088931322,-8.580600319745258,-8.736561471858819,True
2023-08-04,ETHUSDT,1835.81,1851.31,1815.74,1830.23,187699.4552,288,288,0.0001763051931628,-0.0030441589885032,True,0.0132779965794104,1.327799657941048,-8.64329401259723,-8.736561471858819,-8.644461304219599,-8.595119118510725,-8.64329401259723,True
2023-08-05,ETHUSDT,1830.24,1839.0,1827.5,1836.48,93657.3255,288,288,3.392881115512783e-05,0.0034090539218759,True,0.0058248443030803,0.5824844303080369,-10.291246017945033,-8.64329401259723,-8.551959135715425,-8.660601924543142,-10.291246017945033,True
2023-08-06,ETHUSDT,1836.48,1838.58,1825.86,1830.28,90403.9915,288,288,4.7512505829841746e-05,-0.0033817353241914,True,0.0068929315845902,0.6892931584590243,-9.954517600947694,-10.291246017945033,-8.7812282723732,-8.795803986016558,-9.954517600947694,True
2023-08-07,ETHUSDT,1830.28,1847.0,1802.0,1829.1,224092.9059,288,288,0.0001905301833513,-0.0006449180139244,True,0.0138032671259876,1.3803267125987675,-8.565699933159275,-9.954517600947694,-9.186543702286487,-8.831273491046309,-8.565699933159275,True
2023-08-08,ETHUSDT,1829.1,1876.51,1826.33,1856.3,236336.03,288,288,0.0002202676624275,0.0147612166332976,True,0.0148414171300309,1.4841417130030958,-8.42066710372987,-8.565699933159275,-9.23826380730161,-8.816684233190248,-8.42066710372987,True
2023-08-09,ETHUSDT,1856.3,1871.99,1846.28,1855.35,191926.8343,288,288,0.000126374854931,-0.0005119017260488,True,0.0112416571256646,1.124165712566464,-8.976258028549124,-8.42066710372987,-9.175084933675821,-8.852187730344571,-8.976258028549124,True
2023-08-10,ETHUSDT,1855.36,1865.95,1845.38,1852.47,127321.4553,288,288,8.787894641677485e-05,-0.0015534737819987,True,0.0093743771215358,0.9374377121535854,-9.339550299404861,-8.976258028549124,-9.2416777368662,-8.884865905619725,-9.339550299404861,True
2023-08-11,ETHUSDT,1852.47,1857.26,1838.05,1848.84,113209.3103,288,288,5.255997350752047e-05,-0.001961468325444,True,0.0072498257570455,0.7249825757045507,-9.853555687830655,-9.339550299404861,-9.051338593158166,-8.927070142877309,-9.853555687830655,True
2023-08-12,ETHUSDT,1848.84,1854.01,1846.08,1849.93,63292.6476,288,288,1.3079695998848655e-05,0.0005893851369802,True,0.0036165862355056,0.3616586235505612,-11.24444945388355,-9.853555687830655,-9.031146210534757,-8.991184956452232,-11.24444945388355,True
2023-08-13,ETHUSDT,1849.94,1862.0,1834.51,1840.73,120674.1364,288,288,4.119098615578855e-05,-0.0049855684653573,True,0.0064180204234474,0.6418020423447447,-10.097291108171696,-11.24444945388355,-9.566896114679611,-9.095394243208856,-10.097291108171696,True
2023-08-14,ETHUSDT,1840.73,1856.5,1835.0,1845.5,150196.1203,288,288,6.926895260705929e-05,0.0025880114167457,True,0.0083227971624363,0.8322797162436394,-9.57751376648497,-10.097291108171696,-9.902220915567977,-9.173114500738238,-9.57751376648497,True
2023-08-15,ETHUSDT,1845.5,1847.36,1814.0,1828.98,186081.6989,288,288,0.0001995619701482,-0.0089918090760995,True,0.0141266404409622,1.4126640440962217,-8.519385742559757,-9.57751376648497,-10.022472063155146,-9.206163990125281,-8.519385742559757,True
2023-08-16,ETHUSDT,1828.98,1831.52,1798.17,1807.81,205430.7368,288,288,0.0001639004599336,-0.0116422664595911,True,0.0128023614983203,1.2802361498320345,-8.716251266034169,-8.519385742559757,-9.858439151786126,-9.221563732591191,-8.716251266034169,True
2023-08-17,ETHUSDT,1807.81,1809.99,1550.0,1681.49,812138.2159000001,288,288,0.011010164259601,-0.0724358628427915,True,0.1049293298348992,10.49293298348993,-4.508936409230682,-8.716251266034169,-9.630978267426828,-9.214502183291147,-4.508936409230682,True
2023-08-18,ETHUSDT,1681.49,1699.4,1641.02,1661.59,538083.1018,288,288,0.0009467417712511,-0.0119053298433992,True,0.0307691691673846,3.0769169167384613,-6.962484182795426,-4.508936409230682,-8.283875658496253,-9.034204910913727,-6.962484182795426,True
2023-08-19,ETHUSDT,1661.6,1696.72,1654.31,1669.67,231919.0485,288,288,0.0002369205188813,0.0048510268458101,True,0.0153922226751469,1.5392222675146914,-8.347785836446056,-6.962484182795426,-7.656914273421,-8.931907949982044,-8.347785836446056,True
2023-08-20,ETHUSDT,1669.68,1694.75,1662.03,1685.24,195623.5263,288,288,0.0001620263455202,0.0092819847842501,True,0.012728956969064,1.2728956969064076,-8.727751609286273,-8.347785836446056,-7.410968687413218,-8.883626062103886,-8.727751609286273,True
2023-08-21,ETHUSDT,1685.23,1688.59,1649.4,1667.55,250835.1518,288,288,0.0002564552692319,-0.0105525035304995,True,0.0160142208437374,1.6014220843737412,-8.268556297520426,-8.727751609286273,-7.452641860758521,-8.816770208188832,-8.268556297520426,True
2023-08-22,ETHUSDT,1667.56,1669.38,1580.0,1634.99,402012.045,288,288,0.0006810822737179,-0.0197187952430343,True,0.0260975530216518,2.6097553021651874,-7.291827446016775,-8.268556297520426,-7.3631028670557725,-8.778713455570756,-7.291827446016775,True
2023-08-23,ETHUSDT,1635.0,1702.11,1629.05,1679.61,374761.1088,288,288,0.0006011851090924,0.0269249354861404,True,0.0245190764322887,2.451907643228878,-7.416607669034252,-7.291827446016775,-7.91968107441299,-8.694482869723513,-7.416607669034252,True
2023-08-24,ETHUSDT,1679.61,1683.37,1635.28,1661.16,231539.7805,288,288,0.0002255937119241,-0.0110454701031943,True,0.0150197773593399,1.5019777359339963,-8.396774911405682,-7.416607669034252,-8.010505771660757,-8.671240470525921,-8.396774911405682,True
2023-08-25,ETHUSDT,1661.16,1677.22,1635.51,1653.8,236261.6898,288,288,0.0002576165541515,-0.0044404831995769,True,0.0160504378180643,1.6050437818064354,-8.264038302788373,-8.396774911405682,-8.020303586652682,-8.675316629767831,-8.264038302788373,True
2023-08-26,ETHUSDT,1653.79,1655.59,1644.0,1647.04,79175.425,288,288,4.8564956736402624e-05,-0.0040959328236761,True,0.0069688562000089,0.696885620000891,-9.932608341949404,-8.264038302788373,-7.927560925353101,-8.653838303900994,-9.932608341949404,True
2023-08-27,ETHUSDT,1647.03,1660.24,1646.32,1658.33,87789.9196,288,288,7.152481245679913e-05,0.00683133440792,True,0.0084572343267051,0.8457234326705103,-9.545466141096561,-9.932608341949404,-8.260371334238897,-8.712443500689728,-9.545466141096561,True
2023-08-28,ETHUSDT,1658.33,1664.34,1621.75,1653.08,214351.0143,288,288,0.0002561632674553,-0.0031708573681725,True,0.0160051012947545,1.600510129475454,-8.269695553272157,-9.545466141096561,-8.711099073254854,-8.678544415378433,-8.269695553272157,True
2023-08-29,ETHUSDT,1653.08,1745.84,1640.0,1729.42,494371.0823,288,288,0.0008918566638571,0.0451458776598413,True,0.0298639693252106,2.9863969325210604,-7.022205129039567,-8.269695553272157,-8.881716650102437,-8.601961595029545,-7.022205129039567,True
2023-08-30,ETHUSDT,1729.41,1730.93,1694.34,1705.23,202841.4402,288,288,0.0002165644952473,-0.0140860931834905,True,0.0147161304440845,1.4716130444084523,-8.437622155359348,-7.022205129039567,-8.606802693629213,-8.53180274029683,-8.437622155359348,True
2023-08-31,ETHUSDT,1705.23,1729.0,1630.0,1645.76,330518.2668,288,288,0.000401890315512,-0.0354977153939387,True,0.0200472021866406,2.004720218664064,-7.819331353559838,-8.437622155359348,-8.641519464143409,-8.532573424461807,-7.819331353559838,True
2023-09-01,ETHUSDT,1645.77,1654.53,1602.33,1629.12,302406.1686,288,288,0.0003798431540088,-0.0101622918725802,True,0.019489565259617,1.9489565259617037,-7.875752143058068,-7.819331353559838,-8.218864066465494,-8.479985848325931,-7.875752143058068,True
2023-09-02,ETHUSDT,1629.13,1645.0,1628.03,1637.03,102145.9476,288,288,9.505533751127074e-05,0.0048436326957167,True,0.0097496326859667,0.9749632685966726,-9.261051335832434,-7.875752143058068,-7.884921266857797,-8.413449568491986,-9.261051335832434,True
2023-09-03,ETHUSDT,1637.02,1647.5,1625.14,1635.84,116767.2862,288,288,0.0001156701313409,-0.0007271905406803,True,0.0107550049437913,1.0755004943791302,-9.064768113178229,-9.261051335832434,-8.083192423369852,-8.386517552492066,-9.064768113178229,True
2023-09-04,ETHUSDT,1635.84,1644.82,1616.32,1630.51,168010.9056,288,288,0.000127600579342,-0.0032635845704285,True,0.0112960426407662,1.1296042640766233,-8.966605646766086,-9.064768113178229,-8.491705020197582,-8.287441127914553,-8.966605646766086,True
2023-09-05,ETHUSDT,1630.52,1648.02,1609.69,1634.45,204365.4907,288,288,0.0001967786939554,0.0024135070031781,True,0.0140277829308644,1.40277829308644,-8.533430841628668,-8.966605646766086,-8.597501718478929,-8.236046334214297,-8.533430841628668,True
2023-09-06,ETHUSDT,1634.46,1670.0,1609.2,1633.15,219541.0193,288,288,0.0003259398074485,-0.0007956910690348,True,0.0180538031297709,1.805380312977091,-8.028797833374107,-8.533430841628668,-8.740321616092697,-8.188588019448103,-8.028797833374107,True
2023-09-07,ETHUSDT,1633.15,1660.0,1623.4,1648.11,228558.2782,288,288,0.0002183847657535,0.009118511581991,True,0.0147778471285082,1.4777847128508206,-8.429252070402354,-8.028797833374107,-8.770930754155904,-8.166288569030572,-8.429252070402354,True
2023-09-08,ETHUSDT,1648.11,1658.93,1616.21,1636.44,221570.0458,288,288,0.0001855333608171,-0.007106026156969,True,0.0136210631309422,1.3621063130942292,-8.592275849406755,-8.429252070402354,-8.604570901069888,-8.153243151047308,-8.592275849406755,True
2023-09-09,ETHUSDT,1636.43,1637.52,1629.74,1635.54,58519.6229,288,288,2.2737792819352577e-05,-0.0005501256258885,True,0.0047684161751416,0.4768416175141655,-10.691482135946659,-8.592275849406755,-8.510072448315594,-8.338849489237129,-10.691482135946659,True
2023-09-10,ETHUSDT,1635.53,1635.7,1600.0,1617.42,207957.8428,288,288,0.0002013547435673,-0.0111407379216659,True,0.0141899522045483,1.4189952204548364,-8.510442312129813,-10.691482135946659,-8.855047746151708,-8.508349396198549,-8.510442312129813,True
2023-09-11,ETHUSDT,1617.42,1619.0,1531.01,1551.85,417424.8189,288,288,0.0008515193566677,-0.041384519522421,True,0.0291808045925357,2.9180804592535723,-7.068488325685734,-8.510442312129813,-8.850450040251937,-8.515742872365992,-7.068488325685734,True
2023-09-12,ETHUSDT,1551.84,1626.0,1549.67,1592.97,329739.9685,288,288,0.0007139571760334,0.026152430753236,True,0.0267199770964237,2.671997709642379,-7.2446875749676725,-7.068488325685734,-8.658388138714262,-8.440321814020514,-7.2446875749676725,True
2023-09-13,ETHUSDT,1592.97,1619.3,1581.88,1607.62,223409.2889,288,288,0.0003842123771436,0.009154626062353,True,0.0196013361060846,1.9601336106084637,-7.864315092782767,-7.2446875749676725,-8.421475239627327,-8.393782326631753,-7.864315092782767,True
2023-09-14,ETHUSDT,1607.61,1644.29,1607.05,1626.47,275301.1505,288,288,0.0003318387046993,0.0116571978271896,True,0.018216440505744,1.821644050574407,-8.010861536320014,-7.864315092782767,-8.27588308830253,-8.419804492393842,-8.010861536320014,True
2023-09-15,ETHUSDT,1626.48,1654.08,1611.42,1641.29,181340.024,288,288,0.000212663637141,0.0090704957574105,True,0.0145829913646359,1.4582991364635989,-8.455798808807556,-8.010861536320014,-7.7397589683772,-8.446816031815922,-8.455798808807556,True
2023-09-16,ETHUSDT,1641.3,1653.17,1631.31,1634.4,99555.4671,288,288,9.535139761196716e-05,-0.0042067534845445,True,0.0097648040232237,0.9764804023223772,-9.257941568322416,-8.455798808807556,-7.728830267712749,-8.44949893624328,-9.257941568322416,True
2023-09-17,ETHUSDT,1634.4,1635.0,1612.0,1622.48,120227.4117,288,288,0.0001085337028098,-0.007319921657536,True,0.0104179509890287,1.0417950989028757,-9.128449808242594,-9.257941568322416,-8.166720916240084,-8.494676357403918,-9.128449808242594,True
2023-09-18,ETHUSDT,1622.48,1669.5,1603.88,1636.66,279041.6978,288,288,0.0003340931167918,0.0087017369465278,True,0.0182782142670415,1.8278214267041553,-8.004090811053242,-9.128449808242594,-8.54347336289507,-8.45812369678088,-8.004090811053242,True
2023-09-19,ETHUSDT,1636.66,1661.04,1626.32,1643.12,184282.4258,288,288,0.0002486522129521,0.0039392937049883,True,0.0157687099330333,1.5768709933033351,-8.299455372975444,-8.004090811053242,-8.571428506549164,-8.388061181778912,-8.299455372975444,True
2023-09-20,ETHUSDT,1643.13,1649.34,1604.51,1622.26,232844.2347,288,288,0.0003695332910287,-0.0127766347371058,True,0.0192232487116181,1.9223248711618148,-7.903269724127924,-8.299455372975444,-8.62914727388025,-8.389413900856335,-7.903269724127924,True
2023-09-21,ETHUSDT,1622.27,1625.3,1567.77,1583.94,240627.544,288,288,0.0002652866265404,-0.023904824891214,True,0.0162876218810617,1.6287621881061725,-8.234699706909844,-7.903269724127924,-8.518641456944323,-8.429462291542169,-8.234699706909844,True
2023-09-22,ETHUSDT,1583.94,1602.68,1576.58,1593.08,124886.091,288,288,0.0001602300781722,0.0057538354912442,True,0.0126582020118265,1.2658202011826576,-8.738899787069675,-8.234699706909844,-8.313993084661808,-8.420238543885374,-8.738899787069675,True
2023-09-23,ETHUSDT,1593.07,1598.24,1587.45,1593.86,64537.1341,288,288,4.532078804334738e-05,0.0004894977725169,True,0.006732071601175,0.6732071601175034,-10.00174473353227,-8.738899787069675,-8.236083080427225,-8.462037109044912,-10.00174473353227,True
2023-09-24,ETHUSDT,1593.85,1601.12,1570.01,1580.71,137517.8533,288,288,0.0001117684210585,-0.0082846339583702,True,0.0105720585062025,1.0572058506202542,-9.099081496368694,-10.00174473353227,-8.635613864923032,-8.558673135884648,-9.099081496368694,True
2023-09-25,ETHUSDT,1580.71,1597.5,1563.01,1588.33,176706.9277,288,288,0.0002058571730551,0.0048090366076367,True,0.0143477236192767,1.4347723619276789,-8.488327964326322,-9.099081496368694,-8.79553908960168,-8.55131087045448,-8.488327964326322,True
2023-09-26,ETHUSDT,1588.34,1599.78,1580.05,1594.01,125583.0161,288,288,0.0001343264696067,0.0035697040740991,True,0.0115899296635811,1.1589929663581116,-8.915237380730288,-8.488327964326322,-8.912550737641359,-8.525109045506664,-8.915237380730288,True
2023-09-27,ETHUSDT,1594.02,1634.1,1583.5,1598.64,274404.4328,288,288,0.0002598639073095,0.0029004139168304,True,0.0161202948890374,1.6120294889037423,-8.255352497412844,-8.915237380730288,-9.04865827240545,-8.522774124323218,-8.255352497412844,True
2023-09-28,ETHUSDT,1598.63,1668.21,1598.14,1652.99,331409.7015,288,288,0.0003712048015339,0.0334325014229161,True,0.0192666759336921,1.926667593369218,-7.898756621969131,-8.255352497412844,-8.951948814474083,-8.510134199586135,-7.898756621969131,True
2023-09-29,ETHUSDT,1653.0,1688.0,1648.37,1667.45,251975.6728,288,288,0.0003796365697426,0.0087097441367735,True,0.0194842646703084,1.9484264670308484,-7.876296158295959,-7.898756621969131,-8.531351192161456,-8.504223235431365,-7.876296158295959,True
2023-09-30,ETHUSDT,1667.45,1694.32,1666.19,1670.89,136924.9141,288,288,0.0001224548531383,0.0020609052508535,True,0.0110659320953241,1.1065932095324185,-9.007768141718985,-7.876296158295959,-8.286794124546908,-8.479088875790165,-9.007768141718985,True
2023-10-01,ETHUSDT,1670.89,1751.0,1668.0,1733.79,225611.5868,288,288,0.0009242362417943,0.0369533451563975,True,0.0304012539510194,3.0401253951019487,-6.9865428460637915,-9.007768141718985,-8.39068216002544,-8.497974889077085,-6.9865428460637915,True
2023-10-02,ETHUSDT,1733.8,1744.0,1636.79,1662.4,378575.6898,288,288,0.000955263217726,-0.0420474223950121,True,0.0309073327501099,3.0907332750109946,-6.953523634804442,-6.9865428460637915,-8.004943253092142,-8.32956855771877,-6.953523634804442,True
2023-10-03,ETHUSDT,1662.41,1670.65,1643.0,1656.88,198287.1164,288,288,0.0002366176006824,-0.0033260255770683,True,0.0153823795520216,1.5382379552021603,-8.349065219151287,-6.953523634804442,-7.744577480570461,-8.258799526931254,-8.349065219151287,True
2023-10-04,ETHUSDT,1656.88,1657.66,1625.0,1646.58,222861.7167,288,288,0.0002996746394271,-0.006235906218072,True,0.0173111131770058,1.73111131770058,-8.112813207084981,-8.349065219151287,-7.834639200006893,-8.317007567543326,-8.112813207084981,True
2023-10-05,ETHUSDT,1646.58,1655.47,1606.73,1611.79,237378.7449,288,288,0.0002812578985274,-0.0213550469223607,True,0.0167707453181843,1.6770745318184317,-8.176238521187004,-8.112813207084981,-7.881942609764697,-8.356467823548657,-8.176238521187004,True
2023-10-06,ETHUSDT,1611.79,1662.0,1611.68,1645.03,220507.9286,288,288,0.0003874644076319,0.0204132584877826,True,0.0196841156172177,1.968411561721776,-7.855886564661975,-8.176238521187004,-7.715636685658302,-8.370646161203394,-7.855886564661975,True
2023-10-07,ETHUSDT,1645.03,1647.71,1630.03,1633.57,101241.5732,288,288,7.336997018453245e-05,-0.0069908172221493,True,0.0085656272499176,0.8565627249917688,-9.519995831609826,-7.855886564661975,-7.889505429377938,-8.363601844309848,-9.519995831609826,True
2023-10-08,ETHUSDT,1633.56,1641.4,1616.17,1632.84,149424.6635,288,288,0.0001842349457261,-0.0004469739023299,True,0.0135733174178663,1.3573317417866395,-8.599298735925728,-9.519995831609826,-8.402799868739015,-8.411974436255406,-8.599298735925728,True
2023-10-09,ETHUSDT,1632.85,1636.0,1546.0,1580.13,340141.0988,288,288,0.0005636269480541,-0.0328137078734304,True,0.0237408287145625,2.374082871456258,-7.4811179649343,-8.599298735925728,-8.452846572093904,-8.38203612569192,-7.4811179649343,True
2023-10-10,ETHUSDT,1580.13,1594.9,1550.55,1567.63,240659.3287,288,288,0.0002994467278088,-0.0079421974398958,True,0.0173045291126007,1.7304529112600775,-8.113574026650959,-7.4811179649343,-8.326507523663768,-8.307157405541544,-8.113574026650959,True
2023-10-11,ETHUSDT,1567.62,1578.43,1544.26,1566.87,260253.9671,288,288,0.0006015126841407,-0.0004849258349934,True,0.0245257555263996,2.452575552639968,-7.416062935256169,-8.113574026650959,-8.313974624756558,-8.31213391534144,-7.416062935256169,True
2023-10-12,ETHUSDT,1566.86,1568.56,1521.0,1539.61,237221.4977,288,288,0.0002919534117692,-0.0175508612603938,True,0.0170866442512648,1.708664425126483,-8.138916317160863,-7.416062935256169,-8.226009898875397,-8.271979713626926,-8.138916317160863,True
2023-10-13,ETHUSDT,1539.61,1575.36,1537.76,1552.16,192205.8736,288,288,0.0003481907355312,0.0081183716309185,True,0.018659869654723,1.8659869654723087,-7.9627601377297,-8.138916317160863,-7.949793995985604,-8.282690922401152,-7.9627601377297,True
2023-10-14,ETHUSDT,1552.16,1561.72,1544.55,1554.94,100314.6754,288,288,6.512412506209724e-05,0.0017894504469298,True,0.0080699519863563,0.8069951986356377,-9.639215492728058,-7.9627601377297,-7.822486276346398,-8.270330032892964,-9.639215492728058,True
2023-10-15,ETHUSDT,1554.94,1567.62,1547.44,1557.77,120311.2738,288,288,0.0001160980706356,0.0018183517126639,True,0.0107748814673592,1.0774881467359247,-9.061075287524265,-9.639215492728058,-8.25410578190515,-8.311253474059255,-9.061075287524265,True
2023-10-16,ETHUSDT,1557.78,1639.43,1555.06,1599.42,418510.8644,288,288,0.0013663834445219,0.0263857521362993,True,0.0369646242307686,3.696462423076864,-6.595587851131955,-9.061075287524265,-8.44360603407981,-8.26849577196798,-6.595587851131955,True
2023-10-17,ETHUSDT,1599.41,1600.53,1551.08,1565.01,234817.0699,288,288,0.0002760291892222,-0.0217488497786683,True,0.0166141261949648,1.661412619496485,-8.195003939787663,-6.595587851131955,-8.279511017254967,-8.1547006062754,-8.195003939787663,True
2023-10-18,ETHUSDT,1565.01,1585.42,1555.88,1563.44,177750.2253,288,288,0.0002479817910564,-0.0010036920083756,True,0.0157474376028761,1.5747437602876198,-8.302155237654581,-8.195003939787663,-8.290728541780329,-8.141367696069098,-8.302155237654581,True
2023-10-19,ETHUSDT,1563.45,1574.45,1541.61,1566.57,216217.6675,288,288,0.0003230608336446,0.0019999942769053,True,0.0179738931131963,1.7973893113196346,-8.0376699130183,-8.302155237654581,-8.358607561765306,-8.113500325929294,-8.0376699130183,True
2023-10-20,ETHUSDT,1566.57,1630.4,1561.19,1603.89,315995.792,288,288,0.0004122527444002,0.0235434125225016,True,0.0203040080870807,2.03040080870807,-7.793873939420709,-8.0376699130183,-8.038298445823354,-8.10360566300227,-7.793873939420709,True
2023-10-21,ETHUSDT,1603.88,1644.53,1592.36,1628.94,176419.4092,288,288,0.0002447401608659,0.0154975679899648,True,0.0156441733839132,1.5644173383913205,-8.315313478113922,-7.793873939420709,-7.784858176202642,-8.098838268340977,-8.315313478113922,True
2023-10-22,ETHUSDT,1628.94,1667.8,1621.1,1663.7,228650.9225,288,288,0.0003881100656661,0.0211145411545052,True,0.019700509274285,1.9700509274285092,-7.85422158417181,-8.315313478113922,-8.128803301599035,-8.118793601059975,-7.85422158417181,True
2023-10-23,ETHUSDT,1663.69,1800.0,1657.07,1765.46,610931.9663,288,288,0.0014395650257394,0.059367241974827,True,0.0379416002000375,3.794160020003759,-6.543414276483937,-7.85422158417181,-8.060646830475864,-8.066359666626012,-6.543414276483937,True
2023-10-24,ETHUSDT,1765.47,1854.38,1756.21,1784.98,674055.1375,288,288,0.002039979972025,0.0109959310286525,True,0.0451661374485909,4.516613744859096,-6.194815288809009,-6.543414276483937,-7.708898638241736,-8.04621745891784,-6.194815288809009,True
2023-10-25,ETHUSDT,1784.98,1817.69,1760.0,1787.15,354410.8294,288,288,0.0007948310632723,0.001214961531038,True,0.0281927484164349,2.819274841643494,-7.137380964919613,-6.194815288809009,-7.340327713399877,-8.011730715918047,-7.137380964919613,True
2023-10-26,ETHUSDT,1787.15,1865.54,1762.21,1803.38,431169.0453,288,288,0.0011497901138471,0.0090405096410692,True,0.03390855517192,3.3908555171920054,-6.768175862962074,-7.137380964919613,-7.209029118499659,-7.956654158907515,-6.768175862962074,True
2023-10-27,ETHUSDT,1803.39,1803.91,1744.66,1779.4,274532.6921,288,288,0.0004866084335909,-0.0133864530306177,True,0.0220592029228373,2.2059202922837353,-7.628050796094472,-6.768175862962074,-6.8996015954692895,-7.895534279629202,-7.628050796094472,True
2023-10-28,ETHUSDT,1779.41,1803.23,1770.0,1776.2,122919.7382,288,288,0.0001546590287969,-0.0017999779862627,True,0.0124361983257344,1.2436198325734402,-8.774287678404162,-7.628050796094472,-6.8543674378538215,-7.870616655761359,-8.774287678404162,True
2023-10-29,ETHUSDT,1776.21,1811.3,1762.66,1795.14,144110.6508,288,288,0.000268916889914,0.0106067624855371,True,0.0163986856154414,1.6398685615441435,-8.221108185527742,-8.774287678404162,-7.300542118237866,-7.912362160931457,-8.221108185527742,True
2023-10-30,ETHUSDT,1795.14,1829.84,1777.77,1809.04,277686.192,288,288,0.000525489419942,0.007713304504797,True,0.0229235560056046,2.2923556005604624,-7.551180501166788,-8.221108185527742,-7.705800697581613,-7.853321813382272,-7.551180501166788,True
2023-10-31,ETHUSDT,1809.03,1819.41,1780.99,1814.67,258074.5796,288,288,0.0003639480350169,0.0031073151714663,True,0.0190774221271354,1.9077422127135424,-7.91849946146143,-7.551180501166788,-7.788560604831048,-7.8056800754386835,-7.91849946146143,True
2023-11-01,ETHUSDT,1814.67,1857.66,1783.19,1846.99,471921.6184,288,288,0.0008318707867453,0.017653654013213,True,0.0288421702849373,2.8842170284937385,-7.09183343359671,-7.91849946146143,-8.01862532453092,-7.825561052553553,-7.09183343359671,True
2023-11-02,ETHUSDT,1846.99,1875.0,1785.01,1800.8,368738.2193,288,288,0.0004513855464336,-0.025326276406895,True,0.0212458359786967,2.1245835978696785,-7.703188713513941,-7.09183343359671,-7.911381852031367,-7.779118298323815,-7.703188713513941,True
2023-11-03,ETHUSDT,1800.79,1834.58,1777.11,1832.71,315000.2678,288,288,0.0003861143840735,0.0175647351468253,True,0.0196497934867923,1.9649793486792348,-7.859376900600406,-7.703188713513941,-7.697162059053322,-7.792169470062803,-7.859376900600406,True
2023-11-04,ETHUSDT,1832.7,1869.9,1824.03,1855.54,171538.0364,288,288,0.000205119000622,0.012380013060606,True,0.014321976142351,1.4321976142351005,-8.491920256406475,-7.859376900600406,-7.624815802067855,-7.779463132946419,-8.491920256406475,True
2023-11-05,ETHUSDT,1855.54,1912.67,1846.11,1891.71,383106.7628,288,288,0.0006373157174779,0.0193054231081536,True,0.0252451127444088,2.5245112744408864,-7.3582453933435605,-8.491920256406475,-7.812963753115793,-7.803515865613545,-7.3582453933435605,True
2023-11-06,ETHUSDT,1891.71,1914.23,1868.48,1900.95,328746.2394,288,288,0.0004511274925442,0.0048725792880749,True,0.0212397620642107,2.123976206421074,-7.70376056984241,-7.3582453933435605,-7.700912939492218,-7.699835406550614,-7.70376056984241,True
2023-11-07,ETHUSDT,1900.95,1906.99,1850.32,1885.27,332419.4406,288,288,0.0004773437019093,-0.0082827144971075,True,0.021848196765623,2.184819676562306,-7.6472737774706845,-7.70376056984241,-7.823298366741359,-7.638139283019621,-7.6472737774706845,True
2023-11-08,ETHUSDT,1885.26,1904.69,1872.51,1888.12,247881.0997,288,288,0.0002363158930441,0.0015105783085982,True,0.0153725695003835,1.5372569500383513,-8.350341118123263,-7.6472737774706845,-7.812115379532708,-7.685943188762291,-8.350341118123263,True
2023-11-09,ETHUSDT,1888.11,2132.0,1882.07,2121.32,1100330.3237,288,288,0.0026704779564058,0.1164569114070201,True,0.0516766674274362,5.167666742743622,-5.925497812700525,-8.350341118123263,-7.910308223037279,-7.693003969595727,-5.925497812700525,True
2023-11-10,ETHUSDT,2121.33,2136.99,2064.61,2077.72,555573.6494999999,288,288,0.000874691072619,-0.0207673977814991,True,0.0295751766287049,2.9575176628704956,-7.041639793810967,-5.925497812700525,-7.397023734296089,-7.58497408664327,-7.041639793810967,True
2023-11-11,ETHUSDT,2077.72,2089.6,2030.3,2053.17,370966.0372,288,288,0.0005492699356425,-0.0118861983921893,True,0.0234365086060726,2.3436508606072657,-7.5069205512408095,-7.041639793810967,-7.33370261438957,-7.539699990315663,-7.5069205512408095,True
2023-11-12,ETHUSDT,2053.16,2066.5,2012.1,2044.68,281907.559,288,288,0.0003857186143698,-0.0041436422258536,True,0.0196397203231055,1.9639720323105545,-7.860402432649916,-7.5069205512408095,-7.29433461066925,-7.5266566544893045,-7.860402432649916,True
2023-11-13,ETHUSDT,2044.69,2118.0,2028.49,2053.65,529143.5815,288,288,0.0012610296158488,0.0043773997327277,True,0.0355109788072491,3.5510978807249143,-6.675826736272926,-7.860402432649916,-7.336960341705096,-7.505978879695487,-6.675826736272926,True
2023-11-14,ETHUSDT,2053.65,2064.96,1936.6,1979.39,481909.733,288,288,0.0012648445192497,-0.0368299813340156,True,0.035564652665951,3.5564652665951053,-6.672806074040699,-6.675826736272926,-7.002057465335028,-7.452415477518264,-6.672806074040699,True
2023-11-15,ETHUSDT,1979.4,2062.4,1967.01,2058.48,421870.8032,288,288,0.0007573823341798,0.0391791299364161,True,0.0275205801933729,2.752058019337296,-7.185642367062496,-6.672806074040699,-7.151519117603064,-7.458296922861754,-7.185642367062496,True
2023-11-16,ETHUSDT,2058.49,2090.4,1939.1,1961.77,545286.1297,288,288,0.0013167349120605,-0.0481207194156894,True,0.0362868421340371,3.6286842134037136,-6.632600158135761,-7.185642367062496,-7.1803196322533696,-7.503334517327821,-6.632600158135761,True
2023-11-17,ETHUSDT,1961.77,1991.5,1904.0,1960.82,401100.5069,288,288,0.0007552100804821,-0.0004843738543029,True,0.0274810858679586,2.74810858679586,-7.188514595126067,-6.632600158135761,-7.005455553632359,-7.480389935201282,-7.188514595126067,True
2023-11-18,ETHUSDT,1960.82,1971.22,1916.0,1962.6,279368.2208,288,288,0.0002893358562159,0.0009073716921086,True,0.0170098752557437,1.700987525574378,-8.147922412369843,-7.188514595126067,-6.87107798612759,-7.499496241208737,-8.147922412369843,True
2023-11-19,ETHUSDT,1962.59,2015.75,1942.89,2011.47,251132.6192,288,288,0.0003077031222735,0.0245956732631291,True,0.0175414686464268,1.7541468646426832,-8.086375128552563,-8.147922412369843,-7.165497121346974,-7.523126769221253,-8.086375128552563,True
2023-11-20,ETHUSDT,2011.47,2066.4,1990.0,2021.4,421717.679,288,288,0.0006956447841665,0.0049245426050394,True,0.0263750788466406,2.6375078846640645,-7.270671395488583,-8.086375128552563,-7.448210932249346,-7.4918580169552715,-7.270671395488583,True
2023-11-21,ETHUSDT,2021.41,2034.6,1931.43,1933.01,490163.9863,288,288,0.0010183839007281,-0.044711967139871,True,0.0319121278000729,3.1912127800072994,-6.889538319243419,-7.270671395488583,-7.465216737934564,-7.448656344680765,-6.889538319243419,True
2023-11-22,ETHUSDT,1933.01,2092.46,1928.41,2063.21,466120.5109,288,288,0.0007735077928052,0.0651846488945574,True,0.0278120080685532,2.7812008068553293,-7.164574813269906,-6.889538319243419,-7.516604370156095,-7.418581700047884,-7.164574813269906,True
2023-11-23,ETHUSDT,2063.22,2088.94,2040.35,2062.2,250960.6958,288,288,0.0003418665165574,-0.0004896483114064,True,0.0184896326777313,1.848963267773136,-7.981090199553243,-7.164574813269906,-7.511816413784862,-7.384312397857361,-7.981090199553243,True
2023-11-24,ETHUSDT,2062.21,2133.02,2059.37,2080.84,426932.5402,288,288,0.0005985288165535,0.0089982842414564,True,0.024464848590447,2.446484859044709,-7.4210358861662575,-7.981090199553243,-7.478449971221542,-7.424733159946293,-7.4210358861662575,True
2023-11-25,ETHUSDT,2080.84,2090.54,2065.3,2083.09,138847.393,288,288,0.0001252850371396,0.0010807099153874,True,0.0111930798773024,1.1193079877302483,-8.984919119477063,-7.4210358861662575,-7.345382122744281,-7.411908031430491,-8.984919119477063,True
2023-11-26,ETHUSDT,2083.1,2094.99,2036.42,2062.33,241262.9136,288,288,0.000330544150189,-0.0100159566713381,True,0.0181808731965514,1.8180873196551448,-8.014770321545944,-8.984919119477063,-7.688231667541979,-7.46306904137943,-8.014770321545944,True
2023-11-27,ETHUSDT,2062.34,2071.24,1985.78,2027.5,326073.2298,288,288,0.0004985525665256,-0.0170329045797798,True,0.0223282907210931,2.2328290721093196,-7.60380152472238,-8.014770321545944,-7.913278068002482,-7.441380407976678,-7.60380152472238,True
2023-11-28,ETHUSDT,2027.5,2075.0,1995.15,2048.14,283775.9279,288,288,0.000463644144607,0.0101285572084344,True,0.0215323975582628,2.153239755826281,-7.676393229705366,-7.60380152472238,-8.00112341029298,-7.452542050312078,-7.676393229705366,True
2023-11-29,ETHUSDT,2048.14,2075.7,2019.31,2028.81,254843.7319,288,288,0.0003384313361417,-0.0094826499451611,True,0.0183965033672647,1.8396503367264736,-7.991189333627855,-7.676393229705366,-7.940184016323402,-7.4512980803058495,-7.991189333627855,True
2023-11-30,ETHUSDT,2028.8,2054.75,2020.85,2051.96,243680.0921,288,288,0.000288639897896,0.0113460196704355,True,0.0169894054603466,1.698940546034662,-8.150330674831762,-7.991189333627855,-8.054214705815722,-7.466930605585722,-8.150330674831762,True
2023-12-01,ETHUSDT,2051.95,2110.87,2045.04,2087.24,372645.586,288,288,0.0003682800081139,0.017047185146421,True,0.019190622921468,1.919062292146802,-7.906667017512752,-8.150330674831762,-7.887297016886661,-7.457839221799744,-7.906667017512752,True
2023-12-02,ETHUSDT,2087.24,2186.6,2086.25,2164.74,320979.9768,288,288,0.0005520745698135,0.0364576427764705,True,0.0234962671463688,2.3496267146368814,-7.501827430569196,-7.906667017512752,-7.865676356080023,-7.547892367473026,-7.501827430569196,True
2023-12-03,ETHUSDT,2164.75,2217.27,2149.0,2192.95,257879.1136,288,288,0.0002998211725716,0.0129474074941955,True,0.0173153450029644,1.7315345002964433,-8.112324352469201,-7.501827430569196,-7.845281537249386,-7.568809987325674,-8.112324352469201,True
2023-12-04,ETHUSDT,2192.96,2274.28,2191.0,2243.37,565307.7134,288,288,0.0009975764981514,0.0227315302218362,True,0.0315844344282346,3.1584434428234656,-6.910181722264683,-8.112324352469201,-7.932467761802154,-7.596328341926963,-6.910181722264683,True
2023-12-05,ETHUSDT,2243.36,2309.72,2188.33,2293.33,529829.7214,288,288,0.0010302933365326,0.0220257102076495,True,0.0320981827605962,3.2098182760596257,-6.877911724536253,-6.910181722264683,-7.716266239529519,-7.553136491454907,-6.877911724536253,True
2023-12-06,ETHUSDT,2293.33,2312.23,2220.0,2232.7,408338.9056,288,288,0.0007292981029067,-0.0267932943654591,True,0.0270055198599617,2.700551985996176,-7.223427989229767,-6.877911724536253,-7.461782449470417,-7.562322172739605,-7.223427989229767,True
2023-12-07,ETHUSDT,2232.7,2382.8,2222.0,2355.73,485190.0609,288,288,0.000614324290855,0.0536390427812114,True,0.0247855661798373,2.478556617983738,-7.394987608243433,-7.223427989229767,-7.32513464381382,-7.587350441611833,-7.394987608243433,True
2023-12-08,ETHUSDT,2355.74,2392.0,2336.34,2358.72,378569.8126,288,288,0.0004414269301244,0.0012684408153214,True,0.0210101625439791,2.1010162543979147,-7.725498055299498,-7.394987608243433,-7.3037666793486675,-7.596866134392786,-7.725498055299498,True
2023-12-09,ETHUSDT,2358.71,2403.0,2328.01,2340.49,287771.0664,288,288,0.0005388271958215,-0.0077587898612534,True,0.0232126516327108,2.321265163271085,-7.5261156399032485,-7.725498055299498,-7.226401419914727,-7.646543311536592,-7.5261156399032485,True
2023-12-10,ETHUSDT,2340.48,2377.47,2320.0,2352.39,200037.2102,288,288,0.0002332580326552,0.0050715234593698,True,0.0152727873243625,1.5272787324362544,-8.363365280865379,-7.5261156399032485,-7.34958820344244,-7.661888813571919,-8.363365280865379,True
2023-12-11,ETHUSDT,2352.39,2355.0,2156.62,2225.12,640414.9166,288,288,0.003611387051502,-0.0556209858687389,True,0.0600948171767084,6.009481717670844,-5.6236633556399935,-8.363365280865379,-7.646678914708265,-7.6716816712308065,-5.6236633556399935,True
2023-12-12,ETHUSDT,2225.11,2244.12,2166.0,2203.46,361588.9087,288,288,0.0007050568015621,-0.0097819945515327,True,0.0265529057084564,2.6552905708456436,-7.257232188805929,-5.6236633556399935,-7.326725987990311,-7.5597402270075085,-7.257232188805929,True
2023-12-13,ETHUSDT,2203.47,2284.02,2144.32,2260.16,418916.6154,288,288,0.0007686998426246,0.0254067550417897,True,0.0277254367436235,2.772543674362359,-7.170809986338492,-7.257232188805929,-7.29917490410281,-7.559129353976479,-7.170809986338492,True
2023-12-14,ETHUSDT,2260.16,2332.11,2228.2,2315.32,409508.0931,288,288,0.0007756763205153,0.0241122996887223,True,0.0278509662402467,2.785096624024675,-7.161775237534787,-7.170809986338492,-7.188237290310608,-7.5719144297535275,-7.161775237534787,True
2023-12-15,ETHUSDT,2315.32,2317.81,2200.0,2220.5,333552.6328,288,288,0.000519544182395,-0.0418155111771203,True,0.0227935118486602,2.2793511848660297,-7.562558703120284,-7.161775237534787,-7.115369209836916,-7.571787176311022,-7.562558703120284,True
2023-12-16,ETHUSDT,2220.51,2263.4,2210.0,2228.96,199285.923,288,288,0.0002780663190143,0.0038027132257585,True,0.0166753206570178,1.6675320657017885,-8.187650915118581,-7.562558703120284,-6.955207894287898,-7.552763017382251,-8.187650915118581,True
2023-12-17,ETHUSDT,2228.96,2248.68,2191.5,2196.52,225925.7675,288,288,0.0004281057171094,-0.0146608191885881,True,0.0206907157225034,2.0690715722503454,-7.756140390290539,-8.187650915118581,-7.4680054061836145,-7.587609155061902,-7.756140390290539,True
2023-12-18,ETHUSDT,2196.53,2224.0,2116.6,2219.43,364103.1181,288,288,0.0006612104729672,0.0103761163725807,True,0.0257140131633942,2.5714013163394247,-7.321438352809513,-7.756140390290539,-7.567787046480537,-7.531755576462515,-7.321438352809513,True
2023-12-19,ETHUSDT,2219.44,2255.0,2135.55,2177.91,383551.4049,288,288,0.0006151982567699,-0.0188847048168423,True,0.0248031904554631,2.480319045546314,-7.393565973375846,-7.321438352809513,-7.59791271977474,-7.500240486974496,-7.393565973375846,True
2023-12-20,ETHUSDT,2177.9,2266.0,2156.0,2202.17,416841.6272,288,288,0.0010019496973343,0.0110775365207392,True,0.0316535890119004,3.1653589011900416,-6.905807479840817,-7.393565973375846,-7.644270866942952,-7.490684325549654,-6.905807479840817,True
2023-12-21,ETHUSDT,2202.17,2279.31,2182.98,2239.61,453069.7252,288,288,0.0006335411815057,0.016858505702015,True,0.0251702439699283,2.517024396992836,-7.364185553992774,-6.905807479840817,-7.5129206222870595,-7.455657700555809,-7.364185553992774,True
2023-12-22,ETHUSDT,2239.6,2343.15,2230.59,2324.54,591357.488,288,288,0.0012032434672825,0.0372204264364845,True,0.0346877999775507,3.4687799977550733,-6.722734479022887,-7.364185553992774,-7.348227550061898,-7.427157528754214,-6.722734479022887,True
2023-12-23,ETHUSDT,2324.54,2330.65,2265.0,2308.2,255626.9352,288,288,0.000327949476011,-0.0070541699979984,True,0.018109375362256,1.8109375362256075,-8.022650997996807,-6.722734479022887,-7.141546367808367,-7.362266792581084,-8.022650997996807,True
2023-12-24,ETHUSDT,2308.2,2326.19,2245.0,2264.05,307951.076,288,288,0.0005052023958704,-0.0193127551014432,True,0.0224767078521408,2.2476707852140807,-7.590551425079547,-8.022650997996807,-7.281788896845827,-7.367538791693996,-7.590551425079547,True
2023-12-25,ETHUSDT,2264.04,2304.8,2253.1,2271.35,286277.1616,288,288,0.0003414403458376,0.0032191234748895,True,0.018478104497964,1.8478104497964043,-7.98233757697183,-7.590551425079547,-7.321185987186567,-7.371571700535376,-7.98233757697183,True
2023-12-26,ETHUSDT,2271.36,2274.99,2178.45,2230.88,410413.1591,288,288,0.000516134120545,-0.0179782419130396,True,0.0227185853552778,2.2718585355277856,-7.5691439027201595,-7.98233757697183,-7.53649200661277,-7.365663210740041,-7.5691439027201595,True
2023-12-27,ETHUSDT,2230.88,2392.44,2211.88,2378.35,541537.3574,288,288,0.0007496196887985,0.0640108434800408,True,0.0273791834940076,2.7379183494007657,-7.195944561645272,-7.5691439027201595,-7.577483676358246,-7.39561603712438,-7.195944561645272,True
2023-12-28,ETHUSDT,2378.35,2445.8,2335.0,2344.15,580459.982,288,288,0.0012624561150511,-0.0144841071032622,True,0.0355310584566672,3.5531058456667273,-6.674696157774479,-7.195944561645272,-7.672125692882723,-7.4100720751747895,-6.674696157774479,True
2023-12-29,ETHUSDT,2344.15,2385.41,2255.34,2299.2,450201.2069,288,288,0.0008176662441348,-0.0193616264987294,True,0.028594863946779,2.859486394677907,-7.1090563191272285,-6.674696157774479,-7.402534724838257,-7.385129719199551,-7.1090563191272285,True
2023-12-30,ETHUSDT,2299.2,2322.84,2268.0,2291.68,210539.1327,288,288,0.0003306637627298,-0.0032760632932035,True,0.0181841624148557,1.818416241485573,-8.01440852145321,-7.1090563191272285,-7.306235703647793,-7.372132842421541,-8.01440852145321,True
2023-12-31,ETHUSDT,2291.68,2321.34,2258.88,2281.87,222175.8779,288,288,0.0003634374466135,-0.0042898908045518,True,0.0190640354231096,1.90640354231096,-7.919903362144509,-8.01440852145321,-7.31264989254407,-7.385265136337619,-7.919903362144509,True
2024-01-01,ETHUSDT,2281.87,2352.37,2265.24,2352.04,216702.6914,288,288,0.0003174575354574,0.0302877544496218,True,0.0178173380575618,1.7817338057561822,-8.055166495167267,-7.919903362144509,-7.382801784428939,-7.403164578257674,-8.055166495167267,True
2024-01-02,ETHUSDT,2352.05,2431.3,2341.0,2355.34,458041.6642,288,288,0.0008477104889742,0.0014020540260526,True,0.0291154682080544,2.9115468208054422,-7.072971384975716,-8.055166495167267,-7.5546461711333395,-7.389155542544125,-7.072971384975716,True
2024-01-03,ETHUSDT,2355.35,2385.45,2100.0,2209.72,798729.4869,288,288,0.0050716682418949,-0.0638192800501807,True,0.0712156460470238,7.121564604702388,-5.284085473707559,-7.072971384975716,-7.634301216573587,-7.455033180241203,-5.284085473707559,True
2024-01-04,ETHUSDT,2209.72,2294.69,2201.91,2267.11,448844.055,288,288,0.0007855604798868,0.0256400819540004,True,0.0280278518600135,2.8027851860013544,-7.149113107832465,-5.284085473707559,-7.269307047489652,-7.365344693191276,-7.149113107832465,True
2024-01-05,ETHUSDT,2267.11,2277.21,2206.17,2268.78,405568.0006,288,288,0.0008057805956734,0.0007363494597333,True,0.0283862747762628,2.8386274776262854,-7.123699066319263,-7.149113107832465,-7.096247964765503,-7.364358471441005,-7.123699066319263,True
2024-01-06,ETHUSDT,2268.78,2270.0,2216.4,2240.78,194067.8656,288,288,0.0002286566202119,-0.0124182225439552,True,0.0151213961065747,1.5121396106574794,-8.383289154805048,-7.123699066319263,-6.937007105600453,-7.362627736385752,-8.383289154805048,True
2024-01-07,ETHUSDT,2240.77,2258.01,2203.46,2221.42,207138.6927,288,288,0.0003663541989727,-0.008677388498553,True,0.0191403813695737,1.9140381369573791,-7.9119099357815665,-8.383289154805048,-7.00263163752801,-7.399933666007788,-7.9119099357815665,True
2024-01-08,ETHUSDT,2221.42,2358.2,2166.38,2330.44,539407.5547,288,288,0.0008759224716614,0.0479104599094845,True,0.0295959874250119,2.9595987425011923,-7.04023297361411,-7.9119099357815665,-7.17041934768918,-7.387399985128832,-7.04023297361411,True
2024-01-09,ETHUSDT,2330.43,2371.72,2226.78,2344.29,551454.9931,288,288,0.002342419451928,0.0059254932475095,True,0.0483985480353285,4.839854803532855,-6.056570929959221,-7.04023297361411,-7.521648847670491,-7.354858738916267,-6.056570929959221,True
2024-01-10,ETHUSDT,2344.3,2643.1,2339.59,2584.38,1038388.666,288,288,0.0025769320418373,0.0975030497332161,True,0.0507634912297935,5.076349122979358,-5.961155718696767,-6.056570929959221,-7.303140412095843,-7.297364765150345,-5.961155718696767,True
2024-01-11,ETHUSDT,2584.37,2689.39,2566.01,2618.01,838712.2577,288,288,0.0019147151454195,0.0129288532583183,True,0.0437574581690891,4.375745816908914,-6.258186416541975,-5.961155718696767,-7.070631742571342,-7.232255208119477,-6.258186416541975,True
2024-01-12,ETHUSDT,2618.01,2717.32,2458.0,2522.54,887457.7627,288,288,0.0030363597599045,-0.0371481567857735,True,0.0551031737734276,5.510317377342761,-5.797095928476827,-6.258186416541975,-6.645611194918727,-7.202817887060439,-5.797095928476827,True
2024-01-13,ETHUSDT,2522.55,2590.0,2497.5,2578.19,422061.232,288,288,0.0006807707946787,0.0218212719399596,True,0.0260915847483197,2.60915847483198,-7.292284880158327,-5.797095928476827,-6.22264839345778,-7.1315865404460785,-7.292284880158327,True
2024-01-14,ETHUSDT,2578.18,2578.69,2470.0,2472.87,306207.7463,288,288,0.0005639054888524,-0.0417081829182521,True,0.0237466942720975,2.374669427209758,-7.48062389346487,-7.292284880158327,-6.273058774766623,-7.157475195043142,-7.48062389346487,True
2024-01-15,ETHUSDT,2472.87,2553.82,2470.92,2511.78,315247.8819,288,288,0.0004370872843334,0.01561224572675,True,0.0209066325440866,2.0906632544086627,-7.7353776474964215,-7.48062389346487,-6.557869367467754,-7.132837599382601,-7.7353776474964215,True
2024-01-16,ETHUSDT,2511.79,2614.43,2500.05,2587.4,381077.6247,288,288,0.0006168953738885,0.0296618453488648,True,0.0248373785631362,2.4837378563136223,-7.390811120741785,-7.7353776474964215,-6.912713753227685,-7.139420609492459,-7.390811120741785,True
2024-01-17,ETHUSDT,2587.41,2592.97,2506.75,2530.19,366281.3477,288,288,0.000480575478214,-0.0223591117677801,True,0.0219220317994041,2.1922031799404116,-7.64052625923871,-7.390811120741785,-7.139238694067646,-7.112533043300184,-7.64052625923871,True
2024-01-18,ETHUSDT,2530.2,2550.0,2428.56,2470.81,452090.1074,288,288,0.0005281318094051,-0.0237483666303275,True,0.0229811185412092,2.298111854120921,-7.546164666387838,-7.64052625923871,-7.507924760220023,-7.115777695869209,-7.546164666387838,True
2024-01-19,ETHUSDT,2470.81,2504.2,2415.2,2492.0,424209.0029,288,288,0.0006121933040378,0.0085395688216517,True,0.0247425403715521,2.4742540371552124,-7.398462469053124,-7.546164666387838,-7.558700717465925,-7.131696791539326,-7.398462469053124,True
2024-01-20,ETHUSDT,2491.99,2492.0,2454.2,2472.01,136620.9577,288,288,0.0001488294890734,-0.0080540160305016,True,0.0121995692167174,1.2199569216717463,-8.812709275943478,-7.398462469053124,-7.542268432583576,-7.16459526023381,-8.812709275943478,True
2024-01-21,ETHUSDT,2472.02,2482.18,2452.13,2457.05,122572.1687,288,288,9.519236777527262e-05,-0.0060701415423724,True,0.0097566576128955,0.9756657612895548,-9.259610789808583,-8.812709275943478,-7.757734758272987,-7.242034030998184,-9.259610789808583,True
2024-01-22,ETHUSDT,2457.06,2466.1,2303.59,2314.2,526337.6492,288,288,0.0009989049754792,-0.0598973878922332,True,0.0316054580014156,3.1605458001415605,-6.908850903480321,-9.259610789808583,-8.131494692086346,-7.298634134105246,-6.908850903480321,True
2024-01-23,ETHUSDT,2314.19,2352.23,2168.07,2242.6,700105.3314,288,288,0.0015081402393796,-0.0314281484154569,True,0.0388347813097951,3.883478130979519,-6.496878016784246,-6.908850903480321,-7.9851596209346685,-7.252677204165966,-6.496878016784246,True
2024-01-24,ETHUSDT,2242.6,2264.6,2196.12,2235.02,359851.1496,288,288,0.0006608597070394,-0.0033857304732868,True,0.0257071917377116,2.5707191737711637,-7.32196898415017,-6.496878016784246,-7.775302291013949,-7.181845909694011,-7.32196898415017,True
2024-01-25,ETHUSDT,2235.02,2242.89,2171.3,2218.64,330426.6061,288,288,0.0004506137645061,-0.0073557810235586,True,0.0212276650742872,2.1227665074287225,-7.7048999833707645,-7.32196898415017,-7.76000359403336,-7.193163982383758,-7.7048999833707645,True
2024-01-26,ETHUSDT,2218.64,2282.36,2195.84,2267.68,363566.4255,288,288,0.0005108557659115,0.0218628868886612,True,0.0226021186155538,2.2602118615553835,-7.57942326609321,-7.7048999833707645,-7.538441735518816,-7.303201005550267,-7.57942326609321,True
2024-01-27,ETHUSDT,2267.67,2282.94,2251.4,2267.94,145109.3836,288,288,0.00013028955823,0.0001146480526528,True,0.0114144451564709,1.1414445156470985,-8.945751213422156,-7.57942326609321,-7.202404230775743,-7.322760558198483,-8.945751213422156,True
2024-01-28,ETHUSDT,2267.94,2308.24,2239.89,2256.9,209326.9087,288,288,0.0003251664782746,-0.0048797402369612,True,0.0180323730627619,1.803237306276191,-8.03117326594017,-8.945751213422156,-7.609784292764109,-7.405581110339523,-8.03117326594017,True
2024-01-29,ETHUSDT,2256.9,2322.34,2233.8,2317.6,305528.0776,288,288,0.0003572537542756,0.0265399772208541,True,0.0189011574850755,1.8901157485075568,-7.9370642323904805,-8.03117326594017,-7.916643342595295,-7.389575842663846,-7.9370642323904805,True
2024-01-30,ETHUSDT,2317.61,2391.98,2297.0,2343.01,372879.5791,288,288,0.0006087924476468,0.0109042600759853,True,0.0246737197772618,2.4673719777261827,-7.40403315680452,-7.9370642323904805,-8.039662392243356,-7.390719219782435,-7.40403315680452,True
2024-01-31,ETHUSDT,2343.0,2351.6,2263.57,2283.14,397116.1859,288,288,0.0008049270613859,-0.025884739060646,True,0.0283712365149268,2.8371236514926874,-7.124758891624808,-7.40403315680452,-7.979489026930108,-7.407255591745635,-7.124758891624808,True
2024-02-01,ETHUSDT,2283.15,2311.72,2240.0,2304.28,310997.4538,288,288,0.0004506422152232,0.0092165747391805,True,0.0212283351966943,2.1228335196694386,-7.704836847662931,-7.124758891624808,-7.8885561520364265,-7.455809590003161,-7.704836847662931,True
2024-02-02,ETHUSDT,2304.28,2324.74,2281.94,2309.06,238230.511,288,288,0.0003166153201096,0.0020722520822371,True,0.0177936876478611,1.7793687647861112,-8.057823022207362,-7.704836847662931,-7.6403732788845815,-7.535067823137988,-8.057823022207362,True
2024-02-03,ETHUSDT,2309.07,2329.98,2292.75,2296.49,133232.845,288,288,0.0001390316681496,-0.005458644987954,True,0.0117911690747632,1.1791169074763292,-8.880808822368145,-8.057823022207362,-7.64570323013802,-7.6168694870318685,-8.880808822368145,True
2024-02-04,ETHUSDT,2296.5,2311.0,2266.0,2289.79,171232.04439999998,288,288,0.0003455642576301,-0.0029217600174054,True,0.0185893587202493,1.8589358720249352,-7.970331947591917,-8.880808822368145,-7.834452148133553,-7.7570382549360195,-7.970331947591917,True
2024-02-05,ETHUSDT,2289.79,2338.41,2269.11,2301.83,236610.412,288,288,0.000299834416674,0.0052443484412281,True,0.0173157274370464,1.731572743704643,-8.112280180105467,-7.970331947591917,-7.947711906291033,-7.787858576183001,-8.112280180105467,True
2024-02-06,ETHUSDT,2301.84,2392.4,2299.0,2372.64,368942.7498,288,288,0.000450396454482,0.0302988004989962,True,0.0212225459001042,2.1222545900104266,-7.705382353101394,-8.112280180105467,-8.145216163987165,-7.816570225575754,-7.705382353101394,True
2024-02-07,ETHUSDT,2372.63,2444.44,2354.0,2425.1,342791.7013,288,288,0.0003921082022719,0.0218695014079994,True,0.0198017222046972,1.9801722204697223,-7.843972730058209,-7.705382353101394,-8.145325265074856,-7.815206803103252,-7.843972730058209,True
2024-02-08,ETHUSDT,2425.09,2463.15,2411.01,2419.55,338040.0539,288,288,0.0003225162739461,-0.0022911881881712,True,0.0179587380944807,1.7958738094480775,-8.039356961153231,-7.843972730058209,-8.102555206645027,-7.835805058072182,-8.039356961153231,True
2024-02-09,ETHUSDT,2419.56,2525.0,2419.16,2486.56,492384.385,288,288,0.0005440931441531,0.0273186567207136,True,0.0233258042552276,2.3325804255227607,-7.516390104895282,-8.039356961153231,-7.934264834402043,-7.853933726341025,-7.516390104895282,True
2024-02-10,ETHUSDT,2486.56,2516.45,2471.57,2500.24,185099.59,288,288,0.0001980511836582,0.0054864980812838,True,0.01407306589405,1.4073065894050096,-8.526985057351723,-7.516390104895282,-7.843476465862717,-7.852580337182271,-8.526985057351723,True
2024-02-11,ETHUSDT,2500.24,2539.63,2493.45,2507.21,219975.1471,288,288,0.0002335831648022,0.0027838538582975,True,0.0152834277831319,1.5283427783131958,-8.361972378090993,-8.526985057351723,-7.926417441311969,-7.9038768184685715,-8.361972378090993,True
2024-02-12,ETHUSDT,2507.22,2665.58,2472.0,2659.99,449501.776,288,288,0.0006837914252593,0.0591517822632965,True,0.0261494058299485,2.614940582994854,-7.287857620674931,-8.361972378090993,-8.057735446309888,-7.883388777657095,-7.287857620674931,True
2024-02-13,ETHUSDT,2659.99,2686.12,2590.0,2639.99,502447.745,288,288,0.0008750565636756,-0.0075472341157817,True,0.0295813550006692,2.9581355000669247,-7.04122202949532,-7.287857620674931,-7.946512424433232,-7.793763633605565,-7.04122202949532,True
2024-02-14,ETHUSDT,2639.99,2786.0,2618.4,2774.81,461670.6944,288,288,0.0006334469688294,0.0498071471135935,True,0.0251683723913463,2.51683723913463,-7.3643342731050225,-7.04122202949532,-7.74688543810165,-7.799780502969884,-7.3643342731050225,True
2024-02-15,ETHUSDT,2774.8,2867.65,2759.25,2822.59,481689.1874,288,288,0.0010352649622101,0.0170726267727876,True,0.0321755335963549,3.217553359635492,-6.873097882892398,-7.3643342731050225,-7.716474271743598,-7.8392103328026455,-6.873097882892398,True
2024-02-16,ETHUSDT,2822.58,2857.4,2740.0,2801.8,378070.8037,288,288,0.0006823447074726,-0.0073928353787678,True,0.0261217286463327,2.612172864633271,-7.289975591633819,-6.873097882892398,-7.385696836851733,-7.818807100927293,-7.289975591633819,True
2024-02-17,ETHUSDT,2801.81,2804.21,2719.01,2785.93,243302.8759,288,288,0.0003389854736797,-0.0056803183660572,True,0.0184115581545871,1.8411558154587129,-7.989553302004293,-7.289975591633819,-7.171297479560297,-7.799946901302886,-7.989553302004293,True
2024-02-18,ETHUSDT,2785.92,2895.0,2764.25,2881.2,367987.8833,288,288,0.0005417822195996,0.0336251246192525,True,0.0232762157491206,2.3276215749120666,-7.520646446128263,-7.989553302004293,-7.311636615826171,-7.81858917566248,-7.520646446128263,True
2024-02-19,ETHUSDT,2881.2,2984.52,2856.93,2944.8,446451.0401,288,288,0.000709573522714,0.0218340290496018,True,0.0266378212831689,2.66378212831689,-7.250846440638557,-7.520646446128263,-7.407521499152759,-7.753811686240031,-7.250846440638557,True
2024-02-20,ETHUSDT,2944.8,3033.09,2874.56,3014.81,634681.7471,288,288,0.00117092816434,0.0234959068686194,True,0.0342188276295376,3.4218827629537616,-6.749958541816164,-7.250846440638557,-7.384823932659467,-7.718342285089958,-6.749958541816164,True
2024-02-21,ETHUSDT,3014.81,3017.15,2868.0,2967.9,595955.0033,288,288,0.0009132132605903,-0.0156821779361422,True,0.0302194186011303,3.0219418601130332,-6.998541122399717,-6.749958541816164,-7.360196064444219,-7.664382935518398,-6.998541122399717,True
2024-02-22,ETHUSDT,2967.91,3036.02,2906.51,2971.4,563525.9936,288,288,0.0010969802212791,0.0011785902059677,True,0.0331206917391404,3.3120691739140464,-6.815194127679204,-6.998541122399717,-7.3019091705973995,-7.6459514794090895,-6.815194127679204,True
2024-02-23,ETHUSDT,2971.4,2993.8,2906.05,2922.24,428826.5787,288,288,0.0005923054725533,-0.0166827767419315,True,0.0243373267339154,2.433732673391549,-7.4314880552283435,-6.815194127679204,-7.0670373357323815,-7.631880353775198,-7.4314880552283435,True
2024-02-24,ETHUSDT,2922.25,3007.48,2906.4,2992.62,243854.0783,288,288,0.0002375842122342,0.0237988124174404,True,0.015413766970935,1.5413766970935003,-8.34498841950923,-7.4314880552283435,-7.049205657552397,-7.6194554086645345,-8.34498841950923,True
2024-02-25,ETHUSDT,2992.62,3122.0,2983.61,3112.59,412306.2237,288,288,0.0005240414897342,0.0393059191388007,True,0.0228919525103102,2.2891952510310203,-7.553939697895653,-8.34498841950923,-7.268034053326533,-7.632508381269165,-7.553939697895653,True
2024-02-26,ETHUSDT,3112.6,3196.0,3036.59,3175.94,546722.7747,288,288,0.0007507760005856,0.0201484744833557,True,0.027400291979935,2.7400291979935036,-7.194403218885885,-7.553939697895653,-7.42883028454243,-7.572196148338597,-7.194403218885885,True
2024-02-27,ETHUSDT,3175.95,3288.14,3160.02,3242.36,625939.1221,288,288,0.0012646981771863,0.0206978081962511,True,0.0355625951975721,3.5562595197572127,-6.672921780380639,-7.194403218885885,-7.468002703839663,-7.536926660670141,-6.672921780380639,True
2024-02-28,ETHUSDT,3242.35,3488.0,3176.16,3383.1,947538.766,288,288,0.0030839412478628,0.0424909892091821,True,0.0555332445285058,5.553324452850583,-5.781546874090664,-6.672921780380639,-7.43954823437995,-7.471501278864467,-5.781546874090664,True
2024-02-29,ETHUSDT,3383.11,3522.81,3300.0,3340.09,759698.1123,288,288,0.0018655033808738,-0.0127946961908601,True,0.0431914734742155,4.319147347421552,-6.284224352989614,-5.781546874090664,-7.109559998152415,-7.384054211636706,-6.284224352989614,True
2024-03-01,ETHUSDT,3340.1,3450.0,3338.54,3433.43,412788.5773,288,288,0.0007030155953805,0.0275620087775788,True,0.0265144412609531,2.6514441260953103,-7.260131482359131,-6.284224352989614,-6.697407184848491,-7.3131565581335884,-7.260131482359131,True
2024-03-02,ETHUSDT,3433.42,3460.04,3390.01,3421.4,283984.9448,288,288,0.0003683002404371,-0.0035099374748779,True,0.0191911500550938,1.9191150055093875,-7.90661208168398,-7.260131482359131,-6.6386455417411865,-7.277737218188403,-7.90661208168398,True
2024-03-03,ETHUSDT,3421.39,3491.8,3360.0,3487.81,341631.531,288,288,0.0004249392267259,0.019224208049934,True,0.0206140541069902,2.061405410699026,-7.76356439520381,-7.90661208168398,-6.781087314300805,-7.295474580769707,-7.76356439520381,True
2024-03-04,ETHUSDT,3487.8,3640.94,3423.78,3627.76,715360.6361,288,288,0.0018218586723905,0.039341345828806,True,0.0426832364329431,4.26832364329432,-6.307898050446776,-7.76356439520381,-6.9992158372654405,-7.260773641581165,-6.307898050446776,True
2024-03-05,ETHUSDT,3627.75,3822.04,3200.0,3553.65,1392904.864,288,288,0.0058550359842855,-0.0206401336171244,True,0.0765182068810132,7.651820688101322,-5.14045313604434,-6.307898050446776,-7.104486072536662,-7.167406626688247,-5.14045313604434,True
2024-03-06,ETHUSDT,3553.66,3900.0,3499.4,3818.59,969494.71,288,288,0.0027318541248746,0.071906000235323,True,0.0522671419237233,5.226714192372336,-5.902774733693813,-5.14045313604434,-6.875731829147607,-7.06979733193231,-5.902774733693813,True
2024-03-07,ETHUSDT,3818.58,3933.81,3735.0,3868.76,540780.675,288,288,0.0015673167897352,0.0130527977286494,True,0.0395893519741765,3.958935197417658,-6.458390172839969,-5.902774733693813,-6.6042604794145445,-7.018049727577695,-6.458390172839969,True
2024-03-08,ETHUSDT,3868.76,3993.75,3820.0,3883.36,646399.2589,288,288,0.0019349172814895,0.0037667160111666,True,0.0439876946598659,4.398769465986596,-6.247690701998376,-6.458390172839969,-6.314616097645741,-6.976870450292921,-6.247690701998376,True
2024-03-09,ETHUSDT,3883.37,3942.0,3870.01,3905.21,254839.1386,288,288,0.0002667442832778,0.0056108007816023,True,0.0163323079593123,1.633230795931235,-8.229220099023118,-6.247690701998376,-6.011441359004655,-6.948442851161375,-8.229220099023118,True
2024-03-10,ETHUSDT,3905.2,3964.67,3791.26,3878.47,356664.68,288,288,0.0005605599158827,-0.0068708130846169,True,0.0236761465589903,2.367614655899031,-7.486574423961412,-8.229220099023118,-6.395705768719923,-6.991135783315434,-7.486574423961412,True
2024-03-11,ETHUSDT,3878.47,4086.23,3722.95,4064.8,721554.5139,288,288,0.0011333550214157,0.0469237953275891,True,0.0336653385756879,3.366533857568796,-6.782572999667968,-7.486574423961412,-6.864930026303338,-6.9682731070407575,-6.782572999667968,True
2024-03-12,ETHUSDT,4064.8,4093.92,3828.98,3979.96,632787.3941,288,288,0.0013156055991551,-0.0210927723027982,True,0.036271277881474,3.627127788147407,-6.633458187687693,-6.782572999667968,-7.040889679498169,-6.934724314019835,-6.633458187687693,True
2024-03-13,ETHUSDT,3979.97,4083.0,3932.23,4004.79,482305.7766,288,288,0.0007965810157684,0.0062193756940734,True,0.0282237668600144,2.8223766860014416,-7.135181719074395,-6.633458187687693,-7.0759032824677135,-6.906661211612978,-7.135181719074395,True
2024-03-14,ETHUSDT,4004.79,4010.98,3723.0,3881.7,648237.5244999999,288,288,0.0017194609651684,-0.0312179426807789,True,0.0414663835554589,4.146638355545892,-6.365744429618371,-7.135181719074395,-7.253401485882918,-6.924171356033806,-6.365744429618371,True
2024-03-15,ETHUSDT,3881.69,3934.02,3570.0,3742.19,947537.4071,288,288,0.0034671774518203,-0.0366022004583505,True,0.0588827432429941,5.888274324299419,-5.664414430485427,-6.365744429618371,-6.880706352001968,-6.895407869998289,-5.664414430485427,True
2024-03-16,ETHUSDT,3742.19,3781.12,3468.8,3523.09,548288.1569,288,288,0.0015325602118447,-0.0603325561074238,True,0.0391479272994714,3.914792729947147,-6.4808156009781355,-5.664414430485427,-6.5162743533067715,-6.843099701944028,-6.4808156009781355,True
2024-03-17,ETHUSDT,3523.09,3678.68,3412.0,3644.71,517790.9936,288,288,0.001598671791367,0.0339383558108426,True,0.0399833939450747,3.998339394507475,-6.4385821248810675,-6.4808156009781355,-6.455922873568804,-6.799887317659927,-6.4385821248810675,True
2024-03-18,ETHUSDT,3644.7,3645.02,3454.09,3520.46,570901.2851,288,288,0.0016297620337362,-0.0346851383628884,True,0.0403703112910498,4.037031129104981,-6.419321266394157,-6.4385821248810675,-6.4169476610074785,-6.71323248608592,-6.419321266394157,True
2024-03-19,ETHUSDT,3520.47,3548.09,3150.88,3158.64,1049629.6936,288,288,0.0041224711007425,-0.1084501076780233,True,0.0642064724209524,6.420647242095244,-5.491302513684261,-6.419321266394157,-6.2737755704714315,-6.66165892101767,-5.491302513684261,True
2024-03-20,ETHUSDT,3158.65,3535.24,3056.56,3516.53,1207322.8201,288,288,0.0044094665040442,0.1073331527275143,True,0.0664038139269441,6.640381392694418,-5.424001570980981,-5.491302513684261,-6.098887187284609,-6.584245252599415,-5.424001570980981,True
2024-03-21,ETHUSDT,3516.53,3587.32,3412.0,3492.85,602755.2072,288,288,0.0018872027851628,-0.0067566860658533,True,0.0434419472993879,4.344194729938796,-6.272659554054391,-5.424001570980981,-6.05080461538372,-6.527476152172157,-6.272659554054391,True
2024-03-22,ETHUSDT,3492.84,3542.52,3250.0,3336.35,558848.888,288,288,0.0018508687250405,-0.0458406268133606,True,0.0430217238734167,4.302172387341675,-6.292100169007634,-6.272659554054391,-6.009173405998972,-6.5497994558068715,-6.292100169007634,True
2024-03-23,ETHUSDT,3336.35,3435.48,3270.08,3329.53,323675.9448,288,288,0.0010254240048709,-0.0020462421704759,True,0.0320222423460779,3.2022242346077916,-6.8826490886381535,-6.292100169007634,-5.979877014824284,-6.550157447444054,-6.8826490886381535,True
2024-03-24,ETHUSDT,3329.53,3471.22,3298.76,3454.98,260824.1408,288,288,0.0009221603853173,0.0369855156010046,True,0.0303670937910986,3.036709379109864,-6.988791395829473,-6.8826490886381535,-6.072542579273084,-6.532999156820373,-6.988791395829473,True
2024-03-25,ETHUSDT,3454.99,3666.0,3420.12,3590.42,548577.6942,288,288,0.0010152107259393,0.0384525188097853,True,0.0318623716308029,3.1862371630802957,-6.892659076273869,-6.988791395829473,-6.372040355702127,-6.491280034736079,-6.892659076273869,True
2024-03-26,ETHUSDT,3590.43,3678.86,3542.62,3587.33,499013.8384,288,288,0.0009411460197448,-0.0008609940972822,True,0.0306781032618513,3.0678103261851373,-6.968412255343124,-6.892659076273869,-6.6657718567607045,-6.451693429330172,-6.968412255343124,True
2024-03-27,ETHUSDT,3587.32,3665.84,3460.02,3501.19,443195.3297,288,288,0.0011006064241688,-0.0243052824949045,True,0.0331753888322178,3.31753888322179,-6.8118939563859975,-6.968412255343124,-6.80492239701845,-6.481716802280005,-6.8118939563859975,True
2024-03-28,ETHUSDT,3501.2,3611.78,3465.0,3560.49,404654.0311,288,288,0.0007346632491736,0.0167952651333338,True,0.0271046720912405,2.71046720912406,-7.216098328130471,-6.8118939563859975,-6.908881154494123,-6.557691385022808,-7.216098328130471,True
2024-03-29,ETHUSDT,3560.49,3584.37,3445.91,3509.74,323086.179,288,288,0.0005278797934827,-0.014356215181719,True,0.0229756347786671,2.297563477866719,-7.546641964035886,-7.216098328130471,-6.975571002392587,-6.617387912042656,-7.546641964035886,True
2024-03-30,ETHUSDT,3509.74,3565.81,3485.0,3505.64,216025.2634,288,288,0.0003226259981739,-0.001168860551187,True,0.0179617927327396,1.7961792732739683,-8.039016806016605,-7.546641964035886,-7.0871411160338695,-6.666853902551562,-8.039016806016605,True
2024-03-31,ETHUSDT,3505.65,3655.32,3505.09,3645.29,243464.9877,288,288,0.0004163173114542,0.0390628232294407,True,0.0204038553085997,2.0403855308599703,-7.7840628205438644,-8.039016806016605,-7.316412661982417,-6.748277816370572,-7.7840628205438644,True
2024-04-01,ETHUSDT,3645.29,3645.95,3413.71,3503.8,408854.1225,288,288,0.000831567069822,-0.0395878295187495,True,0.0288369046504998,2.883690465049989,-7.092198601343104,-7.7840628205438644,-7.479542775022564,-6.728043394621515,-7.092198601343104,True
2024-04-02,ETHUSDT,3503.8,3505.6,3212.0,3278.96,623264.6476,288,288,0.002057640530103,-0.0663217948725877,True,0.0453612227580232,4.53612227580232,-6.186195326358848,-7.092198601343104,-7.535603704013985,-6.710117220866138,-6.186195326358848,True
2024-04-03,ETHUSDT,3278.96,3367.4,3202.79,3310.83,410484.1933,288,288,0.0012811010117635,0.0096726142951337,True,0.0357924714397246,3.5792471439724673,-6.660035405340665,-6.186195326358848,-7.329623103659661,-6.683009144806632,-6.660035405340665,True
2024-04-04,ETHUSDT,3310.83,3443.93,3250.92,3327.4,356338.5716,288,288,0.0010600456956503,0.0049923050013761,True,0.0325583429500085,3.2558342950008567,-6.849443262683275,-6.660035405340665,-7.152301791920617,-6.684217200154493,-6.849443262683275,True
2024-04-05,ETHUSDT,3327.39,3350.0,3210.0,3317.85,344556.7983,288,288,0.0010811762956053,-0.0028742354537643,True,0.0328812453475438,3.288124534754381,-6.82970566795576,-6.849443262683275,-6.914387083253951,-6.671229088500353,-6.82970566795576,True
2024-04-06,ETHUSDT,3317.85,3398.42,3306.68,3351.59,183312.2125,288,288,0.0003824606261698,0.0101178773132008,True,0.0195566005780628,1.955660057806282,-7.868884848114345,-6.82970566795576,-6.72351565273633,-6.692318235697507,-7.868884848114345,True
2024-04-07,ETHUSDT,3351.59,3459.94,3344.08,3454.2,210459.0752,288,288,0.0004883391973127,0.0301560218247388,True,0.022098398071189,2.2098398071189007,-7.62450031710444,-7.868884848114345,-6.878852902090578,-6.792521436498822,-7.62450031710444,True
2024-04-08,ETHUSDT,3454.2,3730.71,3406.36,3694.61,496841.3532,288,288,0.0011241354986416,0.0672841188640077,True,0.0335281299604026,3.3528129960402655,-6.79074098438337,-7.62450031710444,-7.166513900239697,-6.844507105413654,-6.79074098438337,True
2024-04-09,ETHUSDT,3694.61,3727.34,3450.46,3506.39,457592.252,288,288,0.0009966855782569,-0.052287982601197,True,0.0315703274968284,3.1570327496828408,-6.911075205587973,-6.79074098438337,-7.192655016048238,-6.860514326300122,-6.911075205587973,True
2024-04-10,ETHUSDT,3506.4,3562.95,3411.82,3545.64,389404.9055,288,288,0.0016463538014814,0.0111316614650914,True,0.0405752855995057,4.057528559950571,-6.409192253602896,-6.911075205587973,-7.204981404629177,-6.8828667780816595,-6.409192253602896,True
2024-04-11,ETHUSDT,3545.64,3618.3,3474.52,3502.52,338139.5534,288,288,0.0008300126560316,-0.0122359702358674,True,0.0288099402295745,2.8809940229574584,-7.09406960905904,-6.409192253602896,-7.120878721758605,-6.924589038987051,-7.09406960905904,True
2024-04-12,ETHUSDT,3502.52,3552.4,3100.0,3237.43,697327.1174,288,288,0.0019417713841213,-0.0787029042494322,True,0.0440655351053562,4.40655351053562,-6.244154637916455,-7.09406960905904,-6.965915673947544,-7.0005012225360534,-6.244154637916455,True
2024-04-13,ETHUSDT,3237.42,3301.9,2852.0,3007.01,994971.2354,288,288,0.0074203736017771,-0.0738335755957596,True,0.0861415904298101,8.614159042981019,-4.903525872426585,-6.244154637916455,-6.689846538109947,-6.999205544529784,-4.903525872426585,True
2024-04-14,ETHUSDT,3007.01,3174.23,2906.73,3155.11,737580.4666,288,288,0.0033459740045494,0.0480771311040583,True,0.0578443947548026,5.784439475480267,-5.6999974455602365,-4.903525872426585,-6.312403515718589,-6.936088531048827,-5.6999974455602365,True
2024-04-15,ETHUSDT,3155.11,3277.85,3023.19,3101.99,605430.8863,288,288,0.0017103081865864,-0.0169795196560603,True,0.0413558724558737,4.1355872455873754,-6.371081698632418,-5.6999974455602365,-6.070187963713042,-6.88233163818165,-6.371081698632418,True
2024-04-16,ETHUSDT,3102.0,3128.01,2986.0,3084.22,526113.855,288,288,0.0020436422616064,-0.0057450519383605,True,0.0452066616950027,4.5206661695002754,-6.193021640741815,-6.371081698632418,-6.062565852718946,-6.854253924672693,-6.193021640741815,True
2024-04-17,ETHUSDT,3084.21,3123.75,2914.47,2985.41,491897.5661,288,288,0.0019778784269598,-0.0325616982378837,True,0.044473345128963,4.4473345128963055,-6.225730510279317,-6.193021640741815,-5.882356259055502,-6.822452223057598,-6.225730510279317,True
2024-04-18,ETHUSDT,2985.41,3094.4,2950.98,3064.4,389060.7133,288,288,0.0012388723841848,0.0261147008142464,True,0.0351976190130076,3.5197619013007686,-6.693553680683642,-6.225730510279317,-5.8786714335280745,-6.7886939619183355,-6.693553680683642,True
2024-04-19,ETHUSDT,3064.4,3128.89,2865.18,3056.46,607850.4019,288,288,0.0025356932367123,-0.0025944081235799,True,0.0503556673743122,5.0355667374312265,-5.977288213165346,-6.693553680683642,-6.236676995179486,-6.783314858477319,-5.977288213165346,True
2024-04-20,ETHUSDT,3056.45,3171.88,3018.75,3155.79,242577.6371,288,288,0.000657733409378,0.0319814773088438,True,0.0256463137580833,2.5646313758083377,-7.326710861656549,-5.977288213165346,-6.292135148700508,-6.727005307797086,-7.326710861656549,True
2024-04-21,ETHUSDT,3155.79,3197.18,3116.49,3147.67,219970.5072,288,288,0.000565644055293,-0.0025763642480409,True,0.0237832725942643,2.378327259426431,-7.477545555161742,-7.326710861656549,-6.4832609813053335,-6.717008439507115,-7.477545555161742,True
2024-04-22,ETHUSDT,3147.66,3235.0,3129.15,3200.2,290879.9569,288,288,0.0007739840091685,0.0165508112548819,True,0.0278205680957189,2.7820568095718907,-7.163959344576986,-7.477545555161742,-6.740165764189319,-6.691487019013713,-7.163959344576986,True
2024-04-23,ETHUSDT,3200.19,3263.61,3152.0,3219.46,253914.2263,288,288,0.0004424784261298,0.0060003357767962,True,0.0210351711694922,2.103517116949224,-7.723118849213756,-7.163959344576986,-6.927811531048853,-6.663300497378856,-7.723118849213756,True
2024-04-24,ETHUSDT,3219.46,3293.56,3104.9,3140.8,393314.3414,288,288,0.0008479722318276,-0.0247360990893724,True,0.0291199627717421,2.9119962771742123,-7.072662668194837,-7.723118849213756,-7.133724564754876,-6.691978690463884,-7.072662668194837,True
2024-04-25,ETHUSDT,3140.79,3191.64,3072.2,3155.8,352288.5502,288,288,0.0007494221018119,0.0047644850793729,True,0.0273755749129019,2.7375574912901905,-7.196208179362913,-7.072662668194837,-7.352799455760774,-6.732272660547339,-7.196208179362913,True
2024-04-26,ETHUSDT,3155.81,3167.7,3102.0,3131.3,252522.655,288,288,0.0006290054380379,-0.0077937758320087,True,0.0250799808221201,2.5079980822120125,-7.371370655771953,-7.196208179362913,-7.326698919302046,-6.756644150275623,-7.371370655771953,True
2024-04-27,ETHUSDT,3131.3,3285.0,3066.74,3255.56,323811.1919,288,288,0.0008295650818589,0.0389160500861623,True,0.0288021714781877,2.8802171478187777,-7.094608992268796,-7.371370655771953,-7.305463939424089,-6.780368122688745,-7.094608992268796,True
2024-04-28,ETHUSDT,3255.55,3357.4,3250.45,3263.45,304766.009,288,288,0.0004971345046793,0.0024206141277694,True,0.0222965132852496,2.229651328524962,-7.606649935324647,-7.094608992268796,-7.291593868962451,-6.792409182884791,-7.606649935324647,True
2024-04-29,ETHUSDT,3263.44,3286.95,3115.13,3216.73,421831.2912,288,288,0.0008719381646007,-0.014419602393225,True,0.0295285990964811,2.952859909648116,-7.044792048724841,-7.606649935324647,-7.268300086184629,-6.780489414121623,-7.044792048724841,True
2024-04-30,ETHUSDT,3216.74,3250.95,2921.0,3014.05,561717.4866,288,288,0.0017171861974948,-0.0650806262912575,True,0.041438945419675,4.143894541967506,-6.3670682594432835,-7.044792048724841,-7.262725962290631,-6.754139038286187,-6.3670682594432835,True
2024-05-01,ETHUSDT,3014.04,3023.24,2817.0,2972.46,624963.7773,288,288,0.0022287979733247,-0.0138947965109034,True,0.0472101469318272,4.721014693182727,-6.106292864251467,-6.3670682594432835,-7.096897978306704,-6.7348811871525465,-6.106292864251467,True
2024-05-02,ETHUSDT,2972.46,3016.72,2893.26,2986.19,365939.7191,288,288,0.0009383560907367,0.0046084345613252,True,0.0306325984979529,3.0632598497952954,-6.971381053347328,-6.106292864251467,-6.843882420002606,-6.698300171637251,-6.971381053347328,True
2024-05-03,ETHUSDT,2986.19,3126.99,2958.32,3102.61,355825.8391,288,288,0.0006317688231526,0.0382453653788101,True,0.0251350118987957,2.513501189879575,-7.366987016884439,-6.971381053347328,-6.819236832218313,-6.7238542079892705,-7.366987016884439,True
2024-05-04,ETHUSDT,3102.61,3168.0,3092.85,3117.23,196263.9488,288,288,0.0004508467572998,0.0047010942164122,True,0.0212331523165969,2.123315231659692,-7.704383060458996,-7.366987016884439,-6.771304248530273,-6.7362595447086075,-7.704383060458996,True
2024-05-05,ETHUSDT,3117.24,3171.93,3072.99,3136.41,218760.2662,288,288,0.0005701571061549,0.0061340467758597,True,0.0238779627722924,2.387796277229242,-7.469598610280066,-7.704383060458996,-6.903222450877102,-6.8026335639150854,-7.469598610280066,True
2024-05-06,ETHUSDT,3136.4,3221.4,3046.35,3062.6,355135.3027,288,288,0.000704594238533,-0.0238146053394082,True,0.0265441940644852,2.654419406448525,-7.257888469023579,-7.469598610280066,-7.123728521044458,-6.919273233817518,-7.257888469023579,True
2024-05-07,ETHUSDT,3062.59,3129.85,2998.0,3005.69,298796.6829,288,288,0.0008037422478466,-0.0187570694653254,True,0.0283503482843974,2.835034828439749,-7.12623192743986,-7.257888469023579,-7.354047641998882,-6.99008646215676,-7.12623192743986,True
2024-05-08,ETHUSDT,3005.69,3038.15,2936.48,2974.21,266934.8125,288,288,0.0008684286204922,-0.0105287014181798,True,0.0294691129912696,2.946911299126965,-7.048825162773844,-7.12623192743986,-7.385017816817388,-7.024411472557099,-7.048825162773844,True
2024-05-09,ETHUSDT,2974.2,3059.0,2950.77,3036.23,238561.7462,288,288,0.0004603502127872,0.020638156724217,True,0.021455773413867,2.145577341386704,-7.683523026001352,-7.048825162773844,-7.32138544599527,-7.063311632649464,-7.683523026001352,True
2024-05-10,ETHUSDT,3036.24,3053.89,2878.03,2909.99,327855.8758,288,288,0.0005184564643879,-0.042466969488301,True,0.0227696390921755,2.276963909217551,-7.564654498356266,-7.683523026001352,-7.317213439103741,-7.129574928818647,-7.564654498356266,True
2024-05-11,ETHUSDT,2909.98,2945.67,2886.46,2912.45,138163.1087,288,288,0.0002978046679604,0.000845006611105,True,0.0172570179335949,1.7257017933594898,-8.119072763020558,-7.564654498356266,-7.3362246167189795,-7.169170420531038,-8.119072763020558,True
2024-05-12,ETHUSDT,2912.45,2955.2,2901.17,2929.29,107670.6323,288,288,0.0001911031875521,0.0057654214829462,True,0.0138240076516232,1.38240076516232,-8.562697026835702,-8.119072763020558,-7.508461475518376,-7.266524263706276,-8.562697026835702,True
2024-05-13,ETHUSDT,2929.3,2996.4,2864.76,2950.99,368664.7648,288,288,0.0007427323535238,0.0073806344278266,True,0.0272531164002181,2.725311640021811,-7.205174802202275,-8.562697026835702,-7.795754495397544,-7.322705453032601,-7.205174802202275,True
2024-05-14,ETHUSDT,2950.99,2960.6,2862.0,2881.93,269675.3037,288,288,0.0006649836270982,-0.0236804986793132,True,0.0257872764575518,2.578727645755189,-7.315748138516482,-7.205174802202275,-7.827024423283231,-7.310324964261715,-7.315748138516482,True
2024-05-15,ETHUSDT,2881.93,3041.36,2863.75,3032.55,350254.3188,288,288,0.0008379834994694,0.0509436411523646,True,0.0289479446501732,2.894794465017321,-7.084512148046693,-7.315748138516482,-7.753469445786257,-7.317224454895328,-7.084512148046693,True
2024-05-16,ETHUSDT,3032.55,3041.24,2922.8,2944.7,293874.1513,288,288,0.0003766380237205,-0.0293969054037693,True,0.0194071642369645,1.940716423696451,-7.884225981037341,-7.084512148046693,-7.657440975724342,-7.288196877569553,-7.884225981037341,True
2024-05-17,ETHUSDT,2944.7,3120.0,2933.06,3092.01,357724.7731,288,288,0.0006953742951025,0.0488144205300582,True,0.026369950608649,2.6369950608649018,-7.271060303263381,-7.884225981037341,-7.610471619327699,-7.325086119062394,-7.271060303263381,True
2024-05-18,ETHUSDT,3092.0,3146.98,3083.61,3122.94,199976.5456,288,288,0.0002871206212267,0.0099535009479168,True,0.0169446339950651,1.6944633995065173,-8.155608147478963,-7.271060303263381,-7.352144274613235,-7.328488488330597,-8.155608147478963,True
2024-05-19,ETHUSDT,3122.94,3136.64,3053.38,3071.19,166145.0102,288,288,0.0003316669991801,-0.0167097571776282,True,0.0182117269686368,1.8211726968636883,-8.011379106921229,-8.155608147478963,-7.542230943668573,-7.364135647044552,-8.011379106921229,True
2024-05-20,ETHUSDT,3071.2,3694.0,3047.67,3661.78,847107.8828,288,288,0.0042617909889288,0.1758842593438219,True,0.0652823941727692,6.5282394172769225,-5.458065787116219,-8.011379106921229,-7.681357137349522,-7.40580701589239,-5.458065787116219,True
2024-05-21,ETHUSDT,3661.79,3841.54,3624.28,3789.6,952437.2694,288,288,0.0018260198309246,0.0343111046406999,True,0.0427319532776659,4.273195327766597,-6.305616636559132,-5.458065787116219,-7.3560678651634275,-7.308144100064735,-6.305616636559132,True
2024-05-22,ETHUSDT,3789.59,3813.69,3653.15,3737.73,574938.3099,288,288,0.0009662338774409,-0.0137819973424756,True,0.0310843027497958,3.1084302749795873,-6.9421046439033764,-6.305616636559132,-7.040345996267784,-7.274545217693566,-6.9421046439033764,True
2024-05-23,ETHUSDT,3737.72,3949.29,3498.0,3783.61,1127866.076,288,288,0.003481072088726,0.0122001050539712,True,0.0590006109182439,5.900061091824392,-5.660414961167038,-6.9421046439033764,-6.974554864395783,-7.300683235169026,-5.660414961167038,True
2024-05-24,ETHUSDT,3783.6,3829.61,3626.1,3728.28,479418.4318,288,288,0.0010426718342106,-0.0147315790398325,True,0.0322904294522484,3.2290429452248457,-6.865968788895128,-5.660414961167038,-6.475516227133399,-7.280416057756097,-6.865968788895128,True
2024-05-25,ETHUSDT,3728.28,3779.43,3709.03,3749.26,158711.8992,288,288,0.0002936973145433,0.0056114858771313,True,0.0171375994393417,1.7137599439341775,-8.132960863338104,-6.865968788895128,-6.246434163528178,-7.2756245911900885,-8.132960863338104,True
2024-05-26,ETHUSDT,3749.25,3884.2,3731.17,3826.47,292208.2937,288,288,0.0005506208514312,0.0203842199981819,True,0.0234653116627768,2.3465311662776815,-7.5044640955928825,-8.132960863338104,-6.781413178772556,-7.310441584210708,-7.5044640955928825,True
2024-05-27,ETHUSDT,3826.47,3977.0,3823.37,3894.22,363717.6473,288,288,0.0007813582325983,0.0175506953548592,True,0.0279527857752731,2.795278577527319,-7.154476828783303,-7.5044640955928825,-7.0211826705793055,-7.301354358534977,-7.154476828783303,True
2024-05-28,ETHUSDT,3894.21,3931.09,3773.9,3844.69,416249.8344,288,288,0.0008954342945699,-0.0128004270091974,True,0.0299238081562149,2.992380815621499,-7.018201712053364,-7.154476828783303,-7.063657107555291,-7.287030641194213,-7.018201712053364,True
2024-05-29,ETHUSDT,3844.69,3888.55,3742.59,3767.43,334759.6348,288,288,0.0007527524726089,-0.0202999041343289,True,0.0274363348975209,2.743633489752098,-7.191774105840107,-7.018201712053364,-7.335214457732556,-7.276135788604659,-7.191774105840107,True
2024-05-30,ETHUSDT,3767.44,3825.35,3702.58,3747.91,277034.2894,288,288,0.0005961512931398,-0.0051947201046851,True,0.0244162096390865,2.4416209639086555,-7.4250160755627626,-7.191774105840107,-7.400375521121552,-7.2791149785319424,-7.4250160755627626,True
2024-05-31,ETHUSDT,3747.9,3849.94,3723.75,3762.29,273406.766,288,288,0.0005000578714544,0.0038294632828162,True,0.0223619737826175,2.2361973782617524,-7.600786723330976,-7.4250160755627626,-7.258786563566484,-7.296214565476893,-7.600786723330976,True
2024-06-01,ETHUSDT,3762.29,3833.3,3752.67,3815.82,132687.2006,288,288,0.0001526783904713,0.0141277680983387,True,0.0123563097432596,1.235630974325968,-8.787176871986537,-7.600786723330976,-7.278051089114102,-7.292453824446422,-8.787176871986537,True
2024-06-02,ETHUSDT,3815.82,3838.59,3752.62,3780.91,210295.4407,288,288,0.0002578307449576,-0.0091908612633537,True,0.0160571088604903,1.6057108860490308,-8.263207215618845,-8.787176871986537,-7.604591097754749,-7.348023023247799,-8.263207215618845,True
2024-06-03,ETHUSDT,3780.92,3849.99,3758.43,3767.06,248848.702,288,288,0.0004076599004355,-0.0036698650217766,True,0.0201905894028771,2.0190589402877177,-7.805077308542885,-8.263207215618845,-7.853592198467846,-7.354574589274993,-7.805077308542885,True
2024-06-04,ETHUSDT,3767.07,3831.65,3730.0,3810.23,232063.7468,288,288,0.0003964778881032,0.0113946983935757,True,0.0199117525121033,1.991175251210333,-7.832890286153906,-7.805077308542885,-7.976252839008401,-7.320137329352591,-7.832890286153906,True
2024-06-05,ETHUSDT,3810.23,3887.47,3777.33,3865.99,273738.6035,288,288,0.0003604135547838,0.0145282393592857,True,0.0189845609584175,1.898456095841752,-7.928258422549442,-7.832890286153906,-8.057827681126629,-7.348669851350394,-7.928258422549442,True
2024-06-06,ETHUSDT,3866.0,3878.6,3760.0,3813.46,237504.1905,288,288,0.0002620092900418,-0.0136808806148277,True,0.0161867010240465,1.61867010240465,-8.247130596656994,-7.928258422549442,-8.123322020970324,-7.376511227897347,-8.247130596656994,True
2024-06-07,ETHUSDT,3813.47,3841.39,3600.0,3678.32,362223.3594,288,288,0.0018774161845521,-0.0360807873111585,True,0.0433291609029312,4.332916090293126,-6.277858817371951,-8.247130596656994,-8.015312765904415,-7.429357521015996,-6.277858817371951,True
2024-06-08,ETHUSDT,3678.31,3709.5,3660.08,3681.57,140550.8394,288,288,0.0001203498230439,0.0008831654308004,True,0.0109704066945571,1.097040669455716,-9.025107864081933,-6.277858817371951,-7.6182430862550365,-7.356340831758478,-9.025107864081933,True
2024-06-09,ETHUSDT,3681.58,3721.52,3666.36,3706.4,103451.102,288,288,8.891435074123008e-05,0.0067217634855667,True,0.00942944063777,0.9429440637770096,-9.327837002811505,-9.025107864081933,-7.862249197362845,-7.436070266341139,-9.327837002811505,True
2024-06-10,ETHUSDT,3706.4,3713.67,3642.74,3667.85,156363.1846,288,288,0.0002302328926689,-0.0104553957825584,True,0.0151734271892984,1.5173427189298423,-8.376419184529878,-9.327837002811505,-8.161238540694367,-7.489353396128982,-8.376419184529878,True
2024-06-11,ETHUSDT,3667.85,3673.0,3432.0,3497.33,439568.5978,288,288,0.0010093833542535,-0.0476058391088113,True,0.0317707940450582,3.1770794045058217,-6.89841567492769,-8.376419184529878,-8.250870693090453,-7.505946126929376,-6.89841567492769,True
2024-06-12,ETHUSDT,3497.33,3659.01,3462.07,3560.12,387043.774,288,288,0.001147330809848,0.0177944319320748,True,0.0338722719912324,3.387227199123245,-6.77031706929853,-6.89841567492769,-7.98112770874459,-7.571416576375352,-6.77031706929853,True
2024-06-13,ETHUSDT,3560.13,3561.65,3428.0,3469.4,300230.8299,288,288,0.0006679046707926,-0.0258125838158381,True,0.0258438517019559,2.584385170195591,-7.311365103005752,-6.77031706929853,-8.079619359129907,-7.592539323318051,-7.311365103005752,True
2024-06-14,ETHUSDT,3469.4,3532.61,3362.26,3481.8,322316.4214,288,288,0.0010491250970188,0.0035677330973089,True,0.0323902006325803,3.2390200632580357,-6.859798703085366,-7.311365103005752,-7.736870806914671,-7.609323889640887,-6.859798703085366,True
2024-06-15,ETHUSDT,3481.8,3594.39,3473.1,3568.74,246649.5894,288,288,0.0003793887705302,0.024663190874201,True,0.0194779046750471,1.9477904675047113,-7.876949098871341,-6.859798703085366,-7.243263146969443,-7.663841332455356,-7.876949098871341,True
2024-06-16,ETHUSDT,3568.75,3653.79,3541.05,3624.41,149839.982,288,288,0.0003934441226661,0.0154789241226443,True,0.0198354259512153,1.9835425951215304,-7.84057150103843,-7.876949098871341,-7.143369129837735,-7.709794982908821,-7.84057150103843,True
2024-06-17,ETHUSDT,3624.41,3638.37,3463.39,3511.46,337805.6402,288,288,0.000909028884252,-0.0316596110306542,True,0.0301501058746414,3.0150105874641433,-7.003133688436852,-7.84057150103843,-7.3318002950598835,-7.696504557349744,-7.003133688436852,True
2024-06-18,ETHUSDT,3511.47,3517.2,3355.0,3483.42,449913.3014,288,288,0.0016313906138429,-0.0080173355926992,True,0.0403904767716717,4.039047677167174,-6.418322490551332,-7.003133688436852,-7.378363618887548,-7.673716811569924,-6.418322490551332,True
2024-06-19,ETHUSDT,3483.42,3590.01,3465.65,3560.51,321500.0027,288,288,0.000546504550509,0.0218892232144232,True,0.0233774367822702,2.3377436782270236,-7.511967923741908,-6.418322490551332,-7.1997550963966646,-7.640255250741199,-7.511967923741908,True
2024-06-20,ETHUSDT,3560.51,3625.96,3486.0,3513.08,329117.8453,288,288,0.0006844839718042,-0.013410647446931,True,0.0261626445873541,2.616264458735414,-7.286845329427823,-7.511967923741908,-7.3301889405279725,-7.6626991694543145,-7.286845329427823,True
2024-06-21,ETHUSDT,3513.08,3547.55,3446.82,3518.5,342155.102,288,288,0.0007271600207947,0.001541616841002,True,0.0269659047835368,2.696590478353684,-7.2263639935172685,-7.286845329427823,-7.2121681866392695,-7.6670205887083025,-7.2263639935172685,True
2024-06-22,ETHUSDT,3518.5,3521.19,3475.09,3495.75,115774.6157,288,288,0.0001361531881731,-0.0064868174856454,True,0.0116684698299806,1.1668469829980692,-8.901729922496562,-7.2263639935172685,-7.0893266851350365,-7.657990948615325,-8.901729922496562,True
2024-06-23,ETHUSDT,3495.76,3521.45,3406.38,3420.91,133411.4304,288,288,0.0002608224860833,-0.0216413473864682,True,0.0161499995691445,1.6149999569144549,-8.25167051198392,-8.901729922496562,-7.4690459319469795,-7.717124730395579,-8.25167051198392,True
2024-06-24,ETHUSDT,3420.91,3435.76,3240.0,3352.73,543370.4229,288,288,0.0014463404009665,-0.0201316582136401,True,0.0380307822818119,3.803078228181196,-6.5387187742593165,-8.25167051198392,-7.835715536233496,-7.6927835322136415,-6.5387187742593165,True
2024-06-25,ETHUSDT,3352.74,3430.88,3336.76,3394.91,240036.2236,288,288,0.0005581244517774,0.0125023117476581,True,0.023624657707097,2.3624657707097008,-7.490928588591731,-6.5387187742593165,-7.6410657063369785,-7.614397693970026,-7.490928588591731,True
2024-06-26,ETHUSDT,3394.91,3426.75,3325.01,3371.44,206949.3418,288,288,0.0004316748468768,-0.0069372982853605,True,0.0207767862499674,2.0776786249967483,-7.747837922384555,-7.490928588591731,-7.68188235816976,-7.60011820669952,-7.747837922384555,True
2024-06-27,ETHUSDT,3371.77,3477.0,3361.74,3450.44,201041.6609,288,288,0.0003932172273469,0.0231618063420849,True,0.0198297056797866,1.9829705679786689,-7.841148357459526,-7.747837922384555,-7.786177143943218,-7.596252190164549,-7.841148357459526,True
2024-06-28,ETHUSDT,3450.44,3487.7,3365.22,3380.15,221634.3435,288,288,0.0004968492059394,-0.0205816719346516,True,0.0222901145340126,2.2290114534012693,-7.607223986477974,-7.841148357459526,-7.574060830935809,-7.592292641751371,-7.607223986477974,True
2024-06-29,ETHUSDT,3380.15,3408.32,3371.86,3378.8,88329.7651,288,288,0.0001094171995226,-0.0003994703372414,True,0.0104602676601829,1.0460267660182936,-9.120342463490887,-7.607223986477974,-7.445171525834621,-7.563205977652325,-9.120342463490887,True
2024-06-30,ETHUSDT,3378.8,3460.0,3352.66,3438.16,141221.6185,288,288,0.0002631469625088,0.0174158276918443,True,0.0162218051556815,1.6221805155681563,-8.242797889043949,-9.120342463490887,-7.961496263680935,-7.69240977974864,-8.242797889043949,True
2024-07-01,ETHUSDT,3438.16,3524.94,3423.78,3442.2,224273.2122,288,288,0.0004001872729749,0.0011743572906944,True,0.0200046812765146,2.000468127651466,-7.823577937982244,-8.242797889043949,-8.111870123771379,-7.656850235428732,-7.823577937982244,True
2024-07-02,ETHUSDT,3442.2,3464.12,3402.0,3421.35,137932.7014,288,288,0.0001931170556714,-0.0060755918252153,True,0.0138966562766519,1.3896656276651995,-8.552214046840431,-7.823577937982244,-8.127018126890915,-7.588474823391039,-8.552214046840431,True
2024-07-03,ETHUSDT,3421.35,3432.1,3251.0,3295.48,310408.451,288,288,0.0005724020375918,-0.0374833774181149,True,0.0239249250279252,2.3924925027925283,-7.465668950554212,-8.552214046840431,-8.269231264767097,-7.596465498950608,-7.465668950554212,True
2024-07-04,ETHUSDT,3295.49,3313.45,3050.34,3059.7,450402.5692,288,288,0.0011594739145712,-0.0742349606679681,True,0.0340510486559695,3.4051048655969516,-6.759788898657414,-7.465668950554212,-8.240920257582344,-7.6222497387518136,-6.759788898657414,True
2024-07-05,ETHUSDT,3059.7,3110.0,2810.0,2981.78,886994.3753,288,288,0.0039113523343317,-0.02579643431075,True,0.0625408053540384,6.2540805354038485,-5.543872099224588,-6.759788898657414,-7.7688095446156495,-7.6217711855408545,-5.543872099224588,True
2024-07-06,ETHUSDT,2981.79,3081.78,2955.06,3066.83,214487.9713,288,288,0.0005558248344087,0.0281240172064452,True,0.0235759376146259,2.357593761462595,-7.495057359378635,-5.543872099224588,-7.229024386651778,-7.541430594459893,-7.495057359378635,True
2024-07-07,ETHUSDT,3066.83,3073.08,2922.24,2931.0,179892.7612,288,288,0.0006045470156402,-0.0453007931093851,True,0.0245875378116681,2.458753781166813,-7.411031114854094,-7.495057359378635,-7.163320270931057,-7.570305987927768,-7.411031114854094,True
2024-07-08,ETHUSDT,2930.99,3097.06,2822.8,3019.01,500445.0105,288,288,0.003150289936406,0.0295853013455437,True,0.0561274437009739,5.612744370097399,-5.760260787076828,-7.411031114854094,-6.935083684533788,-7.549127897745166,-5.760260787076828,True
2024-07-09,ETHUSDT,3019.01,3115.2,3004.0,3066.65,280358.1424,288,288,0.0010739827241784,0.015656797515209,True,0.0327716756388566,3.277167563885667,-6.836381368519809,-5.760260787076828,-6.594002051838312,-7.454568319837821,-6.836381368519809,True
2024-07-10,ETHUSDT,3066.65,3151.51,3024.0,3101.05,270827.0844,288,288,0.0006876948369648,0.0111550032298399,True,0.0262239363361961,2.6223936336196174,-7.282165369351994,-6.836381368519809,-6.609320545810791,-7.4469886689325016,-7.282165369351994,True
2024-07-11,ETHUSDT,3101.06,3217.24,3054.76,3099.57,289229.32,288,288,0.0011756351705803,-0.0004773716267422,True,0.0342875366653879,3.42875366653879,-6.745946706735087,-7.282165369351994,-6.9569791998362716,-7.486254254332531,-6.745946706735087,True
2024-07-12,ETHUSDT,3099.57,3157.89,3045.58,3133.88,185745.1825,288,288,0.000732272405028,0.0110084612825641,True,0.027060532238448,2.7060532238448056,-7.219357975212747,-6.745946706735087,-6.8071570693075625,-7.451435108104946,-7.219357975212747,True
2024-07-13,ETHUSDT,3133.89,3201.8,3113.37,3175.93,119302.4769,288,288,0.0002807516657844,0.0133286493645627,True,0.0167556457883437,1.6755645788343791,-8.17804003102619,-7.219357975212747,-6.768822441379292,-7.448367501095171,-8.17804003102619,True
2024-07-14,ETHUSDT,3175.93,3268.72,3163.67,3245.08,165430.7716,288,288,0.0004228635875316,0.0215395003252234,True,0.0205636472332048,2.0563647233204896,-7.768460919033432,-8.17804003102619,-7.2523782901691645,-7.491625502800122,-7.768460919033432,True
2024-07-15,ETHUSDT,3245.2,3493.63,3233.22,3483.39,314296.8452,288,288,0.001044260301394,0.0708659543880188,True,0.0323150166547079,3.2315016654707978,-6.864446489762293,-7.768460919033432,-7.43879420027189,-7.44011327536998,-6.864446489762293,True
2024-07-16,ETHUSDT,3483.2,3498.59,3346.55,3444.13,376128.7869,288,288,0.0010597806886286,-0.0113346248938418,True,0.0325542729703591,3.255427297035919,-6.849693289784595,-6.864446489762293,-7.35525042435395,-7.37705763799627,-6.849693289784595,True
2024-07-17,ETHUSDT,3444.14,3517.0,3376.0,3387.05,297812.5162,288,288,0.000813578618167,-0.016711996605916,True,0.0285232995666176,2.852329956661761,-7.114067994097632,-6.849693289784595,-7.375999740963851,-7.391192843247419,-7.114067994097632,True
2024-07-18,ETHUSDT,3387.05,3489.98,3367.2,3426.5,241950.3457,288,288,0.0006377977037804,0.0115799959905263,True,0.0252546570711319,2.525465707113194,-7.357489403613675,-7.114067994097632,-7.354941744740827,-7.37406281622496,-7.357489403613675,True
2024-07-19,ETHUSDT,3426.49,3540.27,3377.0,3503.53,299511.6422,288,288,0.0007387112753288,0.0222316996137546,True,0.027179243464984,2.717924346498408,-7.210603409800573,-7.357489403613675,-7.190831619258326,-7.356319701735374,-7.210603409800573,True
2024-07-20,ETHUSDT,3503.53,3539.65,3480.0,3517.5,147510.8165,288,288,0.0002665944674256,0.003979478348911,True,0.0163277208276484,1.6327720827648435,-8.229781902777084,-7.210603409800573,-7.079260117411754,-7.327658567750876,-8.229781902777084,True
2024-07-21,ETHUSDT,3517.5,3547.0,3411.4,3535.92,218890.9656,288,288,0.0005475003726025,0.0052230100786629,True,0.0233987258756232,2.339872587562321,-7.510147415721338,-8.229781902777084,-7.352327200014711,-7.355956654855381,-7.510147415721338,True
2024-07-22,ETHUSDT,3535.93,3562.82,3422.34,3439.6,207859.5043,288,288,0.0004694478013524,-0.027618334530469,True,0.0216667441336351,2.16667441336351,-7.66395344472494,-7.510147415721338,-7.484418025202061,-7.2827659708658565,-7.66395344472494,True
2024-07-23,ETHUSDT,3439.61,3541.0,3389.0,3482.51,500568.7811,288,288,0.0011013062645822,0.0123981126134545,True,0.0331859347402213,3.318593474022135,-6.811258290457425,-7.66395344472494,-7.594395115327522,-7.2564548597604475,-6.811258290457425,True
2024-07-24,ETHUSDT,3482.51,3487.82,3300.0,3335.81,275479.0506,288,288,0.0006491861416001,-0.0430377697299767,True,0.0254791314922662,2.547913149226627,-7.33979106944001,-6.811258290457425,-7.485148892696271,-7.210440330327501,-7.33979106944001,True
2024-07-25,ETHUSDT,3335.82,3342.5,3087.53,3175.48,494282.6398,288,288,0.0019313532124228,-0.0492567264177773,True,0.0439471638723464,4.394716387234646,-6.249534375420541,-7.33979106944001,-7.51098642462416,-7.155330194991118,-6.249534375420541,True
2024-07-26,ETHUSDT,3175.47,3286.36,3171.0,3274.61,260237.4641,288,288,0.0006253585628955,0.0307399760063843,True,0.0250071702296678,2.5007170229667883,-7.377185372098366,-6.249534375420541,-7.114936919152851,-7.1000513506668606,-7.377185372098366,True
2024-07-27,ETHUSDT,3274.6,3327.59,3191.01,3249.01,231991.9037,288,288,0.000876159156406,-0.0078484434743497,True,0.0295999857500983,2.959998575009836,-7.039962798135698,-7.377185372098366,-7.088344510428255,-7.128114826732357,-7.039962798135698,True
2024-07-28,ETHUSDT,3249.0,3284.3,3198.11,3270.16,103529.8329,288,288,0.0003232435387983,0.006488578823413,True,0.017978974909554,1.7978974909554062,-8.037104528761727,-7.039962798135698,-6.963546381110407,-7.196118949410135,-8.037104528761727,True
2024-07-29,ETHUSDT,3270.16,3396.77,3258.0,3317.66,318471.5055,288,288,0.0007655428787161,0.0144208017736554,True,0.0276684455421,2.7668445542100035,-7.174925330436436,-8.037104528761727,-7.208715628771269,-7.220757457109368,-7.174925330436436,True
2024-07-30,ETHUSDT,3317.66,3366.4,3233.18,3279.21,197277.1641,288,288,0.0005703537134649,-0.0116571754217952,True,0.0238820793371294,2.388207933712943,-7.469253839658753,-7.174925330436436,-7.175742480970554,-7.210025375999473,-7.469253839658753,True
2024-07-31,ETHUSDT,3279.2,3350.0,3213.75,3232.74,233711.3352,288,288,0.0007430582591347,-0.0142724648801578,True,0.0272590949801123,2.7259094980112364,-7.2047361056411985,-7.469253839658753,-7.419686373818196,-7.287706878389562,-7.2047361056411985,True
2024-08-01,ETHUSDT,3232.74,3242.57,3080.02,3203.4,323285.6105,288,288,0.0009384670868213,-0.0091173290953986,True,0.0306344101758363,3.063441017583636,-6.971262772535309,-7.2047361056411985,-7.385196520526764,-7.304450275531442,-6.971262772535309,True
2024-08-02,ETHUSDT,3203.4,3218.6,2967.0,2989.61,385704.0395,288,288,0.0015169748041896,-0.0690698016394294,True,0.038948360738157,3.8948360738157097,-6.491037187725591,-6.971262772535309,-7.371456515406685,-7.290318339312503,-6.491037187725591,True
2024-08-03,ETHUSDT,2989.61,3018.02,2859.0,2903.64,344595.3157,288,288,0.0011060827972992,-0.0291778217767649,True,0.033257823099223,3.3257823099223094,-6.806930516749832,-6.491037187725591,-7.062243047199457,-7.2787315429938895,-6.806930516749832,True
2024-08-04,ETHUSDT,2903.65,2935.46,2630.0,2688.92,512064.2612,288,288,0.0024228387552298,-0.0768254963284441,True,0.0492223400015672,4.922234000156724,-6.022815386935475,-6.806930516749832,-6.988644084462138,-7.259984840336485,-6.022815386935475,True
2024-08-05,ETHUSDT,2688.91,2697.44,2111.0,2419.59,2670604.1003,288,288,0.0235772839601518,-0.1055415216798699,True,0.1535489627452814,15.354896274528144,-3.74747157455495,-6.022815386935475,-6.699356393917481,-7.1620200837869055,-3.74747157455495,True
2024-08-06,ETHUSDT,2419.76,2556.23,2414.19,2461.33,642283.8038,288,288,0.0034671695266748,0.0171037499244509,True,0.0588826759469608,5.888267594696085,-5.664416716250914,-3.74747157455495,-6.007903487700231,-6.9792478408560665,-5.664416716250914,True
2024-08-07,ETHUSDT,2461.33,2551.32,2309.04,2342.8,630115.4228,288,288,0.0030964586678334,-0.0493550590185108,True,0.0556458324390373,5.564583243903736,-5.7774961857025655,-5.664416716250914,-5.746534276443352,-6.924701032969185,-5.7774961857025655,True
2024-08-08,ETHUSDT,2342.79,2724.1,2320.4,2682.5,586502.8754,288,288,0.0036075357406554,0.1354024002892261,True,0.0600627650100748,6.006276501007486,-5.624730360045741,-5.7774961857025655,-5.6038260760387475,-6.875964800965456,-5.624730360045741,True
2024-08-09,ETHUSDT,2682.5,2707.98,2552.61,2598.78,406739.9611,288,288,0.0020205112997661,-0.0317070913877199,True,0.044950097883833,4.495009788383307,-6.204404680902067,-5.624730360045741,-5.367386044697929,-6.80826763578128,-6.204404680902067,True
2024-08-10,ETHUSDT,2598.79,2644.7,2576.49,2609.92,171012.3619,288,288,0.0006346444932927,0.0042774653888463,True,0.0251921514224712,2.519215142247123,-7.362445568930199,-6.204404680902067,-5.403703903491247,-6.755854693839843,-7.362445568930199,True
2024-08-11,ETHUSDT,2609.92,2720.0,2540.0,2555.38,297098.9145,288,288,0.001135276092909,-0.0211186289427435,True,0.0336938583856025,3.369385838560256,-6.780879403965829,-7.362445568930199,-6.126698702366298,-6.762756610163918,-6.780879403965829,True
2024-08-12,ETHUSDT,2555.38,2750.0,2510.05,2722.3,483414.2506,288,288,0.0028012415442397,0.0632761706537753,True,0.0529267564114766,5.292675641147667,-5.877692551420512,-6.780879403965829,-6.349991239909281,-6.696897405672496,-5.877692551420512,True
2024-08-13,ETHUSDT,2722.3,2738.4,2611.37,2702.44,325668.6964,288,288,0.0013294541866211,-0.0073220426152363,True,0.0364616810723421,3.646168107234214,-6.622986806979028,-5.877692551420512,-6.370030513052869,-6.6226949118406395,-6.622986806979028,True
2024-08-14,ETHUSDT,2702.44,2780.0,2632.2,2661.45,338808.7141,288,288,0.0012646872475834,-0.0152839815640804,True,0.0355624415301238,3.556244153012389,-6.672930422482229,-6.622986806979028,-6.569681802439527,-6.575378246488554,-6.672930422482229,True
2024-08-15,ETHUSDT,2661.45,2675.6,2515.71,2569.89,356546.8059,288,288,0.0012468374901162,-0.0350079906208654,True,0.0353105860913731,3.5310586091373186,-6.687144941453379,-6.672930422482229,-6.663386950755559,-6.569090616126044,-6.687144941453379,True
2024-08-16,ETHUSDT,2569.9,2630.97,2550.04,2592.73,270684.1373,288,288,0.0011980636228081,0.0088482782058843,True,0.0346130556699073,3.4613055669907355,-6.727048673179752,-6.687144941453379,-6.528326825260196,-6.5394248830357435,-6.727048673179752,True
2024-08-17,ETHUSDT,2592.72,2629.69,2587.5,2614.51,89348.676,288,288,0.0001903200141492,0.0083653248212575,True,0.0137956520015996,1.379565200159966,-8.566803617625313,-6.727048673179752,-6.51756067910298,-6.561130078388434,-8.566803617625313,True
2024-08-18,ETHUSDT,2614.51,2689.16,2594.53,2612.15,174074.0585,288,288,0.0004038379999085,-0.0009030624377281,True,0.0200957209352778,2.0095720935277863,-7.814496750746739,-8.566803617625313,-7.05538289234394,-6.615203635003296,-7.814496750746739,True
2024-08-19,ETHUSDT,2612.15,2648.08,2563.58,2636.36,224867.1336,288,288,0.0008705544651826,0.0092255408526996,True,0.0295051599755479,2.950515997554791,-7.046380233013594,-7.814496750746739,-7.293684881097482,-6.650409723758344,-7.046380233013594,True
2024-08-20,ETHUSDT,2636.36,2695.0,2555.0,2572.82,281315.8751,288,288,0.0006597922084334,-0.0243966042726725,True,0.0256864207010921,2.568642070109211,-7.323585608221939,-7.046380233013594,-7.368374843203755,-6.605376801224337,-7.323585608221939,True
2024-08-21,ETHUSDT,2572.81,2663.74,2536.22,2630.71,245286.6218,288,288,0.0008595876033013,0.0222511981295447,True,0.029318724448743,2.931872444874307,-7.059057814773501,-7.323585608221939,-7.495662976557467,-6.612134086578223,-7.059057814773501,True
2024-08-22,ETHUSDT,2630.71,2644.69,2584.2,2622.88,199063.1196,288,288,0.0004146730440848,-0.0029808210376724,True,0.0203635223889392,2.0363522388939215,-7.788020193825801,-7.059057814773501,-7.562064804876218,-6.593488812719803,-7.788020193825801,True
2024-08-23,ETHUSDT,2622.89,2799.13,2621.4,2762.48,401786.4447,288,288,0.0011479008518773,0.0518558763026505,True,0.0338806855284451,3.3880685528445142,-6.769820350775057,-7.788020193825801,-7.406308120116314,-6.620001725819103,-6.769820350775057,True
2024-08-24,ETHUSDT,2762.49,2820.0,2731.26,2768.0,263542.9441,288,288,0.000612962004003,0.0019962107567645,True,0.0247580694724577,2.4758069472457724,-7.397207607631023,-6.769820350775057,-7.197372840121979,-6.610845252102728,-7.397207607631023,True
2024-08-25,ETHUSDT,2768.01,2792.28,2733.21,2746.13,154527.2352,288,288,0.0003397252603702,-0.007932389942458,True,0.0184316374847778,1.8431637484777836,-7.987373324743406,-7.397207607631023,-7.267538315045465,-6.6520348166438845,-7.987373324743406,True
2024-08-26,ETHUSDT,2746.12,2762.0,2666.66,2680.49,211708.1247,288,288,0.000497036244099,-0.0241930341817374,True,0.0222943096798055,2.2294309679805537,-7.606847608774084,-7.987373324743406,-7.400295858349757,-6.705691307916319,-7.606847608774084,True
2024-08-27,ETHUSDT,2680.49,2699.98,2392.96,2457.33,412660.7197,288,288,0.0025220517448557,-0.0869242189766751,True,0.0502200333020171,5.022003330201714,-5.982682524260634,-7.606847608774084,-7.5098538171498745,-6.777692772545347,-5.982682524260634,True
2024-08-28,ETHUSDT,2457.33,2554.6,2418.8,2528.33,451266.634,288,288,0.001840760869171,0.0284836110854017,True,0.0429040891893889,4.29040891893889,-6.297576276981557,-5.982682524260634,-7.1487862832368405,-6.87929327025924,-6.297576276981557,True
2024-08-29,ETHUSDT,2528.33,2595.4,2505.88,2527.61,237002.9632,288,288,0.0008108459528943,-0.0002848135084145,True,0.0284753569405956,2.8475356940595633,-7.1174324690004696,-6.297576276981557,-7.054337468478141,-6.908073250292452,-7.1174324690004696,True
2024-08-30,ETHUSDT,2527.6,2552.17,2431.14,2526.0,338379.1941,288,288,0.0010070726146993,-0.0006371683032404,True,0.0317344074263146,3.173440742631465,-6.900707557915716,-7.1174324690004696,-6.99838244075203,-6.968979444987812,-6.900707557915716,True
2024-08-31,ETHUSDT,2525.99,2533.95,2491.92,2513.01,97946.1147,288,288,0.0001748570656153,-0.0051557860671608,True,0.0132233530398062,1.322335303980625,-8.65154168568998,-6.900707557915716,-6.781049287386492,-7.026978408527356,-8.65154168568998,True
2024-09-01,ETHUSDT,2513.0,2516.28,2400.0,2425.72,223127.776,288,288,0.0008196506701452,-0.0353528503234227,True,0.0286295419129482,2.8629541912948273,-7.106632320492924,-8.65154168568998,-6.989988102769672,-7.138211908744989,-7.106632320492924,True
2024-09-02,ETHUSDT,2425.71,2564.83,2423.52,2538.01,262632.8385,288,288,0.0007209064861606,0.0452519218570404,True,0.0268497017890442,2.6849701789044262,-7.235001129284465,-7.106632320492924,-7.214778062016128,-7.126584033816021,-7.235001129284465,True
2024-09-03,ETHUSDT,2538.0,2553.6,2411.12,2425.29,224793.1299,288,288,0.0005717351773712,-0.0454292045264753,True,0.0239109844500653,2.391098445006538,-7.46683465041502,-7.235001129284465,-7.402263032476711,-7.147225930421413,-7.46683465041502,True
2024-09-04,ETHUSDT,2425.28,2490.0,2306.65,2450.71,384179.3854,288,288,0.0024190689597186,0.0104266736239957,True,0.0491840315521069,4.918403155210696,-6.02437254022912,-7.46683465041502,-7.472143468759621,-7.219459662193892,-6.02437254022912,True
2024-09-05,ETHUSDT,2450.71,2466.0,2348.04,2368.81,278549.0969,288,288,0.0011869029001047,-0.033990059149167,True,0.0344514571550289,3.4451457155028944,-6.736407969476794,-6.02437254022912,-7.296876465222302,-7.192249922796168,-6.736407969476794,True
2024-09-06,ETHUSDT,2368.81,2408.83,2150.55,2225.23,643027.111,288,288,0.0022202425468079,-0.0625274382807807,True,0.0471194497719143,4.711944977191431,-6.110138833747003,-6.736407969476794,-6.913849721979664,-7.195135265841376,-6.110138833747003,True
2024-09-07,ETHUSDT,2225.24,2311.27,2220.98,2273.58,219453.2076,288,288,0.0005241347590005,0.0214954006375829,True,0.0228939895824338,2.289398958243387,-7.553761733041634,-6.110138833747003,-6.714551024630481,-7.168907715491085,-7.553761733041634,True
2024-09-08,ETHUSDT,2273.58,2333.58,2240.94,2297.3,192775.6493,288,288,0.0007445342243368,0.0103788386160775,True,0.0272861544439081,2.728615444390818,-7.202751737337611,-7.553761733041634,-6.778303145381914,-7.206485581848444,-7.202751737337611,True
2024-09-09,ETHUSDT,2297.3,2381.41,2272.8,2359.5,321698.99,288,288,0.0010450414149328,0.0267152118683166,True,0.0323271003174254,3.2327100317425432,-6.863698762836029,-7.202751737337611,-6.725486562766432,-7.144483223653548,-6.863698762836029,True
2024-09-10,ETHUSDT,2359.51,2400.0,2320.41,2388.52,224382.1729,288,288,0.00071036073912,0.0122241950846613,True,0.0266525934783106,2.6652593478310607,-7.2497376336919075,-6.863698762836029,-6.893351807287814,-7.10126513329397,-7.2497376336919075,True
2024-09-11,ETHUSDT,2388.52,2389.32,2277.68,2340.55,282898.3125,288,288,0.0010307592436864,-0.0202879827825299,True,0.0321054394719402,3.2105439471940285,-6.877459618494702,-7.2497376336919075,-6.996017740130837,-7.110508651506621,-6.877459618494702,True
2024-09-12,ETHUSDT,2340.54,2391.93,2315.39,2361.76,202611.1308,288,288,0.0006080504477996,0.0090211593201119,True,0.0246586789548768,2.4658678954876883,-7.405252706085601,-6.877459618494702,-7.149481897080376,-7.090230197428112,-7.405252706085601,True
2024-09-13,ETHUSDT,2361.75,2464.82,2337.35,2439.19,253888.616,288,288,0.0006903003159633,0.0322589131721328,True,0.0262735668679264,2.62735668679264,-7.278383814536131,-7.405252706085601,-7.11978009168917,-7.105966328851388,-7.278383814536131,True
2024-09-14,ETHUSDT,2439.19,2440.6,2376.72,2417.79,122931.2302,288,288,0.0002246212169412,-0.0088121171928791,True,0.0149873685796158,1.4987368579615843,-8.40109505466648,-7.278383814536131,-7.134906507128873,-7.082801038883676,-8.40109505466648,True
2024-09-15,ETHUSDT,2417.8,2430.32,2283.75,2316.1,174364.1946,288,288,0.0005234407780097,-0.0429691631142752,True,0.0228788281607625,2.2878828160762548,-7.555086661064105,-8.40109505466648,-7.442385765494964,-7.1569498890605585,-7.555086661064105,True
2024-09-16,ETHUSDT,2316.09,2335.7,2252.39,2295.68,330555.232,288,288,0.0009189851082123,-0.0088556407498021,True,0.0303147671640796,3.031476716407965,-6.992240640079052,-7.555086661064105,-7.503455570969403,-7.164126209671153,-6.992240640079052,True
2024-09-17,ETHUSDT,2295.67,2393.63,2263.29,2341.8,274206.2588,288,288,0.0008348521820895,0.0198907685107615,True,0.028893808715529,2.889380871552909,-7.088255876222349,-6.992240640079052,-7.526411775286273,-7.118892905822773,-7.088255876222349,True
2024-09-18,ETHUSDT,2341.79,2376.14,2277.34,2374.75,292917.6008,288,288,0.0009263883035433,0.0139723043556684,True,0.030436627663776,3.0436627663776075,-6.984217076934121,-7.088255876222349,-7.463012409313623,-7.095320554343149,-6.984217076934121,True
2024-09-19,ETHUSDT,2374.74,2494.95,2372.6,2465.21,326746.032,288,288,0.0008411570525883,0.0373848277755754,True,0.0290027076768416,2.900270767684164,-7.080732170374526,-6.984217076934121,-7.40417906179322,-7.140844852191944,-7.080732170374526,True
2024-09-20,ETHUSDT,2465.21,2571.93,2437.31,2561.4,340754.5912,288,288,0.0008449147817338,0.038276987446103,True,0.0290674178718008,2.9067417871800867,-7.076274785711977,-7.080732170374526,-7.140106484934831,-7.17644284734617,-7.076274785711977,True
2024-09-21,ETHUSDT,2561.4,2623.34,2528.97,2612.4,154757.8773,288,288,0.0004648724415978,0.0197153550365314,True,0.0215609007603553,2.1560900760355337,-7.673747509153813,-7.076274785711977,-7.044344109864406,-7.174572043560329,-7.673747509153813,True
2024-09-22,ETHUSDT,2612.4,2632.57,2524.58,2581.0,214266.3257,288,288,0.0005604100138108,-0.0120924183098891,True,0.0236729806701834,2.3672980670183494,-7.486841874619673,-7.673747509153813,-7.180645483679358,-7.209710223162062,-7.486841874619673,True
2024-09-23,ETHUSDT,2580.99,2702.82,2539.49,2646.97,333282.0149,288,288,0.0009618740511406,0.0252386688590702,True,0.0310140943949789,3.10140943949789,-6.946627039840129,-7.486841874619673,-7.260362683358823,-7.156769322658866,-6.946627039840129,True
2024-09-24,ETHUSDT,2646.98,2670.96,2591.56,2653.2,288600.0402,288,288,0.0005993040261794,0.0023508690737152,True,0.0244806867995861,2.4480686799586144,-7.419741532385875,-6.946627039840129,-7.252844675940024,-7.149496355356465,-7.419741532385875,True
2024-09-25,ETHUSDT,2653.2,2673.5,2554.05,2579.95,220343.4293,288,288,0.0005874660774039,-0.0279964397684894,True,0.0242376995072539,2.4237699507253967,-7.439692054202118,-7.419741532385875,-7.320646548342293,-7.15789364640653,-7.439692054202118,True
2024-09-26,ETHUSDT,2580.09,2666.22,2559.2,2632.26,278686.3573,288,288,0.0007090482430212,0.0200727738779882,True,0.026627959798325,2.6627959798325085,-7.251586989993562,-7.439692054202118,-7.393330002040322,-7.156659892033216,-7.251586989993562,True
2024-09-27,ETHUSDT,2632.25,2728.6,2615.21,2694.43,281826.9792,288,288,0.0006206503985762,0.023343886429399,True,0.024912856090306,2.4912856090306015,-7.38474259981095,-7.251586989993562,-7.308897898208272,-7.2124423670225095,-7.38474259981095,True
2024-09-28,ETHUSDT,2694.43,2704.35,2650.0,2675.21,137230.0342,288,288,0.0002230310170791,-0.0071587972686249,True,0.0149342230155827,1.4934223015582742,-8.408199706135472,-7.38474259981095,-7.288478043246526,-7.241912122946789,-8.408199706135472,True
2024-09-29,ETHUSDT,2675.21,2683.7,2629.73,2657.62,160554.3146,288,288,0.0002378012320737,-0.0065968965039648,True,0.0154208051694386,1.5420805169438625,-8.344075392586868,-8.408199706135472,-7.580792576505596,-7.346369435328083,-8.344075392586868,True
2024-09-30,ETHUSDT,2657.62,2663.5,2575.0,2602.23,282475.7961,288,288,0.0007135887036562,-0.0210622157083107,True,0.0267130811337116,2.6713081133711616,-7.245203806901967,-8.344075392586868,-7.765659348545793,-7.382292783489229,-7.245203806901967,True
2024-10-01,ETHUSDT,2602.24,2659.0,2414.0,2447.79,502828.6804,288,288,0.0012966816614258,-0.0611831930705932,True,0.0360094662752144,3.600946627521441,-6.647946846005161,-7.245203806901967,-7.726761699085763,-7.384222423014882,-6.647946846005161,True
2024-10-02,ETHUSDT,2447.78,2499.0,2352.0,2364.1,317484.735,288,288,0.0014031291800796,-0.0347881768230534,True,0.0374583659558129,3.7458365955812982,-6.569050407916774,-6.647946846005161,-7.606033670288083,-7.374415517704389,-6.569050407916774,True
2024-10-03,ETHUSDT,2364.09,2403.38,2310.0,2349.8,314635.9263,288,288,0.0010489891728843,-0.0060671816822791,True,0.032388102335339,3.2388102335339086,-6.8599282709898795,-6.569050407916774,-7.442895231909247,-7.3434751892600625,-6.8599282709898795,True
2024-10-04,ETHUSDT,2349.8,2441.64,2339.15,2414.41,239383.017,288,288,0.0005878641866432,0.0271247326873075,True,0.0242459107200221,2.4245910720022112,-7.439014611841102,-6.8599282709898795,-7.13324094488013,-7.342678309828026,-7.439014611841102,True
2024-10-05,ETHUSDT,2414.41,2428.23,2390.05,2414.66,103740.2316,288,288,0.0002211443986689,0.0001035396050272,True,0.0148709246070622,1.4870924607062252,-8.41669468216921,-7.439014611841102,-6.952228788730977,-7.344212941907822,-8.41669468216921,True
2024-10-06,ETHUSDT,2414.66,2457.8,2407.0,2440.03,105752.7096,288,288,0.0002560635169323,0.0104518438678266,True,0.0160019847810299,1.600198478102995,-8.270085031242859,-8.41669468216921,-7.186526963784425,-7.395954344982053,-8.270085031242859,True
2024-10-07,ETHUSDT,2440.02,2521.0,2403.0,2422.71,300459.5407,288,288,0.0009724393171125,-0.0071235859793347,True,0.031183959291798,3.1183959291798,-6.935702883274604,-8.270085031242859,-7.510954600831964,-7.389999343917342,-6.935702883274604,True
2024-10-08,ETHUSDT,2422.7,2466.66,2401.18,2440.89,201358.3312,288,288,0.0006655826716589,0.0074759785647072,True,0.025798888961715,2.5798888961715094,-7.314847702962486,-6.935702883274604,-7.58428509590353,-7.361845535836002,-7.314847702962486,True
2024-10-09,ETHUSDT,2440.88,2473.61,2351.42,2370.47,242082.2725,288,288,0.0007058899910291,-0.0292744791748134,True,0.0265685903094068,2.6568590309406876,-7.256051152684337,-7.314847702962486,-7.675268982298052,-7.376509493239794,-7.256051152684337,True
2024-10-10,ETHUSDT,2370.47,2421.36,2330.66,2386.49,257862.9619,288,288,0.0007456923783678,0.0067354194962311,True,0.0273073685727468,2.7307368572746804,-7.201197404242136,-7.256051152684337,-7.6386762904667,-7.384136551260794,-7.201197404242136,True
2024-10-11,ETHUSDT,2386.49,2471.45,2381.86,2439.5,235441.2197,288,288,0.0004410448471685,0.021969433055468,True,0.0210010677625824,2.100106776258245,-7.7263639934283015,-7.201197404242136,-7.395576834881284,-7.3939992934111585,-7.7263639934283015,True
2024-10-12,ETHUSDT,2439.49,2490.51,2434.35,2476.4,139637.5062,288,288,0.0002239669150095,0.0150127923891859,True,0.0149655242143243,1.4965524214324355,-8.404012217868525,-7.7263639934283015,-7.286832627318373,-7.423346194459057,-8.404012217868525,True
2024-10-13,ETHUSDT,2476.4,2484.92,2436.4,2468.91,120022.8179,288,288,0.0002723719732364,-0.0030291349691476,True,0.0165036957447847,1.6503695744784774,-8.208341877248063,-8.404012217868525,-7.580494494237158,-7.483697895920718,-8.208341877248063,True
2024-10-14,ETHUSDT,2468.92,2654.0,2443.39,2629.79,435900.1619,288,288,0.0007764169007568,0.0631272373991219,True,0.0278642584820925,2.7864258482092557,-7.1608209388012405,-8.208341877248063,-7.759193329094272,-7.507997639925002,-7.1608209388012405,True
2024-10-15,ETHUSDT,2629.79,2688.6,2537.36,2607.41,416285.6663,288,288,0.0013377833499758,-0.0085466036155585,True,0.0365757207717889,3.657572077178898,-6.616741251182054,-7.1608209388012405,-7.7401472863176535,-7.49317850647871,-6.616741251182054,True
2024-10-16,ETHUSDT,2607.41,2647.79,2588.67,2611.1,260322.4242,288,288,0.0005942587426959,0.0014141970083352,True,0.0243774228066859,2.437742280668597,-7.42819573968091,-6.616741251182054,-7.623256055705636,-7.478183697903342,-7.42819573968091,True
2024-10-17,ETHUSDT,2611.1,2648.37,2575.4,2605.8,221624.5434,288,288,0.0005290315605442,-0.0020318586989976,True,0.023000686088556,2.300068608855605,-7.544462467121524,-7.42819573968091,-7.563622404956159,-7.478567980053117,-7.544462467121524,True
2024-10-18,ETHUSDT,2605.79,2675.58,2596.49,2642.17,292444.1153,288,288,0.0005041930178169,0.0138608194364106,True,0.0224542427575941,2.2454242757594103,-7.592551391348982,-7.544462467121524,-7.391712454806758,-7.483330271549454,-7.592551391348982,True
2024-10-19,ETHUSDT,2642.17,2663.49,2631.02,2648.2,105413.7646,288,288,0.0001278777367546,0.0022796147004145,True,0.011308303884962,1.130830388496206,-8.964435932125996,-7.592551391348982,-7.268554357626942,-7.498828653429245,-8.964435932125996,True
2024-10-20,ETHUSDT,2648.2,2759.0,2635.54,2746.91,256910.7448,288,288,0.0004139507688508,0.0365964796387,True,0.0203457801239193,2.03457801239193,-7.78976350702933,-8.964435932125996,-7.629277356291892,-7.570632895807202,-7.78976350702933,True
2024-10-21,ETHUSDT,2746.91,2769.48,2655.01,2666.7,310674.7232,288,288,0.0005174766485293,-0.029634890628618,True,0.0227481130762382,2.2748113076238203,-7.56654615745773,-7.78976350702933,-7.863881807461349,-7.542522159484196,-7.56654615745773,True
2024-10-22,ETHUSDT,2666.71,2671.92,2606.56,2622.81,265747.713,288,288,0.0005523447093068,-0.0165954908143107,True,0.0235020150052466,2.350201500524663,-7.501338233207661,-7.56654615745773,-7.891551891016713,-7.507179921523781,-7.501338233207661,True
2024-10-23,ETHUSDT,2622.81,2628.2,2450.0,2524.61,352647.7086,288,288,0.0007116597094669,-0.0381596667669831,True,0.0266769509027346,2.667695090273468,-7.247910696942174,-7.501338233207661,-7.88292704423394,-7.518822395446767,-7.247910696942174,True
2024-10-24,ETHUSDT,2524.6,2562.65,2507.31,2535.82,290851.7842,288,288,0.0005033871467966,0.0044304607856379,True,0.02243629084311,2.243629084311008,-7.594151008372895,-7.247910696942174,-7.8139989053525785,-7.546093479580267,-7.594151008372895,True
2024-10-25,ETHUSDT,2535.82,2566.33,2382.59,2440.62,514799.8822,288,288,0.0015750462428997,-0.038264950749701,True,0.0396868522674669,3.968685226746694,-6.453470646564316,-7.594151008372895,-7.539941920601959,-7.592688961419182,-6.453470646564316,True
2024-10-26,ETHUSDT,2440.63,2508.0,2430.12,2482.51,248724.8313,288,288,0.0003193866357292,0.0170180397382145,True,0.0178713915442886,1.7871391544288695,-8.04910816485838,-6.453470646564316,-7.272683348508956,-7.574213614854384,-8.04910816485838,True
2024-10-27,ETHUSDT,2482.51,2527.99,2464.13,2507.8,137580.8836,288,288,0.0002572631611615,0.0101357296478401,True,0.0160394252129426,1.603942521294261,-8.265411023581144,-8.04910816485838,-7.369195749989086,-7.601945139991532,-8.265411023581144,True
2024-10-28,ETHUSDT,2507.8,2589.67,2471.67,2567.48,360605.327,288,288,0.0008329771364263,0.0235189983372588,True,0.0288613432886685,2.8861343288668593,-7.090504363441461,-8.265411023581144,-7.5220103080637815,-7.595068610055711,-7.090504363441461,True
2024-10-29,ETHUSDT,2567.49,2681.86,2561.2,2638.8,451915.7025,288,288,0.0007548677146519,0.0273993952550173,True,0.0274748560442445,2.7474856044244564,-7.188968036448322,-7.090504363441461,-7.490529041363639,-7.54145130697383,-7.188968036448322,True
2024-10-30,ETHUSDT,2638.8,2722.3,2599.66,2659.19,460627.126,288,288,0.0009161016410112,0.0076972967758604,True,0.0302671710110349,3.0267171011034923,-6.995383237643329,-7.188968036448322,-7.4094924469787244,-7.552963359390817,-6.995383237643329,True
2024-10-31,ETHUSDT,2659.19,2669.0,2503.0,2518.61,403427.2017,288,288,0.0008334031523569,-0.0543144031009331,True,0.0288687227351156,2.8868722735115675,-7.089993056457397,-6.995383237643329,-7.517874965194527,-7.538442247330855,-7.089993056457397,True
2024-11-01,ETHUSDT,2518.61,2586.8,2467.67,2511.49,430249.1073,288,288,0.0011091283301281,-0.002830959525723,True,0.0333035783381921,3.330357833819217,-6.804180860331052,-7.089993056457397,-7.326051943514331,-7.5308941520478125,-6.804180860331052,True
2024-11-02,ETHUSDT,2511.49,2523.45,2470.0,2494.23,145961.13,288,288,0.0002801596950255,-0.0068961381788682,True,0.01673797165207,1.6737971652070094,-8.180150777999927,-6.804180860331052,-7.033805910864312,-7.512847945506399,-8.180150777999927,True
2024-11-03,ETHUSDT,2494.23,2496.39,2411.0,2457.73,276009.1197,288,288,0.0005626592331304,-0.014741904629285,True,0.0237204391428664,2.372043914286644,-7.482836382824888,-8.180150777999927,-7.251735193776005,-7.533474617532383,-7.482836382824888,True
2024-11-04,ETHUSDT,2457.73,2491.39,2357.59,2398.21,306316.9645,288,288,0.0006945701363125,-0.0245155339591134,True,0.0263546985623547,2.6354698562354755,-7.2722174126578984,-7.482836382824888,-7.310508863051318,-7.491602988666762,-7.2722174126578984,True
2024-11-05,ETHUSDT,2398.21,2480.0,2380.74,2422.55,331619.2545,288,288,0.0007800796548091,0.0100980786561527,True,0.0279299061009721,2.792990610097216,-7.156114521944559,-7.2722174126578984,-7.365875698054232,-7.4490518766399365,-7.156114521944559,True
2024-11-06,ETHUSDT,2422.6,2744.7,2420.3,2721.87,1002141.3618,288,288,0.002426222364176,0.1164984396833739,True,0.0492566986731351,4.925669867313518,-6.021419813890695,-7.156114521944559,-7.379099991151665,-7.448837948600997,-6.021419813890695,True
2024-11-07,ETHUSDT,2721.88,2916.11,2699.49,2895.47,730845.9524,288,288,0.001647975953006,0.0618283026371369,True,0.0405952700816989,4.05952700816989,-6.408207439223888,-6.021419813890695,-7.222547781863594,-7.421777883269571,-6.408207439223888,True
2024-11-08,ETHUSDT,2895.47,2981.69,2886.4,2961.75,568864.435,288,288,0.0010946267587219,0.0226328631275502,True,0.0330851440789051,3.308514407890512,-6.817341833434219,-6.408207439223888,-6.868159114108385,-7.375414778703344,-6.817341833434219,True
2024-11-09,ETHUSDT,2961.75,3157.4,2953.71,3126.21,526719.4212,288,288,0.000912395304037,0.0540410983930581,True,0.0302058819443675,3.020588194436757,-6.9994372143921435,-6.817341833434219,-6.735060204230251,-7.342363840808466,-6.9994372143921435,True
2024-11-10,ETHUSDT,3126.2,3248.52,3069.0,3183.21,865536.7322,288,288,0.0017317142628527,0.0180687133726958,True,0.0416138710390272,4.161387103902726,-6.358643457710065,-6.9994372143921435,-6.680504164577101,-7.315404105492246,-6.358643457710065,True
2024-11-11,ETHUSDT,3183.2,3387.61,3105.0,3371.59,1000093.9664,288,288,0.0021551386350389,0.0574943215674224,True,0.0464234707345214,4.6423470734521475,-6.139900225691034,-6.358643457710065,-6.5210099517302025,-7.196958993018796,-6.139900225691034,True
2024-11-12,ETHUSDT,3371.59,3442.5,3207.67,3243.8,973215.7285,288,288,0.0041093195285329,-0.0386389611144569,True,0.0641039743583263,6.410397435832632,-5.4944978290152084,-6.139900225691034,-6.54470603409027,-7.121965207503418,-5.4944978290152084,True
2024-11-13,ETHUSDT,3243.79,3331.0,3116.69,3187.16,919686.3747,288,288,0.0032772292189082,-0.0176152439428681,True,0.0572470891741076,5.724708917410768,-5.720756963921579,-5.4944978290152084,-6.361964112048534,-7.027781192574211,-5.720756963921579,True
2024-11-14,ETHUSDT,3187.16,3240.4,3028.56,3058.82,605780.6662,288,288,0.0020608723069493,-0.0411010174501914,True,0.0453968314637633,4.539683146376337,-6.184625935834898,-5.720756963921579,-6.142647138146006,-6.946845680333936,-6.184625935834898,True
2024-11-15,ETHUSDT,3058.81,3131.06,3014.5,3090.01,519623.6317,288,288,0.0016164705842077,0.01014510647198,True,0.0402053551682831,4.020535516828316,-6.427510158175802,-6.184625935834898,-5.979684882434556,-6.89851455482906,-6.427510158175802,True
2024-11-16,ETHUSDT,3090.01,3219.97,3072.0,3132.87,423639.1573,288,288,0.0009235504151918,0.013775190182858,True,0.0303899722802086,3.038997228020862,-6.98728516837833,-6.427510158175802,-5.993458222527704,-6.845485425274646,-6.98728516837833,True
2024-11-17,ETHUSDT,3132.88,3162.11,3034.99,3076.0,449818.9575,288,288,0.001258220357589,-0.0183194656898319,True,0.0354714019681914,3.5471401968191483,-6.678056971028385,-6.98728516837833,-6.162935211065163,-6.869749721720737,-6.678056971028385,True
2024-11-18,ETHUSDT,3075.99,3224.94,3050.01,3207.8,640658.4357,288,288,0.001556421879826,0.0419552922777427,True,0.0394515130232806,3.945151302328061,-6.465365758981729,-6.678056971028385,-6.399647039467799,-6.807429212910282,-6.465365758981729,True
2024-11-19,ETHUSDT,3207.81,3221.2,3065.4,3107.44,500112.0194,288,288,0.0008986108214877,-0.0317861078303184,True,0.0299768380835559,2.9976838083555912,-7.0146605187925575,-6.465365758981729,-6.548568798479829,-6.725608973610309,-7.0146605187925575,True
2024-11-20,ETHUSDT,3107.45,3159.2,3029.41,3069.97,503607.8336,288,288,0.0009441129315308,-0.0121314465264322,True,0.0307264207406402,3.072642074064027,-6.965264768115076,-7.0146605187925575,-6.71457571507136,-6.722161526126269,-6.965264768115076,True
2024-11-21,ETHUSDT,3069.97,3386.73,3032.59,3355.81,974923.3035,288,288,0.0023206884940335,0.0890253824200008,True,0.0481735248246748,4.817352482467488,-6.065891372660231,-6.965264768115076,-6.822126637059216,-6.7119931957474845,-6.065891372660231,True
2024-11-22,ETHUSDT,3355.88,3425.92,3257.54,3327.78,603273.7093,288,288,0.0012728563504473,-0.0083877569797434,True,0.0356771124174491,3.567711241744915,-6.666491809099135,-6.065891372660231,-6.637847877915595,-6.66974356552098,-6.666491809099135,True
2024-11-23,ETHUSDT,3327.78,3497.51,3312.72,3393.91,721024.0009,288,288,0.0013709086399086,0.0196772340721754,True,0.0370257834476006,3.7025783447600658,-6.59228151817989,-6.666491809099135,-6.635534845529746,-6.650493508822877,-6.59228151817989,True
2024-11-24,ETHUSDT,3393.91,3450.0,3281.4,3361.2,479098.0921,288,288,0.0008947446957098,-0.0096845960048985,True,0.0299122833583437,2.9912283358343754,-7.018972136572872,-6.59228151817989,-6.660917997369377,-6.6408617205432785,-7.018972136572872,True
2024-11-25,ETHUSDT,3361.21,3546.66,3300.01,3414.49,949330.37,288,288,0.0027453642226387,0.015730087656309,True,0.0523962233623644,5.2396223362364465,-5.897841526979753,-7.018972136572872,-6.66178032092544,-6.588080873205686,-5.897841526979753,True
2024-11-26,ETHUSDT,3414.49,3462.49,3252.0,3324.73,672367.1503,288,288,0.0015719811850135,-0.0266396729250769,True,0.0396482179298589,3.964821792985898,-6.455418553867678,-5.897841526979753,-6.448295672698376,-6.516035652485453,-6.455418553867678,True
2024-11-27,ETHUSDT,3324.74,3684.92,3302.4,3653.28,754573.6485,288,288,0.0014098153839679,0.094236926401898,True,0.0375475083589832,3.754750835898329,-6.564296516520679,-6.455418553867678,-6.5262011089398655,-6.478908431631351,-6.564296516520679,True
2024-11-28,ETHUSDT,3653.27,3661.92,3529.76,3578.79,560976.425,288,288,0.0009073899982023,-0.0206006397503568,True,0.0301229148357575,3.012291483575758,-7.00493821327444,-6.564296516520679,-6.505762050424174,-6.452007613202993,-7.00493821327444,True
2024-11-29,ETHUSDT,3578.8,3647.98,3534.28,3592.21,425493.2449,288,288,0.0005912571568634,0.0037428575280176,True,0.0243157799970185,2.431577999701851,-7.4332595135998485,-7.00493821327444,-6.588293389443083,-6.496712994993164,-7.4332595135998485,True
2024-11-30,ETHUSDT,3592.22,3738.98,3568.4,3703.6,503684.7485,288,288,0.0008433270915805,0.03053770760904,True,0.0290400945518521,2.9040094551852156,-7.078155666226152,-7.4332595135998485,-6.67115086484848,-6.543306271101161,-7.078155666226152,True
2024-12-01,ETHUSDT,3703.59,3746.8,3659.2,3707.61,429089.2633,288,288,0.000606271359237,0.0010821445867325,True,0.0246225782410595,2.462257824105953,-7.40818288460207,-7.078155666226152,-6.907213692697759,-6.555161445318976,-7.40818288460207,True
2024-12-02,ETHUSDT,3707.61,3760.0,3554.32,3643.42,737130.569,288,288,0.00123428630904,-0.0174646632009116,True,0.0351324110906167,3.51324110906167,-6.697262363360491,-7.40818288460207,-7.097766558844638,-6.573740793964882,-6.697262363360491,True
2024-12-03,ETHUSDT,3643.43,3670.0,3500.0,3614.51,678400.2032,288,288,0.0011083134944771,-0.0079665008888013,True,0.0332913426355436,3.329134263554369,-6.804915793422541,-6.697262363360491,-7.1243597282126006,-6.589132562403537,-6.804915793422541,True
2024-12-04,ETHUSDT,3614.51,3887.24,3614.51,3837.8,968744.0399,288,288,0.0015981098766921,0.0599429856647278,True,0.0399763664768586,3.997636647685867,-6.438933675120674,-6.804915793422541,-7.084355244242221,-6.61936054275497,-6.438933675120674,True
2024-12-05,ETHUSDT,3837.8,3956.0,3677.0,3785.2,946493.276,288,288,0.0023878886521576,-0.0138005601015637,True,0.0488660275872471,4.886602758724717,-6.037345712613611,-6.438933675120674,-6.885490076546385,-6.662289444850674,-6.037345712613611,True
2024-12-06,ETHUSDT,3785.21,4087.73,3777.26,3998.87,803855.1146,288,288,0.0010222413566295,0.0549130955573083,True,0.0319725093889977,3.197250938899775,-6.885757653996648,-6.037345712613611,-6.677328085823876,-6.676679842518493,-6.885757653996648,True
2024-12-07,ETHUSDT,3998.87,4024.46,3968.0,3996.22,283920.02,288,288,0.0003003812365915,-0.0006629068833599,True,0.0173315099339758,1.7331509933975888,-8.110458101438205,-6.885757653996648,-6.572843039702792,-6.7085494660713,-8.110458101438205,True
2024-12-08,ETHUSDT,3996.22,4015.58,3923.5,4004.15,251362.1685,288,288,0.0003261939940087,0.0019824089628455,True,0.0180608414535076,1.8060841453507632,-8.02801827993736,-8.110458101438205,-6.855482187318335,-6.785047099855955,-8.02801827993736,True
2024-12-09,ETHUSDT,4004.15,4006.17,3509.0,3712.0,939642.2001,288,288,0.0052188257894882,-0.0757605083647782,True,0.0722414409427739,7.224144094277392,-5.255482846933899,-8.02801827993736,-7.1001026846213,-6.8323531503813655,-5.255482846933899,True
2024-12-10,ETHUSDT,3712.0,3780.76,3515.89,3628.25,942206.0337,288,288,0.0027385515594364,-0.0228203765556179,True,0.0523311719669687,5.233117196696878,-5.90032612629809,-5.255482846933899,-6.863412518983945,-6.767690690195252,-5.90032612629809,True
2024-12-11,ETHUSDT,3628.24,3848.64,3562.34,3831.81,461818.7801,288,288,0.000956957105997,0.0545868380475636,True,0.0309347233056487,3.0934723305648744,-6.951751988835574,-5.90032612629809,-6.83600860172084,-6.742007070527814,-6.951751988835574,True
2024-12-12,ETHUSDT,3831.82,3987.41,3796.8,3881.61,572098.6343,288,288,0.0013446738848316,0.0129127396055913,True,0.0366697952657451,3.66697952657451,-6.611603760136898,-6.951751988835574,-6.8492074686886255,-6.739147591893405,-6.611603760136898,True
2024-12-13,ETHUSDT,3881.6,3968.47,3852.94,3906.8,387765.6873,288,288,0.0007023480652498,0.0064686085696944,True,0.0265018502231427,2.650185022314278,-7.261081457372149,-6.611603760136898,-6.549436600428365,-6.723072091530761,-7.261081457372149,True
2024-12-14,ETHUSDT,3906.8,3945.0,3825.03,3870.29,265538.9479,288,288,0.0004074435169151,-0.0093891849564943,True,0.0201852301675046,2.018523016750466,-7.805608243687744,-7.261081457372149,-6.3960492359153225,-6.777398913563121,-7.805608243687744,True
2024-12-15,ETHUSDT,3870.3,3974.61,3831.5,3959.09,253833.2141,288,288,0.0004714501357497,0.0226847612442999,True,0.0217129025178518,2.1712902517851833,-7.659697218111808,-7.805608243687744,-6.906074315266091,-6.829176933317148,-7.659697218111808,True
2024-12-16,ETHUSDT,3959.09,4107.8,3884.0,3986.24,673351.0723,288,288,0.0010444985146396,0.0068342298365988,True,0.0323187022425035,3.231870224250356,-6.864218399046597,-7.659697218111808,-7.257948533628834,-6.8776958287686,-6.864218399046597,True
2024-12-17,ETHUSDT,3986.24,4041.82,3847.96,3893.01,450825.9861,288,288,0.0010234912802341,-0.023665793377495,True,0.0319920502661861,3.1992050266186136,-6.884535672455548,-6.864218399046597,-7.240441815671039,-6.8706615679719505,-6.884535672455548,True
2024-12-18,ETHUSDT,3893.01,3907.19,3617.42,3626.8,722505.0618,288,288,0.0021695752916975,-0.0708319205483316,True,0.0465786999786124,4.657869997861245,-6.133223848696809,-6.884535672455548,-7.295028198134768,-6.915511301857214,-6.133223848696809,True
2024-12-19,ETHUSDT,3626.8,3720.0,3326.8,3417.01,1078153.4851,288,288,0.0036421671536685,-0.0595848171171411,True,0.060350369954695,6.035036995469506,-5.6151764026100635,-6.133223848696809,-7.069456676399701,-6.900866087985812,-5.6151764026100635,True
2024-12-20,ETHUSDT,3417.01,3497.84,3101.9,3472.21,1332783.731,288,288,0.0054536808159463,0.0160253791673706,True,0.0738490407246185,7.384904072461852,-5.211464519200078,-5.6151764026100635,-6.631370308184165,-6.857724264626237,-5.211464519200078,True
2024-12-21,ETHUSDT,3472.2,3555.18,3293.11,3338.92,475275.82,288,288,0.0017467926264487,-0.0391438774347496,True,0.0417946482991391,4.17946482991391,-6.349973957538386,-5.211464519200078,-6.141723768401819,-6.776202733077403,-6.349973957538386,True
2024-12-22,ETHUSDT,3338.92,3403.0,3221.1,3281.83,361920.2495,288,288,0.001554070257216,-0.017246207763233,True,0.0394216977972287,3.9421697797228794,-6.466877817494941,-6.349973957538386,-6.038874880100177,-6.726962480529154,-6.466877817494941,True
2024-12-23,ETHUSDT,3281.83,3466.99,3216.97,3422.53,488253.41,288,288,0.0021235053539126,0.0419788500223148,True,0.0460815077217823,4.608150772178233,-6.154687086946126,-6.466877817494941,-5.955343309108055,-6.699177123768644,-6.154687086946126,True
2024-12-24,ETHUSDT,3422.53,3539.65,3358.19,3493.18,315723.6763,288,288,0.0008787602603639,0.0204324524673555,True,0.0296438907764135,2.9643890776413535,-7.036998438817778,-6.154687086946126,-5.959635956757919,-6.64220004205701,-7.036998438817778,True
2024-12-25,ETHUSDT,3493.17,3547.95,3440.93,3497.0,219846.0452,288,288,0.0006104600848124,0.0010929619495564,True,0.0247074904596238,2.470749045962386,-7.4012976476936245,-7.036998438817778,-6.2440003639994615,-6.6576425909414345,-7.4012976476936245,True
2024-12-26,ETHUSDT,3497.0,3514.94,3304.63,3335.05,310170.1719,288,288,0.0008670454080461,-0.0474177863222892,True,0.0294456347876247,2.944563478762472,-7.050419208799595,-7.4012976476936245,-6.681966989698171,-6.684750857044663,-7.050419208799595,True
2024-12-27,ETHUSDT,3335.04,3444.16,3306.6,3333.51,342529.6038,288,288,0.0012006646415168,-0.0004618688374641,True,0.0346506080973609,3.4650608097360966,-6.724880007585745,-7.050419208799595,-6.8220560399504135,-6.71254565403007,-6.724880007585745,True
2024-12-28,ETHUSDT,3333.51,3428.68,3322.23,3404.0,175963.613,288,288,0.0003277168842841,0.0209254077896423,True,0.018102952363749,1.810295236374902,-8.02336047998564,-6.724880007585745,-6.873656477968574,-6.7437972128924395,-8.02336047998564,True
2024-12-29,ETHUSDT,3404.01,3413.78,3326.17,3356.48,156256.8819,288,288,0.000382455096716,-0.0140584049200274,True,0.019556459207026,1.955645920702609,-7.868899305795459,-8.02336047998564,-7.247391156576478,-6.795506432255575,-7.868899305795459,True
2024-12-30,ETHUSDT,3356.48,3437.59,3305.0,3361.84,420794.6476,288,288,0.0008742155139145,0.0015956373430382,True,0.0295671357069735,2.956713570697353,-7.042183629279234,-7.868899305795459,-7.413771329972013,-6.784526486999087,-7.042183629279234,True
2024-12-31,ETHUSDT,3361.83,3451.0,3315.59,3337.78,303053.16849999997,288,288,0.0007100948646635,-0.007182527795686,True,0.0266476052331818,2.6647605233181846,-7.250111984652116,-7.042183629279234,-7.341948526289135,-6.739715821060082,-7.250111984652116,True
2025-01-01,ETHUSDT,3337.78,3374.85,3313.88,3360.38,190238.5861,288,288,0.0002897502808612,0.0067481474799691,True,0.0170220527804754,1.7022052780475436,-8.146491106422364,-7.250111984652116,-7.38188708145964,-6.830380781865455,-8.146491106422364,True
2025-01-02,ETHUSDT,3360.39,3509.99,3354.5,3455.67,338632.8874,288,288,0.000730522534615,0.0279622974531858,True,0.0270281803792831,2.7028180379283193,-7.221750479042608,-8.146491106422364,-7.666209301226962,-6.932479190052922,-7.221750479042608,True
2025-01-03,ETHUSDT,3455.68,3630.0,3423.44,3609.01,334041.0604,288,288,0.0004074460845698,0.0434171362358548,True,0.0201852937697177,2.018529376971776,-7.805601941840978,-7.221750479042608,-7.505887301038356,-6.944751848698695,-7.805601941840978,True
2025-01-04,ETHUSDT,3609.0,3671.6,3572.42,3656.88,229266.3133,288,288,0.0003621914126574,0.0131768283396067,True,0.019031327138626,1.9031327138626075,-7.923337721638096,-7.805601941840978,-7.49322782824746,-6.999024493321608,-7.923337721638096,True
2025-01-05,ETHUSDT,3656.88,3675.25,3593.7,3635.99,155444.1741,288,288,0.0003035716293962,-0.0057288988106469,True,0.0174233070740383,1.742330707403838,-8.099892964120865,-7.923337721638096,-7.6694586467192325,-7.029127050788244,-8.099892964120865,True
2025-01-06,ETHUSDT,3636.0,3744.83,3610.63,3687.45,329642.3648,288,288,0.0007680262879022,0.0140537362155541,True,0.0277132872085266,2.771328720852661,-7.171686596363079,-8.099892964120865,-7.839414842612982,-7.042503628989748,-7.171686596363079,True
2025-01-07,ETHUSDT,3687.44,3700.86,3356.31,3381.31,541543.2874,288,288,0.0010867687494279,-0.0866719538799395,True,0.0329661758386973,3.2966175838697307,-6.8245464354925085,-7.171686596363079,-7.6444539406011245,-7.02032132800117,-6.8245464354925085,True
2025-01-08,ETHUSDT,3381.31,3415.1,3208.2,3327.29,584749.9627,288,288,0.001653605854696,-0.0161050495197314,True,0.0406645528033455,4.066455280334559,-6.40479700902727,-6.8245464354925085,-7.565013131891105,-7.018518056930531,-6.40479700902727,True
2025-01-09,ETHUSDT,3327.29,3357.27,3158.0,3219.2,501818.4247,288,288,0.0014128640053263,-0.0330252773690773,True,0.0375880832888077,3.758808328880776,-6.562136425257487,-6.40479700902727,-7.2848521453283634,-6.996711754047425,-6.562136425257487,True
2025-01-10,ETHUSDT,3219.2,3322.49,3193.97,3267.04,454142.1333,288,288,0.001405377436123,0.0147514947093607,True,0.0374883640096901,3.748836400969012,-6.5674493744631395,-6.562136425257487,-7.012611886052243,-7.016207780254731,-6.5674493744631395,True
2025-01-11,ETHUSDT,3267.05,3320.18,3217.56,3282.83,151679.7487,288,288,0.0002650695161078,0.0048214790793454,True,0.0162809556263695,1.6280955626369542,-8.235518441444126,-6.5674493744631395,-6.706123168120696,-7.059492915338961,-8.235518441444126,True
2025-01-12,ETHUSDT,3282.83,3300.0,3224.49,3267.3,164879.9709,288,288,0.0003202630708063,-0.0047418995043212,True,0.0178958953619642,1.7895895361964282,-8.046367803636864,-8.235518441444126,-6.918889537136906,-7.196949911804598,-8.046367803636864,True
2025-01-13,ETHUSDT,3267.3,3339.0,2920.0,3137.51,845907.5669,288,288,0.0031487018184027,-0.0405344640637947,True,0.0561132944889422,5.611329448894224,-5.760765032231853,-8.046367803636864,-7.163253810765776,-7.274058722990893,-5.760765032231853,True
2025-01-14,ETHUSDT,3137.51,3256.67,3125.65,3225.63,374308.4517,288,288,0.0009921928029263,0.0276987883030265,True,0.0314990920968574,3.149909209685743,-6.915593111775821,-5.760765032231853,-7.034447415406693,-7.241962687297117,-6.915593111775821,True
2025-01-15,ETHUSDT,3225.63,3473.75,3186.36,3451.52,464188.034,288,288,0.0011543569685785,0.0676864337198248,True,0.0339758291816191,3.397582918161911,-6.764211827205531,-6.915593111775821,-7.10513875271036,-7.276549324789375,-6.764211827205531,True
2025-01-16,ETHUSDT,3451.51,3460.79,3265.44,3308.05,471282.6787,288,288,0.0012530416245606,-0.0424558218064203,True,0.0353983279910313,3.5398327991031384,-6.682181383699305,-6.764211827205531,-7.144491243258838,-7.264149933352454,-6.682181383699305,True
2025-01-17,ETHUSDT,3308.04,3525.72,3307.5,3473.63,518550.1813,288,288,0.0009654583422149,0.0488412647573506,True,0.0310718255372129,3.1071825537212914,-6.942907603360144,-6.682181383699305,-6.833823831709874,-7.231462830443622,-6.942907603360144,True
2025-01-18,ETHUSDT,3473.64,3494.39,3227.0,3307.71,634197.1281,288,288,0.0018135280067062,-0.0489440496226713,True,0.0425855375298495,4.25855375298496,-6.3124811559052585,-6.942907603360144,-6.613131791654531,-7.226575939287283,-6.3124811559052585,True
2025-01-19,ETHUSDT,3307.71,3448.99,3130.48,3215.12,1342301.5217,288,288,0.0067162321907979,-0.0283914250230282,True,0.0819526216224834,8.195262162248344,-5.003227967583363,-6.3124811559052585,-6.723475016389211,-7.20783053693817,-5.003227967583363,True
2025-01-20,ETHUSDT,3215.2,3453.69,3142.78,3284.0,1158354.7814,288,288,0.0049311252544016,0.0211975095582812,True,0.0702219713081432,7.022197130814321,-5.3121880706428435,-5.003227967583363,-6.341001987550721,-7.070551786374431,-5.3121880706428435,True
2025-01-21,ETHUSDT,3283.99,3368.0,3204.6,3327.54,548706.0513,288,288,0.0017425360513018,0.0131711006615104,True,0.0417436947490495,4.174369474904958,-6.352413726130821,-5.3121880706428435,-6.050597236238183,-6.954337639322038,-6.352413726130821,True
2025-01-22,ETHUSDT,3327.55,3365.99,3222.85,3242.6,349240.7498,288,288,0.0006068433209126,-0.0258578151178595,True,0.0246341900803054,2.4634190080305416,-7.40723992063116,-6.352413726130821,-5.984643704724485,-6.922984461906202,-7.40723992063116,True
2025-01-23,ETHUSDT,3242.61,3347.97,3185.0,3338.21,605592.7225,288,288,0.0015758490717945,0.0290592580502471,True,0.039696965523759,3.9696965523759062,-6.452961058760221,-7.40723992063116,-6.077510168178689,-6.93012664081434,-6.452961058760221,True
2025-01-24,ETHUSDT,3338.22,3428.0,3275.9,3310.09,451524.2752,288,288,0.0010091790893062,-0.0084593558324316,True,0.0317675792169661,3.176757921696618,-6.898618061481199,-6.452961058760221,-6.105606148749682,-6.853148002284243,-6.898618061481199,True
2025-01-25,ETHUSDT,3310.1,3350.68,3268.66,3318.77,208559.0415,288,288,0.0003540928455127,0.0026188530036563,True,0.0188173549021315,1.8817354902131591,-7.945951403759091,-6.898618061481199,-6.48468416752925,-6.83846016512236,-7.945951403759091,True
2025-01-26,ETHUSDT,3318.76,3362.0,3230.0,3232.61,272165.469,288,288,0.0003431390378783,-0.0263043718813954,True,0.0185240124670215,1.8524012467021571,-7.97737483468802,-7.945951403759091,-7.011436834152498,-6.844839686118639,-7.97737483468802,True
2025-01-27,ETHUSDT,3232.61,3253.91,3020.01,3182.44,753004.7529,288,288,0.0025986593371149,-0.0156416623051103,True,0.0509770471596282,5.09770471596282,-5.952759606513695,-7.97737483468802,-7.336429055863938,-6.847295918529998,-5.952759606513695,True
2025-01-28,ETHUSDT,3182.44,3223.01,3040.03,3077.72,350959.7173,288,288,0.0010138106458358,-0.0334591350511061,True,0.0318403933052951,3.184039330529518,-6.894039131058098,-5.952759606513695,-7.045532993040444,-6.749698947729673,-6.894039131058098,True
2025-01-29,ETHUSDT,3077.72,3182.52,3054.06,3113.9,409737.2576,288,288,0.0014260073002352,0.0116868967405879,True,0.0377625118369434,3.77625118369434,-6.5528768376236135,-6.894039131058098,-7.13374860750002,-6.737078608397628,-6.5528768376236135,True
2025-01-30,ETHUSDT,3113.9,3283.43,3091.06,3247.39,350639.4823,288,288,0.0008397932992894,0.0419756369212699,True,0.0289791873469472,2.897918734694724,-7.082354768682189,-6.5528768376236135,-7.064600362728504,-6.724729990312678,-7.082354768682189,True
2025-01-31,ETHUSDT,3247.38,3437.31,3213.8,3300.99,648681.6561,288,288,0.0012394483773098,0.0163708267018821,True,0.0352058003361638,3.5205800336163877,-6.693088855351651,-7.082354768682189,-6.891881035713124,-6.755528070296993,-6.693088855351651,True
2025-02-01,ETHUSDT,3300.99,3331.98,3101.7,3117.54,354065.2525,288,288,0.0007908708196463,-0.0571781941977857,True,0.0281224255647758,2.812242556477588,-7.142375916243707,-6.693088855351651,-6.635023839845848,-6.761480453483091,-7.142375916243707,True
2025-02-02,ETHUSDT,3117.54,3163.2,2750.71,2869.68,1050805.93,288,288,0.002450679376501,-0.0828437039863486,True,0.0495043369463832,4.950433694638328,-6.011389996334058,-7.142375916243707,-6.872947101791851,-6.78761347810948,-6.011389996334058,True
2025-02-03,ETHUSDT,2869.68,2921.0,2125.01,2879.9,2807979.021,288,288,0.0172524162671139,0.003555046025505,True,0.1313484536152366,13.13484536152366,-4.05980307185826,-6.011389996334058,-6.696417274847043,-6.6865167306044775,-4.05980307185826,True
2025-02-04,ETHUSDT,2879.89,2888.5,2632.6,2731.19,1259594.3919,288,288,0.0047788314173267,-0.0530181596657252,True,0.0691290924092507,6.912909240925076,-5.343559235729871,-4.05980307185826,-6.197802521693974,-6.505309242796359,-5.343559235729871,True
2025-02-05,ETHUSDT,2731.19,2826.95,2699.13,2788.25,686593.0429,288,288,0.0023694137391508,0.0206767472354322,True,0.0486766241552439,4.867662415524391,-6.045112721882391,-5.343559235729871,-5.850043415103509,-6.48634534295536,-6.045112721882391,True
2025-02-06,ETHUSDT,2788.25,2857.64,2655.28,2686.64,719459.9571,288,288,0.0017114166558522,-0.0371228166496546,True,0.0413692718796484,4.136927187964841,-6.370433797731196,-6.045112721882391,-5.720448188409657,-6.446778052505659,-6.370433797731196,True
2025-02-07,ETHUSDT,2686.63,2797.5,2562.51,2622.1,695467.3612,288,288,0.0016999899027336,-0.0243158188032912,True,0.0412309338086542,4.123093380865427,-6.377132967506077,-6.370433797731196,-5.5660597647071555,-6.428879051165916,-6.377132967506077,True
2025-02-08,ETHUSDT,2622.11,2667.3,2588.8,2632.46,379685.1509,288,288,0.0007238190431148,0.0039432467891271,True,0.026903885279172,2.6903885279172024,-7.2309691372680485,-6.377132967506077,-5.639208358941559,-6.4150132140662235,-7.2309691372680485,True
2025-02-09,ETHUSDT,2632.46,2698.9,2520.02,2627.18,387166.7911,288,288,0.0013477570083548,-0.0020077426491757,True,0.0367118102026426,3.671181020264268,-6.609313543605356,-7.2309691372680485,-6.273441572023517,-6.428106920152947,-6.609313543605356,True
2025-02-10,ETHUSDT,2627.18,2693.79,2559.85,2661.19,398173.2716,288,288,0.0011355922540428,0.0128623635957262,True,0.0336985497320407,3.3698549732040735,-6.780600954414787,-6.609313543605356,-6.526592433598614,-6.441599301412041,-6.780600954414787,True
2025-02-11,ETHUSDT,2661.19,2725.04,2558.24,2602.59,484196.1435,288,288,0.0009981217619165,-0.0222662881336398,True,0.0315930650921448,3.159306509214485,-6.909635283166572,-6.780600954414787,-6.673690080105092,-6.522388982631653,-6.909635283166572,True
2025-02-12,ETHUSDT,2602.59,2795.45,2546.92,2738.27,646295.8959,288,288,0.0023469535393467,0.0508192310884348,True,0.0484453665415668,4.844536654156688,-6.054637158071141,-6.909635283166572,-6.781530377192167,-6.5950002195645485,-6.054637158071141,True
2025-02-13,ETHUSDT,2738.27,2757.28,2612.76,2675.87,443769.2853,288,288,0.0009535560821141,-0.0230517730142081,True,0.0308797034006828,3.087970340068284,-6.955312317543758,-6.054637158071141,-6.717031215305181,-6.581464921016382,-6.955312317543758,True
2025-02-14,ETHUSDT,2675.87,2791.78,2664.46,2725.95,419895.7862,288,288,0.0009659765056621,0.0185424300974101,True,0.0310801625745777,3.1080162574577717,-6.942371045308289,-6.955312317543758,-6.661899851360323,-6.560922757239681,-6.942371045308289,True
2025-02-15,ETHUSDT,2725.95,2739.0,2662.28,2693.04,202971.4295,288,288,0.0003636741159664,-0.0121463241706585,True,0.0190702416336662,1.907024163366624,-7.919252377141827,-6.942371045308289,-6.728511351700909,-6.583168665719139,-7.919252377141827,True
2025-02-16,ETHUSDT,2693.04,2727.31,2651.26,2661.41,191231.5314,288,288,0.0003646406261666,-0.0118146095012331,True,0.0190955656152594,1.9095565615259404,-7.916598275249748,-7.919252377141827,-6.956241636246316,-6.629561134612805,-7.916598275249748,True
2025-02-17,ETHUSDT,2661.41,2849.7,2637.71,2744.05,639739.8197,288,288,0.001305014710688,0.03057887373062,True,0.0361249873451609,3.612498734516096,-6.641540965713161,-7.916598275249748,-7.157634234662953,-6.628226901498743,-6.641540965713161,True
2025-02-18,ETHUSDT,2744.05,2756.93,2605.44,2671.99,604863.8737,288,288,0.0010773134334828,-0.0266114181195462,True,0.0328224531911136,3.2822453191113614,-6.8332848985579115,-6.641540965713161,-7.275014996191357,-6.567507180181704,-6.8332848985579115,True
2025-02-19,ETHUSDT,2672.0,2736.7,2656.03,2715.5,326154.0202,288,288,0.0007454910672264,0.0161525853403389,True,0.0273036823015951,2.730368230159516,-7.201467406089619,-6.8332848985579115,-7.250609512394187,-6.607531057092805,-7.201467406089619,True
2025-02-20,ETHUSDT,2715.51,2770.59,2707.18,2738.04,336735.2544,288,288,0.000515508396893,0.0082662374705787,True,0.0227048099946484,2.2704809994648456,-7.570356965807719,-7.201467406089619,-7.302428784550453,-6.621505069594238,-7.570356965807719,True
2025-02-21,ETHUSDT,2738.04,2845.32,2616.72,2663.0,890440.0604,288,288,0.0026998068372428,-0.0277890291315461,True,0.0519596654843243,5.195966548432435,-5.9145750502930134,-7.570356965807719,-7.2326497022836325,-6.667754166329879,-5.9145750502930134,True
2025-02-22,ETHUSDT,2663.0,2798.07,2653.33,2763.22,444989.6669,288,288,0.0005688177263758,0.0369433595372313,True,0.0238498999238128,2.3849899923812896,-7.47195051544643,-5.9145750502930134,-6.832245057292285,-6.614673270039462,-7.47195051544643,True
2025-02-23,ETHUSDT,2763.23,2857.34,2745.41,2819.69,611002.1222,288,288,0.0007389050888221,0.0202302834603361,True,0.0271828087000245,2.718280870002451,-7.210341077169297,-7.47195051544643,-6.998326967238938,-6.650076072771043,-7.210341077169297,True
2025-02-24,ETHUSDT,2819.7,2839.95,2470.33,2513.52,876876.3707,288,288,0.0023110131229957,-0.1149427886785006,True,0.0480729978573812,4.807299785738124,-6.070069269213718,-7.210341077169297,-7.073738202961216,-6.65316539826766,-6.070069269213718,True
2025-02-25,ETHUSDT,2513.52,2533.49,2313.49,2495.7,1322016.8718,288,288,0.0042364633103333,-0.0071149101750483,True,0.065088119579024,6.508811957902402,-5.464026482735427,-6.070069269213718,-6.847458575586036,-6.655832637944008,-5.464026482735427,True
2025-02-26,ETHUSDT,2495.69,2507.5,2253.77,2336.37,863087.2133000001,288,288,0.0037811336125056,-0.065970808141312,True,0.061490923009056,6.1490923009056,-5.57773141682265,-5.464026482735427,-6.426192478971577,-6.7196609748020615,-5.57773141682265,True
2025-02-27,ETHUSDT,2336.38,2381.6,2230.57,2307.72,637583.9106,288,288,0.0018517676300724,-0.0123384187058839,True,0.0430321697114199,4.303216971141991,-6.29161462035346,-5.57773141682265,-6.358823752277504,-6.730305164851734,-6.29161462035346,True
2025-02-28,ETHUSDT,2307.72,2314.18,2076.26,2237.59,1291539.0557,288,288,0.005802403988937,-0.0308606303070003,True,0.076173512384142,7.617351238414208,-5.149482966452017,-6.29161462035346,-6.12275657325891,-6.741509796600417,-5.149482966452017,True
2025-03-01,ETHUSDT,2237.59,2281.14,2142.73,2217.39,446430.7271,288,288,0.0012320946055575,-0.0090685652619106,True,0.0351012051866813,3.5101205186681304,-6.699039626593784,-5.149482966452017,-5.710584951115455,-6.6860120315422735,-6.699039626593784,True
2025-03-02,ETHUSDT,2217.4,2550.58,2172.04,2518.11,1266684.7748,288,288,0.0081479123589346,0.1271777915729194,True,0.0902657873113318,9.026578731133188,-4.809993536819928,-6.699039626593784,-5.836379022591467,-6.700644152409897,-4.809993536819928,True
2025-03-03,ETHUSDT,2518.12,2523.56,2097.91,2149.01,1109565.2003,288,288,0.0039185709154165,-0.1585013491559531,True,0.0625984897215304,6.2598489721530415,-5.542028254042541,-4.809993536819928,-5.705572433408368,-6.590599806934983,-5.542028254042541,True
2025-03-04,ETHUSDT,2149.02,2221.88,1993.2,2171.51,1257822.3372,288,288,0.0059813702683856,0.0104155071171355,True,0.077339319032337,7.733931903233704,-5.119105595398084,-5.542028254042541,-5.698431800852346,-6.542086839227582,-5.119105595398084,True
2025-03-05,ETHUSDT,2171.5,2273.51,2155.03,2241.59,687130.7897,288,288,0.0016224387847383,0.0317626573976296,True,0.0402795082484673,4.02795082484673,-6.423824839072639,-5.119105595398084,-5.463929995861271,-6.466564322908639,-6.423824839072639,True
2025-03-06,ETHUSDT,2241.59,2319.99,2176.9,2202.2,596908.3935,288,288,0.0018017123929364,-0.0177285747940865,True,0.0424465828181312,4.2446582818131295,-6.3190177368979406,-6.423824839072639,-5.718798370385395,-6.444482029995282,-6.3190177368979406,True
2025-03-07,ETHUSDT,2202.21,2258.47,2101.82,2141.6,782387.2606,288,288,0.003658205293012,-0.0279036474733483,True,0.0604830992345136,6.048309923451367,-5.610782608933769,-6.3190177368979406,-5.642793992446227,-6.456499329032862,-5.610782608933769,True
2025-03-08,ETHUSDT,2141.6,2234.93,2105.06,2203.58,328793.0979,288,288,0.000980691747827,0.0285300972938699,True,0.0313159982728812,3.1315998272881207,-6.927252370175686,-5.610782608933769,-5.802951806868994,-6.395384342277862,-6.927252370175686,True
2025-03-09,ETHUSDT,2203.57,2212.0,1989.66,2020.41,601671.5882,288,288,0.0016348622521077,-0.0867828494034174,True,0.0404334298830527,4.04334298830527,-6.416196727657519,-6.927252370175686,-6.079996630095623,-6.394697129771836,-6.416196727657519,True
2025-03-10,ETHUSDT,2020.43,2152.4,1810.01,1865.1,1248745.3514,288,288,0.0057381927381279,-0.0799857901531961,True,0.0757508596527322,7.575085965273229,-5.160610972212271,-6.416196727657519,-6.339414856547511,-6.3263764184316384,-5.160610972212271,True
2025-03-11,ETHUSDT,1865.11,1963.2,1754.28,1923.43,1171427.9995,288,288,0.0045498282539641,0.0307953795929828,True,0.0674524147378292,6.745241473782928,-5.392665793113207,-5.160610972212271,-6.086772083175437,-6.201104268293573,-5.392665793113207,True
2025-03-12,ETHUSDT,1923.42,1960.0,1829.72,1908.2,788739.6763,288,288,0.0025933246339463,-0.0079496612186383,True,0.0509246957177588,5.092469571775881,-5.954814583984994,-5.392665793113207,-5.90150169441849,-6.144337214993573,-5.954814583984994,True
2025-03-13,ETHUSDT,1908.2,1923.09,1821.81,1864.59,569537.2622,288,288,0.0013177436601283,-0.0231191995500861,True,0.0363007391127001,3.6300739112700104,-6.631834353374434,-5.954814583984994,-5.970308089428736,-6.104406746149351,-6.631834353374434,True
2025-03-14,ETHUSDT,1864.59,1945.64,1861.31,1911.65,375805.7355,288,288,0.0006397872161994,0.0249255536938823,True,0.0252940154226139,2.529401542261397,-7.3543749115809565,-6.631834353374434,-5.911224486068486,-6.078514334662296,-7.3543749115809565,True
2025-03-15,ETHUSDT,1911.64,1957.19,1903.75,1937.17,209545.8675,288,288,0.0003387250703725,0.0132614016787791,True,0.0184044850613242,1.8404485061324296,-7.990321781474771,-7.3543749115809565,-6.098860122853172,-6.068696968561081,-7.990321781474771,True
2025-03-16,ETHUSDT,1937.18,1940.87,1860.38,1887.0,324766.6564,288,288,0.0007003189992436,-0.026239878771769,True,0.0264635409430347,2.6463540943034767,-7.263974613521453,-7.990321781474771,-6.664802284705672,-6.163049092705705,-7.263974613521453,True
2025-03-17,ETHUSDT,1887.01,1952.4,1879.98,1926.31,334840.4877,288,288,0.0005892154822978,0.020617989385469,True,0.0242737611897667,2.4273761189766754,-7.43671859690874,-7.263974613521453,-7.0390640487873215,-6.153595642618208,-7.43671859690874,True
2025-03-18,ETHUSDT,1926.3,1936.2,1872.31,1931.54,332896.0155,288,288,0.0005772552000454,0.0027113564311766,True,0.0240261357701457,2.4026135770145793,-7.457226101462925,-7.43671859690874,-7.335444851372071,-6.16388552987909,-7.457226101462925,True
2025-03-19,ETHUSDT,1931.54,2069.9,1927.58,2056.06,691809.5034,288,288,0.0015477381338922,0.0624739178434242,True,0.0393413031544745,3.9341303154474554,-6.470960682276797,-7.457226101462925,-7.50052320098977,-6.226938113163144,-6.470960682276797,True
2025-03-20,ETHUSDT,2056.05,2067.9,1952.17,1983.79,401518.9282,288,288,0.0007596817831398,-0.0357823735601623,True,0.0275623254305557,2.7562325430555767,-7.182610918760896,-6.470960682276797,-7.323840355128938,-6.2727078495059345,-7.182610918760896,True
2025-03-21,ETHUSDT,1983.79,1996.73,1937.1,1965.75,262641.659,288,288,0.0005448716103325,-0.009135304596832,True,0.0233424850933336,2.334248509333367,-7.514960368425298,-7.182610918760896,-7.162298182586161,-6.345656917775855,-7.514960368425298,True
2025-03-22,ETHUSDT,1965.74,2006.61,1964.34,1980.69,170782.9574,288,288,0.0002307527318155,0.0075714169586983,True,0.0151905474495019,1.519054744950192,-8.374163845797653,-7.514960368425298,-7.21249533356693,-6.401263542688212,-8.374163845797653,True
2025-03-23,ETHUSDT,1980.68,2020.74,1976.81,2005.99,268707.5233,288,288,0.0003398915357239,0.0126924356342644,True,0.0184361475293494,1.8436147529349496,-7.986884003826169,-8.374163845797653,-7.399984383344713,-6.547839946294832,-7.986884003826169,True
2025-03-24,ETHUSDT,2005.99,2104.11,1977.67,2081.2,477912.8154,288,288,0.0007235069026548,0.0368069459515573,True,0.0268980836242066,2.689808362420666,-7.231400471295815,-7.986884003826169,-7.505915963817363,-6.606378327078121,-7.231400471295815,True
2025-03-25,ETHUSDT,2081.2,2097.7,2037.08,2066.15,328765.3292,288,288,0.0005705957980365,-0.0072576783062839,True,0.0238871471305505,2.3887147130550535,-7.46882948332608,-7.231400471295815,-7.658003921621166,-6.716442278645207,-7.46882948332608,True
2025-03-26,ETHUSDT,2066.16,2079.21,1981.6,2009.52,428975.3286,288,288,0.0005915403578981,-0.0277910845455779,True,0.0243216027000302,2.432160270003025,-7.432780647121728,-7.46882948332608,-7.715247634534203,-6.80402415270355,-7.432780647121728,True
2025-03-27,ETHUSDT,2009.52,2037.38,1987.06,2003.66,360634.8383,288,288,0.0005550872457566,-0.0029203794321757,True,0.023560289594075,2.3560289594075,-7.496385257010955,-7.432780647121728,-7.698811690273489,-6.90919120050917,-7.496385257010955,True
2025-03-28,ETHUSDT,2003.67,2015.93,1860.0,1896.9,626167.5832,288,288,0.0013874124692762,-0.0547545333994354,True,0.0372479861103424,3.7247986110342417,-6.580314799539982,-7.496385257010955,-7.523255972516149,-6.957943946779094,-6.580314799539982,True
2025-03-29,ETHUSDT,1896.9,1913.6,1797.2,1828.08,409769.7555,288,288,0.0009623173362723,-0.0369547390000353,True,0.0310212400827611,3.102124008276117,-6.946166290309244,-6.580314799539982,-7.241942131658912,-6.969821085990096,-6.946166290309244,True
2025-03-30,ETHUSDT,1828.09,1849.01,1767.69,1807.74,327843.4476,288,288,0.0009513353141508,-0.0111887894312298,True,0.0308437240642374,3.084372406423749,-6.957643966449067,-6.946166290309244,-7.184895295461598,-7.030520344234435,-6.957643966449067,True
2025-03-31,ETHUSDT,1807.74,1854.22,1776.75,1822.43,497854.9052,288,288,0.0012656780168687,0.0080933290646153,True,0.0355763687982452,3.5576368798245204,-6.672147318675161,-6.957643966449067,-7.082658192086195,-7.03190178042868,-6.672147318675161,True
2025-04-01,ETHUSDT,1822.43,1927.9,1817.88,1904.98,452989.0974,288,288,0.0007599020504918,0.0443007344519986,True,0.0275663209458911,2.7566320945891194,-7.182321013921601,-6.672147318675161,-6.930531526396882,-7.043535898202208,-7.182321013921601,True
2025-04-02,ETHUSDT,1904.98,1957.0,1781.53,1795.22,750840.7823,288,288,0.0022839236270084,-0.0593439327317445,True,0.0477904135471591,4.779041354715917,-6.081860426009967,-7.182321013921601,-6.867718677779012,-7.135431809188997,-6.081860426009967,True
2025-04-03,ETHUSDT,1795.21,1845.26,1750.0,1817.23,508075.018,288,288,0.0013203395096871,0.0121857865775092,True,0.0363364762970652,3.6336476297065214,-6.6298663711468055,-6.081860426009967,-6.768027803073008,-7.166758837957031,-6.6298663711468055,True
2025-04-04,ETHUSDT,1817.23,1835.68,1758.72,1816.87,572734.4702,288,288,0.0017991485495256,-0.0001981233324223,True,0.0424163712441979,4.241637124419791,-6.320441754034409,-6.6298663711468055,-6.70476781924052,-7.19744301010075,-6.320441754034409,True
2025-04-05,ETHUSDT,1816.88,1827.29,1764.39,1806.01,201716.2696,288,288,0.0003034350260499,-0.0059952482712075,True,0.0174193865003892,1.7419386500389216,-8.100343052591496,-6.320441754034409,-6.577327376757589,-7.183288801039839,-8.100343052591496,True
2025-04-06,ETHUSDT,1806.02,1817.0,1537.5,1580.76,979847.0958,288,288,0.0023954924139485,-0.133214248030426,True,0.0489437678764985,4.894376787649852,-6.034166468438639,-8.100343052591496,-6.862966523540855,-7.217196443813046,-6.034166468438639,True
2025-04-07,ETHUSDT,1580.77,1639.0,1411.01,1553.04,2168796.0067,288,288,0.0077064198764796,-0.0176914436126157,True,0.08778621689354,8.77862168935401,-4.865701547306965,-6.034166468438639,-6.633335614444263,-7.128280293220495,-4.865701547306965,True
2025-04-08,ETHUSDT,1553.04,1618.67,1441.3,1473.41,891846.1327,288,288,0.0023308521064281,-0.0526348581682264,True,0.0482788991840964,4.827889918409647,-6.061521367347117,-4.865701547306965,-6.390103838703662,-7.019267881119836,-6.061521367347117,True
2025-04-09,ETHUSDT,1473.41,1689.0,1385.05,1669.51,1968530.9138,288,288,0.0068562792772123,0.1249507279341877,True,0.0828026525976817,8.280265259768173,-4.982590363800381,-6.061521367347117,-6.276434837943725,-6.956758916139762,-4.982590363800381,True
2025-04-10,ETHUSDT,1669.51,1669.85,1471.02,1522.25,911855.3934,288,288,0.0026425982801916,-0.0923406666943978,True,0.0514062085763158,5.140620857631584,-5.935992648786004,-4.982590363800381,-6.008864559896919,-6.844275473518738,-5.935992648786004,True
2025-04-11,ETHUSDT,1522.24,1591.47,1504.63,1566.85,578484.3183,288,288,0.0014989761690355,0.0288777309714963,True,0.0387166136049575,3.8716613604957506,-6.502972957896322,-5.935992648786004,-5.5759944791358205,-6.819958744723701,-6.502972957896322,True
2025-04-12,ETHUSDT,1566.85,1669.59,1546.06,1644.18,501867.9033,288,288,0.0013183662518294,0.0481745452135507,True,0.0363093135686899,3.63093135686899,-6.631361996960271,-6.502972957896322,-5.6697557770273574,-6.789066110138948,-6.631361996960271,True
2025-04-13,ETHUSDT,1644.19,1649.75,1562.01,1597.76,580136.6145,288,288,0.0019672601747937,-0.0286391313614864,True,0.0443538067677826,4.43538067677826,-6.231113478472736,-6.631361996960271,-6.02288786695802,-6.748902547799628,-6.231113478472736,True
2025-04-14,ETHUSDT,1597.76,1691.5,1595.56,1623.77,645930.1419,288,288,0.0016546205877239,0.0161479577637599,True,0.0406770277641319,4.067702776413199,-6.404183548565971,-6.231113478472736,-6.056806289183143,-6.651491167466677,-6.404183548565971,True
2025-04-15,ETHUSDT,1623.78,1661.21,1583.12,1588.78,476178.8915,288,288,0.0012103981104482,-0.021784179981146,True,0.0347907762265843,3.4790776226584317,-6.716805956588339,-6.404183548565971,-6.341124926136262,-6.579550237682124,-6.716805956588339,True
2025-04-16,ETHUSDT,1588.77,1613.66,1538.07,1577.14,611387.8686,288,288,0.0019086477610188,-0.0073533459149306,True,0.043688073441374,4.368807344137406,-6.261360266182932,-6.716805956588339,-6.497287587696728,-6.556159577922693,-6.261360266182932,True
2025-04-17,ETHUSDT,1577.15,1616.96,1563.2,1583.62,449870.3628,288,288,0.0008089761597412,0.0041002854241788,True,0.0284425062141381,2.84425062141381,-7.119741110139501,-6.261360266182932,-6.448965049354049,-6.501274613507094,-7.119741110139501,True
2025-04-18,ETHUSDT,1583.63,1600.64,1573.54,1588.6,200409.0359,288,288,0.0002229751273754,0.003139759594926,True,0.0149323517027772,1.493235170277728,-8.40845032915799,-7.119741110139501,-6.546640871989895,-6.487045543644266,-8.40845032915799,True
2025-04-19,ETHUSDT,1588.6,1631.81,1585.01,1613.27,223096.3899,288,288,0.000309023080315,0.0154100498746444,True,0.0175790523156131,1.7579052315613175,-8.082094590279903,-8.40845032915799,-6.982108242126946,-6.528503046923677,-8.082094590279903,True
2025-04-20,ETHUSDT,1613.26,1619.19,1565.59,1587.36,276052.2306,288,288,0.0003282567237058,-0.016190916172084,True,0.0181178564876157,1.8117856487615789,-8.02171456150052,-8.082094590279903,-7.317690450469733,-6.596765764684582,-8.02171456150052,True
2025-04-21,ETHUSDT,1587.36,1658.75,1564.07,1579.57,691486.6667,288,288,0.0010480897750127,-0.0049196008193625,True,0.0323742146624869,3.2374214662486938,-6.8607860335721105,-8.02171456150052,-7.578672171452169,-6.6456543224660045,-6.8607860335721105,True
2025-04-22,ETHUSDT,1579.57,1778.0,1537.26,1756.26,1103036.9586,288,288,0.0030324504991325,0.106033889933793,True,0.0550676901561388,5.506769015613887,-5.79838424073107,-6.8607860335721105,-7.698557324930005,-6.641251689153416,-5.79838424073107,True
2025-04-23,ETHUSDT,1756.25,1834.86,1744.95,1795.07,887545.6316,288,288,0.0022208413167632,0.0218574703604679,True,0.047125803088788,4.712580308878809,-6.1098691833745615,-5.79838424073107,-7.434285951048318,-6.601535185610502,-6.1098691833745615,True
2025-04-24,ETHUSDT,1795.08,1802.82,1722.9,1769.65,483465.0385,288,288,0.0009038719362017,-0.0142622314747641,True,0.0300644630120312,3.0064463012031255,-7.008822871101013,-6.1098691833745615,-6.974569721891633,-6.552787375131092,-7.008822871101013,True
2025-04-25,ETHUSDT,1769.64,1827.32,1738.6,1784.6,595610.8894,288,288,0.0011287589834014,0.0084125135643242,True,0.0335970085484028,3.359700854840286,-6.786636494548116,-7.008822871101013,-6.759915378055855,-6.5949220317261394,-6.786636494548116,True
2025-04-26,ETHUSDT,1784.6,1841.16,1778.94,1820.88,355068.0442,288,288,0.0006964458272106,0.0201256002318789,True,0.026390260082286,2.6390260082286003,-7.269520546361429,-6.786636494548116,-6.512899764665375,-6.602047946426198,-7.269520546361429,True
2025-04-27,ETHUSDT,1820.87,1857.47,1781.9,1791.29,340332.6435,288,288,0.0008395311753245,-0.0163838700302761,True,0.0289746643694891,2.897466436948914,-7.082666946550124,-7.269520546361429,-6.594646667223238,-6.645187891531973,-7.082666946550124,True
2025-04-28,ETHUSDT,1791.29,1827.98,1744.71,1799.88,587269.743,288,288,0.001039937044983,0.0047839653276176,True,0.0322480549023208,3.2248054902320797,-6.868595101331285,-7.082666946550124,-6.851503208387049,-6.598929886711909,-6.868595101331285,True
2025-04-29,ETHUSDT,1799.88,1842.99,1780.47,1797.81,480456.3884,288,288,0.0008309651222693,-0.0011507385174525,True,0.0288264656569161,2.8826465656916187,-7.092922734784691,-6.868595101331285,-7.003248391978393,-6.636858460934303,-7.092922734784691,True
2025-04-30,ETHUSDT,1797.81,1816.8,1731.7,1793.61,473523.9877,288,288,0.0008673889280172,-0.0023389087963389,True,0.0294514673321588,2.9451467332158843,-7.050023091208461,-7.092922734784691,-7.020068364715129,-6.738095787637835,-7.050023091208461,True
2025-05-01,ETHUSDT,1793.62,1873.17,1792.52,1838.11,537198.7291,288,288,0.0007758025474222,0.0245075211038555,True,0.0278532322616655,2.7853232261665575,-7.16161251935694,-7.050023091208461,-7.072745684047197,-6.783027684176987,-7.16161251935694,True
2025-05-02,ETHUSDT,1838.1,1871.0,1813.0,1842.2,410667.875,288,288,0.0007407677239087,0.0022226397688019,True,0.0272170484055263,2.7217048405526354,-7.207823444819187,-7.16161251935694,-7.0511640786463,-6.882074145793195,-7.207823444819187,True
2025-05-03,ETHUSDT,1842.2,1848.6,1810.0,1833.52,213751.5979,288,288,0.0002757278859678,-0.0047228930029837,True,0.0166050560362758,1.6605056036275812,-8.196096098992857,-7.207823444819187,-7.076195378300113,-6.939884636521976,-8.196096098992857,True
2025-05-04,ETHUSDT,1833.52,1849.95,1803.0,1808.86,238254.3564,288,288,0.0004008817686058,-0.0135408039743401,True,0.0200220320798327,2.002203207983277,-7.821844015514015,-8.196096098992857,-7.341695577832428,-7.016844779299091,-7.821844015514015,True
2025-05-05,ETHUSDT,1808.86,1833.55,1781.85,1820.19,342341.0078,288,288,0.0005862530019945,0.0062440786495839,True,0.0242126620179303,2.421266201793034,-7.441759117543975,-7.821844015514015,-7.487479833978291,-7.070957598324261,-7.441759117543975,True
2025-05-06,ETHUSDT,1820.19,1820.9,1752.0,1817.0,384584.2451,288,288,0.0007852462268594,-0.001754101830222,True,0.0280222452144627,2.8022245214462767,-7.149513224575337,-7.441759117543975,-7.565827039245394,-7.125986945554772,-7.149513224575337,True
2025-05-07,ETHUSDT,1817.0,1850.0,1787.01,1811.11,456170.0705,288,288,0.0007816297051525,-0.0032468724346579,True,0.0279576412658969,2.7957641265896984,-7.154129452389189,-7.149513224575337,-7.563407180289074,-7.15986556719156,-7.154129452389189,True
2025-05-08,ETHUSDT,1811.11,2226.0,1808.71,2207.39,1473152.686,288,288,0.0028737158737796,0.1978709051504644,True,0.0536070505976556,5.36070505976557,-5.852149357110207,-7.154129452389189,-7.552668381803075,-7.179743907909782,-5.852149357110207,True
2025-05-09,ETHUSDT,2207.39,2490.77,2184.33,2345.04,1667041.0382,288,288,0.0061641129711035,0.0604916371922185,True,0.0785118651612833,7.851186516128335,-5.089011034128377,-5.852149357110207,-7.083879033426544,-7.161143412042841,-5.089011034128377,True
2025-05-10,ETHUSDT,2345.04,2600.0,2317.0,2583.23,979350.1606,288,288,0.0022586080098525,0.096738094575063,True,0.0475248146745729,4.752481467457291,-6.093006580301599,-5.089011034128377,-6.537312437149417,-7.068837499496881,-6.093006580301599,True
2025-05-11,ETHUSDT,2583.22,2608.13,2435.51,2514.57,831584.3888,288,288,0.0024330273476183,-0.0269387391182361,True,0.0493257270358816,4.932572703588166,-6.018618974956911,-6.093006580301599,-6.267561929700942,-6.963590056367044,-6.018618974956911,True
2025-05-12,ETHUSDT,2514.58,2624.0,2406.63,2495.47,1068680.9433,288,288,0.002779998665823,-0.0076247265625704,True,0.0527256926538007,5.272569265380075,-5.88530483119949,-6.018618974956911,-6.0413830797772565,-6.869795710216,-5.88530483119949,True
2025-05-13,ETHUSDT,2495.48,2738.5,2415.3,2679.71,1031355.6465,288,288,0.0019651169810747,0.0712314914962131,True,0.0443296399835907,4.432963998359071,-6.232203503079356,-5.88530483119949,-5.787618155539317,-6.772686177020497,-6.232203503079356,True
2025-05-14,ETHUSDT,2679.71,2725.99,2547.26,2609.74,830047.1122,288,288,0.0018609707809422,-0.0264579801982551,True,0.043138970559603,4.313897055960302,-6.286657002174889,-6.232203503079356,-5.863628984733147,-6.744114243816281,-6.286657002174889,True
2025-05-15,ETHUSDT,2609.75,2647.03,2476.03,2548.69,768954.0332,288,288,0.0022029977804208,-0.023671097836288,True,0.0469361031661222,4.693610316612222,-6.117936218688176,-6.286657002174889,-6.103158178342449,-6.766308460245546,-6.117936218688176,True
2025-05-16,ETHUSDT,2548.7,2649.31,2529.4,2537.12,605953.6919,288,288,0.001281218913112,-0.0045499222188675,True,0.0357941184150701,3.5794118415070177,-6.659943378308881,-6.117936218688176,-6.108144106019764,-6.766675143668891,-6.659943378308881,True
2025-05-17,ETHUSDT,2537.13,2538.16,2446.42,2475.08,494333.2782,288,288,0.0010709534505913,-0.0247568607285268,True,0.0327254251399627,3.272542513996271,-6.839205951961278,-6.659943378308881,-6.236408986690159,-6.7508169849056125,-6.839205951961278,True
2025-05-18,ETHUSDT,2475.09,2587.61,2323.21,2497.78,810103.1851,288,288,0.0021690533955199,0.0091296186379975,True,0.0465730973365517,4.657309733655176,-6.133464429865534,-6.839205951961278,-6.427189210842516,-6.753206505697121,-6.133464429865534,True
2025-05-19,ETHUSDT,2497.78,2547.36,2348.38,2528.14,861747.523,288,288,0.0023872176648465,0.0120815171294547,True,0.0488591615241866,4.885916152418661,-6.037626748163804,-6.133464429865534,-6.4074413961997525,-6.701567591310944,-6.037626748163804,True
2025-05-20,ETHUSDT,2528.14,2588.63,2442.4,2524.19,676989.1747,288,288,0.0015104967320809,-0.0015636353147147,True,0.0388651094438306,3.886510944383064,-6.495316720608342,-6.037626748163804,-6.357635345397535,-6.654065764111565,-6.495316720608342,True
2025-05-21,ETHUSDT,2524.19,2615.95,2452.2,2550.99,1095890.2902,288,288,0.0027431954721101,0.0105612999373027,True,0.0523755235974795,5.237552359747956,-5.898631807403795,-6.495316720608342,-6.4331114457815675,-6.637098564987795,-5.898631807403795,True
2025-05-22,ETHUSDT,2551.0,2692.99,2544.83,2664.82,852555.6669,288,288,0.0017378353295521,0.0436549940022149,True,0.0416873521532868,4.16873521532868,-6.355115003720879,-5.898631807403795,-6.280849131600551,-6.582812613743209,-6.355115003720879,True
2025-05-23,ETHUSDT,2664.83,2734.23,2498.3,2526.5,971442.4532,288,288,0.0017487851773958,-0.0533015673730212,True,0.0418184788986376,4.181847889863769,-6.34883391644949,-6.355115003720879,-6.184030941952471,-6.551225882493774,-6.34883391644949,True
2025-05-24,ETHUSDT,2526.49,2575.85,2515.08,2530.4,257544.2344,288,288,0.0005096447968758,0.0015424472594745,True,0.0225753138821103,2.2575313882110306,-7.581796551612602,-6.34883391644949,-6.227104839269262,-6.514281400543435,-7.581796551612602,True
2025-05-25,ETHUSDT,2530.41,2554.26,2463.0,2551.22,359890.0299,288,288,0.0007666607959451,0.0081942831217825,True,0.0276886401967504,2.7688640196750427,-7.1734661022073745,-7.581796551612602,-6.5359387999590215,-6.531280178124954,-7.1734661022073745,True
2025-05-26,ETHUSDT,2551.22,2599.0,2525.86,2563.7,362971.1182,288,288,0.0005185354098629,0.0048798514015684,True,0.0227713725950568,2.277137259505686,-7.564502239737635,-7.1734661022073745,-6.671568676278828,-6.484796996452887,-7.564502239737635,True
2025-05-27,ETHUSDT,2563.7,2712.36,2509.46,2660.81,798430.8862,288,288,0.0009189775314167,0.0371790601849994,True,0.030314642195097,3.0314642195097066,-6.992248884855563,-7.564502239737635,-7.004742762745596,-6.473099643008506,-6.992248884855563,True
2025-05-28,ETHUSDT,2660.81,2689.14,2608.5,2681.6,560095.6833,288,288,0.0008598692391648,0.0077830435879737,True,0.0293235270587428,2.9323527058742846,-7.058730227759901,-6.992248884855563,-7.132169538972532,-6.452667359704487,-7.058730227759901,True
2025-05-29,ETHUSDT,2681.61,2788.0,2619.05,2631.39,811567.2545,288,288,0.0013184576678842,-0.0189014076216638,True,0.036310572398191,3.6310572398191048,-6.631292658955443,-7.058730227759901,-7.274148801234615,-6.44854085984924,-6.631292658955443,True
2025-05-30,ETHUSDT,2631.39,2649.23,2507.35,2531.34,763045.2564,288,288,0.0014530627702165,-0.0387634168877777,True,0.0381190604582086,3.811906045820864,-6.534081694902808,-6.631292658955443,-7.0840480227031835,-6.424775551056796,-6.534081694902808,True
2025-05-31,ETHUSDT,2531.35,2550.34,2475.33,2528.06,394537.2521,288,288,0.0008643768865703,-0.0012965966160104,True,0.029400287185168,2.9400287185168095,-7.0535016729644955,-6.534081694902808,-6.95617114124227,-6.455772475501916,-7.0535016729644955,True
2025-06-01,ETHUSDT,2528.06,2547.79,2468.56,2539.21,332021.7088,288,288,0.0005536884180503,0.0044007988503444,True,0.0235305847366861,2.353058473668613,-7.498908451727611,-7.0535016729644955,-6.853971027887641,-6.5450675045399205,-7.498908451727611,True
2025-06-02,ETHUSDT,2539.2,2615.0,2475.0,2607.41,468889.9737,288,288,0.0007395818287096,0.0265043824468351,True,0.0271952537901306,2.7195253790130622,-7.20942562783155,-7.498908451727611,-6.955302941262052,-6.608972135059284,-7.20942562783155,True
2025-06-03,ETHUSDT,2607.42,2655.38,2575.0,2593.36,454383.0439,288,288,0.0006557429962117,-0.0054030592316814,True,0.0256074793021836,2.5607479302183616,-7.329741619851226,-7.20942562783155,-6.9854420212763815,-6.6630997101899485,-7.329741619851226,True
2025-06-04,ETHUSDT,2593.35,2679.88,2583.5,2607.68,502494.8214,288,288,0.0006708958283007,0.0055066049040446,True,0.0259016568640071,2.5901656864007134,-7.306896681479006,-7.329741619851226,-7.125131813455537,-6.7287559278559375,-7.306896681479006,True
2025-06-05,ETHUSDT,2607.68,2640.86,2391.66,2414.01,808938.0344,288,288,0.0019362093344184,-0.0771716719808863,True,0.0440023787359095,4.400237873590954,-6.247023168690854,-7.306896681479006,-7.279694810770778,-6.777605617783195,-6.247023168690854,True
2025-06-06,ETHUSDT,2414.02,2531.36,2381.49,2476.1,578843.4974,288,288,0.0007820390643911,0.0253954765600897,True,0.0279649613693847,2.796496136938475,-7.153605864202324,-6.247023168690854,-7.11839910991605,-6.775804079897557,-7.153605864202324,True
2025-06-07,ETHUSDT,2476.1,2544.36,2457.0,2524.63,264787.6743,288,288,0.0003516471897843,0.0194097756076858,True,0.0187522582582577,1.875225825825772,-7.952882186755616,-7.153605864202324,-7.049338592410992,-6.822879972875473,-7.952882186755616,True
2025-06-08,ETHUSDT,2524.64,2548.63,2490.58,2509.83,266474.7139,288,288,0.0002944754816261,-0.0058794955702983,True,0.0171602879237532,1.716028792375321,-8.130314812579206,-7.952882186755616,-7.1980299041958045,-6.88164991871396,-8.130314812579206,True
2025-06-09,ETHUSDT,2509.84,2693.99,2477.73,2680.13,568726.3025,288,288,0.0007452108674031,0.0656502790426942,True,0.0272985506465661,2.7298550646566104,-7.2018433361398735,-8.130314812579206,-7.358144542741401,-6.940336685105684,-7.2018433361398735,True
2025-06-10,ETHUSDT,2680.13,2827.0,2655.61,2816.4,1138405.4775,288,288,0.0018161125969743,0.0495941728538398,True,0.0426158725943082,4.261587259430829,-6.311056997985974,-7.2018433361398735,-7.337133873673575,-6.9888993626636084,-6.311056997985974,True
2025-06-11,ETHUSDT,2816.41,2879.22,2743.75,2771.61,850210.9324,288,288,0.0015365558028651,-0.0160310948740144,True,0.0391989260422416,3.919892604224166,-6.478211858885245,-6.311056997985974,-7.3499406395325995,-7.001328010382798,-6.478211858885245,True
2025-06-12,ETHUSDT,2771.6,2784.83,2616.24,2642.65,699593.3757,288,288,0.0012423050447944,-0.0476461772099843,True,0.0352463479639297,3.5246347963929705,-6.6907867179025295,-6.478211858885245,-7.214861838469183,-7.000550516668112,-6.6907867179025295,True
2025-06-13,ETHUSDT,2642.66,2645.45,2436.98,2579.19,1202176.2972,288,288,0.0023359487524317,-0.0243068054274029,True,0.0483316537316053,4.833165373160534,-6.059337152428163,-6.6907867179025295,-6.962442744698565,-7.03655755805442,-6.059337152428163,True
2025-06-14,ETHUSDT,2579.19,2579.43,2488.72,2530.76,331438.9278,288,288,0.0004382076383745,-0.018955743264715,True,0.0209334096213345,2.0933409621334573,-7.732817699703119,-6.059337152428163,-6.548247212668356,-7.023113110268386,-7.732817699703119,True
2025-06-15,ETHUSDT,2530.77,2559.51,2492.0,2547.61,299701.6624,288,288,0.0004432316427855,0.0066360118836379,True,0.0210530673011207,2.1053067301120754,-7.721418028903116,-7.732817699703119,-6.654442085381005,-7.086021464052641,-7.721418028903116,True
2025-06-16,ETHUSDT,2547.62,2680.34,2514.85,2544.17,680429.988,288,288,0.0015263847728772,-0.0013511976257328,True,0.0390689745562545,3.906897455625459,-6.48485323316042,-7.721418028903116,-6.936514291564434,-7.092367894838574,-6.48485323316042,True
2025-06-17,ETHUSDT,2544.17,2618.6,2453.8,2509.95,715930.4081,288,288,0.0012687990622512,-0.0135416345180743,True,0.0356202058142737,3.562020581427376,-6.669684446167192,-6.48485323316042,-6.937842566419469,-7.061067309881895,-6.669684446167192,True
2025-06-18,ETHUSDT,2509.95,2548.42,2465.78,2525.0,504532.1818,288,288,0.0012645129057196,0.0059782301007679,True,0.0355599902379016,3.555999023790165,-6.67306828572239,-6.669684446167192,-6.933622112072402,-7.020393773810511,-6.67306828572239,True
2025-06-19,ETHUSDT,2525.0,2546.91,2485.03,2521.12,252646.059,288,288,0.0005337570625791,-0.0015378154957249,True,0.0231031829534192,2.310318295341926,-7.535569761510668,-6.67306828572239,-7.056368338731247,-7.0058855647590015,-7.535569761510668,True
2025-06-20,ETHUSDT,2521.13,2569.0,2367.36,2406.49,632027.8234999999,288,288,0.0012427249895931,-0.0465339928916285,True,0.0352523047415786,3.525230474157869,-6.690448738242819,-7.535569761510668,-7.016918751092757,-7.027560089020401,-6.690448738242819,True
2025-06-21,ETHUSDT,2406.49,2448.8,2216.0,2295.73,496783.864,288,288,0.0038486292678846,-0.0471183786163938,True,0.0620373215724587,6.203732157245878,-5.560038228393397,-6.690448738242819,-6.810724892960698,-7.0302490017152826,-5.560038228393397,True
2025-06-22,ETHUSDT,2295.72,2314.48,2111.89,2227.7,840155.8295,288,288,0.0031961262091381,-0.0300812126348832,True,0.0565342923289767,5.65342923289767,-5.745815762140004,-5.560038228393397,-6.625761892007293,-6.985974298692127,-5.745815762140004,True
2025-06-23,ETHUSDT,2227.7,2438.68,2188.0,2411.66,744583.8003,288,288,0.0025545987730352,0.0793456439828104,True,0.0505430388187657,5.054303881876576,-5.969860103651963,-5.745815762140004,-6.440988155201856,-6.926534030018286,-5.969860103651963,True
2025-06-24,ETHUSDT,2411.66,2482.04,2376.11,2448.45,516760.6621,288,288,0.0011260811072505,0.015139864214513,True,0.0335571319878583,3.3557131987858355,-6.789011720552818,-5.969860103651963,-6.30034651878777,-6.8570318323784845,-6.789011720552818,True
2025-06-25,ETHUSDT,2448.46,2468.69,2389.69,2418.49,414894.7387,288,288,0.0010530114210754,-0.0123117928079588,True,0.0324501374584982,3.2450137458498256,-6.856101199663668,-6.789011720552818,-6.1510349105962,-6.837922109320361,-6.856101199663668,True
2025-06-26,ETHUSDT,2418.5,2520.92,2394.32,2415.96,463704.0261,288,288,0.0013663909476237,-0.0010466548339368,True,0.0369647257209321,3.6964725720932146,-6.595582359934569,-6.856101199663668,-6.18416540288037,-6.8163929993118355,-6.595582359934569,True
2025-06-27,ETHUSDT,2415.96,2463.54,2382.53,2423.17,381474.766,288,288,0.000616782583,0.002979876686592,True,0.024835107871722,2.483510787172206,-7.390993973792185,-6.595582359934569,-6.391274229188605,-6.784060530150724,-7.390993973792185,True
2025-06-28,ETHUSDT,2423.17,2447.8,2405.81,2435.62,155814.9859,288,288,0.0001322337029136,0.0051247439168412,True,0.0114992914091972,1.149929140919721,-8.930939724205997,-7.390993973792185,-6.72030987151904,-6.836059203109874,-8.930939724205997,True
2025-06-29,ETHUSDT,2435.62,2525.0,2412.0,2500.09,284291.8057,288,288,0.0004513581249142,0.0261253869786167,True,0.0212451906302157,2.124519063021576,-7.703249465021326,-8.930939724205997,-7.312525795629847,-6.916847105837315,-7.703249465021326,True
2025-06-30,ETHUSDT,2500.09,2524.3,2431.0,2485.47,440455.714,288,288,0.00069738383482,-0.0058649547524577,True,0.0264080259546226,2.6408025954622634,-7.268174603199854,-7.703249465021326,-7.495373344523548,-6.905500163940302,-7.268174603199854,True
2025-07-01,ETHUSDT,2485.47,2500.8,2386.52,2405.01,351951.0868,288,288,0.0005184668515473,-0.0329077149204737,True,0.0227698671833491,2.2769867183349177,-7.564634463780438,-7.268174603199854,-7.577788025230785,-6.866311972604877,-7.564634463780438,True
2025-07-02,ETHUSDT,2405.01,2619.28,2373.0,2570.41,634967.0337,288,288,0.0009535864704557,0.0665113577037722,True,0.030880195440699,3.088019544069909,-6.95528044961489,-7.564634463780438,-7.771598445999959,-6.88280247840672,-6.95528044961489,True
2025-07-03,ETHUSDT,2570.41,2635.5,2556.12,2591.25,504943.6592,288,288,0.0007816464016284,0.0080749655108426,True,0.0279579398673868,2.795793986738683,-7.154108091510163,-6.95528044961489,-7.684455741164501,-6.9120853625716725,-7.154108091510163,True
2025-07-04,ETHUSDT,2591.26,2603.17,2474.24,2508.04,452593.02,288,288,0.0004736193963172,-0.0326388131610437,True,0.0217627984486667,2.176279844866676,-7.655106520171459,-7.154108091510163,-7.329089414625334,-6.942807918600076,-7.655106520171459,True
2025-07-05,ETHUSDT,2508.04,2529.81,2487.95,2516.41,157198.0958,288,288,0.0001893967460707,0.0033317110300456,True,0.0137621490353328,1.3762149035332802,-8.571666557556815,-7.655106520171459,-7.31946082565536,-6.986640636885028,-8.571666557556815,True
2025-07-06,ETHUSDT,2516.42,2605.0,2503.5,2570.35,277593.6319,288,288,0.0004388709248162,0.0212087937681274,True,0.0209492464021093,2.094924640210937,-7.731305209041546,-8.571666557556815,-7.580159216526754,-7.100837428027239,-7.731305209041546,True
2025-07-07,ETHUSDT,2570.35,2590.57,2512.0,2542.29,315707.5272,288,288,0.0005678880100297,-0.0109768267458338,True,0.0238304009624209,2.3830400962420963,-7.473586324123453,-7.731305209041546,-7.613493365578975,-7.100768678451714,-7.473586324123453,True
2025-07-08,ETHUSDT,2542.3,2628.21,2523.59,2615.25,370915.7321,288,288,0.0005371033225483,0.0282944455825877,True,0.0231754896938207,2.3175489693820785,-7.529320074983184,-7.473586324123453,-7.717154540480687,-7.089503600961729,-7.529320074983184,True
2025-07-09,ETHUSDT,2615.25,2795.74,2589.78,2768.74,686119.3772,288,288,0.0012209112547259,0.0570326478249052,True,0.0349415405316648,3.494154053166488,-6.708157768947237,-7.529320074983184,-7.792196937175291,-7.136979366499127,-6.708157768947237,True
2025-07-10,ETHUSDT,2768.74,3000.0,2755.5,2951.29,951896.07,288,288,0.0015663496019418,0.0638500198380916,True,0.0395771348374522,3.9577134837452266,-6.459007461155458,-6.708157768947237,-7.6028071869304465,-7.13872815389822,-6.459007461155458,True
2025-07-11,ETHUSDT,2951.29,3040.15,2913.75,2958.22,906839.1689,288,288,0.0014258117991091,0.0023453731956458,True,0.0377599231872785,3.775992318727853,-6.553013943884282,-6.459007461155458,-7.180275367650175,-7.128998116417905,-6.553013943884282,True
2025-07-12,ETHUSDT,2958.21,2979.78,2903.85,2943.28,348884.8877,288,288,0.0004222845445072,-0.0050631303620833,True,0.0205495631220522,2.0549563122052255,-7.769831195066834,-6.553013943884282,-6.9446171146187226,-7.084336488343978,-7.769831195066834,True
2025-07-13,ETHUSDT,2943.29,3020.31,2936.49,2972.03,357333.5016,288,288,0.0005127264216921,0.0097206152789303,True,0.0226434631117268,2.2643463111726825,-7.57576814609229,-7.769831195066834,-7.003866088807399,-7.133399327290524,-7.57576814609229,True
2025-07-14,ETHUSDT,2972.03,3083.0,2962.81,3013.62,815552.6496,288,288,0.0009133406201944,0.0138967929372886,True,0.0302215257754208,3.022152577542089,-6.998401668967058,-7.57576814609229,-7.013155703029222,-7.225023414458656,-6.998401668967058,True
2025-07-15,ETHUSDT,3013.61,3144.14,2932.46,3137.89,863583.7376999999,288,288,0.0016131914048932,0.040408585567288,True,0.0401645540855765,4.016455408557656,-6.429540822965121,-6.998401668967058,-7.071204483033185,-7.28195913749625,-6.429540822965121,True
2025-07-16,ETHUSDT,3137.9,3425.0,3101.0,3371.35,1135950.5831,288,288,0.0014833188487527,0.0717626580981415,True,0.0385138786511135,3.8513878651113593,-6.513473236405595,-6.429540822965121,-7.065311155395118,-7.302853715646847,-6.513473236405595,True
2025-07-17,ETHUSDT,3371.35,3523.44,3310.77,3476.87,974065.8264,288,288,0.002007526270346,0.0308192061534657,True,0.0448054267957133,4.4805426795713394,-6.210852026128856,-6.513473236405595,-7.05740301389938,-7.2903292390947,-6.210852026128856,True
2025-07-18,ETHUSDT,3476.88,3673.84,3458.68,3546.92,1163823.3977,288,288,0.001986217113498,0.0199471574925147,True,0.0445669957872191,4.456699578721911,-6.2215233973313495,-6.210852026128856,-6.745607180111785,-7.260999731206755,-6.2215233973313495,True
2025-07-19,ETHUSDT,3546.92,3608.3,3506.79,3592.01,381791.9213,288,288,0.0006528514811419,0.0126323131345256,True,0.0255509585170874,2.5550958517087445,-7.334160895380473,-6.2215233973313495,-6.474758230359596,-7.243997051088427,-7.334160895380473,True
2025-07-20,ETHUSDT,3592.0,3824.56,3579.13,3756.69,852356.5533,288,288,0.001156316518155,0.0448263161439686,True,0.0340046543601768,3.400465436017682,-6.762515741577246,-7.334160895380473,-6.541910075642278,-7.24141372934244,-6.762515741577246,True
2025-07-21,ETHUSDT,3756.69,3860.0,3701.01,3762.33,812074.0534,288,288,0.0012441519445634,0.001500195785562,True,0.0352725381077608,3.527253810776082,-6.689301150191874,-6.762515741577246,-6.608505059364704,-7.1428490028593155,-6.689301150191874,True
2025-07-22,ETHUSDT,3762.32,3798.65,3616.54,3746.21,870127.3864,288,288,0.0013099764679686,-0.0042937840822499,True,0.0361935970576097,3.619359705760973,-6.637746105313169,-6.689301150191874,-6.643670642121959,-7.09676044309434,-6.637746105313169,True
2025-07-23,ETHUSDT,3746.21,3764.2,3527.0,3628.29,800259.4025,288,288,0.0015235099186197,-0.0319831993415206,True,0.0390321651797558,3.903216517975583,-6.486738449143097,-6.637746105313169,-6.729049457958823,-7.068104602281308,-6.486738449143097,True
2025-07-24,ETHUSDT,3628.29,3771.0,3502.85,3706.94,749459.495,288,288,0.0015934033061342,0.0214452755365857,True,0.0399174561581053,3.991745615810538,-6.441883106127353,-6.486738449143097,-6.782092468321172,-7.019109328888702,-6.441883106127353,True
2025-07-25,ETHUSDT,3706.95,3747.0,3573.76,3724.96,764606.7261,288,288,0.0016648263507883,0.0048493750760467,True,0.0408022836467317,4.080228364673175,-6.398034454809549,-6.441883106127353,-6.603636910470547,-6.995773086002905,-6.398034454809549,True
2025-07-26,ETHUSDT,3724.97,3793.0,3697.66,3741.1,407259.7024,288,288,0.0005564953678186,0.0043235723105493,True,0.0235901540439796,2.3590154043979674,-7.493851711059418,-6.398034454809549,-6.530740653117009,-6.961406102516514,-7.493851711059418,True
2025-07-27,ETHUSDT,3741.11,3879.82,3731.0,3872.1,457352.4605,288,288,0.0005884427120595,0.0344173096977316,True,0.0242578381571713,2.425783815717132,-7.43803098169563,-7.493851711059418,-6.691650765290516,-6.954076338465966,-7.43803098169563,True
2025-07-28,ETHUSDT,3872.11,3941.0,3754.0,3799.0,620994.7463,288,288,0.0010763390982541,-0.0190591213216262,True,0.0328076073229086,3.280760732290861,-6.834189719814653,-7.43803098169563,-6.85170774056701,-6.902547448654095,-6.834189719814653,True
2025-07-29,ETHUSDT,3799.0,3886.44,3716.04,3793.79,584210.4393,288,288,0.0011092620236814,-0.0013723547780703,True,0.0333055854727311,3.3305585472731156,-6.80406032829463,-6.834189719814653,-6.921197994701321,-6.861769471871054,-6.80406032829463,True
2025-07-30,ETHUSDT,3793.79,3834.03,3677.65,3810.0,525424.9003,288,288,0.0010817721628268,0.0042636697111909,True,0.032890304997474,3.2890304997474065,-6.829154691131277,-6.80406032829463,-6.993633439134776,-6.831336472060653,-6.829154691131277,True
2025-07-31,ETHUSDT,3810.0,3878.67,3684.33,3698.39,516088.4503,288,288,0.0006583130800821,-0.0297315993223309,True,0.0256576125171881,2.565761251718812,-7.325829934202649,-6.829154691131277,-7.079857486399122,-6.799510772794656,-7.325829934202649,True
2025-08-01,ETHUSDT,3698.39,3724.02,3431.75,3488.2,783869.1517,288,288,0.0019151256559644,-0.0585117459638472,True,0.0437621486671353,4.376214866713534,-6.257972041810616,-7.325829934202649,-7.046253131027768,-6.827586780306266,-6.257972041810616,True
2025-08-02,ETHUSDT,3488.21,3537.69,3368.29,3393.94,494195.7094,288,288,0.0010732766337757,-0.0273943554524034,True,0.0327609009915129,3.2760900991512916,-6.837039035164069,-6.257972041810616,-6.810241343050765,-6.818448806699683,-6.837039035164069,True
2025-08-03,ETHUSDT,3393.94,3521.79,3354.28,3496.74,296347.6758,288,288,0.0005709888652565,0.0298396174747756,True,0.023895373302306,2.3895373302306018,-7.468140848924844,-6.837039035164069,-6.810811206120649,-6.831359038121492,-7.468140848924844,True
2025-08-04,ETHUSDT,3496.75,3736.73,3490.73,3720.99,463349.9861,288,288,0.0007722337070439,0.0621586560364619,True,0.0277890933109366,2.778909331093661,-7.166223324421299,-7.468140848924844,-6.943627310246692,-6.817645840569583,-7.166223324421299,True
2025-08-05,ETHUSDT,3720.99,3722.24,3546.0,3612.0,489070.9589,288,288,0.0009988183515256,-0.0297281263565256,True,0.0316040875762235,3.160408757622352,-6.908937626153559,-7.166223324421299,-7.011041036904695,-6.799030166857265,-6.908937626153559,True
2025-08-06,ETHUSDT,3612.01,3698.6,3564.19,3683.31,365309.9205,288,288,0.0007971019452212,0.0195501688792188,True,0.0282329939117551,2.82329939117551,-7.1345279761605225,-6.908937626153559,-6.927662575294877,-6.794963619456651,-7.1345279761605225,True
2025-08-07,ETHUSDT,3683.31,3927.77,3647.63,3910.31,631678.9872,288,288,0.0008692325666893,0.0598048503079841,True,0.0294827503243736,2.94827503243737,-7.0478998428548705,-7.1345279761605225,-7.102973762164858,-6.827008490056442,-7.0478998428548705,True
2025-08-08,ETHUSDT,3910.3,4071.0,3880.0,4009.5,723300.0109,288,288,0.0012180769063646,0.0250498905230046,True,0.0349009585307429,3.490095853074291,-6.710481970173324,-7.0478998428548705,-7.145145923703019,-6.851300608531409,-6.710481970173324,True
2025-08-09,ETHUSDT,4009.51,4326.2,4006.63,4260.62,691932.1048,288,288,0.001080956200915,0.060748144332532,True,0.0328778983652403,3.2877898365240363,-6.829909258338324,-6.710481970173324,-6.993614147952715,-6.87401106053343,-6.829909258338324,True
2025-08-10,ETHUSDT,4260.63,4332.6,4153.07,4250.57,494843.8105,288,288,0.0009019193687556,-0.0023615980070605,True,0.030031972441977,3.0031972441977035,-7.0109854335208235,-6.829909258338324,-6.92635133473612,-6.901664963306476,-7.0109854335208235,True
2025-08-11,ETHUSDT,4250.58,4366.46,4166.77,4223.22,722664.04,288,288,0.0013317094587316,-0.0064552213289564,True,0.0364925945738542,3.649259457385421,-6.621291854731831,-7.0109854335208235,-6.946760896209573,-6.886975169585582,-6.621291854731831,True
2025-08-12,ETHUSDT,4223.22,4639.7,4219.04,4590.52,885288.0652,288,288,0.0013822621089767,0.0833954371545395,True,0.0371787857383307,3.717878573833075,-6.584033912446965,-6.621291854731831,-6.844113671923834,-6.880555902001699,-6.584033912446965,True
2025-08-13,ETHUSDT,4590.52,4783.85,4564.33,4749.3,925931.4988,288,288,0.0014449554975265,0.0340039313497033,True,0.0380125702567782,3.8012570256778297,-6.539676755451512,-6.584033912446965,-6.751340485842253,-6.875771027558749,-6.539676755451512,True
2025-08-14,ETHUSDT,4749.31,4788.0,4451.33,4546.84,1265449.0453,288,288,0.0036882204425752,-0.0435647525780112,True,0.0607307207480304,6.073072074803046,-5.602611202141582,-6.539676755451512,-6.7171794428978915,-6.871313329837765,-5.602611202141582,True
2025-08-15,ETHUSDT,4546.84,4672.67,4368.0,4439.47,880409.2591,288,288,0.0014700525415222,-0.0238974862380187,True,0.0383412642139278,3.8341264213927855,-6.522457136298132,-5.602611202141582,-6.471719831658542,-6.831125727701331,-6.522457136298132,True
2025-08-16,ETHUSDT,4439.47,4490.42,4372.54,4421.99,358676.5884,288,288,0.0005540562544644,-0.003945178937147,True,0.0235383995731316,2.3538399573131623,-7.498244334017554,-6.522457136298132,-6.374014172214006,-6.834788183618186,-7.498244334017554,True
2025-08-17,ETHUSDT,4422.0,4576.0,4393.98,4472.33,442461.3829,288,288,0.0006518740551907,0.0113197046043236,True,0.0255318243608009,2.553182436080092,-7.335659181582177,-7.498244334017554,-6.5494046680711495,-6.884797723582185,-7.335659181582177,True
2025-08-18,ETHUSDT,4472.34,4481.88,4225.86,4312.99,823188.1269,288,288,0.001675003314063,-0.0362781265255921,True,0.0409268043470658,4.092680434706588,-6.39194013516199,-7.335659181582177,-6.6997297218981915,-6.8776071540604935,-6.39194013516199,True
2025-08-19,ETHUSDT,4312.99,4355.0,4067.34,4075.59,831222.7951,288,288,0.0014663835801781,-0.0566158776027352,True,0.0382933882044686,3.8293388204468655,-6.524956058870469,-6.39194013516199,-6.670182397840287,-6.830057570127145,-6.524956058870469,True
2025-08-20,ETHUSDT,4075.58,4378.0,4060.0,4336.16,728324.8933,288,288,0.0015517180118636,0.0619736423370237,True,0.0393918520999409,3.939185209994099,-6.468392567116209,-6.524956058870469,-6.8546513691860635,-6.816001494629683,-6.468392567116209,True
2025-08-21,ETHUSDT,4336.16,4340.26,4204.2,4225.3,433836.3992,288,288,0.0011408729886232,-0.0258988996200499,True,0.0337768114040278,3.377681140402787,-6.7759615301412115,-6.468392567116209,-6.8438384553496805,-6.800743869121572,-6.7759615301412115,True
2025-08-22,ETHUSDT,4225.3,4887.59,4207.39,4832.07,1277976.63526,288,288,0.0035848872281262,0.1341846830770517,True,0.0598739277826858,5.98739277826859,-5.631028262014945,-6.7759615301412115,-6.699381894574411,-6.798325998167479,-5.631028262014945,True
2025-08-23,ETHUSDT,4832.07,4832.07,4659.7,4778.4,512442.0888,288,288,0.0007039493934046,-0.0111691848465887,True,0.0265320446517917,2.653204465179172,-7.258804088758502,-5.631028262014945,-6.358455710660965,-6.7212895585225825,-7.258804088758502,True
2025-08-24,ETHUSDT,4778.4,4956.78,4711.0,4780.15,780668.77842,288,288,0.0016322647910159,0.0003661643281797,True,0.040401296897698,4.040129689769806,-6.417786786204234,-7.258804088758502,-6.531828501380268,-6.766781924292942,-6.417786786204234,True
2025-08-25,ETHUSDT,4780.15,4797.97,4334.13,4376.18,1043917.1659,288,288,0.002077194116516,-0.0882957290352031,True,0.0455762450901346,4.557624509013465,-6.1767372784090595,-6.417786786204234,-6.510394646847021,-6.747725003885676,-6.1767372784090595,True
2025-08-26,ETHUSDT,4376.17,4633.46,4311.04,4600.63,834750.2767,288,288,0.0021540807939171,0.0500170529101671,True,0.0464120759492305,4.64120759492305,-6.140391192169065,-6.1767372784090595,-6.45206358910559,-6.689024841589504,-6.140391192169065,True
2025-08-27,ETHUSDT,4600.63,4663.93,4481.53,4506.71,606669.3611,288,288,0.0012322145194267,-0.0206258533540034,True,0.035102913261249,3.510291326124907,-6.698942306117162,-6.140391192169065,-6.324949521511161,-6.642396108305311,-6.698942306117162,True
2025-08-28,ETHUSDT,4506.71,4633.97,4430.0,4511.21,485243.4027,288,288,0.0008469968302345,0.00099801292837,True,0.0291032099644445,2.9103209964444585,-7.0738136056633785,-6.698942306117162,-6.538532330331604,-6.632850866485476,-7.0738136056633785,True
2025-08-29,ETHUSDT,4511.2,4516.75,4265.0,4360.18,679063.8777,288,288,0.0012058828767897,-0.0340520693010321,True,0.0347258243500384,3.472582435003842,-6.720543302483114,-7.0738136056633785,-6.50153423371258,-6.630091122371969,-6.720543302483114,True
2025-08-30,ETHUSDT,4360.18,4415.61,4257.2,4373.7,340319.1826,288,288,0.0006172410636057,0.0030959918843133,True,0.0248443366505481,2.484433665054812,-7.390250907598832,-6.720543302483114,-6.562085536968356,-6.615211279627798,-7.390250907598832,True
2025-08-31,ETHUSDT,4373.7,4498.47,4372.63,4391.83,356586.1861,288,288,0.0004858445416239,0.0041366639218281,True,0.0220418815354755,2.2041881535475576,-7.629621858435977,-7.390250907598832,-6.804788262806309,-6.646109867692595,-7.629621858435977,True
2025-09-01,ETHUSDT,4391.83,4491.84,4210.61,4314.5,513830.0395,288,288,0.00108796416582,-0.0177645537523544,True,0.0329843018088908,3.2984301808890852,-6.823447066917988,-7.629621858435977,-7.102634396059694,-6.682460440424305,-6.823447066917988,True
2025-09-02,ETHUSDT,4314.5,4416.78,4257.85,4326.5,524605.0512,288,288,0.0010171736457974,0.002777458098433,True,0.0318931598590902,3.1893159859090208,-6.890727433327051,-6.823447066917988,-7.127535348219858,-6.673935969215086,-6.890727433327051,True
2025-09-03,ETHUSDT,4326.49,4490.64,4283.23,4450.46,487091.6861,288,288,0.0007978089722571,0.0282485605576177,True,0.0282455124268823,2.8245512426882327,-7.133641372307648,-6.890727433327051,-7.090918113752592,-6.686183040969413,-7.133641372307648,True
2025-09-04,ETHUSDT,4450.46,4482.05,4265.33,4297.55,471795.7096,288,288,0.0006756397051713,-0.0349623687437684,True,0.0259930703298263,2.5993070329826393,-7.299850604521741,-7.133641372307648,-7.173537727717499,-6.711165198235809,-7.299850604521741,True
2025-09-05,ETHUSDT,4297.56,4490.0,4256.03,4307.45,624169.8754,288,288,0.0008435000145043,0.002300988813017,True,0.0290430717126196,2.904307171261966,-7.077950638782875,-7.299850604521741,-7.155457667102081,-6.745718555011728,-7.077950638782875,True
2025-09-06,ETHUSDT,4307.46,4329.3,4236.0,4273.14,191166.0686,288,288,0.0002307407260803,-0.0079971617002202,True,0.0151901522731133,1.5190152273113304,-8.374215875723527,-7.077950638782875,-7.045123423171461,-6.812779438495425,-8.374215875723527,True
2025-09-07,ETHUSDT,4273.15,4336.02,4270.81,4306.19,169620.8372,288,288,0.0001944333258148,0.0077046024548886,True,0.0139439350907446,1.394393509074463,-8.545421251541745,-8.374215875723527,-7.35527718493257,-6.896950290287486,-8.545421251541745,True
2025-09-08,ETHUSDT,4306.19,4384.06,4279.0,4306.37,372882.4355,288,288,0.0004515554726048,4.179941852961984e-05,True,0.0212498346488815,2.1249834648881523,-7.702812329742192,-8.545421251541745,-7.686215948575507,-6.944549241084042,-7.702812329742192,True
2025-09-09,ETHUSDT,4306.36,4381.87,4276.76,4310.09,405485.7821,288,288,0.0004805161930784,0.0008634637034535,True,0.0219206795761092,2.1920679576109294,-7.640649629646437,-7.702812329742192,-7.800050140062416,-6.96123802054586,-7.640649629646437,True
2025-09-10,ETHUSDT,4310.08,4453.57,4285.1,4349.32,506633.9098,288,288,0.0006424272668176,0.0090607254738084,True,0.025346148954381,2.534614895438101,-7.3502569509996185,-7.640649629646437,-7.868209945087355,-7.0179975430224255,-7.3502569509996185,True
2025-09-11,ETHUSDT,4349.33,4481.09,4338.82,4458.82,441259.6649,288,288,0.0008141932739302,0.0248646459930884,True,0.0285340721582149,2.8534072158214987,-7.113312782884811,-7.3502569509996185,-7.922671207530705,-7.055511219937387,-7.113312782884811,True
2025-09-12,ETHUSDT,4458.83,4748.4,4450.71,4712.16,510777.5402,288,288,0.0006340117118954,0.0552622445951162,True,0.0251795891923495,2.5179589192349523,-7.363443130676536,-7.113312782884811,-7.67049058896296,-7.084825775199596,-7.363443130676536,True
2025-09-13,ETHUSDT,4712.16,4769.36,4605.0,4666.53,394393.6869,288,288,0.0003891054385765,-0.0097306468261541,True,0.0197257557162343,1.9725755716234328,-7.851660200748138,-7.363443130676536,-7.434094964789918,-7.111529484314838,-7.851660200748138,True
2025-09-14,ETHUSDT,4666.54,4692.36,4576.89,4604.49,278244.3205,288,288,0.000328454251571,-0.0133838404155694,True,0.0181233068608081,1.8123306860808148,-8.021112994361875,-7.851660200748138,-7.463864538991108,-7.212467299711801,-8.021112994361875,True
2025-09-15,ETHUSDT,4604.48,4670.28,4466.0,4523.74,412291.9687,288,288,0.0006518148766086,-0.0176928290504883,True,0.0255306654164876,2.553066541648762,-7.335749967935726,-8.021112994361875,-7.539957211934197,-7.247117704511956,-7.335749967935726,True
2025-09-16,ETHUSDT,4523.74,4538.25,4424.0,4501.29,293307.1099,288,288,0.0004335294175442,-0.0049750629760671,True,0.0208213692523869,2.082136925238696,-7.743550903505846,-7.335749967935726,-7.537055815321418,-7.288843303681569,-7.743550903505846,True
2025-09-17,ETHUSDT,4501.3,4616.77,4412.0,4590.53,476981.4561,288,288,0.0014037201895367,0.0196314634541723,True,0.0374662540099326,3.746625400993264,-6.568629288442226,-7.743550903505846,-7.663103439445625,-7.360062104822332,-6.568629288442226,True
2025-09-18,ETHUSDT,4590.54,4644.47,4553.7,4587.66,290660.377,288,288,0.0004017162751794,-0.0006253956593932,True,0.0200428609529542,2.004286095295423,-7.819764501663244,-6.568629288442226,-7.504140670998763,-7.379527472834749,-7.819764501663244,True
2025-09-19,ETHUSDT,4587.66,4620.72,4435.7,4468.59,331611.1482,288,288,0.000339045912786,-0.02629716753329,True,0.0184131994174291,1.841319941742916,-7.989375023807541,-7.819764501663244,-7.497761531181783,-7.43047393626866,-7.989375023807541,True
2025-09-20,ETHUSDT,4468.59,4508.71,4454.45,4480.42,130781.913,288,288,0.0001323206510388,0.002643869409246,True,0.0115030713741543,1.1503071374154326,-8.930282406516595,-7.989375023807541,-7.4914139370709165,-7.472090364366124,-8.930282406516595,True
2025-09-21,ETHUSDT,4480.41,4498.16,4443.0,4444.97,149349.8262,288,288,0.0001627064895702,-0.0079436722459002,True,0.0127556453999882,1.275564539998822,-8.723562657809476,-8.930282406516595,-7.810320424787091,-7.5725330509130995,-8.723562657809476,True
2025-09-22,ETHUSDT,4444.98,4455.76,4077.0,4199.08,708243.2348,288,288,0.0014197558965174,-0.0569076661108956,True,0.0376796483067111,3.767964830671117,-6.5572703260071155,-8.723562657809476,-8.006322775647817,-7.6331381304681285,-6.5572703260071155,True
2025-09-23,ETHUSDT,4199.09,4229.03,4114.39,4164.26,315227.9057,288,288,0.0005737232765873,-0.0083268649108347,True,0.0239525212991723,2.3952521299172393,-7.463363374428411,-6.5572703260071155,-8.004050983160795,-7.58439487899409,-7.463363374428411,True
2025-09-24,ETHUSDT,4164.25,4206.9,4073.74,4152.81,353665.5671,288,288,0.0004639466285645,-0.0027533752231515,True,0.0215394203395668,2.1539420339566804,-7.675741036999335,-7.463363374428411,-7.932770757713828,-7.613481983880927,-7.675741036999335,True
2025-09-25,ETHUSDT,4152.81,4161.04,3815.0,3874.36,930327.6951,288,288,0.0020538775497711,-0.0694047256674915,True,0.0453197258351275,4.531972583512754,-6.188025784748901,-7.675741036999335,-7.870043960352187,-7.649164420411484,-6.188025784748901,True
2025-09-26,ETHUSDT,3874.35,4068.3,3867.65,4032.24,575711.0859,288,288,0.0011382605737356,0.0399415649327592,True,0.0337381175191453,3.37381175191453,-6.778253994325716,-6.188025784748901,-7.3215926359986465,-7.606181893704268,-6.778253994325716,True
2025-09-27,ETHUSDT,4032.24,4039.01,3972.98,4018.38,172693.2638,288,288,0.0002294700332542,-0.0034432164711234,True,0.0151482683252663,1.5148268325266363,-8.379738111044983,-6.778253994325716,-6.932530903301895,-7.582472956877177,-8.379738111044983,True
2025-09-28,ETHUSDT,4018.39,4144.88,3966.0,4142.16,240331.8589,288,288,0.000417078166781,0.0303385545731235,True,0.0204224916888481,2.042249168884813,-7.782236903417939,-8.379738111044983,-7.29702446030947,-7.641645114707273,-7.782236903417939,True
2025-09-29,ETHUSDT,4142.16,4235.86,4082.25,4215.07,380728.6784,288,288,0.0004745867921677,0.0174488077614842,True,0.0217850130173881,2.178501301738817,-7.6530660437478755,-7.782236903417939,-7.360799166107375,-7.614736979602474,-7.6530660437478755,True
2025-09-30,ETHUSDT,4215.07,4245.0,4092.1,4145.15,391126.6172,288,288,0.0005632663549142,-0.0167272225595933,True,0.0237332331323445,2.3733233132344593,-7.481757942386038,-7.6530660437478755,-7.356264167457082,-7.574175379248206,-7.481757942386038,True
2025-10-01,ETHUSDT,4145.15,4355.46,4123.08,4348.03,507026.3822,288,288,0.0007308586505742,0.0477838928481605,True,0.0270343975441343,2.703439754413434,-7.221290481379393,-7.481757942386038,-7.61501059898451,-7.564127452550199,-7.221290481379393,True
2025-10-02,ETHUSDT,4348.03,4516.74,4332.73,4484.35,526411.1571,288,288,0.0006536091415019,0.0308706885123462,True,0.0255657806746036,2.556578067460366,-7.3330010281302735,-7.221290481379393,-7.7036178963952455,-7.545065673083516,-7.3330010281302735,True
2025-10-03,ETHUSDT,4484.35,4591.59,4428.0,4512.87,485684.0267,288,288,0.0008810103278522,0.006339757285954,True,0.0296818181358938,2.9681818135893856,-7.034441209222573,-7.3330010281302735,-7.494270479812303,-7.54428131295309,-7.034441209222573,True
2025-10-04,ETHUSDT,4512.88,4517.93,4440.0,4487.15,199732.7088,288,288,0.0002431569229738,-0.0057155584137662,True,0.0155934897625195,1.5593489762519532,-8.321803549491012,-7.034441209222573,-7.344711340973231,-7.540696241422989,-8.321803549491012,True
2025-10-05,ETHUSDT,4487.16,4618.17,4467.05,4514.32,506587.9614,288,288,0.0005795438060168,0.0060368101017176,True,0.0240737160824166,2.4073716082416605,-7.453269305260095,-8.321803549491012,-7.478458842121857,-7.584258078641829,-7.453269305260095,True
2025-10-06,ETHUSDT,4514.32,4735.93,4488.25,4684.01,456200.6528,288,288,0.0007217439390724,0.0369000142151841,True,0.0268652924620679,2.686529246206793,-7.233840137000791,-7.453269305260095,-7.472761114696669,-7.566149401574191,-7.233840137000791,True
2025-10-07,ETHUSDT,4684.02,4755.0,4430.43,4447.7,640685.9319,288,288,0.001102156146608,-0.0517674720300742,True,0.0331987371236923,3.319873712369239,-6.810486884452377,-7.233840137000791,-7.475271045820949,-7.530364271694141,-6.810486884452377,True
2025-10-08,ETHUSDT,4447.7,4558.0,4410.08,4525.72,399904.3287,288,288,0.0006705273783857,0.0173895718858483,True,0.0258945434094866,2.589454340948669,-7.307446023286169,-6.810486884452377,-7.370768217085368,-7.506488676990352,-7.307446023286169,True
2025-10-09,ETHUSDT,4525.72,4531.52,4265.06,4368.09,515978.1829,288,288,0.0008076805501421,-0.0354508378904355,True,0.0284197211482117,2.84197211482117,-7.121343936353074,-7.307446023286169,-7.425369179898089,-7.486665727889458,-7.121343936353074,True
2025-10-10,ETHUSDT,4368.09,4393.63,3435.0,3829.72,1493971.0244,288,288,0.0138291632893845,-0.1315341491554453,True,0.1175974629377034,11.75974629377034,-4.280975634818621,-7.121343936353074,-7.185277257270501,-7.511789120976315,-4.280975634818621,True
2025-10-11,ETHUSDT,3829.72,3878.3,3643.33,3746.79,789885.6582,288,288,0.0025408709380822,-0.0218922200653858,True,0.0504070524637403,5.040705246374038,-5.975248367715953,-4.280975634818621,-6.5508185231822065,-7.350935081574287,-5.975248367715953,True
2025-10-12,ETHUSDT,3746.8,4197.7,3694.74,4152.29,811308.152,288,288,0.0026801614932621,0.1027605158767873,True,0.0517702761559384,5.177027615593841,-5.921878227594965,-5.975248367715953,-6.299100169325238,-7.259383869933759,-5.921878227594965,True
2025-10-13,ETHUSDT,4152.29,4292.0,4042.29,4240.85,622813.9247,288,288,0.0017779420556028,0.0211037315683171,True,0.0421656501859369,4.216565018593695,-6.332298732071197,-5.921878227594965,-6.121378437953757,-7.1226382254373215,-6.332298732071197,True
2025-10-14,ETHUSDT,4240.86,4263.38,3888.74,4125.02,962996.7658,288,288,0.0023765272933795,-0.0276928525904752,True,0.0487496389051197,4.87496389051197,-6.042114977280387,-6.332298732071197,-5.926348979710762,-7.013944410631035,-6.042114977280387,True
2025-10-15,ETHUSDT,4125.01,4217.6,3926.74,3985.61,626081.6966,288,288,0.0014200061660637,-0.0343804937045906,True,0.0376829691779158,3.768296917791583,-6.557094065080015,-6.042114977280387,-5.710503187896224,-6.990528258416185,-6.557094065080015,True
2025-10-16,ETHUSDT,3985.61,4086.49,3826.04,3894.51,643804.6163,288,288,0.0019046401246858,-0.0231225054568657,True,0.0436421828588559,4.364218285885599,-6.263462199175478,-6.557094065080015,-6.165726873948503,-6.949334198900349,-6.263462199175478,True
2025-10-17,ETHUSDT,3894.5,3950.45,3674.5,3831.57,830127.0885,288,288,0.0020123995919972,-0.0162932282296446,True,0.0448597769945105,4.485977699451052,-6.208427442091516,-6.263462199175478,-6.223369640240408,-6.8851397062719935,-6.208427442091516,True
2025-10-18,ETHUSDT,3831.58,3927.73,3819.07,3889.21,250710.6121,288,288,0.0005458850229282,0.0149314113042959,True,0.0233641824793469,2.336418247934695,-7.513102185112184,-6.208427442091516,-6.280679483139719,-6.8860670543330205,-7.513102185112184,True
2025-10-19,ETHUSDT,3889.2,4030.94,3827.04,3982.58,408538.2545,288,288,0.0008505064140557,0.0237237983118715,True,0.0291634431104377,2.9163443110437717,-7.0696786046450955,-7.513102185112184,-6.516840173747918,-6.919469244823315,-7.0696786046450955,True
2025-10-20,ETHUSDT,3982.58,4085.3,3908.73,3979.22,511382.3301,288,288,0.000865446284747,-0.0008440302945247,True,0.0294184684296623,2.941846842966234,-7.052265247957976,-7.0696786046450955,-6.7223528992208585,-6.8599210854415,-7.052265247957976,True
2025-10-21,ETHUSDT,3979.22,4110.0,3840.24,3873.05,590594.1382,288,288,0.0019170784567562,-0.0270435098520214,True,0.0437844545102055,4.378445451020552,-6.256952888914065,-7.052265247957976,-6.821387135796451,-6.8267405556478655,-6.256952888914065,True
2025-10-22,ETHUSDT,3873.04,3889.27,3710.0,3805.53,593130.0905,288,288,0.0014731358247757,-0.017587038317257,True,0.0383814515720258,3.83814515720258,-6.520361936128997,-6.256952888914065,-6.8200852737441675,-6.763280866791785,-6.520361936128997,True
2025-10-23,ETHUSDT,3805.53,3934.86,3796.54,3856.8,477231.0181,288,288,0.0009791644734585,0.0133825520882748,True,0.0312916038812103,3.129160388121034,-6.928810928054648,-6.520361936128997,-6.8824721725516635,-6.719581048325554,-6.928810928054648,True
2025-10-24,ETHUSDT,3856.8,4026.39,3845.86,3934.88,425926.9383,288,288,0.0007607094792558,0.0200425617423606,True,0.0275809622612384,2.758096226123844,-7.181259034811106,-6.928810928054648,-6.765613921140156,-6.7062865231744295,-7.181259034811106,True
2025-10-25,ETHUSDT,3934.88,3969.22,3912.4,3953.82,138526.3338,288,288,0.0001940587511742,0.0048018143400767,True,0.013930497161776,1.3930497161776008,-8.547349603643934,-7.181259034811106,-6.787930007173358,-6.699389159841741,-8.547349603643934,True
2025-10-26,ETHUSDT,3953.81,4178.78,3919.03,4158.46,344698.0918,288,288,0.0006237281192558,0.0504626132356767,True,0.0249745494304867,2.4974549430486785,-7.3797959908632595,-8.547349603643934,-7.086946878310551,-6.7681577232245305,-7.3797959908632595,True
2025-10-27,ETHUSDT,4158.46,4253.72,4095.0,4120.15,487131.2291,288,288,0.0008990101202101,-0.0092552429617135,True,0.0299834974646084,2.9983497464608466,-7.014216266370142,-7.3797959908632595,-7.311515498700389,-6.7253391978323585,-7.014216266370142,True
2025-10-28,ETHUSDT,4120.16,4175.55,3931.33,3979.2,472965.8377,288,288,0.0010080656573461,-0.0348087763986763,True,0.0317500497219475,3.1750049721947566,-6.899721975198182,-7.014216266370142,-7.410286364748617,-6.705382241519178,-6.899721975198182,True
2025-10-29,ETHUSDT,3979.19,4036.66,3840.37,3902.99,486452.3127,288,288,0.0023005904882418,-0.0193378680035006,True,0.0479644711035346,4.796447110353469,-6.074589454979398,-6.899721975198182,-7.404468574177325,-6.690195052346334,-6.074589454979398,True
2025-10-30,ETHUSDT,3903.0,3948.74,3680.0,3805.09,531455.9923,288,288,0.0013981662219934,-0.0254032819415409,True,0.0373920609487285,3.7392060948728583,-6.572593742386328,-6.074589454979398,-7.183134658210983,-6.656745169188471,-6.572593742386328,True
2025-10-31,ETHUSDT,3804.95,3906.09,3796.36,3847.99,478636.2995,288,288,0.0011007876500106,0.0112112899255232,True,0.033178120049373,3.3178120049373026,-6.811729309951872,-6.572593742386328,-6.788183485959462,-6.623342792783933,-6.811729309951872,True
2025-11-01,ETHUSDT,3848.0,3909.39,3831.0,3873.77,152998.1626,288,288,0.0001944006157431,0.0066772590147999,True,0.0139427621274664,1.3942762127466402,-8.545589498540174,-6.811729309951872,-6.6745701497771845,-6.609269400674787,-8.545589498540174,True
2025-11-02,ETHUSDT,3873.78,3918.23,3839.12,3906.58,216083.1542,288,288,0.0003278525400163,0.0084341178720554,True,0.0181066987608562,1.810669876085624,-8.022946623789462,-8.545589498540174,-6.9808447962111915,-6.803115485389403,-8.022946623789462,True
2025-11-03,ETHUSDT,3906.58,3914.29,3558.82,3603.83,877187.3852,288,288,0.0017684948479599,-0.0806651421121008,True,0.0420534760508565,4.205347605085652,-6.337626462548936,-8.022946623789462,-7.205489725929446,-6.8961926788472905,-6.337626462548936,True
2025-11-04,ETHUSDT,3603.84,3654.54,3057.0,3287.05,1568004.2379,288,288,0.0054551421627668,-0.0920066628168478,True,0.0738589342108781,7.385893421087817,-5.211196599034522,-6.337626462548936,-7.258097127443355,-6.915090325890653,-5.211196599034522,True
2025-11-05,ETHUSDT,3287.05,3480.46,3166.66,3424.29,809591.5132,288,288,0.0019483372076091,0.0409036449492595,True,0.0441399728999589,4.413997289995891,-6.240778984220528,-5.211196599034522,-6.985817698772993,-6.864131138025349,-6.240778984220528,True
2025-11-06,ETHUSDT,3424.29,3456.46,3245.45,3315.14,566363.7003,288,288,0.0016449624841477,-0.0323942959310566,True,0.0405581370892172,4.0558137089217245,-6.410037701014103,-6.240778984220528,-6.871627633626725,-6.873161320158991,-6.410037701014103,True
2025-11-07,ETHUSDT,3315.14,3473.0,3194.2,3436.05,683417.3854,288,288,0.0024699296067721,0.035822700796963,True,0.0496983863598425,4.969838635984253,-6.003565628030914,-6.410037701014103,-6.444517274121511,-6.866476939974177,-6.003565628030914,True
2025-11-08,ETHUSDT,3436.04,3488.0,3355.58,3401.51,291532.2881,288,288,0.0007568483638779,-0.0101031051424333,True,0.0275108771920839,2.7510877192083933,-7.186347636510167,-6.003565628030914,-6.040641074969801,-6.854663459467606,-7.186347636510167,True
2025-11-09,ETHUSDT,3401.51,3623.25,3358.66,3583.46,464098.052,288,288,0.0011182603517655,0.0521093634398932,True,0.0334403999941016,3.344039999410161,-6.795981058582158,-7.186347636510167,-6.210385309762047,-6.899114377395727,-6.795981058582158,True
2025-11-10,ETHUSDT,3583.46,3658.98,3507.3,3567.85,595273.0298,288,288,0.0010786268446797,-0.004365640642718,True,0.0328424549125018,3.2842454912501826,-6.83206648692315,-6.795981058582158,-6.5273422016715745,-6.866517962553453,-6.83206648692315,True
2025-11-11,ETHUSDT,3567.85,3648.27,3405.24,3417.76,660283.2747,288,288,0.0015994274997081,-0.0429778077480697,True,0.0399928431060877,3.999284310608774,-6.438109526449071,-6.83206648692315,-6.645599702212098,-6.85571741174791,-6.438109526449071,True
2025-11-12,ETHUSDT,3417.76,3588.19,3371.65,3414.92,553101.9368,288,288,0.0016058227310144,-0.000831299040362,True,0.0400727180387658,4.007271803876586,-6.434119048743821,-6.438109526449071,-6.651214067299092,-6.827801242588413,-6.434119048743821,True
2025-11-13,ETHUSDT,3414.91,3565.84,3154.22,3231.54,951989.1347,288,288,0.0024572488622811,-0.0551952628901,True,0.0495706451670864,4.957064516708639,-6.0087129035225875,-6.434119048743821,-6.737324751441673,-6.835854249853403,-6.0087129035225875,True
2025-11-14,ETHUSDT,3231.55,3256.71,3070.0,3112.4,890446.1491,288,288,0.0042947692113339,-0.0375646710361263,True,0.0655344887165065,6.553448871650655,-5.450357459254173,-6.0087129035225875,-6.501797804844157,-6.812597475644022,-5.450357459254173,True
2025-11-15,ETHUSDT,3112.4,3230.0,3110.68,3167.88,338463.4782,288,288,0.000842207395426,0.0176684616862427,True,0.0290208096962515,2.902080969625155,-7.079484261194497,-5.450357459254173,-6.23267308497856,-6.745395045243999,-7.079484261194497,True
2025-11-16,ETHUSDT,3167.87,3249.0,3004.0,3095.29,570633.5809000001,288,288,0.002447886585586,-0.0231809931845007,True,0.0494761213676464,4.947612136764649,-6.0125302448227815,-7.079484261194497,-6.28215663983283,-6.740768919170518,-6.0125302448227815,True
2025-11-17,ETHUSDT,3095.29,3223.38,2959.46,3031.44,762500.4288999999,288,288,0.0024520092074384,-0.0208438471106893,True,0.0495177665837066,4.951776658370665,-6.010847505842466,-6.0125302448227815,-6.197040783507572,-6.625549857405918,-6.010847505842466,True
2025-11-18,ETHUSDT,3031.44,3169.95,2946.56,3123.66,766640.1058,288,288,0.0026512378562527,0.0299676370756669,True,0.0514901724239954,5.149017242399541,-5.932728632481464,-6.010847505842466,-6.112386474927301,-6.563324926268612,-5.932728632481464,True
2025-11-19,ETHUSDT,3123.65,3125.54,2873.64,3025.48,737926.7146,288,288,0.0023232999155643,-0.0319356346465714,True,0.0482006215267436,4.820062152674368,-6.064766726526036,-5.932728632481464,-6.097189620719076,-6.514166397455489,-6.064766726526036,True
2025-11-20,ETHUSDT,3025.48,3063.61,2790.01,2834.22,912524.3718,288,288,0.0020693217292553,-0.0653029895320294,True,0.0454897980788591,4.548979807885916,-6.180534392425854,-6.064766726526036,-6.220071474173449,-6.47621388615221,-6.180534392425854,True
2025-11-21,ETHUSDT,2834.21,2886.73,2623.57,2765.85,1180475.4085,288,288,0.0052592102712312,-0.0244187652116084,True,0.072520412789995,7.252041278999504,-5.24777440205364,-6.180534392425854,-6.04028150041972,-6.481029565127049,-5.24777440205364,True
2025-11-22,ETHUSDT,2765.86,2799.01,2704.33,2770.12,264691.3089,288,288,0.0009997113724413,0.0015426387233996,True,0.0316182126699367,3.161821266993672,-6.9080439482017875,-5.24777440205364,-5.887330331865892,-6.4208105042028345,-6.9080439482017875,True
2025-11-23,ETHUSDT,2770.12,2858.16,2768.29,2802.16,409808.5734,288,288,0.000949326543817,0.0114999077939583,True,0.0308111431760821,3.0811143176082156,-6.959757726004252,-6.9080439482017875,-6.066769620337756,-6.425188442305105,-6.959757726004252,True
2025-11-24,ETHUSDT,2802.16,2987.0,2763.0,2953.38,715279.7551,288,288,0.0022411079871334,0.0525597288239365,True,0.0473403420681921,4.734034206819212,-6.100784898294675,-6.959757726004252,-6.2721754390423134,-6.353105179917108,-6.100784898294675,True
2025-11-25,ETHUSDT,2953.38,2980.82,2857.32,2959.36,427686.4528,288,288,0.0015868159253277,0.0020227515632168,True,0.0398348581687917,3.983485816879171,-6.446025833246593,-6.100784898294675,-6.279379073396042,-6.265734192394618,-6.446025833246593,True
2025-11-26,ETHUSDT,2959.36,3045.0,2888.69,3026.56,364535.326,288,288,0.001087371423408,0.0224536322916634,True,0.0329753153648008,3.2975315364800832,-6.823992033340278,-6.446025833246593,-6.33247736156019,-6.270661436517238,-6.823992033340278,True
2025-11-27,ETHUSDT,3026.56,3071.37,2985.78,3015.23,274980.3955,288,288,0.0006175574236021,-0.0037505485232762,True,0.0248507026782369,2.485070267823699,-7.389738500098176,-6.823992033340278,-6.647720887817518,-6.3439703198947734,-7.389738500098176,True
2025-11-28,ETHUSDT,3015.23,3099.0,2994.36,3031.15,346616.0275,288,288,0.0008598480076552,0.0052659729587203,True,0.0293231650347513,2.9323165034751337,-7.058754919620893,-7.389738500098176,-6.744059798196796,-6.396195752434665,-7.058754919620893,True
2025-11-29,ETHUSDT,3031.14,3052.64,2961.91,2989.16,217904.1303,288,288,0.0003505650919376,-0.0139496739910564,True,0.0187233835600736,1.872338356007365,-7.955964157069708,-7.058754919620893,-6.763859236920124,-6.425682898734974,-7.955964157069708,True
2025-11-30,ETHUSDT,2989.17,3053.02,2975.3,2991.26,182722.4253,288,288,0.0003483262536069,0.0007022918411447,True,0.0186635005721592,1.866350057215929,-7.9623710070135125,-7.955964157069708,-7.13489508867513,-6.514428286418555,-7.9623710070135125,True
2025-12-01,ETHUSDT,2991.25,2999.47,2716.04,2799.07,849002.9909,288,288,0.0018712496113444,-0.0664074841664907,True,0.0432579427544175,4.325794275441753,-6.281148829928841,-7.9623710070135125,-7.438164123428512,-6.54970207598689,-6.281148829928841,True
2025-12-02,ETHUSDT,2799.07,3033.76,2782.19,2996.07,523707.3586,288,288,0.0011814293030278,0.068014210715649,True,0.0343719260884211,3.43719260884211,-6.741030299752393,-6.281148829928841,-7.329595482746226,-6.526300611048103,-6.741030299752393,True
2025-12-03,ETHUSDT,2996.07,3214.99,2985.58,3188.36,553669.8146,288,288,0.0020076284877453,0.0622052481475722,True,0.0448065674622075,4.480656746220752,-6.210801110333335,-6.741030299752393,-7.1998538426770695,-6.522162602540342,-6.210801110333335,True
2025-12-04,ETHUSDT,3188.39,3240.35,3066.37,3133.26,486698.3987,288,288,0.0015773540154013,-0.0174326819369342,True,0.0397159163988608,3.9715916398860815,-6.4520065095735974,-6.210801110333335,-7.030263080819557,-6.511830401807808,-6.4520065095735974,True
2025-12-05,ETHUSDT,3133.26,3193.33,2983.08,3021.78,530382.8986,288,288,0.0013956072847677,-0.0362279343486574,True,0.0373578276237762,3.735782762377625,-6.574425628854659,-6.4520065095735974,-6.729471551320335,-6.51264346820916,-6.574425628854659,True
2025-12-06,ETHUSDT,3021.77,3069.0,3012.58,3038.06,159721.2488,288,288,0.000371255022447,0.0053730920839855,True,0.0192679791998809,1.926797919988095,-7.898621339462106,-6.574425628854659,-6.451882475688565,-6.538357682996982,-7.898621339462106,True
2025-12-07,ETHUSDT,3038.06,3150.0,2907.52,3059.85,391129.675,288,288,0.0015053696809659,0.0071467413409727,True,0.0387990938162991,3.87990938162991,-6.498716775751394,-7.898621339462106,-6.775376977595218,-6.649642404824615,-6.498716775751394,True
2025-12-08,ETHUSDT,3059.86,3180.51,3040.87,3124.16,452820.2207,288,288,0.0012030224339207,0.0207995519002251,True,0.0346846137922967,3.4684613792296703,-6.722918193850339,-6.498716775751394,-6.726914272795018,-6.623243882759019,-6.722918193850339,True
2025-12-09,ETHUSDT,3124.16,3397.85,3090.8,3318.04,603859.9458,288,288,0.0017338443197611,0.0602088000955085,True,0.0416394562856086,4.16394562856086,-6.357414185645633,-6.722918193850339,-6.829337689498419,-6.6555342440784555,-6.357414185645633,True
2025-12-10,ETHUSDT,3318.04,3447.44,3288.1,3324.14,539585.4535,288,288,0.0016581808089967,0.0018367468857933,True,0.0407207663115118,4.072076631151182,-6.402034175743954,-6.357414185645633,-6.810419224712826,-6.6712872749785985,-6.402034175743954,True
2025-12-11,ETHUSDT,3324.14,3327.37,3145.28,3237.39,504114.2391,288,288,0.0012544941254594,-0.0264435444220172,True,0.0354188385673428,3.541883856734282,-6.681022874943253,-6.402034175743954,-6.775940934090686,-6.692619345126894,-6.681022874943253,True
2025-12-12,ETHUSDT,3237.38,3265.5,3045.31,3084.86,435686.4435,288,288,0.0012135655236621,-0.0482611741620486,True,0.0348362673612168,3.4836267361216833,-6.714192538654092,-6.681022874943253,-6.532421241186915,-6.720630988236766,-6.714192538654092,True
2025-12-13,ETHUSDT,3084.86,3135.68,3078.6,3114.64,136465.7567,288,288,0.0002465465877382,0.009607300284868,True,0.015701802053849,1.570180205384906,-8.307959585429662,-6.714192538654092,-6.575516393767454,-6.744888176701687,-8.307959585429662,True
2025-12-14,ETHUSDT,3114.64,3129.54,3024.44,3063.5,279058.3545,288,288,0.0005213589163031,-0.0165555225537015,True,0.0228332852717945,2.2833285271794588,-7.559071854538481,-8.307959585429662,-6.89252467208332,-6.883987503218779,-7.559071854538481,True
2025-12-15,ETHUSDT,3063.49,3177.5,2894.57,2964.85,520509.9555,288,288,0.0016295194309043,-0.0327316122328351,True,0.0403673064608516,4.036730646085162,-6.41947013529976,-7.559071854538481,-7.132856205861889,-6.913579680779537,-6.41947013529976,True
2025-12-16,ETHUSDT,2964.85,2981.87,2876.0,2962.3,378293.1159,288,288,0.0011478814743602,-0.0008604473169489,True,0.0338803995602208,3.388039956022082,-6.769837231745765,-6.41947013529976,-7.136343397773049,-6.889021153929334,-6.769837231745765,True
2025-12-17,ETHUSDT,2962.3,3030.92,2791.02,2833.49,497630.4162,288,288,0.0019105500595693,-0.0444568262166425,True,0.0437098393907983,4.370983939079834,-6.26036408908126,-6.769837231745765,-7.154106269133552,-6.919432623631655,-6.26036408908126,True
2025-12-18,ETHUSDT,2833.5,2997.4,2775.19,2828.57,595253.7997,288,288,0.0025226935064237,-0.0017378838226021,True,0.0502264223932361,5.022642239323612,-5.982428096518698,-6.26036408908126,-7.063340579218986,-6.910993453442322,-5.982428096518698,True
2025-12-19,ETHUSDT,2828.56,3020.0,2808.63,2979.5,531702.5439,288,288,0.0016267137396868,0.0519842176103534,True,0.0403325394648891,4.033253946488915,-6.421193409871847,-5.982428096518698,-6.598234281436793,-6.8727405472231595,-6.421193409871847,True
2025-12-20,ETHUSDT,2979.49,2994.41,2964.17,2977.93,91783.7734,288,288,0.0001299595889054,-0.0005270729278725,True,0.0113999819695227,1.139998196952277,-8.948287010407835,-6.421193409871847,-6.370658592503466,-6.828715770394691,-8.948287010407835,True
2025-12-21,ETHUSDT,2977.93,3013.4,2944.0,3002.02,162244.8067,288,288,0.0003401813166809,0.0080569671372373,True,0.0184440048980942,1.8444004898094264,-7.986031798144047,-8.948287010407835,-6.876421967525081,-6.9146035927031875,-7.986031798144047,True
2025-12-22,ETHUSDT,3002.03,3077.39,2963.43,3009.49,298443.5633,288,288,0.0009042575471526,0.0024852337748091,True,0.0300708753971783,3.007087539717839,-7.008396340854926,-7.986031798144047,-7.119660880804737,-6.915970303661112,-7.008396340854926,True
2025-12-23,ETHUSDT,3009.48,3035.79,2900.93,2965.02,386465.747,288,288,0.000760670774991,-0.0148868513995666,True,0.027580260604118,2.7580260604118063,-7.181309915272713,-7.008396340854926,-7.269267331159471,-6.872607818835721,-7.181309915272713,True
2025-12-24,ETHUSDT,2965.03,2978.15,2888.7,2947.47,197035.5598,288,288,0.0004786183852019,-0.005936602528959,True,0.0218773486785302,2.187734867853022,-7.644606968681436,-7.181309915272713,-7.5090436949102735,-6.913524231805898,-7.644606968681436,True
2025-12-25,ETHUSDT,2947.48,2971.46,2891.2,2903.95,188721.2981,288,288,0.0003048296571798,-0.014875296077073,True,0.0174593716146904,1.7459371614690498,-8.095757438426505,-7.644606968681436,-7.753726406672191,-6.954595898575399,-8.095757438426505,True
2025-12-26,ETHUSDT,2903.9,2994.38,2894.26,2927.99,314830.9989,288,288,0.000511454346774,0.0082443016092143,True,0.022615356437033,2.2615356437033043,-7.578252230174702,-8.095757438426505,-7.583220492275925,-7.040275731670544,-7.578252230174702,True
2025-12-27,ETHUSDT,2928.0,2960.89,2917.13,2949.05,95040.3956,288,288,8.744262511885148e-05,0.0071669037966868,True,0.0093510761476341,0.9351076147634104,-9.344527692601861,-7.578252230174702,-7.501664578682056,-7.091468718970595,-9.344527692601861,True
2025-12-28,ETHUSDT,2949.05,2961.23,2924.54,2950.91,128834.139,288,288,0.0001307159553269,0.0006305127701286,True,0.0114331078594985,1.143310785949856,-8.942483868832962,-9.344527692601861,-7.968890849031443,-7.2173824491409215,-8.942483868832962,True
2025-12-29,ETHUSDT,2950.91,3057.78,2910.25,2937.9,485959.1824,288,288,0.0007909732141547,-0.0044185569467769,True,0.0281242460193113,2.812424601931135,-7.142246454038388,-8.942483868832962,-8.321125639743494,-7.264830745930507,-7.142246454038388,True
2025-12-30,ETHUSDT,2937.91,3009.8,2919.44,2973.69,286583.2879,288,288,0.000517608167326,0.0121085654739934,True,0.0227510036553562,2.2751003655356214,-7.566292035678735,-7.142246454038388,-8.220653536814883,-7.294082094943551,-7.566292035678735,True
2025-12-31,ETHUSDT,2973.69,3028.08,2958.91,2971.64,233729.5887,288,288,0.0002770388817671,-0.000689616919917,True,0.0166444850255921,1.6644485025592144,-8.191352694237263,-7.566292035678735,-8.11476045626533,-7.3324172695721135,-8.191352694237263,True
