date,symbol,realized_variance,realized_volatility,target_log_variance,daily_log_variance,weekly_log_variance,monthly_log_variance
2020-01-24,ETHUSDT,0.0013462370446668,0.0366911030723637,-6.6104419528144085,-6.881393832666976,-6.831454986731953,-6.651588234058278
2020-01-25,ETHUSDT,0.0009132075341997,0.0302193238541131,-6.998547393014481,-6.6104419528144085,-7.012905704181246,-6.6072956569702885
2020-01-26,ETHUSDT,0.0007231347057089,0.0268911640824445,-7.231915038209915,-6.998547393014481,-7.020383208957125,-6.629256172569243
2020-01-27,ETHUSDT,0.0008938546851762,0.0298974026493315,-7.0199673405481935,-7.231915038209915,-7.069493226502277,-6.626974617719332
2020-01-28,ETHUSDT,0.0010076522064865,0.0317435380272362,-6.900132202118146,-7.0199673405481935,-6.948453111450794,-6.611249859682727
2020-01-29,ETHUSDT,0.0008729052657112,0.0295449702269484,-7.043683523807667,-6.900132202118146,-6.952200785341029,-6.615098926429099
2020-01-30,ETHUSDT,0.0014075765720647,0.0375176834581337,-6.565885796542326,-7.043683523807667,-7.03884909953968,-6.613440055268978
2020-01-31,ETHUSDT,0.0011648086437973,0.0341292930456715,-6.755198459706925,-6.565885796542326,-6.9523167802452495,-6.6197358789245735
2020-02-01,ETHUSDT,0.0008451647262065,0.0290717169463127,-7.07597900734966,-6.755198459706925,-6.856973464544652,-6.609232564519578
2020-02-02,ETHUSDT,0.001116694138787,0.0334169738125265,-6.797382620217087,-7.07597900734966,-6.868175797904945,-6.633665830641206
2020-02-03,ETHUSDT,0.0013278565291294,0.0364397657666653,-6.624189269058254,-6.797382620217087,-6.847625881524733,-6.655120595852922
2020-02-04,ETHUSDT,0.0008584280517611,0.0292989428437463,-7.060407688056503,-6.624189269058254,-6.7637270305748505,-6.630587473151994
2020-02-05,ETHUSDT,0.0013356664089281,0.0365467701572677,-6.618324928962492,-7.060407688056503,-6.862631408877685,-6.603672813941185
2020-02-06,ETHUSDT,0.0027292645512105,0.0522423635683775,-5.9037231012396525,-6.618324928962492,-6.835256702728799,-6.674218955689784
2020-02-07,ETHUSDT,0.0015113768506666,0.0388764305288771,-6.494734221978611,-5.9037231012396525,-6.600805521506798,-6.686010663128459
2020-02-08,ETHUSDT,0.0014832223629823,0.0385126260203375,-6.5135382857432225,-6.494734221978611,-6.540275841859104,-6.708924135950034
2020-03-27,ETHUSDT,0.0022519855773562,0.0474550901100846,-6.095942973096338,-6.31718764456248,-5.543962454125517,-5.135364115174722
2020-03-28,ETHUSDT,0.0030362761869275,0.0551024154364178,-5.797123452925101,-6.095942973096338,-5.688460503433079,-5.0934060004467705
2020-03-29,ETHUSDT,0.0011989763277634,0.0346262375629157,-6.726287146448259,-5.797123452925101,-5.821696285251735,-5.0425109077085954
2020-03-30,ETHUSDT,0.001845925148338,0.0429642310339431,-6.2947746917528224,-6.726287146448259,-6.110513974980958,-5.050327803357747
2020-03-31,ETHUSDT,0.0009298831250286,0.0304939850631005,-6.98045165172662,-6.2947746917528224,-6.2462631817570005,-5.107265579735007
2020-04-01,ETHUSDT,0.0012338675521912,0.0351264508909067,-6.6976016913573355,-6.98045165172662,-6.378915983189827,-5.204932325359223
2020-04-02,ETHUSDT,0.0047070477630252,0.0686079278438379,-5.358694369381728,-6.6976016913573355,-6.499247726842027,-5.238591694225496
2020-04-03,ETHUSDT,0.001905330583184,0.0436500925907843,-6.263099750979049,-5.358694369381728,-6.4115619101333525,-5.22740939902717
2020-04-04,ETHUSDT,0.0018923749429982,0.0435014361027115,-6.269922655154063,-6.263099750979049,-6.318924431039511,-5.377028088407644
2020-04-05,ETHUSDT,0.0008066742113133,0.0284020106913819,-7.122590674657662,-6.269922655154063,-6.3139540237197584,-5.564460571876132
2020-04-06,ETHUSDT,0.003737541102415,0.0611354324628122,-5.58932734302413,-7.122590674657662,-6.342381828305967,-5.660187116168882
2020-04-07,ETHUSDT,0.0034874555781981,0.0590546829489258,-5.6585828693500115,-5.58932734302413,-6.1207269586393265,-5.68538408802444
2020-04-08,ETHUSDT,0.0025983725536909,0.0509742342138745,-5.952869970825601,-5.6585828693500115,-6.180704658632983,-5.761870773425775
2020-04-09,ETHUSDT,0.001286650478737,0.0358699104924598,-6.655712965545139,-5.952869970825601,-6.118658702602294,-5.802884904590113
2020-04-10,ETHUSDT,0.0031610299276627,0.0562230373393568,-5.756857378010274,-6.655712965545139,-6.195816764680509,-5.861478854994328
2020-04-11,ETHUSDT,0.0012939919101105,0.035972099050661,-6.650023334769571,-5.756857378010274,-5.922670105351031,-5.899457275898035
2020-04-12,ETHUSDT,0.0012089282090559,0.0347696449371571,-6.718021089546068,-6.650023334769571,-6.134809303700119,-6.022121433665704
2020-04-13,ETHUSDT,0.0027402585407398,0.0523474788384299,-5.899703005099354,-6.718021089546068,-6.34669694773933,-6.104895285417152
2020-04-14,ETHUSDT,0.001300078032416,0.0360565948533139,-6.6453309913806855,-5.899703005099354,-6.336063554594081,-6.128815752623553
2020-04-15,ETHUSDT,0.0012054553884681,0.0347196686111504,-6.720897867690525,-6.6453309913806855,-6.3339871597611905,-6.197651500239411
2020-04-16,ETHUSDT,0.0055462232841712,0.0744729701581135,-5.194638072200277,-6.720897867690525,-6.52679525769724,-6.263046917052519
2020-04-17,ETHUSDT,0.0014922935024786,0.0386302148904025,-6.507441079067959,-5.194638072200277,-6.235718205183382,-6.243892799521959
2020-04-18,ETHUSDT,0.0022500136051835,0.0474343083135352,-6.096819016035868,-6.507441079067959,-6.193602203087759,-6.252540682908571
2020-04-19,ETHUSDT,0.0021557802189938,0.0464303803451348,-6.139602570373752,-6.096819016035868,-6.233025405275063,-6.252580503042186
2020-04-20,ETHUSDT,0.0031023279875064,0.0556985456498319,-5.775602485611454,-6.139602570373752,-6.131879721073676,-6.268147735653489
2020-04-21,ETHUSDT,0.001653079145301,0.0406580760157326,-6.405115581494532,-5.775602485611454,-5.9428206446578615,-6.2249347965245425
2020-04-22,ETHUSDT,0.0011585056347559,0.0340368276247356,-6.760624350266037,-6.405115581494532,-6.184916146516713,-6.229950291512802
2020-04-23,ETHUSDT,0.0021296312249185,0.0461479276340613,-6.151806448091277,-6.760624350266037,-6.235552800756328,-6.219958141446413
2020-04-24,ETHUSDT,0.0009685374085812,0.0311213336568536,-6.939723450585721,-6.151806448091277,-6.246550287167411,-6.195149266752501
2020-05-18,ETHUSDT,0.0012296105273003,0.0350658028184211,-6.701057804211557,-7.219511640974039,-6.825585580123698,-6.521900880285907
2020-05-19,ETHUSDT,0.0008050093245975,0.0283726862421866,-7.124656697261866,-6.701057804211557,-6.781041413926533,-6.5004265902057
2020-05-20,ETHUSDT,0.0006467181385819,0.0254306535225105,-7.343600001997377,-7.124656697261866,-6.942020397511614,-6.504606893790878
2020-05-21,ETHUSDT,0.0015304251491328,0.0391206486287334,-6.482209706927773,-7.343600001997377,-7.079518820392775,-6.510398363797597
2020-05-22,ETHUSDT,0.0010834726386373,0.0329161455616746,-6.827583990064169,-6.482209706927773,-6.974207170274522,-6.520828244339521
2020-05-23,ETHUSDT,0.0007453066556034,0.0273003050459779,-7.201714806016674,-6.827583990064169,-6.895821640092549,-6.591409723623591
2020-05-24,ETHUSDT,0.001100641453479,0.0331759167692318,-6.811862129611232,-7.201714806016674,-6.995953040453571,-6.621809111889308
2020-05-25,ETHUSDT,0.0007611760094566,0.0275894184327374,-7.180645939780141,-6.811862129611232,-6.933394126923444,-6.593395719209329
2020-05-26,ETHUSDT,0.0006114914292685,0.0247283527407005,-7.399609618849416,-7.180645939780141,-6.900803314479998,-6.617324225492237
2020-05-27,ETHUSDT,0.0004794100531004,0.0218954345264125,-7.64295426601198,-7.399609618849416,-7.084283296864326,-6.68439431994011
2020-05-28,ETHUSDT,0.0006007556517265,0.0245103172506298,-7.417322275607512,-7.64295426601198,-7.247357352053887,-6.736971996966512
2020-05-29,ETHUSDT,0.0010268690936389,0.0320447982305852,-6.881240820971243,-7.417322275607512,-7.290478845972056,-6.771821423950748
2020-05-30,ETHUSDT,0.0021598514993429,0.0464742025143301,-6.137715809953687,-6.881240820971243,-7.304354584244058,-6.806465687415447
2020-05-31,ETHUSDT,0.0016532043324905,0.0406596154985579,-6.4050398546608225,-6.137715809953687,-7.095768558278768,-6.781421201554787
2020-06-01,ETHUSDT,0.0014548539491508,0.0381425477537992,-6.532849761987465,-6.4050398546608225,-6.89685460544105,-6.7497394518841425
2020-06-02,ETHUSDT,0.0068134115231476,0.0825433917594113,-4.988862326380455,-6.532849761987465,-6.6748337046361454,-6.846854436041093
2020-06-03,ETHUSDT,0.0007881388665808,0.0280738110448305,-7.145836257007102,-4.988862326380455,-6.189141714790734,-6.817749335297083
2020-06-04,ETHUSDT,0.0011116549660726,0.0333414901597494,-6.801905413610075,-7.145836257007102,-6.242060801997907,-6.834213180359953
2020-06-05,ETHUSDT,0.0009186513083589,0.0303092610988614,-6.992603932680419,-6.801905413610075,-6.374898722729183,-6.82867348846962
2020-06-06,ETHUSDT,0.0005212783551235,0.0228315210865065,-7.559226388012332,-6.992603932680419,-6.492411538333103,-6.859257222712528
2020-06-07,ETHUSDT,0.0006891319899376,0.0262513235844914,-7.280077737898758,-7.559226388012332,-6.697686863538077,-6.900308063640744
2020-06-08,ETHUSDT,0.0004085643637046,0.0202129751324408,-7.802861094987289,-7.280077737898758,-7.155929945841737,-6.912640326385278
2020-06-09,ETHUSDT,0.001354483806576,0.0368033124402684,-6.604334851788551,-7.802861094987289,-7.287334913437775,-6.939156210658607
2020-06-10,ETHUSDT,0.0007044995502471,0.0265424104076311,-7.258022865025885,-6.604334851788551,-7.247820801073471,-6.934759712821196
2020-06-11,ETHUSDT,0.0021075305952273,0.0459078489501233,-6.162238350885311,-7.258022865025885,-7.300904587542563,-6.940821811355925
2020-06-12,ETHUSDT,0.0006799275396386,0.0260754202197894,-7.293524324826973,-6.162238350885311,-7.0215069801171595,-6.887123554487196
2020-06-13,ETHUSDT,0.000307109546268,0.0175245412569938,-8.088306045790603,-7.293524324826973,-7.024196297502802,-6.924001491664431
2020-06-14,ETHUSDT,0.0005051083176566,0.0224746149612541,-7.590737661279585,-8.088306045790603,-7.081285287663465,-6.981307039651997
2020-06-15,ETHUSDT,0.0013503622089279,0.0367472748503608,-6.607382419609032,-7.590737661279585,-7.278565849561671,-6.998989896709401
2020-06-16,ETHUSDT,0.0005799429690225,0.0240820050872551,-7.452580788530001,-6.607382419609032,-7.1484377604783,-6.9896953644365745
2020-06-17,ETHUSDT,0.0004750559881993,0.0217957791372391,-7.65207789098248,-7.452580788530001,-7.406506248007238,-7.00205603937975
2020-06-18,ETHUSDT,0.0003831786680666,0.0195749500144094,-7.867009181301738,-7.65207789098248,-7.47821696123834,-7.013531869931254
2020-06-19,ETHUSDT,0.0004837348151463,0.021993972245739,-7.633973703991405,-7.867009181301738,-7.433957588340567,-7.0237161842626055
2020-06-20,ETHUSDT,0.0002032336618659,0.0142560044144894,-8.50115419719097,-7.633973703991405,-7.442604796882932,-7.033563976461874
2020-06-21,ETHUSDT,0.000168844856026,0.0129940315539879,-8.686530276352459,-8.50115419719097,-7.821359152399319,-7.107196402653679
2020-06-22,ETHUSDT,0.0006339044923991,0.025177460006901,-7.363612257778458,-8.686530276352459,-8.06814904996381,-7.223051605671805
2020-06-23,ETHUSDT,0.0003375538800652,0.0183726394419881,-7.993785415755909,-7.363612257778458,-8.010455923323004,-7.266623078540788
2020-06-24,ETHUSDT,0.0011001052630408,0.0331678347656415,-6.812349410082705,-7.993785415755909,-8.035811170213838,-7.333029244621173
2020-06-25,ETHUSDT,0.0007321292029009,0.0270578861499006,-7.219553552883218,-6.812349410082705,-7.8714863114321005,-7.4159150211530935
2020-06-26,ETHUSDT,0.0005697617514367,0.0238696826840389,-7.470292264449254,-7.219553552883218,-7.61516618257055,-7.419265807329279
2020-06-27,ETHUSDT,0.0008843764337632,0.0297384672396421,-7.030627755917647,-7.470292264449254,-7.3719185801899085,-7.44964702782197
2020-07-21,ETHUSDT,0.0003533608456491,0.0187978947132168,-7.9480207975129735,-8.405277845619226,-8.38149040484322,-7.912364006285498
2020-07-22,ETHUSDT,0.0026419516185182,0.0513999184680112,-5.936237385495477,-7.9480207975129735,-8.469610358704921,-7.934994636704435
2020-07-23,ETHUSDT,0.001226652779874,0.0350236031823397,-6.7034661362883785,-5.936237385495477,-7.949381526083405,-7.850762338756994
2020-07-24,ETHUSDT,0.001251966334502,0.0353831363010971,-6.683039896041155,-6.7034661362883785,-7.513726929070605,-7.80396997220347
2020-07-25,ETHUSDT,0.0020250820894227,0.0450009120954534,-6.202145041258758,-6.683039896041155,-7.135208412191441,-7.77894112212112
2020-07-26,ETHUSDT,0.0026102552033814,0.0510906567131549,-5.948307283354263,-6.202145041258758,-6.694581851319349,-7.693374770347501
2020-07-27,ETHUSDT,0.004748224536384,0.0689073619897327,-5.349984512623316,-5.948307283354263,-6.294639148487606,-7.583611016625406
2020-07-28,ETHUSDT,0.0023752590702195,0.0487366296559328,-6.042648765246879,-5.349984512623316,-6.177388573913174,-7.4689635615513765
2020-07-29,ETHUSDT,0.0012839037605033,0.0358316028179502,-6.657850029402525,-6.042648765246879,-6.045225099704875,-7.40340058917937
2020-07-30,ETHUSDT,0.0013580481811926,0.0368517052684494,-6.601706770951747,-6.657850029402525,-6.040187126377148,-7.368758878713661
2020-07-31,ETHUSDT,0.0015893591132351,0.0398667670276283,-6.444424417442974,-6.601706770951747,-6.120099472315746,-7.343080015789798
2020-08-01,ETHUSDT,0.0026965704906089,0.0519285132716987,-5.915774502008595,-6.444424417442974,-6.219322899133488,-7.298728326564362
2020-08-02,ETHUSDT,0.0131121661719238,0.1145083672572612,-4.334214764350337,-5.915774502008595,-6.3324808970105435,-7.216003082894809
2020-08-03,ETHUSDT,0.0027774801771518,0.0527018043064163,-5.886211173415003,-4.334214764350337,-5.990794096831236,-7.026240993012006
2020-08-04,ETHUSDT,0.0018760161007837,0.0433130015212956,-6.278604845927631,-5.886211173415003,-5.836466325633731,-6.955899962274143
2020-08-05,ETHUSDT,0.0015399289799082,0.0392419288505067,-6.4760189805627455,-6.278604845927631,-5.771845940628909,-6.886572478126447
2020-08-06,ETHUSDT,0.00072701691499,0.0269632511947293,-7.22656081386511,-6.4760189805627455,-5.778164853252862,-6.815843527874762
2020-08-07,ETHUSDT,0.0021561838926333,0.0464347272268648,-6.1394153361434896,-7.22656081386511,-6.040322115624166,-6.751939460907454
2020-08-08,ETHUSDT,0.0010953102830914,0.0330954722445747,-6.816717592299752,-6.1394153361434896,-6.401362229982796,-6.68975738399559
2020-08-09,ETHUSDT,0.0013474428085248,0.0367075306786614,-6.609546698735047,-6.816717592299752,-6.5874635137597455,-6.611545385981804
2020-08-10,ETHUSDT,0.0013680570703617,0.0369872555126995,-6.594363742551296,-6.609546698735047,-6.653651884321228,-6.508263912226469
2020-08-11,ETHUSDT,0.0019441822629868,0.0440928822258977,-6.24291382065832,-6.594363742551296,-6.677320836718939,-6.418206242322577
2020-08-12,ETHUSDT,0.0012205668754637,0.0349366122493826,-6.708439876134867,-6.24291382065832,-6.48059143807758,-6.319916968460717
2020-08-13,ETHUSDT,0.0037884442624095,0.0615503392550324,-5.575799829012146,-6.708439876134867,-6.594396346075857,-6.263572381125348
2020-08-14,ETHUSDT,0.0018484697445313,0.0429938337966193,-6.293397147299952,-5.575799829012146,-6.346212793418336,-6.247188855830651
2020-08-15,ETHUSDT,0.0011818406445922,0.0343779092527778,-6.7406821875369705,-6.293397147299952,-6.282982883131316,-6.228549356331178
2020-08-16,ETHUSDT,0.0014528665517858,0.0381164866138769,-6.534216741842534,-6.7406821875369705,-6.312246572128451,-6.231169460490079
2020-08-17,ETHUSDT,0.001862591615805,0.0431577526732454,-6.2857864192263735,-6.534216741842534,-6.370507156365294,-6.246263628698432
2020-08-18,ETHUSDT,0.0015034577468344,0.0387744470861217,-6.499987659133519,-6.2857864192263735,-6.285976464983595,-6.261603589419891
2020-08-19,ETHUSDT,0.002786908718981,0.052791180314339,-5.882822283447475,-6.499987659133519,-6.470814031007869,-6.313876459715809
2020-08-20,ETHUSDT,0.00118456182623,0.0344174639715081,-6.738382339670193,-5.882822283447475,-6.388699058237375,-6.30661161963402
2020-08-21,ETHUSDT,0.0019959768908428,0.0446763571796403,-6.216621678893955,-6.738382339670193,-6.388239088664019,-6.31027217919164
2020-08-22,ETHUSDT,0.0011217134226731,0.0334919904256689,-6.7928979210183735,-6.216621678893955,-6.3247200760743025,-6.29276831137083
2020-08-23,ETHUSDT,0.0008126932487365,0.0285077752330237,-7.115156827442155,-6.7928979210183735,-6.426142376432703,-6.308608016078804
2020-08-24,ETHUSDT,0.0009758524892581,0.0312386377625233,-6.932199121028914,-7.115156827442155,-6.54917621009443,-6.363125394507602
2020-08-25,ETHUSDT,0.0022260902847036,0.0471814612395973,-6.107508467785247,-6.932199121028914,-6.759051577610718,-6.4812155925384465
2020-08-26,ETHUSDT,0.0011540339831083,0.0339710756837105,-6.764491663229037,-6.107508467785247,-6.63287680323373,-6.491274560464367
2020-08-27,ETHUSDT,0.0015219662504416,0.0390123858593867,-6.4877521942683956,-6.764491663229037,-6.7424508001007455,-6.5133603248871585
2020-08-28,ETHUSDT,0.0008245428425173,0.0287148540396313,-7.100681455498579,-6.4877521942683956,-6.68142165475075,-6.513893652782869
2020-08-29,ETHUSDT,0.0006212515772518,0.0249249188013091,-7.383774441720763,-7.100681455498579,-6.678526580362035,-6.508171863766208
2020-08-30,ETHUSDT,0.0007746495901386,0.0278325275556968,-7.163099772614477,-7.383774441720763,-6.768841644500403,-6.564733641292448
2020-08-31,ETHUSDT,0.001012077230759,0.0318131612820706,-6.895750396049454,-7.163099772614477,-6.9799599054662504,-6.580478285852209
2020-09-01,ETHUSDT,0.0026905006437335,0.0518700360876449,-5.918027989773167,-6.895750396049454,-7.006211652030333,-6.593487544821046
2020-09-02,ETHUSDT,0.005558259596942,0.0745537363043732,-5.192470241854034,-5.918027989773167,-6.892266811131289,-6.562745010603857
2020-09-03,ETHUSDT,0.0063364468244138,0.0796018016405023,-5.061437105426583,-5.192470241854034,-6.510624568402379,-6.514997575203663
2020-09-04,ETHUSDT,0.0065325811509009,0.0808243846305117,-5.030953138005886,-5.061437105426583,-6.046157101143543,-6.4401338128987415
2020-09-05,ETHUSDT,0.0158132896727643,0.1257509032681846,-4.146904573961787,-5.030953138005886,-5.619727774221825,-6.415368054216639
2020-09-06,ETHUSDT,0.007993083227673,0.0894040448059988,-4.829178707822342,-4.146904573961787,-5.069958609804291,-6.317800209973995
2020-09-07,ETHUSDT,0.0047234273794765,0.0687271953412659,-5.355220603176965,-4.829178707822342,-4.852188753414127,-6.230913688168783
2020-09-08,ETHUSDT,0.0046575481593565,0.0682462318326552,-5.369266115368828,-5.355220603176965,-4.8847388256787125,-6.177322954593077
2020-09-09,ETHUSDT,0.0021434468701465,0.04629737433318,-6.145340058729118,-5.369266115368828,-4.946304627667162,-6.13566294078137
2020-09-10,ETHUSDT,0.002912632206554,0.0539688077184777,-5.8386980683123,-6.145340058729118,-5.169182011811808,-6.119542595308443
2020-09-11,ETHUSDT,0.001687950552504,0.0410846753973309,-6.384240176777721,-5.8386980683123,-5.50754071068191,-6.117536949165935
2020-09-12,ETHUSDT,0.0011440896018928,0.0338243935923888,-6.773146065758776,-6.384240176777721,-5.818553004472986,-6.101439578125366
2020-09-13,ETHUSDT,0.0017129236748498,0.0413874821032862,-6.369553617054421,-6.773146065758776,-6.102138096989348,-6.126736141164678
2020-09-14,ETHUSDT,0.0022482369248403,0.0474155768164888,-6.097608958891976,-6.369553617054421,-6.302195597326467,-6.107493218257225
2020-09-15,ETHUSDT,0.0015032787265571,0.0387721385347405,-6.500106738593323,-6.097608958891976,-6.292649377359038,-6.061241042414036
2020-09-16,ETHUSDT,0.0012449278417778,0.0352835349954882,-6.688677709156526,-6.500106738593323,-6.424931111415243,-6.041600479576053
2020-09-17,ETHUSDT,0.0018132942759156,0.0425827931906262,-6.312610046031495,-6.688677709156526,-6.485818617891004,-6.068017263274748
2020-09-18,ETHUSDT,0.000960959509941,0.0309993469276541,-6.947578283137595,-6.312610046031495,-6.393711413945548,-6.047477189765769
2020-09-19,ETHUSDT,0.0005870269447856,0.024228638937952,-7.440439836658832,-6.947578283137595,-6.5093163471621835,-6.0683783756234595
2020-09-20,ETHUSDT,0.0009161246523816,0.0302675511460971,-6.9953581191626215,-7.440439836658832,-6.777882522715555,-6.083821938403471
2020-09-21,ETHUSDT,0.0022848372732909,0.04779997147793,-6.0814604723618695,-6.9953581191626215,-6.876932798829413,-6.0661666510144645
2020-09-22,ETHUSDT,0.001512188500353,0.0388868679679026,-6.494197339449763,-6.0814604723618695,-6.755489351470483,-6.017001228275711
2020-09-23,ETHUSDT,0.0018264441444884,0.0427369178169,-6.305384292821555,-6.494197339449763,-6.791806810154137,-5.998748816612087
2020-09-24,ETHUSDT,0.001759219910694,0.0419430555717398,-6.34288480074889,-6.305384292821555,-6.6633680120909276,-6.016355921296105
2020-09-25,ETHUSDT,0.0013207524819348,0.0363421584655454,-6.629553642735697,-6.34288480074889,-6.443857004908939,-6.0686474921549625
2020-09-26,ETHUSDT,0.0007923815034116,0.0281492718096159,-7.140467585901465,-6.629553642735697,-6.370696109623555,-6.139925516578104
2020-09-27,ETHUSDT,0.00081404004888,0.0285313870830013,-7.113500993073739,-7.140467585901465,-6.582497532331473,-6.235812536936994
2020-09-28,ETHUSDT,0.0009272751971905,0.0304511936907334,-6.983260167857016,-7.113500993073739,-6.706358263056269,-6.370657828714809
2020-09-29,ETHUSDT,0.0005991311542914,0.0244771557639244,-7.42003002840471,-6.983260167857016,-6.841933438063362,-6.4685706223527495
2020-09-30,ETHUSDT,0.0004305249026233,0.0207490940193385,-7.750505389954627,-7.42003002840471,-7.057362483594526,-6.5624255962267375
2020-10-01,ETHUSDT,0.0012576530499919,0.0354634043767927,-6.678507953661299,-7.750505389954627,-7.281552833038312,-6.670663745071547
2020-10-02,ETHUSDT,0.0011781441253973,0.0343241041455912,-6.743814853700683,-6.678507953661299,-7.189160906590279,-6.694898649386645
2020-10-03,ETHUSDT,0.0003703752071403,0.0192451346355481,-7.900993992798882,-6.743814853700683,-7.115223678715667,-6.736040321449753
2020-10-04,ETHUSDT,0.0003242866091726,0.0180079596060373,-8.033882836984862,-7.900993992798882,-7.298770443704041,-6.804983676723444
2020-10-05,ETHUSDT,0.0002854738446799,0.0168959712558937,-8.161360145394472,-8.033882836984862,-7.42154100542007,-6.862289893597356
2020-10-06,ETHUSDT,0.0009593942814953,0.0309740904869758,-6.949208429415116,-8.161360145394472,-7.50371195650804,-6.943735644885541
2020-10-07,ETHUSDT,0.0006128491992052,0.0247557912255956,-7.397391656851365,-6.949208429415116,-7.557852051658803,-6.982444711727502
2020-10-08,ETHUSDT,0.0005253795750146,0.0229211599840546,-7.551389556583452,-7.397391656851365,-7.68856741228894,-7.0232303898301405
2020-10-09,ETHUSDT,0.0006085392416371,0.0246685881565427,-7.40444915848357,-7.551389556583452,-7.618646525045854,-7.062444564713183
2020-10-10,ETHUSDT,0.0007514566837186,0.0274127102585393,-7.193496990194822,-7.40444915848357,-7.4927597893455955,-7.112073615279186
2020-10-11,ETHUSDT,0.000458619182208,0.021415395915276,-7.687290360661192,-7.193496990194822,-7.299187158305665,-7.123251738327241
2020-10-12,ETHUSDT,0.0012230811211154,0.0349725767011168,-6.706382094864876,-7.687290360661192,-7.4468035445548795,-7.134472216690984
2020-10-13,ETHUSDT,0.0008306681995725,0.0288213150215687,-7.093280121334487,-6.706382094864876,-7.308601632157583,-7.121336942859269
2020-10-14,ETHUSDT,0.0006516358840369,0.025527159733056,-7.33602461210063,-7.093280121334487,-7.21697974510779,-7.167328745085297
2020-10-15,ETHUSDT,0.0006267225272956,0.0250344268417642,-7.375006655479571,-7.33602461210063,-7.203294835831201,-7.2055936211148826
2020-10-16,ETHUSDT,0.0010945888215543,0.0330845707476205,-6.817376491663354,-7.375006655479571,-7.239596768888151,-7.254212819417519
2020-10-17,ETHUSDT,0.0002911452264955,0.017062978242252,-8.141688355159875,-6.817376491663354,-7.065613995088583,-7.275780623549995
2020-10-18,ETHUSDT,0.0002266241617175,0.0150540413749123,-8.392217587881207,-8.141688355159875,-7.352675247147585,-7.344514019569275
2020-10-19,ETHUSDT,0.0003292388220995,0.0181449392972134,-8.018727167501087,-8.392217587881207,-7.6124627404569285,-7.40141174693199
2020-10-20,ETHUSDT,0.0006579818438498,0.0256511567741079,-7.326333219953083,-8.018727167501087,-7.749003251537019,-7.442558391224143
2020-10-21,ETHUSDT,0.0012555430654451,0.0354336431297305,-6.680187078525126,-7.326333219953083,-7.739268564431721,-7.458152620864873
2020-10-22,ETHUSDT,0.0014687411931824,0.0383241593930314,-6.523349576220914,-6.680187078525126,-7.711830681804076,-7.424523395870347
2020-10-23,ETHUSDT,0.0007949748978247,0.0281952992150237,-7.137200018871716,-6.523349576220914,-7.3881629260162835,-7.368743586155179
2020-10-24,ETHUSDT,0.0004436090916571,0.0210620296186553,-7.7205668075287885,-7.137200018871716,-7.137159412214386,-7.389593225482925
2020-10-25,ETHUSDT,0.0005003231341545,0.0223679041073268,-7.600256399974516,-7.7205668075287885,-7.077527340219925,-7.433991041566021
2020-10-26,ETHUSDT,0.001158184975379,0.0340321168218945,-6.760901175645778,-7.600256399974516,-7.132311976224211,-7.420321150983094
2020-10-27,ETHUSDT,0.0007201633523233,0.0268358594481968,-7.23603249346034,-6.760901175645778,-7.148454795648343,-7.362458348194955
2020-10-28,ETHUSDT,0.0014281708461989,0.0377911477227004,-6.551360782025753,-7.23603249346034,-7.290991379096228,-7.320398000379767
2020-10-29,ETHUSDT,0.0007938516530651,0.0281753731663874,-7.138613949103563,-6.551360782025753,-7.173823531727035,-7.302314016407522
2020-10-30,ETHUSDT,0.0011417870429791,0.0337903394919194,-6.775160662388589,-7.138613949103563,-7.05743296004199,-7.290551393328077
2020-10-31,ETHUSDT,0.0007659031038103,0.0276749544500147,-7.174454892556219,-6.775160662388589,-6.892413812524805,-7.255268261773765
2020-11-01,ETHUSDT,0.0005417747391744,0.0232760550603925,-7.520660253293895,-7.174454892556219,-6.975124555906893,-7.244813976958886
2020-11-02,ETHUSDT,0.001110856419406,0.0333295127388027,-6.8026240121344115,-7.520660253293895,-7.032050107873604,-7.259685034372481
2020-11-03,ETHUSDT,0.0008241089225089,0.0287072973738207,-7.101207849280001,-6.8026240121344115,-7.082302753895336,-7.219472927621263
2020-11-04,ETHUSDT,0.0015608853560818,0.039508041663462,-6.462502082758439,-7.101207849280001,-7.074821533930622,-7.23741955282195
2020-11-05,ETHUSDT,0.0021790974652053,0.0466808040334075,-6.12884449469217,-6.462502082758439,-7.012289818004594,-7.2087478237957665
2020-11-06,ETHUSDT,0.0026387247506744,0.0513685190625002,-5.937459527516628,-6.12884449469217,-6.8031677384317835,-7.1538760002772
2020-11-07,ETHUSDT,0.0030557589296995,0.0552789193969957,-5.790727295050025,-5.937459527516628,-6.48652759327633,-7.088532949006157
2020-11-08,ETHUSDT,0.0013151981081443,0.0362656601779749,-6.633767972118153,-5.790727295050025,-6.284148249859453,-7.0418670764328235
2020-11-09,ETHUSDT,0.0016204455176643,0.0402547577022185,-6.425054156642522,-6.633767972118153,-6.190660274427083,-6.973325240840018
2020-11-10,ETHUSDT,0.0010785345186928,0.03284104929342,-6.832152086441595,-6.425054156642522,-6.1831706892039,-6.88390872123826
2020-11-11,ETHUSDT,0.0013987204452153,0.03739947118898,-6.572197427987428,-6.832152086441595,-6.323832207553785,-6.829973490281011
2020-11-12,ETHUSDT,0.0012209078041943,0.0349414911558498,-6.708160595144852,-6.572197427987428,-6.450779787647944,-6.795694590646208
2020-11-13,ETHUSDT,0.0008060418232288,0.0283908757038039,-7.123374926941843,-6.708160595144852,-6.63426644766691,-6.796966114128922
2020-11-14,ETHUSDT,0.0006768154207964,0.0260156764431849,-7.298111965067174,-7.123374926941843,-6.732187838631648,-6.824239993707146
2020-11-15,ETHUSDT,0.0008073071104705,0.0284131503088019,-7.121806403884391,-7.298111965067174,-6.906799400316578,-6.831554173079668
2020-11-16,ETHUSDT,0.0007924241929151,0.0281500300695254,-7.140413712415763,-7.121806403884391,-6.964730263805137,-6.804337791095832
2020-11-17,ETHUSDT,0.000996888927842,0.0315735479134368,-6.910871200585718,-7.140413712415763,-7.078373520690805,-6.783435850752252
2020-11-18,ETHUSDT,0.0027801804258219,0.0527274162634766,-5.8852394520108104,-6.910871200585718,-7.118915641778978,-6.790252670067702
2020-11-19,ETHUSDT,0.0006934314089749,0.026333085823256,-7.273858228688612,-5.8852394520108104,-6.871288546792772,-6.728852986365452
2020-11-20,ETHUSDT,0.0016950866091983,0.0411714295258055,-6.38002144258297,-7.273858228688612,-6.86643779951706,-6.761693779395582
2020-11-21,ETHUSDT,0.0020777720930406,0.0455825854141762,-6.176459068431323,-6.38002144258297,-6.718080807256774,-6.727212301826464
2020-11-22,ETHUSDT,0.0036287809876255,0.0602393641037617,-5.618858503185354,-6.176459068431323,-6.525289878459887,-6.699998593010224
2020-11-23,ETHUSDT,0.0047671667739268,0.069044672306608,-5.346003118280831,-5.618858503185354,-6.2668873389798145,-6.6292896662206395
2020-11-24,ETHUSDT,0.0039754654890444,0.0630512925247726,-5.527613433569885,-5.346003118280831,-6.159040072233818,-6.530441614629137
2020-11-25,ETHUSDT,0.0025098097150068,0.0500980011078969,-5.987548339466488,-5.527613433569885,-5.809791113210073,-6.472486588330749
2020-11-26,ETHUSDT,0.0109270385407653,0.1045324760099238,-4.516514961286608,-5.987548339466488,-5.731296492586776,-6.421865701521043
2020-11-27,ETHUSDT,0.0029097716388668,0.0539422991618528,-5.839680675494249,-4.516514961286608,-5.399307671157834,-6.333411741454142
2020-11-28,ETHUSDT,0.00146925265742,0.0383308316818207,-6.523001403781641,-5.839680675494249,-5.4434721056196125,-6.320267931490601
2020-11-29,ETHUSDT,0.0014950915822511,0.0386664141374802,-6.505567814984909,-6.523001403781641,-5.6788717627197745,-6.346883471320829
2021-01-17,ETHUSDT,0.0049252803968428,0.070180341954445,-5.313374072609631,-5.096923680545038,-4.83194341027014,-5.053364037729759
2021-01-18,ETHUSDT,0.0026197682423984,0.0511836716385067,-5.944669422221539,-5.313374072609631,-5.029208983928941,-5.006499980894261
2021-01-19,ETHUSDT,0.0061760294865717,0.0785877184207035,-5.087079691890927,-5.944669422221539,-5.260264798069247,-5.0416457185436805
2021-01-20,ETHUSDT,0.0069216847008701,0.0831966627988777,-4.973096085099684,-5.087079691890927,-5.219459423694206,-5.028184334989082
2021-01-21,ETHUSDT,0.0116179225450599,0.1077864673558789,-4.455206326238986,-4.973096085099684,-5.283028590473363,-4.994575086236701
2021-01-22,ETHUSDT,0.0101938832699062,0.1009647625159701,-4.585967417992493,-4.455206326238986,-5.154685119612154,-4.90909017016392
2021-01-23,ETHUSDT,0.0033459381058602,0.057844084450013,-5.700008174538325,-4.585967417992493,-5.009203788688725,-4.825388452331136
2021-01-24,ETHUSDT,0.0034813516350004,0.0590029798823794,-5.66033465974166,-5.700008174538325,-4.9602715391520835,-4.773259138641353
2021-01-25,ETHUSDT,0.0056933716420789,0.0754544342108461,-5.168452650610078,-5.66033465974166,-5.074922532722229,-4.762601523586511
2021-01-26,ETHUSDT,0.0062656827305169,0.0791560656584,-5.072667721229603,-5.168452650610078,-5.113993845824308,-4.794756467175812
2021-01-27,ETHUSDT,0.0069117463021834,0.0831369129940692,-4.974532952120511,-5.072667721229603,-5.237486124822432,-4.860012344189288
2021-01-28,ETHUSDT,0.0039283874088672,0.0626768490661999,-5.539526265841275,-4.974532952120511,-5.315199231648036,-4.892665702537806
2021-01-29,ETHUSDT,0.0078060806419582,0.0883520268129615,-4.852852279511229,-5.539526265841275,-5.283102849908625,-4.93040435884928
2021-01-30,ETHUSDT,0.0025426239599552,0.0504244381223553,-5.974558676085431,-4.852852279511229,-5.121606373862539,-4.9337002352969925
2021-01-31,ETHUSDT,0.0019578969377704,0.0442481292007974,-6.235884372740065,-5.974558676085431,-5.28282757895761,-5.01639455753819
2021-02-01,ETHUSDT,0.0023730716519599,0.048714183273046,-6.043570107310994,-6.235884372740065,-5.515470909259703,-5.064897963551527
2021-02-02,ETHUSDT,0.0041835735691765,0.0646805501613625,-5.476589476826534,-6.043570107310994,-5.729278340297799,-5.127645510718897
2021-02-03,ETHUSDT,0.0030717367101413,0.0554232506277049,-5.785512173703921,-5.476589476826534,-5.716690982494851,-5.237185791089076
2021-02-04,ETHUSDT,0.0037878071825088,0.061545163762142,-5.575968007142673,-5.785512173703921,-5.903222961333389,-5.303479698788544
2021-02-05,ETHUSDT,0.0029816198197429,0.0546042106411492,-5.815288562469931,-5.575968007142673,-5.823504827544837,-5.339233228589574
2021-02-06,ETHUSDT,0.0023520452798955,0.0484978894375364,-6.052469997474817,-5.815288562469931,-5.73938566549081,-5.36305968307611
2021-02-07,ETHUSDT,0.0040407465937108,0.0635668671063068,-5.5113258036591075,-6.052469997474817,-5.741165643523575,-5.42656967154297
2021-02-08,ETHUSDT,0.0041283685962627,0.0642523820279277,-5.48987296305884,-5.5113258036591075,-5.74811290889009,-5.445406131684519
2021-02-09,ETHUSDT,0.0036364534024394,0.0603030132119404,-5.616746412300422,-5.48987296305884,-5.688985066761074,-5.45342880852312
2021-02-10,ETHUSDT,0.0044702393497758,0.0668598485623163,-5.410313325979044,-5.616746412300422,-5.6971407477926235,-5.438523217163068
2021-03-29,ETHUSDT,0.0011910297244216,0.0345112985038471,-6.7329370313875785,-7.132463790799118,-6.502283440263265,-6.371733816703024
2021-03-30,ETHUSDT,0.0008504535970182,0.029162537561369,-7.069740707266172,-6.7329370313875785,-6.699566834454193,-6.4018032002493985
2021-03-31,ETHUSDT,0.0017207007405694,0.041481330024114,-6.3650236638168085,-7.069740707266172,-6.967038497446099,-6.4522882933240995
2021-04-01,ETHUSDT,0.0021191603763822,0.046034339100092,-6.156735317622607,-6.3650236638168085,-6.868888410304136,-6.456756725912279
2021-04-02,ETHUSDT,0.0014009212266861,0.0374288822526958,-6.570625239699042,-6.156735317622607,-6.6913801021784565,-6.474884278440563
2021-04-03,ETHUSDT,0.0026090455725251,0.0510788172584796,-5.948770805550011,-6.570625239699042,-6.579012391958441,-6.50719251925434
2021-04-04,ETHUSDT,0.001224157338538,0.0349879599082034,-6.705502558595957,-5.948770805550011,-6.422179146790929,-6.508812421675736
2021-04-05,ETHUSDT,0.0012566097441636,0.0354486917130047,-6.679337863637779,-6.705502558595957,-6.349331517056885,-6.533002360152889
2021-04-06,ETHUSDT,0.0015993893180337,0.0399923657468991,-6.4381333988222496,-6.679337863637779,-6.412194357021079,-6.54191022143678
2021-04-07,ETHUSDT,0.0029235640787178,0.0540699924053797,-5.8349518320945535,-6.4381333988222496,-6.468473973261007,-6.568118809082719
2021-04-08,ETHUSDT,0.001042257739744,0.0322840167845342,-6.866366015235258,-5.8349518320945535,-6.32133929174011,-6.557075210451291
2021-04-09,ETHUSDT,0.0005977735126538,0.024449407204549,-7.42229861713588,-6.866366015235258,-6.50485833367716,-6.560396150043639
2021-04-10,ETHUSDT,0.0013323146798538,0.0365008860146415,-6.620837488629177,-7.42229861713588,-6.648217545385144,-6.589623827099815
2021-04-11,ETHUSDT,0.0008915721082401,0.0298592047489568,-7.022524239759172,-6.620837488629177,-6.636517470383422,-6.585338372107646
2021-04-12,ETHUSDT,0.0011682008690963,0.0341789535986163,-6.752290432396435,-7.022524239759172,-6.753395638570808,-6.5716565908603535
2021-04-13,ETHUSDT,0.0015362896757453,0.0391955313236767,-6.478385071057687,-6.752290432396435,-6.936863358631184,-6.566606231955126
2021-04-14,ETHUSDT,0.0036514099292987,0.0604268973992436,-5.612641903975778,-6.478385071057687,-6.85926716979567,-6.576117874469795
2021-04-15,ETHUSDT,0.0018731658787366,0.0432800863993669,-6.280125296314813,-5.612641903975778,-6.49733582716365,-6.535841790363566
2021-04-16,ETHUSDT,0.0040302732874687,0.0634844334263817,-5.513921092055094,-6.280125296314813,-6.429193388700777,-6.560096573812743
2021-04-17,ETHUSDT,0.0021629083734966,0.0465070787461074,-6.136301493751457,-5.513921092055094,-6.127472759159962,-6.550166514710399
2021-04-18,ETHUSDT,0.0150648057272424,0.1227387702693916,-4.195394002119105,-6.136301493751457,-6.004274971430966,-6.517463214447893
2021-04-19,ETHUSDT,0.0039362147850177,0.0627392603161509,-5.537535731916731,-4.195394002119105,-5.5476767576432495,-6.3879685391691705
2021-05-18,ETHUSDT,0.0071998854743883,0.0848521388910637,-4.933690159421593,-4.518860449467392,-4.786760855133009,-5.567966221848559
2021-05-19,ETHUSDT,0.1639694813538013,0.4049314526605723,-1.8080749577807915,-4.933690159421593,-5.000951653009091,-5.543370592342253
2021-05-20,ETHUSDT,0.0297283820622083,0.1724192044472086,-3.5156530645021755,-1.8080749577807915,-4.2773351409856035,-5.348624782168718
2021-05-21,ETHUSDT,0.0292842947747383,0.1711265460842891,-3.5307039211803013,-3.5156530645021755,-3.9375159167427447,-5.2454349243335665
2021-05-22,ETHUSDT,0.0143882048052343,0.119950843286883,-4.241346518802313,-3.5307039211803013,-3.6613965104704507,-5.122047175681205
2021-05-23,ETHUSDT,0.0340425010276262,0.1845061002450224,-3.3801455047789775,-4.241346518802313,-3.6058937243374345,-5.010308063423338
2021-05-24,ETHUSDT,0.0185876732359934,0.1363366173703653,-3.98525664721275,-3.3801455047789775,-3.295184793408912,-4.85581283142917
2021-05-25,ETHUSDT,0.0152970896700634,0.1236814038975279,-4.180092686320332,-3.98525664721275,-3.7306211312953033,-4.722692019153615
2021-05-26,ETHUSDT,0.0078587884741324,0.088649808088526,-4.846122822572622,-4.180092686320332,-3.863509055658935,-4.646621290918746
2021-05-27,ETHUSDT,0.0064340361283737,0.0802124437252335,-5.046153234953573,-4.846122822572622,-4.1265928359374,-4.648114991856312
2021-05-28,ETHUSDT,0.0095859291932342,0.0979077585957021,-4.647458964748694,-5.046153234953573,-4.2875541791676515,-4.622701368533271
2021-05-29,ETHUSDT,0.008861160115189,0.0941337352663169,-4.726077584427929,-4.647458964748694,-4.5410168711615935,-4.572015494933357
2021-05-30,ETHUSDT,0.0058946556709133,0.0767766609778864,-5.133709157061214,-4.726077584427929,-4.68918105860463,-4.509071052583056
2021-05-31,ETHUSDT,0.005486917959568,0.0740737332633376,-5.205388572799837,-5.133709157061214,-4.879904352752806,-4.471167249002486
2021-06-01,ETHUSDT,0.0049421559470534,0.0703004690386446,-5.3099536164596355,-5.205388572799837,-4.95175750279825,-4.445752107338428
2021-06-02,ETHUSDT,0.0025942067354914,0.0509333558239731,-5.954474498695564,-5.3099536164596355,-5.004517579099462,-4.481050585223226
2021-06-03,ETHUSDT,0.0027781192438013,0.0527078670010597,-5.885981111236687,-5.954474498695564,-5.265920685888836,-4.5056139333630405
2021-06-04,ETHUSDT,0.00430530110808,0.0656147933630829,-5.447908199743519,-5.885981111236687,-5.497901391250588,-4.557458513573637
2021-06-05,ETHUSDT,0.0036758938824706,0.0606291504350063,-5.605958942568433,-5.447908199743519,-5.560741199787048,-4.629511787651016
2021-06-06,ETHUSDT,0.0016873743214562,0.0410776620738839,-6.384581614165181,-5.605958942568433,-5.640855273740767,-4.637684579681481
2021-06-07,ETHUSDT,0.0029511240109445,0.0543242488300071,-5.825569160541194,-6.384581614165181,-5.855780873281877,-4.6908587809746045
2021-06-08,ETHUSDT,0.0062327954371762,0.0789480553096545,-5.077930341014349,-5.825569160541194,-5.829999805651003,-4.73241642679276
2021-06-09,ETHUSDT,0.0054201812659882,0.0736218803480886,-5.217626020180555,-5.077930341014349,-5.668389651606534,-4.757828694590348
2021-06-10,ETHUSDT,0.0024113440351012,0.0491054379381881,-6.027570996017997,-5.217626020180555,-5.622333215693943,-4.770734870079393
2021-06-11,ETHUSDT,0.0021516911414102,0.0463863249396874,-6.141501168632352,-6.027570996017997,-5.706655626383855,-4.962530144544719
2021-06-12,ETHUSDT,0.0029595212862801,0.0544014823904655,-5.822727751333562,-6.141501168632352,-5.658039537277289,-5.081886876550636
2021-06-13,ETHUSDT,0.0021662107444527,0.0465425691647196,-6.134775838528451,-5.822727751333562,-5.657471255435763,-5.18606977792124
2021-06-14,ETHUSDT,0.001486813489099,0.0385592205457919,-6.511120047011039,-6.134775838528451,-5.868840354938583,-5.272134746999701
2021-06-15,ETHUSDT,0.0015668467454584,0.0395834150302674,-6.458690121630162,-6.511120047011039,-6.12753916030468,-5.414451771646612
2021-06-16,ETHUSDT,0.0016395923395283,0.0404918799208974,-6.413307641503886,-6.458690121630162,-6.213762985427113,-5.5268805659383125
2021-06-17,ETHUSDT,0.0015714131900661,0.0396410543510906,-6.455779943426738,-6.413307641503886,-6.2681242800014205,-5.628390336628474
2021-06-18,ETHUSDT,0.0026033777962688,0.0510233064027494,-5.950945524711927,-6.455779943426738,-6.394734718420056,-5.70155656939457
2021-06-19,ETHUSDT,0.001801828119135,0.0424479459943006,-6.318953507733178,-5.950945524711927,-6.35796865565675,-5.742683491656314
2021-06-20,ETHUSDT,0.0024686709277332,0.049685721568004,-6.004075359100418,-6.318953507733178,-6.319535347801178,-5.818660516337427
2021-06-21,ETHUSDT,0.010504854341911,0.1024931916856481,-4.555917810377589,-6.004075359100418,-6.2286123952952295,-5.876751324277086
2021-06-22,ETHUSDT,0.009304690919714,0.0964608258295255,-4.677236606020584,-4.555917810377589,-5.85713442906997,-5.850488081246012
2021-06-23,ETHUSDT,0.0044709883999668,0.0668654499720658,-5.41014577623896,-4.677236606020584,-5.501425761588739,-5.826481173665136
2021-06-24,ETHUSDT,0.0023617672978949,0.0485980174276168,-6.048345085156439,-5.41014577623896,-5.393265811894146,-5.831035362746015
2021-06-25,ETHUSDT,0.0044369035878755,0.066610086232308,-5.4177985359457415,-6.048345085156439,-5.339144127378798,-5.835302207585145
2021-06-26,ETHUSDT,0.0038518064817381,0.0620629235674417,-5.559213024693996,-5.4177985359457415,-5.221888762747863,-5.814021181435558
2021-06-27,ETHUSDT,0.0029812506507544,0.0546008301288037,-5.815412385045248,-5.559213024693996,-5.422547805611144,-5.819080491660579
2021-06-28,ETHUSDT,0.00330524439846,0.0574912549737789,-5.71224486031569,-5.815412385045248,-5.650182961416077,-5.828601102682253
2021-06-29,ETHUSDT,0.0022847251922712,0.0477987990672486,-6.081509527832964,-5.71224486031569,-5.710602778231423,-5.798040341143639
2021-06-30,ETHUSDT,0.0031266550023731,0.0559165002693585,-5.767791535223369,-6.081509527832964,-5.717235666766728,-5.809673994202355
2021-07-01,ETHUSDT,0.0034254685712418,0.0585275026909727,-5.67651700750377,-5.767791535223369,-5.787234266622253,-5.841031321211857
2021-07-02,ETHUSDT,0.0022471231459897,0.0474038304991247,-6.098104482656854,-5.67651700750377,-5.810695063184208,-5.86189000245382
2021-07-03,ETHUSDT,0.0014257533799118,0.0377591496184942,-6.553054917310201,-6.098104482656854,-5.867233482706529,-5.865096070028314
2021-07-04,ETHUSDT,0.0015052393465661,0.0387974141737066,-6.498803359162716,-6.553054917310201,-6.0353954941054315,-5.883803058604581
2021-07-05,ETHUSDT,0.0026398943523852,0.0513799022224178,-5.937016380660564,-6.498803359162716,-6.118854260371381,-5.91453376805136
2021-07-06,ETHUSDT,0.0027237635694895,0.0521896883444382,-5.905740689803398,-5.937016380660564,-6.152699229458821,-5.905544701784638
2021-07-07,ETHUSDT,0.001601859395035,0.0400232356892229,-6.436590202580475,-5.905740689803398,-6.198543965918747,-5.8780274582751995
2021-07-08,ETHUSDT,0.0022856351513473,0.0478083167591935,-6.081111327682556,-6.436590202580475,-6.266241109903471,-5.877022916500215
2021-07-09,ETHUSDT,0.0023299530323867,0.0482695870335218,-6.061907169381647,-6.081111327682556,-6.171852391977941,-5.861923084053789
2021-07-10,ETHUSDT,0.0016210742929168,0.0402625668942863,-6.424666205744716,-6.061907169381647,-6.084473154021728,-5.84401977614265
2021-07-11,ETHUSDT,0.0008562735502,0.0292621521799065,-7.062920664882852,-6.424666205744716,-6.1820031190385585,-5.865552534371412
2021-07-12,ETHUSDT,0.00117583033384,0.0342903825268839,-6.745780713859767,-7.062920664882852,-6.41343911405445,-5.899369223332761
2021-07-13,ETHUSDT,0.001651956238607,0.0406442645228952,-6.405795094181552,-6.745780713859767,-6.475277216310308,-5.93308310309455
2021-07-14,ETHUSDT,0.0026391135401324,0.0513723032395124,-5.937312198463603,-6.405795094181552,-6.540213969610106,-6.017168434176548
2021-07-15,ETHUSDT,0.002583495708248,0.0508280995931197,-5.958611871454594,-5.937312198463603,-6.515294975426498,-6.074444597469412
2021-07-16,ETHUSDT,0.0018879296667637,0.043450312619862,-6.272274464726194,-5.958611871454594,-6.422084108568474,-6.09937487452467
2021-07-17,ETHUSDT,0.0012952593658598,0.0359897119446636,-6.649044321367282,-6.272274464726194,-6.263954868537142,-6.10955348268693
2021-07-18,ETHUSDT,0.0014982579644539,0.0387073373464769,-6.5034522028023645,-6.649044321367282,-6.244607590038645,-6.1655192002060915
2021-07-19,ETHUSDT,0.0013599603867744,0.036877640743063,-6.6002997070301515,-6.5034522028023645,-6.264139011762808,-6.20843916284738
2021-07-20,ETHUSDT,0.0023952913294159,0.0489417135929668,-6.034250414842188,-6.6002997070301515,-6.396736513476117,-6.24411585930124
2021-07-21,ETHUSDT,0.0027881600173661,0.0528030303805199,-5.882373392692836,-6.034250414842188,-6.411864222153636,-6.25875247541608
2021-07-22,ETHUSDT,0.0021350333753993,0.0462064213654268,-6.1492729999182085,-5.882373392692836,-6.333884007746964,-6.249700832909711
2021-07-23,ETHUSDT,0.0013658046609761,0.0369567945170594,-6.596011528808681,-6.1492729999182085,-6.23392974345715,-6.26704089948675
2021-07-24,ETHUSDT,0.0011461931739468,0.0338554748001986,-6.771309111241442,-6.596011528808681,-6.252441608658414,-6.308836105000609
2021-07-25,ETHUSDT,0.0011720483985646,0.0342351923985342,-6.749002292976376,-6.771309111241442,-6.286643489500671,-6.339436315390818
2021-07-26,ETHUSDT,0.0050706134800796,0.0712082402540581,-5.284293466711109,-6.749002292976376,-6.42959386512751,-6.348343014284734
2021-07-27,ETHUSDT,0.0032614878169735,0.0571094371971351,-5.725571802141048,-5.284293466711109,-6.309977879931163,-6.293138019173298
2021-07-28,ETHUSDT,0.0024955556620158,0.0499555368504417,-5.9932438643481225,-5.725571802141048,-6.225237640375731,-6.283526901967866
2021-07-29,ETHUSDT,0.0009867809503581,0.0314130697378992,-6.9210624779561885,-5.9932438643481225,-6.104684107483619,-6.287504318992626
2021-07-30,ETHUSDT,0.0015806889708136,0.0397578793550875,-6.449894469511732,-6.9210624779561885,-6.134634780826569,-6.309525786055159
2021-07-31,ETHUSDT,0.0011000210273506,0.0331665649012772,-6.812425983587244,-6.449894469511732,-6.07481321613364,-6.326288656138303
2021-08-01,ETHUSDT,0.0023856216550845,0.0488428260349926,-6.038295536578627,-6.812425983587244,-6.380439719508867,-6.360403147693102
2021-08-02,ETHUSDT,0.0018890984137038,0.043463759774136,-6.2716555935118405,-6.038295536578627,-6.442984466396384,-6.3428408445491895
2021-08-03,ETHUSDT,0.0026268951025817,0.0512532448005171,-5.941952699573998,-6.2716555935118405,-6.498666812229127,-6.306874250395961
2021-08-04,ETHUSDT,0.0021016369295547,0.0458436138361139,-6.165038747633371,-5.941952699573998,-6.302844856552688,-6.270336613382971
2021-08-05,ETHUSDT,0.0048092998414645,0.069349115650198,-5.337203768564898,-6.165038747633371,-6.2458737121770165,-6.259393143085328
2021-08-06,ETHUSDT,0.0020052111337571,0.044779583894417,-6.21200592014814,-5.337203768564898,-5.950829269172547,-6.232115487180841
2021-08-07,ETHUSDT,0.003083219709233,0.0555267476918381,-5.781780867864497,-6.21200592014814,-5.9855713458864495,-6.243633398485093
2021-08-08,ETHUSDT,0.002656620876433,0.0515424182245366,-5.930700310969186,-5.781780867864497,-5.887596400756982,-6.221338234991379
2021-08-09,ETHUSDT,0.0028314875962283,0.0532117242365663,-5.866953053056315,-5.930700310969186,-5.885345923036018,-6.188686234518738
2021-08-10,ETHUSDT,0.0024183111930371,0.0491763275676123,-6.024685836543972,-5.866953053056315,-5.825728784120607,-6.159754454984827
2021-08-11,ETHUSDT,0.0015348082264266,0.0391766285740189,-6.479349839671908,-6.024685836543972,-5.963225197716422,-6.133590188144546
2021-08-12,ETHUSDT,0.0020650736364549,0.0454430812825777,-6.182589393904725,-6.479349839671908,-6.0166939816211755,-6.153821980182261
2021-09-05,ETHUSDT,0.0006299188548847,0.0250981842945801,-7.369919548644674,-7.215897681820077,-6.5642567155500275,-6.667525535440799
2021-09-06,ETHUSDT,0.0005266306594146,0.0229484347922605,-7.54901109114871,-7.369919548644674,-6.796528115690856,-6.697357812681701
2021-09-07,ETHUSDT,0.0372369871816587,0.1929688761993984,-3.29045273259423,-7.54901109114871,-7.052014819245281,-6.737429308646278
2021-09-08,ETHUSDT,0.0049618767955054,0.0704405905391589,-5.305971223624697,-3.29045273259423,-6.380147325772514,-6.585915854011376
2021-09-09,ETHUSDT,0.0027006012386833,0.0519673093269547,-5.9142808497677715,-5.305971223624697,-6.146250455566478,-6.550924983493105
2021-09-10,ETHUSDT,0.0024691814227195,0.0496908585427901,-6.0038685910758245,-5.9142808497677715,-5.8859270891560165,-6.542847992171622
2021-09-11,ETHUSDT,0.0016079852176738,0.040099690992249,-6.432773301256549,-6.0038685910758245,-5.612716897642247,-6.5249533315761905
2021-09-12,ETHUSDT,0.001861318764349,0.0431430036546951,-6.286470029397205,-6.432773301256549,-5.3894693396638145,-6.509717516073664
2021-09-13,ETHUSDT,0.0047744676027353,0.0690975224066341,-5.344472808075036,-6.286470029397205,-5.9886727990244095,-6.472750910162206
2021-09-14,ETHUSDT,0.0015631825469191,0.0395371034209529,-6.461031441707954,-5.344472808075036,-5.996373115914477,-6.400924045990382
2021-09-15,ETHUSDT,0.0010500028276445,0.032403747123513,-6.85896242182157,-6.461031441707954,-6.105723234302514,-6.381899920489443
2021-09-16,ETHUSDT,0.0018705435784188,0.0432497812528436,-6.281526206709531,-6.85896242182157,-6.276742000451662,-6.390704828482643
2021-09-17,ETHUSDT,0.0015670838482783,0.0395864098937793,-6.458538808247009,-6.281526206709531,-6.24649258154226,-6.381115020933393
2021-09-18,ETHUSDT,0.0011753689056092,0.0342836536210669,-6.7461732184412435,-6.458538808247009,-6.28090633731222,-6.389754652853341
2021-09-19,ETHUSDT,0.0011142687461764,0.0333806642560703,-6.799556922248258,-6.7461732184412435,-6.56124641938546,-6.389150130426234
2021-09-20,ETHUSDT,0.0054341804777915,0.0737168941138429,-5.215046555833246,-6.799556922248258,-6.628951515493523,-6.34919264449535
2021-09-21,ETHUSDT,0.0085461170479904,0.0924452110603381,-4.762278245623064,-5.215046555833246,-6.300168342295858,-6.264585449692973
2021-09-22,ETHUSDT,0.0036632416194653,0.0605247190779552,-5.60940683518088,-4.762278245623064,-5.996318750078563,-6.177346253362123
2021-09-23,ETHUSDT,0.001788933041411,0.0422957804208772,-6.326135903098423,-5.60940683518088,-5.826492355465339,-6.15011190278214
2021-09-24,ETHUSDT,0.0044960527633649,0.0670526119056144,-5.404555430835743,-6.326135903098423,-5.742484892396774,-6.152591826860404
2021-09-25,ETHUSDT,0.0037474743553654,0.0612166182940996,-5.58667317114225,-5.404555430835743,-5.463484594114272,-6.095990246445754
2021-09-26,ETHUSDT,0.0040442450368179,0.0635943789718709,-5.510460386974634,-5.58667317114225,-5.537809917176072,-6.0555910462860885
2021-09-27,ETHUSDT,0.0026286321982757,0.0512701882020709,-5.941291644780515,-5.510460386974634,-5.687446345446386,-5.978071169247659
2021-09-28,ETHUSDT,0.0030032320129351,0.0548017519148353,-5.808066232580725,-5.941291644780515,-5.753823307366313,-5.913133537253834
2021-10-22,ETHUSDT,0.0012984570829759,0.0360341099928385,-6.646578578639173,-5.5382390048497445,-6.515353815446789,-6.612382006564056
2021-10-23,ETHUSDT,0.0009228343646243,0.0303781889622206,-6.988060792843203,-6.646578578639173,-6.489001100596949,-6.6322109871862605
2021-10-24,ETHUSDT,0.000884186750172,0.0297352778727906,-7.030842261787327,-6.988060792843203,-6.589146374447326,-6.668214841520311
2021-10-25,ETHUSDT,0.0006309724383547,0.0251191647622841,-7.368248375688124,-7.030842261787327,-6.634537552561343,-6.688312792336003
2021-10-26,ETHUSDT,0.0010388138571423,0.0322306353822317,-6.8696757386975555,-7.368248375688124,-6.714393802761515,-6.714921922256869
2021-10-27,ETHUSDT,0.0033979306848453,0.058291772016686,-5.684588654749961,-6.8696757386975555,-6.980681149531077,-6.741944328040682
2021-10-28,ETHUSDT,0.0018754268815986,0.0433061991128133,-6.278918975286767,-5.684588654749961,-6.788283164753234,-6.679275207719235
2021-10-29,ETHUSDT,0.0014100317799647,0.0375503898776669,-6.564143035864002,-6.278918975286767,-6.646454801241947,-6.6797343767323865
2021-10-30,ETHUSDT,0.0007635317371205,0.0276320780456436,-7.177555866231724,-6.564143035864002,-6.553114956057281,-6.685673436725733
2021-10-31,ETHUSDT,0.0009931600543608,0.0315144419966599,-6.914618724268353,-7.177555866231724,-6.514976454166002,-6.700324882470798
2021-11-01,ETHUSDT,0.0013256403061092,0.0364093436649068,-6.625859686377841,-6.914618724268353,-6.523965051280162,-6.675903611523813
2021-11-02,ETHUSDT,0.0009531735299714,0.0308735085465097,-6.955713582773403,-6.625859686377841,-6.712219257605737,-6.676295754926565
2021-11-03,ETHUSDT,0.000995264586298,0.0315478142871748,-6.912501940277655,-6.955713582773403,-6.847578179103064,-6.698624334219369
2021-11-04,ETHUSDT,0.0009024304537765,0.0300404802520948,-7.0104189302539,-6.912501940277655,-6.917249959985796,-6.719673298633875
2021-11-05,ETHUSDT,0.0006779466648644,0.0260374089506708,-7.296441938509903,-7.0104189302539,-6.88382257279023,-6.735570188626346
2021-11-06,ETHUSDT,0.0007082202785628,0.0266124083570595,-7.252755384747248,-7.296441938509903,-6.960187215638541,-6.761615398349943
2021-11-07,ETHUSDT,0.0004276005836975,0.020678505354535,-7.757321013759357,-7.252755384747248,-7.085566355312421,-6.78188385260369
2021-11-08,ETHUSDT,0.0005809900470017,0.0241037351255299,-7.4507769320651205,-7.757321013759357,-7.245887841509612,-6.814136934454066
2021-11-09,ETHUSDT,0.0006480787856633,0.02545739157226,-7.341498286188856,-7.4507769320651205,-7.353542839867106,-6.844702151689372
2021-11-10,ETHUSDT,0.0028030129562849,0.0529434883275078,-5.877060384518018,-7.341498286188856,-7.419758711054096,-6.883527781807444
2021-11-11,ETHUSDT,0.0008928314159417,0.0298802847366242,-7.021112778849572,-5.877060384518018,-7.13588240025572,-6.841399327866568
2021-11-12,ETHUSDT,0.0015717793168469,0.0396456721073934,-6.455546978515012,-7.021112778849572,-7.089553879076185,-6.843769584873946
2021-11-13,ETHUSDT,0.0006481567671676,0.0254589231344852,-7.341377966229689,-6.455546978515012,-6.829199072027315,-6.88546540185873
2021-11-14,ETHUSDT,0.0005609532544492,0.0236844517447469,-7.485872981315827,-7.341377966229689,-6.80731927886023,-6.917047192203754
2021-11-15,ETHUSDT,0.000763503557492,0.0276315681330618,-7.177592773863921,-7.485872981315827,-6.836194217885622,-6.93967501895251
2021-11-16,ETHUSDT,0.0033025222444107,0.0574675755918998,-5.713068785962711,-7.177592773863921,-7.096300695754803,-6.946345496774174
2021-11-17,ETHUSDT,0.0025109209057578,0.0501090900511858,-5.987105698403632,-5.713068785962711,-6.834691897177431,-6.871110060877563
2021-11-18,ETHUSDT,0.0025815292843556,0.0508087520448558,-5.959373309778794,-5.987105698403632,-6.741003641155156,-6.830993240864203
2021-11-19,ETHUSDT,0.0013603010742835,0.0368822596146648,-6.600049225585071,-5.959373309778794,-6.464602709864977,-6.843483452456424
2021-11-20,ETHUSDT,0.0009958073530078,0.0315564154017499,-6.911956739762767,-6.600049225585071,-6.287437958718826,-6.858080282015436
2021-11-21,ETHUSDT,0.0010506904773279,0.0324143560375327,-6.858307733480026,-6.911956739762767,-6.234310751898595,-6.873889995829018
2021-11-22,ETHUSDT,0.0025606748864612,0.0506031114306348,-5.96748442771039,-6.858307733480026,-6.463358541402057,-6.859378717067576
2021-11-23,ETHUSDT,0.0021213405090616,0.0460580124306473,-6.155707074530396,-5.96748442771039,-6.4594342872634085,-6.816327158133124
2021-11-24,ETHUSDT,0.0016000558677302,0.0400006983405319,-6.437716733014622,-6.155707074530396,-6.49870104021373,-6.794956584867331
2021-11-25,ETHUSDT,0.0008780974153639,0.029632708539111,-7.037753019044292,-6.437716733014622,-6.46623454169964,-6.7714112735146585
2021-11-26,ETHUSDT,0.003730075238624,0.0610743419008671,-5.59132687431698,-7.037753019044292,-6.491393797555945,-6.777104504367688
2021-11-27,ETHUSDT,0.0012229101459689,0.0349701321983343,-6.7065218951569525,-5.59132687431698,-6.237997625723336,-6.712600320006919
2021-11-28,ETHUSDT,0.0017707297163494,0.0420800394052746,-6.3363635482320095,-6.7065218951569525,-6.385805119212648,-6.685785772581784
2021-11-29,ETHUSDT,0.0011730625531614,0.0342500007760802,-6.748137383229334,-6.3363635482320095,-6.421936413952972,-6.644131598194729
2021-11-30,ETHUSDT,0.0025282417583784,0.0502816244604174,-5.980231175000063,-6.748137383229334,-6.484020543995913,-6.598259614988819
2021-12-01,ETHUSDT,0.0018204941259961,0.0426672488683786,-6.308647316942237,-5.980231175000063,-6.272516175187068,-6.531416626031316
2021-12-02,ETHUSDT,0.0019665758174473,0.0443460913435147,-6.2314614123238945,-6.308647316942237,-6.415980263712119,-6.484468854701924
2021-12-03,ETHUSDT,0.0024992007696167,0.0499920070572965,-5.991784290373732,-6.2314614123238945,-6.320968167145507,-6.500577992329463
2021-12-04,ETHUSDT,0.0069130449928731,0.0831447231811684,-4.974345073596228,-5.991784290373732,-6.252052315573852,-6.453790333762379
2021-12-05,ETHUSDT,0.0022575619809741,0.0475138083189949,-6.0934698174690345,-4.974345073596228,-5.8972938536472315,-6.386462974447889
2021-12-06,ETHUSDT,0.0036374928463441,0.0603116311033295,-5.616460613127257,-6.0934698174690345,-5.919941582141025,-6.32973987677695
2021-12-07,ETHUSDT,0.0014385440489745,0.0379281432313073,-6.544123753978517,-5.616460613127257,-5.7815042413780295,-6.244766587313833
2021-12-08,ETHUSDT,0.0016811726759475,0.0410021057501634,-6.388263707673277,-6.544123753978517,-5.844036709708954,-6.215972540955406
2021-12-09,ETHUSDT,0.001968530862071,0.04436812889982,-6.230467769739956,-6.388263707673277,-5.923332593168863,-6.246663219214978
2021-12-10,ETHUSDT,0.003635719587467,0.0602969285077362,-5.616948226799585,-6.230467769739956,-6.1745571323976085,-6.257725131548447
2021-12-11,ETHUSDT,0.002204300263902,0.0469499761863842,-6.117345161080536,-5.616948226799585,-6.079252814263719,-6.242160355049392
2021-12-12,ETHUSDT,0.0006989099744662,0.0264369055387768,-7.2659886159187,-6.117345161080536,-6.1794297238543745,-6.2202192612082765
2021-12-13,ETHUSDT,0.0022757290965476,0.0477046024671375,-6.085454795923664,-7.2659886159187,-6.323802696242412,-6.236311619215365
2021-12-14,ETHUSDT,0.0025399796194951,0.050398210479095,-5.97559922180471,-6.085454795923664,-6.2632409138924885,-6.2011819402355295
2021-12-15,ETHUSDT,0.002817510674196,0.0530802286562152,-5.871901523523003,-5.97559922180471,-6.212267204305439,-6.201550794512545
2021-12-16,ETHUSDT,0.0012913822691338,0.0359358076176651,-6.652042107822955,-5.871901523523003,-6.263257863650122,-6.188650542194026
2021-12-17,ETHUSDT,0.002310490174602,0.04806755844228,-6.070295580161588,-6.652042107822955,-6.370197252998606,-6.198392604685315
2021-12-18,ETHUSDT,0.0015067987685604,0.0388175059549222,-6.497767899401567,-6.070295580161588,-6.131058645847183,-6.154417266554282
2021-12-19,ETHUSDT,0.0012461230542943,0.0353004681880338,-6.687718104027541,-6.497767899401567,-6.213521266542765,-6.195619131330854
2021-12-20,ETHUSDT,0.0015851962918311,0.0398145236293387,-6.447047035894296,-6.687718104027541,-6.355945042987331,-6.194764413552244
2021-12-21,ETHUSDT,0.0008273217094041,0.0287632006112699,-7.097316930840706,-6.447047035894296,-6.470974145461589,-6.199795481173258
2021-12-22,ETHUSDT,0.0006544416153269,0.0255820565109005,-7.331728181594239,-7.097316930840706,-6.560029110065139,-6.215667278791956
2021-12-23,ETHUSDT,0.0009283739430366,0.0304692294460592,-6.982075950484577,-7.331728181594239,-6.812315630351671,-6.277098960909874
2021-12-24,ETHUSDT,0.0006584224824417,0.0256597443954869,-7.3256637620979905,-6.982075950484577,-6.909177240568272,-6.307709353343617
2021-12-25,ETHUSDT,0.0004729886906054,0.0217483031661197,-7.656439079683347,-7.3256637620979905,-7.0367663721823615,-6.357445823787893
2021-12-26,ETHUSDT,0.0004076028978858,0.0201891777416977,-7.805217147009476,-7.656439079683347,-7.278644780940172,-6.433111950574695
2021-12-27,ETHUSDT,0.0003726061328662,0.0193030083890124,-7.894988640280608,-7.805217147009476,-7.420224824173926,-6.561787953911661
2021-12-28,ETHUSDT,0.0013647090448276,0.0369419686106141,-6.596814027038205,-7.894988640280608,-7.5328769159112,-6.643675173130368
2021-12-29,ETHUSDT,0.001299890819358,0.0360539986597605,-6.645475003150824,-6.596814027038205,-7.455824531221926,-6.6882366919445015
2021-12-30,ETHUSDT,0.0009381174764677,0.0306287034735024,-6.971635375363323,-6.645475003150824,-7.3197867794324925,-6.6928435669068795
2021-12-31,ETHUSDT,0.0011906853770335,0.034506309235176,-6.733226190565592,-6.971635375363323,-7.1828260385684874,-6.719360460892791
2022-01-01,ETHUSDT,0.0007105777630937,0.0266566645155343,-7.2494321680084175,-6.733226190565592,-6.9684278472797105,-6.742213116384866
2022-01-02,ETHUSDT,0.0005754140298999,0.0239877891832489,-7.460420724280163,-7.2494321680084175,-6.839316552825272,-6.8164169318943575
2022-01-03,ETHUSDT,0.000698490307495,0.0264289672044714,-7.266589255533898,-7.460420724280163,-7.012037892273663,-6.877465821130705
2022-01-04,ETHUSDT,0.00084207555346,0.0290185380999806,-7.07964081679741,-7.266589255533898,-7.136260742750278,-6.877493122931395
2022-01-05,ETHUSDT,0.0023882601890961,0.0488698290266721,-6.03719013247924,-7.07964081679741,-7.157861831037096,-6.922683396607474
2022-01-06,ETHUSDT,0.0016953739050902,0.0411749183981004,-6.379851969503207,-6.03719013247924,-7.018654619419825,-6.925482983456316
2022-01-07,ETHUSDT,0.0041052305853382,0.0640720733653771,-5.495493365831158,-6.379851969503207,-6.844738579718784,-6.948571640091782
2022-01-08,ETHUSDT,0.001967238168753,0.0443535586932214,-6.231124664671727,-5.495493365831158,-6.451753108028983,-6.8960012427285164
2022-01-09,ETHUSDT,0.0010316957843224,0.0321200215492213,-6.87655143801304,-6.231124664671727,-6.244660189856548,-6.903311655660797
2022-01-10,ETHUSDT,0.0024759127902519,0.0497585448968514,-6.001146146810832,-6.87655143801304,-6.2040423140996745,-6.920529089234045
2022-01-11,ETHUSDT,0.0012618432085595,0.0355224324696313,-6.675181763025735,-6.001146146810832,-6.1968335169659925,-6.889321272996923
2022-01-12,ETHUSDT,0.0009135065764869,0.0302242713144077,-6.998219982952751,-6.675181763025735,-6.255899475670498,-6.899691033321077
2022-01-13,ETHUSDT,0.0012546295343536,0.0354207500535165,-6.68091494172617,-6.998219982952751,-6.556444799094817,-6.895186626598899
2022-01-14,ETHUSDT,0.0009741365453151,0.0312111605890456,-6.933959073885566,-6.68091494172617,-6.646402854505706,-6.865604206604894
2022-01-15,ETHUSDT,0.0004885328269144,0.0221027787147781,-7.624103889323863,-6.933959073885566,-6.65788438168021,-6.863417075850395
2022-01-16,ETHUSDT,0.0006291669402829,0.0250832003596614,-7.37111393062257,-7.624103889323863,-6.982475930182818,-6.8769825361788435
2022-01-17,ETHUSDT,0.0011176580925437,0.033431393816946,-6.796519771644701,-7.37111393062257,-7.121662363702184,-6.864013211221535
2022-01-18,ETHUSDT,0.0011938874053717,0.0345526758062485,-6.730540568816996,-6.796519771644701,-7.081322321440574,-6.818163330523137
2022-01-19,ETHUSDT,0.0013219939045126,0.0363592341023933,-6.628614148370685,-6.730540568816996,-7.091247446858739,-6.765233872729336
2022-01-20,ETHUSDT,0.0013015647563247,0.036077205494949,-6.644188079619725,-6.628614148370685,-7.030178461755763,-6.766679332789903
2022-01-21,ETHUSDT,0.0078523050869906,0.0886132331369907,-4.84694814863724,-6.644188079619725,-6.834195299814935,-6.766620836265762
2022-01-22,ETHUSDT,0.0106817925601012,0.1033527578737076,-4.539214616827994,-4.84694814863724,-6.329362143417869,-6.670044144141849
2022-01-23,ETHUSDT,0.0031790483785135,0.0563830504541354,-5.751173379014658,-4.539214616827994,-5.877901112454528,-6.570316345335595
2022-01-24,ETHUSDT,0.0070389571430034,0.0838984930913748,-4.956295252881085,-5.751173379014658,-5.68202767449406,-6.5022136731086055
2022-01-25,ETHUSDT,0.003061863302798,0.055334106144385,-5.78873162585291,-4.956295252881085,-5.34756389539614,-6.388389788045012
2022-01-26,ETHUSDT,0.0070687493065171,0.0840758544798514,-4.952071716205299,-5.78873162585291,-5.176472604642777,-6.32121444124133
2022-01-27,ETHUSDT,0.0040284690043205,0.063470221398074,-5.514368874876039,-4.952071716205299,-5.197497318156389,-6.224506754850779
2022-01-28,ETHUSDT,0.0033363798617849,0.057761404603636,-5.702868933526525,-5.514368874876039,-5.392528169765998,-6.200742152232453
2022-01-29,ETHUSDT,0.0015792908367026,0.0397402923580421,-6.450779370230976,-5.702868933526525,-5.382867280668372,-6.169970196051693
2022-01-30,ETHUSDT,0.0012994656210283,0.0360481014899309,-6.645802159770736,-6.450779370230976,-5.68176410413835,-6.213392287160776
2022-01-31,ETHUSDT,0.0020501015464565,0.0452780470698166,-6.189865952201801,-6.645802159770736,-5.853178210921915,-6.232241264210731
2022-02-01,ETHUSDT,0.0016074421230768,0.0400929186150978,-6.433111106807482,-6.189865952201801,-6.100737058121216,-6.2010282875829486
2022-02-02,ETHUSDT,0.0022162740794117,0.047077320223349,-6.111927835700103,-6.433111106807482,-6.284485504507503,-6.220663058491886
2022-02-03,ETHUSDT,0.0022898801007429,0.047852691677093,-6.079255820540896,-6.111927835700103,-6.3662972849422195,-6.195060607249812
2022-02-04,ETHUSDT,0.002345087771898,0.0484261063053607,-6.055432448403546,-6.079255820540896,-6.291992575004204,-6.153289508958365
2022-02-05,ETHUSDT,0.001213860260597,0.0348404974217803,-6.7139496995623595,-6.055432448403546,-6.173918632730766,-6.124858486534609
2022-02-06,ETHUSDT,0.0009058526173017,0.0300973855559203,-7.006633939214089,-6.7139496995623595,-6.278735382202877,-6.114858060429009
2022-02-07,ETHUSDT,0.0010350907775988,0.0321728266958137,-6.873266148285984,-7.006633939214089,-6.393439948684199,-6.086791244514928
2022-02-08,ETHUSDT,0.001438918709546,0.0379330819937699,-6.543863343606561,-6.873266148285984,-6.545707611201375,-6.064161799863265
2022-02-09,ETHUSDT,0.0012052216412339,0.0347163022402154,-6.721091794319477,-6.543863343606561,-6.638629115814508,-6.052677416770622
2022-02-10,ETHUSDT,0.0028201992959118,0.0531055486358241,-5.8709477242201356,-6.721091794319477,-6.771760984997694,-6.052247927020735
2022-02-11,ETHUSDT,0.0025143084102545,0.0501428799557281,-5.985757499228319,-5.8709477242201356,-6.6031605899292485,-6.017808544104801
2022-02-12,ETHUSDT,0.0017163607640207,0.0414289845883386,-6.367549064569442,-5.985757499228319,-6.398985301932095,-5.987879881359737
2022-02-13,ETHUSDT,0.0010970368028329,0.0331215459004102,-6.815142549634739,-6.367549064569442,-6.297841885188786,-6.056998104811201
2022-02-14,ETHUSDT,0.0010951297391387,0.0330927445090117,-6.816882439500567,-6.815142549634739,-6.352097726394423,-6.1604493744842355
2022-02-15,ETHUSDT,0.0011539502718862,0.0339698435658198,-6.764564203777747,-6.816882439500567,-6.3712558554306415,-6.208890695415412
2022-02-16,ETHUSDT,0.0010237575461521,0.0319962114343578,-6.884275551735419,-6.764564203777747,-6.549979151342162,-6.291084738637988
2022-02-17,ETHUSDT,0.0018010851870228,0.0424391939959142,-6.319365914060835,-6.884275551735419,-6.729682761843582,-6.340882189814465
2022-02-18,ETHUSDT,0.0019441450033001,0.0440924597102512,-6.24293298555065,-6.319365914060835,-6.720046131741862,-6.403031926080627
2022-02-19,ETHUSDT,0.0009898121902999,0.0314612808114983,-6.917995339600021,-6.24293298555065,-6.605604218925043,-6.436148476565836
2022-02-20,ETHUSDT,0.0015414396272777,0.0392611720059115,-6.475038476323815,-6.917995339600021,-6.625826798944933,-6.491381495023722
2022-02-21,ETHUSDT,0.0042742366709228,0.0653776465691664,-5.455149749045812,-6.475038476323815,-6.567921653454148,-6.492484181664306
2022-02-22,ETHUSDT,0.0028445713500902,0.0533345230604928,-5.862342890561985,-5.455149749045812,-6.282096492916226,-6.438363617540446
2022-02-23,ETHUSDT,0.0018663125831492,0.0432008400745773,-6.283790675500754,-5.862342890561985,-6.190691888216457,-6.423476205647727
2022-02-24,ETHUSDT,0.0087651774271729,0.0936225262806604,-4.736968518124384,-6.283790675500754,-6.1988634262064775,-6.416688913315602
2022-02-25,ETHUSDT,0.0033285493274064,0.0576935813362842,-5.705218707322826,-4.736968518124384,-5.76265806191135,-6.354190762516708
2022-02-26,ETHUSDT,0.0016942450015149,0.0411612074836853,-6.3805180642165915,-5.705218707322826,-5.608694108111152,-6.337189075552248
2022-02-27,ETHUSDT,0.0033070528079781,0.0575069805152219,-5.711697876565042,-6.3805180642165915,-5.793767771145308,-6.351965694452843
2022-02-28,ETHUSDT,0.003321765196886,0.057634756847635,-5.707258951539523,-5.711697876565042,-5.76363876834592,-6.30640879340751
2022-03-01,ETHUSDT,0.0023723715807967,0.0487069972467688,-6.043865157165746,-5.707258951539523,-5.648332423553674,-6.247346293967755
2022-03-02,ETHUSDT,0.0026524491246828,0.0515019332130632,-5.932271867798512,-6.043865157165746,-5.909711751361945,-6.209646248916837
2022-03-03,ETHUSDT,0.0013040028792966,0.0361109800378864,-6.6423166074305735,-5.932271867798512,-5.955122383457083,-6.181846636380106
2022-03-04,ETHUSDT,0.002238886072709,0.0473168687965404,-6.101776825773552,-6.6423166074305735,-6.007482092099879,-6.178265946066975
2022-03-05,ETHUSDT,0.0006159513873019,0.0248183679419492,-7.392342514262537,-6.101776825773552,-6.085497881941581,-6.188758177955766
2022-03-06,ETHUSDT,0.0009686432162939,0.0311230335329629,-6.939614211714088,-7.392342514262537,-6.4225145944861834,-6.252693860457322
2022-03-07,ETHUSDT,0.0018795452550469,0.0433537225050734,-6.276725417012673,-6.939614211714088,-6.6016644053958515,-6.278696821691169
2022-03-08,ETHUSDT,0.0023197551591643,0.0481638366325228,-6.066293633716086,-6.276725417012673,-6.670555115238685,-6.254223315662893
2022-03-09,ETHUSDT,0.0013859403981563,0.0372282204537942,-6.581376381912303,-6.066293633716086,-6.555350520495788,-6.2201056426726895
2022-03-10,ETHUSDT,0.0019371503939448,0.0440130707170589,-6.2465372548533,-6.581376381912303,-6.651270431723537,-6.211778923496988
2022-03-11,ETHUSDT,0.001578593862745,0.0397315222807419,-6.451220788481009,-6.2465372548533,-6.42210937984169,-6.182790819093255
2022-03-12,ETHUSDT,0.0003975286586841,0.0199381207410374,-7.830243529150284,-6.451220788481009,-6.324430695195074,-6.188784222475989
2022-03-13,ETHUSDT,0.0007680612491564,0.0277139179683496,-7.171641076490855,-7.830243529150284,-6.635134317622596,-6.260934701730519
2022-03-14,ETHUSDT,0.0011915644016158,0.0345190440426127,-6.732488212012652,-7.171641076490855,-6.856203806177549,-6.272464053407375
2022-03-15,ETHUSDT,0.0009129418544201,0.0302149276752423,-6.99883836568422,-6.732488212012652,-6.886426172197621,-6.284166314120504
2022-03-16,ETHUSDT,0.0025539723225461,0.0505368412402885,-5.9701053583349335,-6.99883836568422,-7.036886394363805,-6.354333978513159
2022-03-17,ETHUSDT,0.0006671677376247,0.0258295903495339,-7.312469062967919,-5.9701053583349335,-6.94066330833459,-6.359232272502838
2022-03-18,ETHUSDT,0.0008896649617684,0.0298272519982729,-7.024665613563454,-7.312469062967919,-6.8371084150981165,-6.405990381024074
2022-03-19,ETHUSDT,0.0005000020553517,0.022360725734014,-7.600898348847132,-7.024665613563454,-6.807713322512636,-6.50997661263494
2022-03-20,ETHUSDT,0.0006657067099382,0.0258012927958697,-7.314661359885807,-7.600898348847132,-6.981395349879532,-6.596143869067863
2022-03-21,ETHUSDT,0.0010098678562979,0.0317784180899236,-6.8979357920372735,-7.314661359885807,-7.044559948719849,-6.638604927961918
2022-03-22,ETHUSDT,0.0011264209333707,0.033562195002275,-6.788709988419706,-6.8979357920372735,-7.230126035460318,-6.692524833210655
2022-03-23,ETHUSDT,0.000863526274449,0.0293858175732622,-7.05448623298985,-6.788709988419706,-7.125374220550674,-6.741681698523393
2022-03-24,ETHUSDT,0.0009766066250606,0.0312507059929963,-6.931426622558168,-7.05448623298985,-7.131338344435953,-6.7876190201517606
2022-03-25,ETHUSDT,0.0007683681769991,0.0277194548467155,-7.1712415425564515,-6.931426622558168,-6.997443999178161,-6.833035145368108
2022-03-26,ETHUSDT,0.0003029661219356,0.0174059220363554,-8.101889567499374,-7.1712415425564515,-6.9687600357122905,-6.85707718787383
2022-03-27,ETHUSDT,0.0007559837163024,0.027495158051964,-7.1874907212992545,-8.101889567499374,-7.20955079080471,-6.947991403406821
2022-03-28,ETHUSDT,0.000940747172325,0.0306716020501878,-6.96883613426192,-7.1874907212992545,-7.28930693738062,-6.938679958272126
2022-03-29,ETHUSDT,0.0010604385934701,0.0325643761412702,-6.849072689011674,-6.96883613426192,-7.272176917635034,-6.940008227478845
2022-03-30,ETHUSDT,0.000738806297379,0.0271809914715967,-7.210474785881527,-6.849072689011674,-7.255706130925735,-6.96602401256971
2022-03-31,ETHUSDT,0.0009069911356049,0.0301162935236886,-7.005377881210127,-7.210474785881527,-7.263552779590749,-7.018032246759049
2022-04-01,ETHUSDT,0.0010623804140114,0.0325941776090671,-6.847243215018782,-7.005377881210127,-7.044250442332901,-7.037305042181677
2022-04-02,ETHUSDT,0.0009308755440003,0.0305102530963003,-6.979384969536912,-6.847243215018782,-6.976200941076806,-7.064609858552836
2022-04-03,ETHUSDT,0.0007308165997084,0.0270336198040224,-7.221348019284346,-6.979384969536912,-6.978310708131803,-7.088617321328104
2022-04-04,ETHUSDT,0.0006776888805661,0.0260324582121273,-7.296822253561801,-7.221348019284346,-7.052765774186338,-7.060940252697833
2022-04-05,ETHUSDT,0.0008115051497728,0.0284869294549777,-7.116619825037404,-7.296822253561801,-7.070035267722393,-7.066630306201059
2022-04-06,ETHUSDT,0.0021524722106185,0.046394743351144,-6.141138232027492,-7.116619825037404,-7.092283656487849,-7.08409083406582
2022-04-07,ETHUSDT,0.0011506046412428,0.0339205636928811,-6.767467699784482,-6.141138232027492,-6.951062659889591,-7.04510446435415
2022-04-08,ETHUSDT,0.0010889491398463,0.032999229382614,-6.822542139660709,-6.767467699784482,-6.908679205939104,-7.081348207147311
2022-04-09,ETHUSDT,0.0005580285384056,0.0236226276778363,-7.49110045279472,-6.822542139660709,-6.828918030014377,-7.059078801542438
2022-04-10,ETHUSDT,0.0003864206658671,0.0196575854536404,-7.858583973963172,-7.49110045279472,-6.867773669860962,-7.080280385143859
2022-04-11,ETHUSDT,0.0015309462998762,0.0391273088759783,-6.481869238116906,-7.858583973963172,-7.016166499646116,-7.091993368103679
2022-04-12,ETHUSDT,0.0011178526311098,0.0334343032095762,-6.796345727687289,-6.481869238116906,-7.084312700863999,-7.054139180750548
2022-04-13,ETHUSDT,0.000855429538268,0.0292477270615696,-7.063906831240894,-6.796345727687289,-7.090088306444559,-7.04952145055282
2022-04-14,ETHUSDT,0.0005938649046982,0.0243693435426207,-7.428858697636488,-7.063906831240894,-7.1383612447605955,-7.062030397953785
2022-04-15,ETHUSDT,0.0004942703942869,0.0222321927458129,-7.612427833665403,-7.428858697636488,-7.12591289372895,-7.079047328164995
2022-04-16,ETHUSDT,0.0002629348560261,0.0162152661410836,-8.243604252186412,-7.612427833665403,-7.076681665669396,-7.11000192866987
2022-04-17,ETHUSDT,0.00050498525614,0.0224718770052709,-7.590981324877495,-8.243604252186412,-7.429028668483298,-7.158745688198504
2022-04-18,ETHUSDT,0.0013227519883643,0.036369657523331,-6.628040872976249,-7.590981324877495,-7.587955787921338,-7.135522586261146
2022-04-19,ETHUSDT,0.0005706686408262,0.0238886718095895,-7.468701830544974,-6.628040872976249,-7.50078259626841,-7.11009304770101
2022-04-20,ETHUSDT,0.0008146066158522,0.0285413141928029,-7.1128052411868214,-7.468701830544974,-7.5087512228501065,-7.132814215713876
2022-04-21,ETHUSDT,0.0009681085697975,0.0311144431060162,-6.9401663180953195,-7.1128052411868214,-7.408826704354391,-7.144802058994565
2022-04-22,ETHUSDT,0.0009015907018745,0.0300264999937479,-7.011349908208368,-6.9401663180953195,-7.148139117536172,-7.132515310458827
2022-04-23,ETHUSDT,0.0003561382466323,0.0188716254369444,-7.940191569257283,-7.011349908208368,-7.032212834202346,-7.132786766231475
2022-04-24,ETHUSDT,0.0004389116614971,0.0209502186503424,-7.73121239179599,-7.940191569257283,-7.294642973458553,-7.182466236878679
2022-04-25,ETHUSDT,0.0013542410772569,0.0368000146366409,-6.60451407214511,-7.73121239179599,-7.347145085708756,-7.2166402106177285
2022-04-26,ETHUSDT,0.0013929390286286,0.0373220983953031,-6.57633935497111,-6.60451407214511,-7.245486851900414,-7.188602303929581
2022-04-27,ETHUSDT,0.0011653338024474,0.0341369858430333,-6.7547477072992015,-6.57633935497111,-7.1727214592755715,-7.1558530812663665
2022-04-28,ETHUSDT,0.0013399467401306,0.0366052829538398,-6.615125411980411,-6.7547477072992015,-7.121401019093739,-7.139404348641904
2022-04-29,ETHUSDT,0.0009484243093381,0.0307964983291636,-6.960708572154975,-6.615125411980411,-6.856387787638364,-7.160949220457946
2022-04-30,ETHUSDT,0.0007662497635752,0.027681216800842,-7.174002379261763,-6.960708572154975,-6.702287023710161,-7.169732896474787
2022-05-01,ETHUSDT,0.0008661878321517,0.0294310691642645,-7.051408776671353,-7.174002379261763,-6.816184685133491,-7.185708361911197
2022-05-02,ETHUSDT,0.0009195764759525,0.0303245193853506,-6.991597346141348,-7.051408776671353,-6.911198569473541,-7.165722376632863
2022-05-03,ETHUSDT,0.0006149736263524,0.024798661785517,-7.393931175057138,-6.991597346141348,-6.95856849724197,-7.126313893550053
2022-05-04,ETHUSDT,0.0011707593846556,0.0342163613590877,-6.7501026939980076,-7.393931175057138,-7.114329649857315,-7.167771254320062
2022-05-05,ETHUSDT,0.0014762379221707,0.0384218417331952,-6.518258371911606,-6.7501026939980076,-7.072208474225922,-7.165669298243278
2022-05-06,ETHUSDT,0.0016197016378555,0.0402455169907853,-6.42551332086326,-6.518258371911606,-6.941059672755889,-7.140867095546492
2022-05-07,ETHUSDT,0.0006952667638115,0.0263679116315933,-7.271214953222153,-6.42551332086326,-6.815880581594271,-7.095260487511345
2022-05-08,ETHUSDT,0.0013745917855578,0.0370754876644649,-6.589598475172844,-7.271214953222153,-6.871804103010433,-7.079750811127561
2022-05-09,ETHUSDT,0.0054281408103796,0.0736759174383301,-5.216158595861169,-6.589598475172844,-6.710937563033573,-7.004568730354217
2022-05-10,ETHUSDT,0.0052904083473235,0.0727351933201768,-5.241859843780421,-5.216158595861169,-6.404148743406206,-6.896622242671657
2022-05-11,ETHUSDT,0.0152092083932734,0.1233256193711325,-4.185854219215009,-5.241859843780421,-6.14886903777997,-6.833614014071847
2022-05-12,ETHUSDT,0.0201333350158805,0.1418919836209237,-3.9053783791392576,-4.185854219215009,-5.700937217450319,-6.684393668102302
2022-05-13,ETHUSDT,0.0050700221756071,0.071204088194479,-5.284410087501609,-3.9053783791392576,-5.02776990263374,-6.538601538009232
2022-05-14,ETHUSDT,0.0020463658331746,0.0452367752296139,-6.191689823343092,-5.284410087501609,-4.766732225099493,-6.463339891164063
2022-05-15,ETHUSDT,0.0015979875760092,0.0399748367852728,-6.439010206380918,-6.191689823343092,-4.961838470595878,-6.426082614579277
2022-05-16,ETHUSDT,0.0024298866664577,0.0492938806187722,-6.019910662035146,-6.439010206380918,-5.201268543115978,-6.357847098084897
2022-05-17,ETHUSDT,0.0017828676435631,0.0422240173783022,-6.329532175294467,-6.019910662035146,-5.568079831680005,-6.280060655823041
2022-05-18,ETHUSDT,0.0019478343472561,0.044134276330944,-6.241037114720538,-6.329532175294467,-6.052910590911047,-6.267561478693467
2022-05-19,ETHUSDT,0.0021344953905962,0.0462005994614384,-6.1495250112456565,-6.241037114720538,-6.244235996354833,-6.252320467772987
2022-05-20,ETHUSDT,0.0016358285509714,0.0404453773745713,-6.415605843987987,-6.1495250112456565,-6.235803033935345,-6.224810345225098
2022-05-21,ETHUSDT,0.0007792142951707,0.0279144101705687,-7.157224459845943,-6.415605843987987,-6.231122161456759,-6.215741273952715
2022-05-22,ETHUSDT,0.0006830543140122,0.0261353078040464,-7.288936178843388,-7.157224459845943,-6.458584921018918,-6.224673814302304
2022-05-23,ETHUSDT,0.0011855545735449,0.0344318830961213,-6.7375446193176804,-7.288936178843388,-6.650465721728702,-6.229898077919651
2022-05-24,ETHUSDT,0.0009845933472817,0.031378230467662,-6.923281847435599,-6.7375446193176804,-6.749767222648131,-6.2156315253126655
2022-05-25,ETHUSDT,0.0010669272684637,0.0326638526273888,-6.842972473499698,-6.923281847435599,-6.904518589886119,-6.212526275371496
2022-05-26,ETHUSDT,0.0032827958909554,0.0572956882405254,-5.719059813898486,-6.842972473499698,-6.989991915788461,-6.187482698027975
2022-05-27,ETHUSDT,0.0035824872811031,0.0598538827571207,-5.631697948553497,-5.719059813898486,-6.702358986598971,-6.140617112568905
2022-05-28,ETHUSDT,0.0013868133525752,0.0372399429722341,-6.580746715864598,-5.631697948553497,-6.370911340540992,-6.100318911507173
2022-05-29,ETHUSDT,0.0007087548637796,0.0266224503714379,-7.252000840470233,-6.580746715864598,-6.339551759850376,-6.1073749749163255
2022-05-30,ETHUSDT,0.0016993023443008,0.0412225950699471,-6.377537497856638,-7.252000840470233,-6.405295558457302,-6.106501606154874
2022-05-31,ETHUSDT,0.0015177638727542,0.0389584890974257,-6.4905171636534185,-6.377537497856638,-6.31220856332869,-6.09686247082232
2022-06-01,ETHUSDT,0.001974479840054,0.0444351194445797,-6.227450287442138,-6.4905171636534185,-6.466500033279678,-6.1547878602674215
2022-06-02,ETHUSDT,0.0019193373862206,0.0438102429372472,-6.255775263850508,-6.227450287442138,-6.585650501057406,-6.199587425888409
2022-06-03,ETHUSDT,0.0012288374724068,0.0350547781679886,-6.701686700913112,-6.255775263850508,-6.520656210654588,-6.293674746099114
2022-06-04,ETHUSDT,0.0005498130485838,0.0234480926427682,-7.505932249186641,-6.701686700913112,-6.410593382743163,-6.420779669816107
2022-06-05,ETHUSDT,0.0005928764775743,0.0243490549626538,-7.430524481550701,-7.505932249186641,-6.636272333009164,-6.5217579498927
2022-06-06,ETHUSDT,0.0010506596396062,0.0324138803540441,-6.858337083869048,-7.430524481550701,-6.824273796588619,-6.578068616174863
2022-06-07,ETHUSDT,0.0051192490369438,0.0715489275736812,-5.2747475231600935,-6.858337083869048,-6.950451155874002,-6.597128928787961
2022-06-08,ETHUSDT,0.0019556960429664,0.0442232522884333,-6.237009116701358,-5.2747475231600935,-6.754245607735919,-6.563257877020913
2022-06-09,ETHUSDT,0.0008654727741002,0.029418918642605,-7.05223464068831,-6.237009116701358,-6.661310090893568,-6.559052283448498
2022-06-10,ETHUSDT,0.0026546768985973,0.0515235567347339,-5.931432327137304,-7.05223464068831,-6.570570569193902,-6.595924898265215
2022-06-11,ETHUSDT,0.0035136689100799,0.0592762086344926,-5.651094513895309,-5.931432327137304,-6.270752138311223,-6.586011594442107
2022-06-12,ETHUSDT,0.0047579123661178,0.0689776222126988,-5.34794628548919,-5.651094513895309,-6.029303624316475,-6.551261079437896
2022-06-13,ETHUSDT,0.0159256495310342,0.1261968681506569,-4.139824291477543,-5.34794628548919,-6.043943376782294,-6.46902116242168
2022-06-14,ETHUSDT,0.012116939180946,0.1100769693484793,-4.413150873061515,-4.139824291477543,-5.624506411737531,-6.32587971299596
2022-06-15,ETHUSDT,0.0220237146787813,0.1484038903761669,-3.81563546623931,-4.413150873061515,-5.096689658212172,-6.220225451802497
2022-06-16,ETHUSDT,0.0070972749156711,0.0842453257793638,-4.948044383304791,-3.81563546623931,-4.673530286032573,-6.078968798111757
2022-06-17,ETHUSDT,0.0040113433955627,0.0633351671314032,-5.518629082405166,-4.948044383304791,-4.532920259914469,-5.992835703102897
2022-06-18,ETHUSDT,0.0112317271018675,0.1059798429035802,-4.489012728480001,-5.518629082405166,-4.567056819297664,-5.9837252153077465
2022-06-19,ETHUSDT,0.0105038397361877,0.1024882419411504,-4.55601439950591,-4.489012728480001,-4.636894506698157,-5.931784978031678
2022-06-20,ETHUSDT,0.0055298011274145,0.0743626326014254,-5.197603426587417,-4.55601439950591,-4.6654672119870355,-5.839751690924465
2022-06-21,ETHUSDT,0.0033745955260564,0.058091268931367,-5.691479805970963,-5.197603426587417,-4.941860804056658,-5.746369990293428
2022-06-22,ETHUSDT,0.0034903411818685,0.0590791095216279,-5.657755787698276,-5.691479805970963,-5.090547888589891,-5.71518554975317
2022-06-23,ETHUSDT,0.0026045963192757,0.0510352458529964,-5.950477579594651,-5.657755787698276,-5.118373229648514,-5.677332759937028
2022-06-24,ETHUSDT,0.0026076267663199,0.0510649269687121,-5.949314756232756,-5.950477579594651,-5.410666199871444,-5.664743091398505
2022-06-25,ETHUSDT,0.0019691656498951,0.0443752819697533,-6.230145353917574,-5.949314756232756,-5.689326271216812,-5.650813068324971
2022-06-26,ETHUSDT,0.0017033396493894,0.0412715355831291,-6.375164455385109,-6.230145353917574,-5.895834656682844,-5.629379370734265
2022-06-27,ETHUSDT,0.0017108411068381,0.0413623150565602,-6.370770154054673,-6.375164455385109,-6.032571586565672,-5.577980834652378
2022-06-28,ETHUSDT,0.001745787108021,0.0417826172950078,-6.350549760258397,-6.370770154054673,-6.175174459836953,-5.5298101834025575
2022-06-29,ETHUSDT,0.0022867186985639,0.0478196476206585,-6.080637371697323,-6.350549760258397,-6.2551888959697015,-5.506728941420255
2022-06-30,ETHUSDT,0.0049794626097664,0.070565307409282,-5.302433303453706,-6.080637371697323,-6.281453419062615,-5.543360298171948
2022-07-01,ETHUSDT,0.0049347604319441,0.0702478500165246,-5.311451151967202,-5.302433303453706,-6.095911008969841,-5.500879579387964
2022-07-02,ETHUSDT,0.0013576339678873,0.0368460848379761,-6.602011823815649,-5.311451151967202,-5.88316834828626,-5.421753057173368
2022-07-03,ETHUSDT,0.0017627985001507,0.0419856939939155,-6.340852675830307,-6.602011823815649,-5.929416682238456,-5.45223394338602
2022-07-04,ETHUSDT,0.0018801273434912,0.0433604352318014,-6.276415768534677,-6.340852675830307,-5.927477265352837,-5.483586587110338
2022-07-05,ETHUSDT,0.0023175145704957,0.0481405709406918,-6.067259973382993,-6.276415768534677,-5.966632944720308,-5.525789745430587
2022-07-06,ETHUSDT,0.0028518910091795,0.0534030992469497,-5.8597729927355315,-6.067259973382993,-6.119598278706166,-5.613400458244471
2022-07-07,ETHUSDT,0.0014847079439765,0.0385319081278946,-6.512537196792592,-5.8597729927355315,-6.229262646859832,-5.679156009138745
2022-07-08,ETHUSDT,0.0028303153457251,0.0532007081318019,-5.867367143949965,-6.512537196792592,-6.21136772145522,-5.8017424514366205
2022-07-09,ETHUSDT,0.0008630641004607,0.0293779526254078,-7.055021593323205,-5.867367143949965,-6.116670615079152,-5.843529849647766
2022-07-10,ETHUSDT,0.0011173953761833,0.0334274643995518,-6.796754858961659,-7.055021593323205,-6.272391780036857,-5.913365872871313
2022-07-11,ETHUSDT,0.0012523881281204,0.0353890961755233,-6.68270304786037,-6.796754858961659,-6.41829075715259,-6.01826324243866
2022-07-12,ETHUSDT,0.0013189753349811,0.0363177000232828,-6.630900105208687,-6.68270304786037,-6.582876768177559,-6.114930908272954
2022-07-13,ETHUSDT,0.0052324662045748,0.0723357878548015,-5.252872562418002,-6.630900105208687,-6.606549349860776,-6.180080757301194
2022-07-14,ETHUSDT,0.0023071525403078,0.0480328277359123,-6.071741181340156,-5.252872562418002,-6.483650433554385,-6.160144064412422
2022-07-15,ETHUSDT,0.002925561197296,0.0540884571539626,-5.83426895437812,-6.071741181340156,-6.286994351157775,-6.178961582305235
2022-07-16,ETHUSDT,0.0069375575156367,0.0832920015105698,-4.970805509401724,-5.83426895437812,-6.094497170241067,-6.173679372068121
2022-07-17,ETHUSDT,0.0032661145940619,0.0571499308316462,-5.724154198073923,-4.970805509401724,-5.752117662549337,-6.129201679030346
2022-07-18,ETHUSDT,0.0048101189429736,0.0693550210365022,-5.337033466901266,-5.724154198073923,-5.570768481122385,-6.106202081037453
2022-07-19,ETHUSDT,0.0050989869233123,0.0714071909776064,-5.2787134014716734,-5.337033466901266,-5.587600662019038,-6.059014308833642
2022-07-20,ETHUSDT,0.0042241422930702,0.0649934019195046,-5.4669390463391725,-5.2787134014716734,-5.428995106045342,-6.0093753655344155
2022-07-21,ETHUSDT,0.0032316343777112,0.0568474658864515,-5.734767270430652,-5.4669390463391725,-5.355529124437552,-5.96921124217445
2022-07-22,ETHUSDT,0.0026543724541282,0.0515206022298681,-5.9315470160200805,-5.734767270430652,-5.508321476643337,-5.953489873935055
2022-07-23,ETHUSDT,0.0019900247804124,0.0446096937942022,-6.219608187854725,-5.9315470160200805,-5.549800040232569,-5.982085951778983
2022-07-24,ETHUSDT,0.0034646795412903,0.0588615285334176,-5.665135135093327,-6.219608187854725,-5.72631498442326,-6.023365817046597
2022-07-25,ETHUSDT,0.003493590447625,0.0591066024029893,-5.656825290046432,-5.665135135093327,-5.803599331147592,-5.980780513013764
2022-07-26,ETHUSDT,0.002203879950741,0.0469454997922171,-6.1175358579857475,-5.656825290046432,-5.841576579889043,-5.949688359114497
2022-07-27,ETHUSDT,0.0033778806648167,0.0581195377202603,-5.690506788391448,-6.1175358579857475,-5.9181302974000625,-5.942466544998637
2022-07-28,ETHUSDT,0.003699628012368,0.0608245675066256,-5.599523001583999,-5.690506788391448,-5.869922251874336,-5.925341400226293
2022-07-29,ETHUSDT,0.0038105533881115,0.0617296799611948,-5.569980854167248,-5.599523001583999,-5.745905214620191,-5.913511855173951
2022-07-30,ETHUSDT,0.0023432989014552,0.0484076326776602,-6.056195555482481,-5.569980854167248,-5.726874358434975,-5.870668385054617
2022-07-31,ETHUSDT,0.0019563967919226,0.0442311744352631,-6.236650869086452,-6.056195555482481,-5.806748411522184,-5.879251494669732
2022-08-01,ETHUSDT,0.0014539043636133,0.0381300978704929,-6.53350267671542,-6.236650869086452,-5.830571413742326,-5.842052825386244
2022-08-02,ETHUSDT,0.0036350358462507,0.0602912584563532,-5.6171363066283035,-6.53350267671542,-5.99917059140712,-5.830086817102323
2022-08-03,ETHUSDT,0.0014716502867781,0.0383620944003076,-6.521370863818371,-5.6171363066283035,-6.00269325241598,-5.781651965228138
2022-08-04,ETHUSDT,0.0016061007368074,0.0400761866550124,-6.433945940139909,-6.521370863818371,-6.192971254346205,-5.77667336334676
2022-08-05,ETHUSDT,0.0020846935400754,0.0456584443457665,-6.173133417711724,-6.433945940139909,-6.268521331277691,-5.830358516879574
2022-08-06,ETHUSDT,0.0008239666016898,0.028704818440288,-7.101380560806097,-6.173133417711724,-6.255817841002745,-5.834967254896464
2022-08-07,ETHUSDT,0.0005686250681819,0.0238458606089594,-7.4722892721674965,-7.101380560806097,-6.369393417820881,-5.892563237006826
2022-08-08,ETHUSDT,0.00145898883359,0.0381967123400693,-6.530011662938906,-7.4722892721674965,-6.74042401092872,-6.006267044405271
2022-08-09,ETHUSDT,0.0010283866345167,0.0320684679165797,-6.879764079042933,-6.530011662938906,-6.742152170752826,-6.04289692917186
2022-08-10,ETHUSDT,0.002778180893644,0.0527084518236307,-5.885958920267453,-6.879764079042933,-6.831315798533431,-6.113021047905573
2022-08-11,ETHUSDT,0.0017644408030556,0.0420052473276339,-6.339921464260917,-5.885958920267453,-6.773880899044578,-6.140623116941743
2022-08-12,ETHUSDT,0.0009906799224905,0.0314750682682421,-6.917119060173791,-6.339921464260917,-6.62158907973554,-6.180304135938187
2022-08-13,ETHUSDT,0.0009772288989391,0.0312606605646639,-6.930789645809719,-6.917119060173791,-6.5105550373368,-6.234047399108331
2022-08-14,ETHUSDT,0.0008685649392694,0.0294714258099165,-7.048668203323173,-6.930789645809719,-6.590710633910962,-6.279467518644222
2022-08-15,ETHUSDT,0.0020292543299724,0.045047245531469,-6.200086878545593,-7.048668203323173,-6.624491458767011,-6.3171520648018795
2022-08-16,ETHUSDT,0.0013901188250724,0.0372842972988963,-6.578366049829631,-6.200086878545593,-6.68731705042264,-6.341468053140619
2022-08-17,ETHUSDT,0.0015512014019437,0.039385294234571,-6.468725550256135,-6.578366049829631,-6.735005967536381,-6.3833562694944
2022-08-18,ETHUSDT,0.0009569269185911,0.0309342353807412,-6.951783534535852,-6.468725550256135,-6.645327265552851,-6.399319437324872
2022-08-19,ETHUSDT,0.0025428544890422,0.050426723957067,-5.974468014375045,-6.951783534535852,-6.649526043298077,-6.456650198513255
2022-08-20,ETHUSDT,0.002186098482033,0.0467557320767526,-6.125636838992339,-5.974468014375045,-6.434686005508451,-6.473693153640119
2022-08-21,ETHUSDT,0.0020969673242131,0.045792655789036,-6.167263109342508,-6.125636838992339,-6.4197959975978005,-6.4989502438594435
2022-08-22,ETHUSDT,0.0021856334524475,0.0467507588435472,-6.1258495828632915,-6.167263109342508,-6.337575409500376,-6.503998769034897
2022-08-23,ETHUSDT,0.0020749231718574,0.045551324589494,-6.177831151595832,-6.1258495828632915,-6.269000216021807,-6.498962346933846
2022-08-24,ETHUSDT,0.0013439242769433,0.0366595727872457,-6.6121613800284695,-6.177831151595832,-6.114209739433804,-6.48279545942841
2022-08-25,ETHUSDT,0.0009651468540503,0.0310668127436721,-6.94323028784054,-6.6121613800284695,-6.241748412564488,-6.528023871855691
2022-08-26,ETHUSDT,0.0036537120808839,0.0604459434609469,-5.6120116197291345,-6.94323028784054,-6.405267102334129,-6.547199300220334
2022-08-27,ETHUSDT,0.0016977714875578,0.0412040227108696,-6.378438777559346,-5.6120116197291345,-6.2942168044114535,-6.509838649292572
2022-08-28,ETHUSDT,0.0010846205224358,0.0329335774314878,-6.826525102073225,-6.378438777559346,-6.344734643350664,-6.519170711103828
2022-08-29,ETHUSDT,0.0017812767420814,0.0422051743519848,-6.330424900961679,-6.826525102073225,-6.474473433446143,-6.506677281161425
2022-08-30,ETHUSDT,0.0029676504723671,0.054476145902286,-5.819984725986855,-6.330424900961679,-6.418126137632785,-6.454774355197523
2022-08-31,ETHUSDT,0.002977906558596,0.0545701984474681,-5.816534722446981,-5.819984725986855,-6.193477025262048,-6.422500403517884
2022-09-01,ETHUSDT,0.0020487497550653,0.0452631169393505,-6.190525547459481,-5.816534722446981,-6.234381645805618,-6.374171796399887
2022-09-02,ETHUSDT,0.0020038920349632,0.0447648526744278,-6.212663971979678,-6.190525547459481,-6.196798999785645,-6.3880157339995245
2022-09-03,ETHUSDT,0.0006984883168939,0.0264289295449872,-7.2665921054001235,-6.212663971979678,-6.074026773766935,-6.382231302532196
2022-09-04,ETHUSDT,0.0005810131626232,0.0241042146236546,-7.450737146251602,-7.2665921054001235,-6.261260214654624,-6.398116440951574
2022-09-05,ETHUSDT,0.0007254007837832,0.0269332653754285,-7.228786250631909,-7.450737146251602,-6.587410698707574,-6.421750418244387
2022-09-06,ETHUSDT,0.0023254308120245,0.0482227209106306,-6.063849961613498,-7.228786250631909,-6.869861004344559,-6.4299376022129655
2022-09-07,ETHUSDT,0.0024803015166534,0.0498026255999963,-5.999375146899684,-6.063849961613498,-6.8445258871753625,-6.423745015079689
2022-09-08,ETHUSDT,0.0017451105701193,0.0417745205851529,-6.350937361369943,-5.999375146899684,-6.801868122159364,-6.397427246764692
2022-09-09,ETHUSDT,0.0015081702637292,0.0388351678730661,-6.4968581087876585,-6.350937361369943,-6.6187371733533285,-6.392073238178956
2022-09-10,ETHUSDT,0.0010688277406466,0.0326929310501008,-6.841192800572421,-6.4968581087876585,-6.427961365860538,-6.371394809735855
2022-09-11,ETHUSDT,0.0010202883558583,0.031941952912406,-6.887669989816725,-6.841192800572421,-6.350442675848641,-6.410791390926646
2022-09-12,ETHUSDT,0.0014829120744484,0.0385085974095196,-6.513747506560132,-6.887669989816725,-6.515206681489286,-6.445429261418662
2022-09-13,ETHUSDT,0.0041639147746958,0.0645284028525104,-5.481299595610868,-6.513747506560132,-6.618081153421376,-6.461178552201283
2022-09-14,ETHUSDT,0.0018998740615077,0.043587544797886,-6.265967678423585,-5.481299595610868,-6.444153600269561,-6.43188082550799
2022-09-15,ETHUSDT,0.0041102225162173,0.0641110171204397,-5.494278111740665,-6.265967678423585,-6.397975514196746,-6.4358870312728875
2022-09-16,ETHUSDT,0.002226893267976,0.047189969993379,-6.107147818224518,-5.494278111740665,-6.128592576430394,-6.385074155441625
2022-09-17,ETHUSDT,0.0007900579785652,0.0281079700185776,-7.143404224607304,-6.107147818224518,-5.972488142111954,-6.347070406822715
2022-09-18,ETHUSDT,0.0021578415302864,0.0464525729135256,-6.138646848444798,-7.143404224607304,-6.098419485721388,-6.4166791615899035
2022-09-19,ETHUSDT,0.0028886702452996,0.0537463509952034,-5.846959005480446,-6.138646848444798,-6.229888936288174,-6.405779528448332
2022-09-20,ETHUSDT,0.0020426373347649,0.045195545519055,-6.19351349492754,-5.846959005480446,-6.146087201699546,-6.361253796785025
2022-09-21,ETHUSDT,0.0061318595928738,0.0783061912805997,-5.094257215678653,-6.19351349492754,-6.285934278336922,-6.3550305510562
2022-09-22,ETHUSDT,0.002489696470149,0.0498968583194277,-5.9955944754744275,-5.094257215678653,-6.083356157827748,-6.3220429369512825
2022-09-23,ETHUSDT,0.0030441931353353,0.0551742071563817,-5.794519393119181,-5.9955944754744275,-5.853794208001173,-6.330182016634348
2022-09-24,ETHUSDT,0.0010175655534775,0.0318993033384359,-6.890342216700678,-5.794519393119181,-5.784968716936049,-6.312181736891608
2022-09-25,ETHUSDT,0.0011488658917488,0.0338949242770775,-6.768980004291489,-6.890342216700678,-5.993645359180095,-6.342985293469835
2022-09-26,ETHUSDT,0.0015099301805574,0.0388578200695496,-6.495691867265772,-6.768980004291489,-6.108738661052885,-6.3203665616012605
2022-09-27,ETHUSDT,0.0014973547329583,0.0386956681420332,-6.504055239051845,-6.495691867265772,-6.389025591370309,-6.2769554125564495
2022-09-28,ETHUSDT,0.0022603505687961,0.0475431442880689,-6.092235358791314,-6.504055239051845,-6.490717744085794,-6.244013093848266
2022-09-29,ETHUSDT,0.0017255389476346,0.0415396069749657,-6.362215843884607,-6.092235358791314,-6.55026093722022,-6.24530333917453
2022-09-30,ETHUSDT,0.0015019760613561,0.0387553359081831,-6.500973663612675,-6.362215843884607,-6.444635662657005,-6.261796098128389
2022-10-01,ETHUSDT,0.0003178308555256,0.0178278112937537,-8.053991217556437,-6.500973663612675,-6.3910343945212436,-6.268615930048514
2022-10-02,ETHUSDT,0.0006730681763201,0.0259435575108754,-7.303663931340155,-8.053991217556437,-6.7026942645793754,-6.339394707719822
2022-10-03,ETHUSDT,0.0007044397013492,0.0265412829635128,-7.258107820992394,-7.303663931340155,-6.862616003037037,-6.360416122754719
2022-10-04,ETHUSDT,0.0005442267208162,0.0233286673604875,-7.516144631724995,-7.258107820992394,-7.095790495477255,-6.377254205989977
2022-10-05,ETHUSDT,0.0006541017295654,0.0255754125981473,-7.332247668809501,-7.516144631724995,-7.3265762530453316,-6.422817711679287
2022-10-06,ETHUSDT,0.0009425573462824,0.0307010968253985,-6.966913795631119,-7.332247668809501,-7.492831054084695,-6.506951715006499
2022-10-07,ETHUSDT,0.0005285552723942,0.0229903299757591,-7.545363174595116,-6.966913795631119,-7.275415569699632,-6.538812902152296
2022-10-08,ETHUSDT,0.0001844658959828,0.0135818222629682,-8.59804595719143,-7.545363174595116,-7.323755418350625,-6.632044041372953
2022-10-09,ETHUSDT,0.0002418896741668,0.0155528027752838,-8.32702882763061,-8.59804595719143,-7.591743045590432,-6.7452666840532665
2022-10-10,ETHUSDT,0.0005122264955597,0.0226324213366529,-7.57674365660332,-8.32702882763061,-7.753919884771555,-6.799067802372508
2022-10-11,ETHUSDT,0.0005370927188863,0.0231752609238024,-7.529339817491239,-7.57674365660332,-7.802819082330319,-6.864435839106988
2022-10-12,ETHUSDT,0.0004242216824412,0.0205966425040881,-7.765254403417182,-7.529339817491239,-7.915304286702343,-6.940907694198386
2022-10-13,ETHUSDT,0.0026079433426782,0.0510680266182107,-5.949193359586915,-7.765254403417182,-7.959282532466757,-7.012350462766097
2022-10-14,ETHUSDT,0.0010043467666828,0.0316914304928459,-6.903417932202086,-5.949193359586915,-7.429512012945854,-7.051211196580109
2022-10-15,ETHUSDT,0.0003025007702602,0.0173925492743367,-8.103426734181909,-6.903417932202086,-7.144789833860147,-7.092475899158639
2022-10-16,ETHUSDT,0.0004315195704454,0.0207730491369329,-7.748197694018752,-8.103426734181909,-7.250126449375867,-7.197426232843307
2022-10-17,ETHUSDT,0.0004671016952012,0.021612535603239,-7.6689635612587725,-7.748197694018752,-7.2938980246813685,-7.236419663630493
2022-10-18,ETHUSDT,0.0005208375295218,0.0228218651630818,-7.5600724083724264,-7.6689635612587725,-7.274639856249688,-7.2773280071290065
2022-10-19,ETHUSDT,0.0003885396417049,0.0197114089223706,-7.853115355511629,-7.5600724083724264,-7.5968156660067905,-7.325708940815673
2022-10-20,ETHUSDT,0.0004829139594514,0.0219753033983928,-7.6356720579619015,-7.853115355511629,-7.786755150668698,-7.3870298552002085
2022-10-21,ETHUSDT,0.0005972524432615,0.0244387488072032,-7.423170680914483,-7.6356720579619015,-7.693204215424696,-7.457186068798871
2022-10-22,ETHUSDT,0.000170945322694,0.0130746060244298,-8.674166802920135,-7.423170680914483,-7.628198812803842,-7.505411288663866
2022-10-23,ETHUSDT,0.0004209370522678,0.0205167505289675,-7.773027255014975,-8.674166802920135,-7.8292394611361145,-7.604192794996023
2022-10-24,ETHUSDT,0.000640794384828,0.0253139168211483,-7.352801925001327,-7.773027255014975,-7.871830430464625,-7.591421705789593
2022-10-25,ETHUSDT,0.0035449415006271,0.0595394113224776,-5.642233621072964,-7.352801925001327,-7.771767744362565,-7.59365525095601
2022-10-26,ETHUSDT,0.0025777510165335,0.0507715571608119,-5.960837959217157,-5.642233621072964,-7.373080056984778,-7.520206423686944
2022-10-27,ETHUSDT,0.0014669097493998,0.038300257824196,-6.524597302231958,-5.960837959217157,-7.080613512645312,-7.44951066584568
2022-10-28,ETHUSDT,0.0012436815985186,0.0352658701653407,-6.689679267169766,-6.524597302231958,-6.650699612507677,-7.4127992855467
2022-10-29,ETHUSDT,0.0014472035205703,0.038042128233977,-6.538122191209047,-6.689679267169766,-6.434030014938635,-7.400197716071184
2022-10-30,ETHUSDT,0.0007288749418137,0.0269976840083317,-7.224008388252244,-6.538122191209047,-6.271094068180178,-7.3544140350081815
2022-10-31,ETHUSDT,0.0019934653692028,0.0446482403819327,-6.217880763150893,-7.224008388252244,-6.5874490216160355,-7.291957781874583
2022-11-01,ETHUSDT,0.0007203855534633,0.026839999133073,-7.235723998357023,-6.217880763150893,-6.638857582402781,-7.196087415307321
2022-11-02,ETHUSDT,0.0023945437764369,0.0489340758208114,-6.034562556270254,-7.235723998357023,-6.781082921627795,-7.180586521750672
2022-11-03,ETHUSDT,0.0007713373507579,0.0277729607848709,-7.167384730476725,-6.034562556270254,-6.650059579447893,-7.112642100786082
2022-11-04,ETHUSDT,0.0015733566584568,0.0396655601051693,-6.454543942872337,-7.167384730476725,-6.775912087301428,-7.085466206561517
2022-11-05,ETHUSDT,0.0004381445401242,0.0209319024487557,-7.732961701742384,-6.454543942872337,-6.622019198225447,-7.108436687619943
2022-11-06,ETHUSDT,0.0008145061451347,0.028539554045829,-7.112928585279426,-7.732961701742384,-6.925035385943744,-7.146143222599048
2022-11-07,ETHUSDT,0.0008922875904176,0.0298711832778294,-7.021722066565389,-7.112928585279426,-6.900476303328224,-7.101120579467118
2022-11-08,ETHUSDT,0.0122512272051601,0.1106852619148553,-4.402129166996014,-7.021722066565389,-7.0979082053872515,-7.068098960037418
2022-11-09,ETHUSDT,0.0160751491046911,0.1267878113411976,-4.1304807333374844,-4.402129166996014,-6.54485709269111,-6.91960648757093
2022-11-10,ETHUSDT,0.016356956006143,0.1278943157694783,-4.113102028313633,-4.1304807333374844,-6.080044450784139,-6.763715956887523
2022-11-11,ETHUSDT,0.0076807096384961,0.0876396579095114,-4.869043335245405,-4.113102028313633,-5.356072516098389,-6.593715351105796
2022-11-12,ETHUSDT,0.001674996522714,0.0409267213775307,-6.391944189698904,-4.869043335245405,-4.907295466091585,-6.467959500073229
2022-11-13,ETHUSDT,0.001555627575377,0.0394414448946418,-6.465876229318195,-6.391944189698904,-4.7813398907182885,-6.4210855686543375
2022-11-14,ETHUSDT,0.0041986673346505,0.0647971244319572,-5.472988105317206,-6.465876229318195,-5.194089303182724,-6.320708724399704
2022-11-15,ETHUSDT,0.0013858909832462,0.037227556772453,-6.581412036974467,-5.472988105317206,-5.462590777578669,-6.216161490322534
2022-11-16,ETHUSDT,0.001134738793318,0.033685884184893,-6.781352792580409,-6.581412036974467,-5.9562527793108355,-6.18109831359404
2022-11-17,ETHUSDT,0.0012029366495754,0.034683377136251,-6.722989503745778,-6.781352792580409,-6.3387146707778355,-6.232876457753469
2022-11-18,ETHUSDT,0.0004970301762193,0.0222941735935498,-7.606859816971798,-6.722989503745778,-6.404923733587211,-6.267519709777497
2022-11-19,ETHUSDT,0.0002407410086457,0.0155158309041366,-8.33178885524951,-7.606859816971798,-6.6331204511179305,-6.316713460447491
2022-11-20,ETHUSDT,0.0014077846174477,0.0375204559866717,-6.565738003510189,-8.33178885524951,-7.204880601104392,-6.391354805360206
2022-11-21,ETHUSDT,0.002296422497888,0.0479210026803289,-6.076402802693874,-6.565738003510189,-7.201745794411536,-6.392610069555713
2022-11-22,ETHUSDT,0.001377728952198,0.0371177713797325,-6.587318822256109,-6.076402802693874,-7.060755796434231,-6.340446179303059
2022-11-23,ETHUSDT,0.0012772018592078,0.0357379610387593,-6.66308364143429,-6.587318822256109,-7.033621660136296,-6.357238818353296
2022-11-24,ETHUSDT,0.000687128679646,0.026213139446583,-7.282988976664443,-6.66308364143429,-6.844866425028795,-6.331209711220445
2022-11-25,ETHUSDT,0.0006202277929174,0.0249043729677628,-7.385423739471613,-7.282988976664443,-6.63510644931178,-6.387956366692907
2022-11-26,ETHUSDT,0.0004234535984338,0.0205779882018109,-7.76706661673739,-7.385423739471613,-6.799043596504066,-6.39786723073813
2022-11-27,ETHUSDT,0.0003613305021866,0.0190086954362126,-7.925717499940426,-7.76706661673739,-7.13717635931277,-6.45752735227745
2022-11-28,ETHUSDT,0.0007506741873241,0.0273984340305092,-7.1945388387852,-7.925717499940426,-7.404856094849632,-6.466288979468271
2022-11-29,ETHUSDT,0.0005964431614351,0.024422185844743,-7.424526607747433,-7.1945388387852,-7.511147134319813,-6.469998536445806
2022-11-30,ETHUSDT,0.002011182179083,0.0448462058493587,-6.209032581005357,-7.424526607747433,-7.539454660536412,-6.488307833772263
2022-12-01,ETHUSDT,0.0005366800016303,0.0231663549491577,-7.530108541204252,-6.209032581005357,-7.304176428843161,-6.5704398071363235
2022-12-02,ETHUSDT,0.0004948605308703,0.0222454609048752,-7.611234590913787,-7.530108541204252,-7.256784813736533,-6.72496834385754
2022-12-03,ETHUSDT,0.0004504260919703,0.0212232441433996,-7.705316552154409,-7.611234590913787,-7.193888231931206,-6.883974369430274
2022-12-04,ETHUSDT,0.0003703137738227,0.0192435384953691,-7.901159874347872,-7.705316552154409,-7.296043774605048,-7.012895879289775
2022-12-05,ETHUSDT,0.0004593236055595,0.0214318362619622,-7.685755573310251,-7.901159874347872,-7.391370427925136,-7.081496592228365
2022-12-06,ETHUSDT,0.0003634140756077,0.0190634224526373,-7.919967669654622,-7.685755573310251,-7.686715026386113,-7.136945653318913
2022-12-07,ETHUSDT,0.0005049330269241,0.0224707148734568,-7.591084757435995,-7.919967669654622,-7.7646868520761885,-7.248171997152431
2022-12-08,ETHUSDT,0.0005171455261892,0.0227408338938837,-7.5671862410737525,-7.591084757435995,-7.760656885380629,-7.294066211718865
2022-12-09,ETHUSDT,0.0003922274332283,0.01980473259674,-7.843668699610217,-7.5671862410737525,-7.7330308231644995,-7.329785913923107
2022-12-10,ETHUSDT,0.0001480522998731,0.0121676743822762,-8.817944969102344,-7.843668699610217,-7.721532588216968,-7.38072587737149
2022-12-11,ETHUSDT,0.0001933391058412,0.0139046433194531,-8.551064885738343,-8.817944969102344,-7.947970467375386,-7.435775202468334
2022-12-12,ETHUSDT,0.0003890866292659,0.0197252789401308,-7.851708541797555,-8.551064885738343,-8.07418991059213,-7.4457422947632805
2022-12-13,ETHUSDT,0.0015802009773445,0.039751741815228,-6.450203239181654,-7.851708541797555,-8.126314667464444,-7.504195501049069
2022-12-14,ETHUSDT,0.0006982029350511,0.0264235299506173,-7.267000759562415,-6.450203239181654,-7.902918067086023,-7.521186429980332
2022-12-15,ETHUSDT,0.0004408125069034,0.0209955354040664,-7.7268909273352495,-7.267000759562415,-7.787584479076462,-7.5520810634942555
2022-12-16,ETHUSDT,0.0017457024673156,0.0417816044128954,-6.350598244267065,-7.7268909273352495,-7.569373670723044,-7.6004359401261175
2022-12-17,ETHUSDT,0.0004189342767151,0.0204678840312111,-7.77779650782742,-6.350598244267065,-7.129280342428788,-7.558054543198964
2022-12-18,ETHUSDT,0.0003508816603615,0.0187318354776435,-7.955061541313473,-7.77779650782742,-7.114497935634761,-7.575889669033319
2022-12-19,ETHUSDT,0.0005569005087888,0.0235987395593252,-7.493123953760162,-7.955061541313473,-7.415469596061124,-7.584434892877686
2022-12-20,ETHUSDT,0.0006910316960505,0.0262874817365708,-7.27732486542153,-7.493123953760162,-7.460694234900674,-7.564771549869492
2022-12-21,ETHUSDT,0.0002602567598123,0.01613247531572,-8.253841876503737,-7.27732486542153,-7.37078102251793,-7.5685345510802335
2022-12-22,ETHUSDT,0.0007223002651185,0.0268756444595952,-7.2330696258599145,-8.253841876503737,-7.751429748965265,-7.606230699660066
2022-12-23,ETHUSDT,0.0002247148058091,0.0149904905126268,-8.400678489492469,-7.2330696258599145,-7.642484372571763,-7.652777838062547
2022-12-24,ETHUSDT,5.0835714332515885e-05,0.0071299168531278,-9.886911412353664,-8.400678489492469,-7.731607762207562,-7.6923491993483735
2022-12-25,ETHUSDT,0.0004563762010116,0.0213629633012753,-7.692193086358739,-9.886911412353664,-8.210365253926263,-7.795789054868369
2022-12-26,ETHUSDT,0.0001098699378903,0.0104818861799952,-9.116213274553365,-7.692193086358739,-8.293338898113706,-7.795192533695839
2022-12-27,ETHUSDT,0.0001432991855036,0.0119707637811319,-8.85057590700115,-9.116213274553365,-8.465813177723629,-7.850422233705178
2022-12-28,ETHUSDT,0.000423849325181,0.0205876012488359,-7.766132531028622,-8.85057590700115,-8.789314433951878,-7.90336861250931
2022-12-29,ETHUSDT,0.0001880061914715,0.0137115349786779,-8.579035662317574,-7.766132531028622,-8.662405242259108,-7.896376106208129
2022-12-30,ETHUSDT,0.0001796221757072,0.0134023197882774,-8.62465493696107,-8.579035662317574,-8.40083009225189,-7.941282965520927
2022-12-31,ETHUSDT,7.926721860242915e-05,0.0089032139479195,-9.442685899375187,-8.62465493696107,-8.587322462372356,-7.989349724424897
2023-01-01,ETHUSDT,6.54624861392058e-05,0.0080908890821222,-9.634033310095091,-9.442685899375187,-8.652616987336723,-8.062032324414213
2023-01-02,ETHUSDT,0.0001517580814731,0.0123190130072658,-8.793222874265737,-9.634033310095091,-8.809308467955509,-8.099127249004793
2023-01-03,ETHUSDT,9.89319725617254e-05,0.009946455276214,-9.22107808986375,-8.793222874265737,-9.014726536602932,-8.110134430301493
2023-01-04,ETHUSDT,0.0004807157388059,0.0219252306443055,-7.64023444216931,-9.22107808986375,-9.143135022112165,-8.172378500668138
2023-01-05,ETHUSDT,0.0001201748623682,0.0109624295832733,-9.026562689446399,-7.64023444216931,-8.946250923153816,-8.226470828076668
2023-01-06,ETHUSDT,0.0002665856663541,0.0163274513122587,-8.229814916278313,-9.026562689446399,-8.863026281168057,-8.306450915798667
2023-01-07,ETHUSDT,4.273614756191515e-05,0.0065372890070667,-10.06046544873116,-8.229814916278313,-8.582182602404703,-8.32931109711426
2023-01-08,ETHUSDT,0.0002543304965042,0.0159477426773899,-8.276875969390998,-10.06046544873116,-8.835631117297787,-8.497941424589902
2023-01-09,ETHUSDT,0.0004438665571965,0.0210681408101555,-7.719986587560037,-8.276875969390998,-8.646790693203236,-8.520626854660973
2023-01-10,ETHUSDT,0.0002859700671909,0.0169106495200779,-8.159623412793358,-7.719986587560037,-8.662741122281382,-8.509941629490363
2023-01-11,ETHUSDT,0.0008459542397989,0.0290852924998009,-7.075045289893194,-8.159623412793358,-8.489353266950774,-8.540237059446417
2023-01-12,ETHUSDT,0.0014879204166614,0.0385735714792068,-6.510375827428005,-7.075045289893194,-8.258399341673748,-8.531042533286039
2023-01-13,ETHUSDT,0.0005727339885473,0.0239318613682128,-7.4650891924168015,-6.510375827428005,-7.548381417413118,-8.451794076509868
2023-01-14,ETHUSDT,0.0038688225387001,0.062199859635695,-5.554805071800819,-7.4650891924168015,-7.386024062018279,-8.462340420444272
2023-01-15,ETHUSDT,0.0008774265043035,0.0296213859281348,-7.038517361911452,-5.554805071800819,-6.952987758866435,-8.332982537821925
2023-01-16,ETHUSDT,0.001618289734333,0.0402279720385331,-6.426385406949783,-7.038517361911452,-6.728766548690054,-8.203510080983643
2023-01-17,ETHUSDT,0.0008356523019552,0.0289076512701261,-7.0872979381449275,-6.426385406949783,-6.599034572101371,-8.145973368283235
2023-01-18,ETHUSDT,0.0017365674423249,0.041672142281444,-6.355844848454911,-7.0872979381449275,-6.714418994244757,-8.053749943901034
2023-01-19,ETHUSDT,0.0005053564072423,0.0224801336126443,-7.590246620702765,-6.355844848454911,-6.492570125452379,-7.940353077603478
2023-01-20,ETHUSDT,0.0008360901889797,0.0289152241730841,-7.086774069143704,-7.590246620702765,-6.899658435232768,-7.932358263497758
2023-01-21,ETHUSDT,0.0013540235301055,0.0367970587154123,-6.604674726426288,-7.086774069143704,-6.909309776679218,-7.864528191080763
2023-01-22,ETHUSDT,0.0007336176884255,0.0270853777604363,-7.217522525500408,-6.604674726426288,-6.94496764057452,-7.772710908783727
2023-01-23,ETHUSDT,0.0012787426425213,0.035759511217596,-6.661877994364023,-7.217522525500408,-6.971012558045615,-7.671567119062146
2023-01-24,ETHUSDT,0.0015972231923156,0.0399652748309783,-6.439488662272316,-6.661877994364023,-7.0322191872274376,-7.53646915016528
2023-01-25,ETHUSDT,0.001023844401536,0.0319975686816368,-6.884190715535639,-6.439488662272316,-6.802067595541348,-7.429481231438305
2023-01-26,ETHUSDT,0.0006329561416582,0.0251586196294275,-7.365109424700454,-6.884190715535639,-6.761550924819735,-7.323259078059755
2023-01-27,ETHUSDT,0.0009304500497529,0.0305032793278524,-6.979842164405171,-7.365109424700454,-6.913637864474568,-7.310753395447534
2023-01-28,ETHUSDT,0.0003555625671404,0.0188563667534459,-7.941809326624739,-6.979842164405171,-6.86610179225552,-7.2177206443092965
2023-01-29,ETHUSDT,0.0009654311259046,0.0310713875761066,-6.942935793798542,-7.941809326624739,-7.122088058707663,-7.204629481143225
2023-01-30,ETHUSDT,0.0007517492045411,0.0274180452355952,-7.193107794239062,-6.942935793798542,-7.22277748501291,-7.062923587737196
2023-01-31,ETHUSDT,0.0005691892998506,0.0238576884850695,-7.471297490501168,-7.193107794239062,-7.284560900753594,-7.013661397957563
2023-02-01,ETHUSDT,0.0009971577793835,0.0315778051704602,-6.9106015463773645,-7.471297490501168,-7.305798513913738,-7.002357348091252
2023-02-02,ETHUSDT,0.0016774043593153,0.0409561272499648,-6.3905077045647705,-6.9106015463773645,-7.291950390308176,-6.945583626890524
2023-02-03,ETHUSDT,0.0006645519512497,0.0257789051600287,-7.316397501904268,-6.3905077045647705,-6.981690065896181,-6.91446828210287
2023-02-04,ETHUSDT,0.0003968807656966,0.0199218665214039,-7.83187466068338,-7.316397501904268,-7.056382407517328,-6.951105630942698
2023-02-05,ETHUSDT,0.0004466656555457,0.0211344660577391,-7.7137002173936455,-7.83187466068338,-7.18413578080619,-6.967777697682089
2023-02-06,ETHUSDT,0.0005589254870182,0.0236416050008922,-7.489494390620297,-7.7137002173936455,-7.232616326184686,-7.065909295209035
2023-02-07,ETHUSDT,0.0008230488956467,0.0286888287604564,-7.102494947573624,-7.489494390620297,-7.348394895033271,-7.086408251059438
2023-02-08,ETHUSDT,0.0006796554092553,0.026070201557628,-7.293924639330998,-7.102494947573624,-7.490792343635043,-7.117140502905976
2023-02-09,ETHUSDT,0.0013306297680299,0.0364777982892321,-6.6221029390219455,-7.293924639330998,-7.486297771120389,-7.126532625687161
2023-02-10,ETHUSDT,0.000750973757741,0.027403900411092,-7.194139849898546,-6.6221029390219455,-7.2443434267881015,-7.138635266167481
2023-02-11,ETHUSDT,0.0002744175362375,0.0165655526994298,-8.200859756583482,-7.194139849898546,-7.140431353289083,-7.120630412949106
2023-02-12,ETHUSDT,0.0003052384358114,0.0174710742603716,-8.094417330010828,-8.200859756583482,-7.282704426481719,-7.171270671469096
2023-02-13,ETHUSDT,0.0009832823081634,0.0313573326060016,-6.924614288648173,-8.094417330010828,-7.48108890296916,-7.238986244359302
2023-02-14,ETHUSDT,0.0009476841690345,0.030784479352988,-6.961489266244616,-6.924614288648173,-7.4072268328325945,-7.225672233593292
2023-02-15,ETHUSDT,0.0010302897976385,0.0320981276344669,-6.877915159383448,-6.961489266244616,-7.475104098277129,-7.239290927769684
2023-02-16,ETHUSDT,0.0019298028800411,0.0439295217369955,-6.250337415975176,-6.877915159383448,-7.411859160174108,-7.259219404911099
2023-02-17,ETHUSDT,0.0011106929669801,0.0333270605811581,-6.80277116387202,-6.250337415975176,-7.021754692052449,-7.230407891294714
2023-02-18,ETHUSDT,0.0003039561956174,0.0174343395520853,-8.098626960304314,-6.80277116387202,-6.7634254588246865,-7.204847061257058
2023-02-19,ETHUSDT,0.0004030831455391,0.0200769306802407,-7.816367700823714,-8.098626960304314,-6.998227993155915,-7.255700915616109
2023-02-20,ETHUSDT,0.0005910081524798,0.024310659235814,-7.4336807462712535,-7.816367700823714,-7.1692036800717345,-7.249999023534245
2023-02-21,ETHUSDT,0.0008229768832395,0.0286875736729251,-7.102582446090561,-7.4336807462712535,-7.280356797449295,-7.272305612283005
2023-02-22,ETHUSDT,0.0009350671277351,0.0305788673389835,-6.974892236883589,-7.102582446090561,-7.450805803472372,-7.2681908237308
2023-02-23,ETHUSDT,0.0008628033844664,0.0293735150172133,-7.055323720802353,-6.974892236883589,-7.485230018074685,-7.245626948566365
2023-02-24,ETHUSDT,0.0009500998149848,0.0308236891851842,-6.958943510483933,-7.055323720802353,-7.276569370174295,-7.252205229222046
2023-02-25,ETHUSDT,0.0003355848824728,0.0183189760214073,-7.999635630652821,-6.958943510483933,-7.105084532106337,-7.278043220400189
2023-02-26,ETHUSDT,0.0003845865411235,0.0196108781323923,-7.863341719900595,-7.999635630652821,-7.218275508982652,-7.309099498979669
2023-02-27,ETHUSDT,0.0004820306913817,0.0219551973660402,-7.637502770875077,-7.863341719900595,-7.370427363744659,-7.310529819853179
2023-02-28,ETHUSDT,0.0004792642957321,0.0218921057856979,-7.6432583470997875,-7.637502770875077,-7.502949470542956,-7.30706629955688
2023-03-01,ETHUSDT,0.0006349984779709,0.0251991761367491,-7.361887955970675,-7.6432583470997875,-7.620536395802444,-7.314055570305948
2023-03-02,ETHUSDT,0.00044549348728,0.0211067166390249,-7.7163279300603795,-7.361887955970675,-7.701125284899791,-7.325846161596723
2023-03-03,ETHUSDT,0.0009783752771637,0.0312789909869819,-6.929617242549469,-7.7163279300603795,-7.644463744781302,-7.345046311175332
2023-03-04,ETHUSDT,0.0001971951891708,0.0140426204524256,-8.531316511778916,-6.929617242549469,-7.457718849311076,-7.359024234062946
2023-03-05,ETHUSDT,0.0003784577811571,0.0194539913939817,-7.879406033825669,-8.531316511778916,-7.636481597491846,-7.419804991421144
2023-03-06,ETHUSDT,0.0002796895990937,0.0167239229576587,-8.181830144383778,-7.879406033825669,-7.683711134837021,-7.405193458568518
2023-03-07,ETHUSDT,0.0005256010346279,0.0229259903739833,-7.550968122325681,-8.181830144383778,-7.847699572519642,-7.409166768312743
2023-03-08,ETHUSDT,0.0004446091902117,0.0210857579947165,-7.718314885906249,-7.550968122325681,-7.814627610972702,-7.437637397116265
2023-03-09,ETHUSDT,0.0014014501776102,0.0374359476654495,-6.570247737324038,-7.718314885906249,-7.972367139644058,-7.47203856164634
2023-03-10,ETHUSDT,0.0018700040168612,0.0432435430655401,-6.281814700063832,-6.570247737324038,-7.580153384753084,-7.458053678825456
2023-03-11,ETHUSDT,0.0017069745756464,0.0413155488363217,-6.373032729453922,-6.281814700063832,-7.260635118000716,-7.4594844644658505
2023-03-12,ETHUSDT,0.0022948883963983,0.0479049934390808,-6.077071065672406,-6.373032729453922,-6.898875635014744,-7.439950899265027
2023-03-13,ETHUSDT,0.002331180265676,0.0482822976428842,-6.061380587866303,-6.077071065672406,-6.60409622368409,-7.348061994963578
2023-03-14,ETHUSDT,0.0028661017033944,0.0535359851258422,-5.854802464024897,-6.061380587866303,-6.2727093640761,-7.268289853465513
2023-03-15,ETHUSDT,0.0018290156902692,0.0427669930000841,-6.303977331004846,-5.854802464024897,-6.129620309416272,-7.196522658817952
2023-03-16,ETHUSDT,0.0012130961776817,0.0348295302535332,-6.714579363060635,-6.303977331004846,-6.134052835604475,-7.160222426314055
2023-03-17,ETHUSDT,0.0017839284829154,0.0422365775473758,-6.3289373336797725,-6.714579363060635,-6.202362162325818,-7.148390022958466
2023-03-18,ETHUSDT,0.0016123002271702,0.0401534584708497,-6.43009340709637,-6.3289373336797725,-6.252735415927291,-7.115372459907439
2023-03-19,ETHUSDT,0.001234097633308,0.0351297257790047,-6.697415237254321,-6.43009340709637,-6.326477979773304,-7.09133381884437
2023-03-20,ETHUSDT,0.0010922293102272,0.0330488927231654,-6.819534432653909,-6.697415237254321,-6.495000534419189,-7.032141982780801
2023-03-21,ETHUSDT,0.0009917267940436,0.0314916940484898,-6.91606289784173,-6.819534432653909,-6.598111954749001,-6.984696196996861
2023-03-22,ETHUSDT,0.0013778807312647,0.0371198158840359,-6.587208662194063,-6.91606289784173,-6.6384086617052205,-6.951903475495345
2023-03-23,ETHUSDT,0.0010653638602874,0.0326399120753638,-6.844438885318776,-6.587208662194063,-6.6900629274080785,-6.903901217090539
2023-04-16,ETHUSDT,0.0004554047392669,0.021340214133577,-7.694323997566432,-8.121930497566323,-7.305884591787256,-7.605313388635175
2023-04-17,ETHUSDT,0.0003648199548118,0.0191002605953915,-7.916106600569885,-7.694323997566432,-7.279588433301444,-7.5978861579876815
2023-04-18,ETHUSDT,0.000325670636359,0.018046346897891,-8.02962400522991,-7.916106600569885,-7.429230012744779,-7.61806436425739
2023-04-19,ETHUSDT,0.0010939060245215,0.0330742501732321,-6.8180004794750495,-8.02962400522991,-7.550304795616606,-7.659837977674727
2023-04-20,ETHUSDT,0.0007867816050738,0.0280496275389509,-7.147559851140822,-6.8180004794750495,-7.715997116081519,-7.646805318878685
2023-04-21,ETHUSDT,0.0009360136259566,0.0305943397699099,-6.973880523946703,-7.147559851140822,-7.521122986796419,-7.628469438270655
2023-04-22,ETHUSDT,0.0002514853858845,0.01585829076176,-8.288125677927914,-6.973880523946703,-7.377034292072475,-7.61773573116757
2023-04-23,ETHUSDT,0.0005301955304124,0.0230259751240294,-7.5422646941478995,-8.288125677927914,-7.451438107544081,-7.653257002692939
2023-04-24,ETHUSDT,0.0006992078062482,0.026442537817847,-7.265562569142651,-7.5422646941478995,-7.353966245327678,-7.603280093316877
2023-04-25,ETHUSDT,0.000547431495249,0.0233972540108667,-7.510273226935009,-7.265562569142651,-7.443478663261198,-7.551307160012477
2023-04-26,ETHUSDT,0.0021666608571493,0.0465474044082949,-6.134568072067958,-7.510273226935009,-7.5160213384200345,-7.573044416371721
2023-04-27,ETHUSDT,0.0016391761594739,0.0404867405390198,-6.413561505146142,-6.134568072067958,-7.348158848044287,-7.528947412473064
2023-04-28,ETHUSDT,0.0004216569323091,0.0205342867494619,-7.7713185311702,-6.413561505146142,-6.973246013487932,-7.501965797068354
2023-04-29,ETHUSDT,0.000151153066986,0.0122944323572125,-8.797217545935736,-7.7713185311702,-7.019056780892392,-7.492720550606261
2023-04-30,ETHUSDT,0.0005693036309662,0.0238600844710619,-7.471096644078868,-8.797217545935736,-7.3253877762510085,-7.522103104778022
2023-05-01,ETHUSDT,0.0008762594005494,0.0296016790157157,-7.039848391513933,-7.471096644078868,-7.31755245967978,-7.454798992106967
2023-05-02,ETHUSDT,0.0003827462155645,0.0195639008268949,-7.868138410961973,-7.039848391513933,-7.498608523568976,-7.41575038177408
2023-05-03,ETHUSDT,0.0005652282835081,0.0237745301427415,-7.478280866813407,-7.868138410961973,-7.7895239047321425,-7.418676985722425
2023-05-04,ETHUSDT,0.0002919307074661,0.0170859798509225,-8.138994087055138,-7.478280866813407,-7.730916371860784,-7.402880443759605
2023-05-05,ETHUSDT,0.0009929479175342,0.0315110761087952,-6.9148323449077225,-8.138994087055138,-7.599271680084664,-7.447021143018781
2023-05-06,ETHUSDT,0.0008205938918019,0.028646010050301,-7.105482221559447,-6.9148323449077225,-7.488018820250434,-7.423865790929551
2023-05-07,ETHUSDT,0.000522963985547,0.0228684058374669,-7.555997957557206,-7.105482221559447,-7.501145586259537,-7.474590488402688
2023-05-08,ETHUSDT,0.001191165868737,0.0345132709075367,-6.732822729844969,-7.555997957557206,-7.438717495578584,-7.448866282038637
2023-05-09,ETHUSDT,0.0003270409438305,0.0180842733840901,-8.025425184414374,-6.732822729844969,-7.289625868184896,-7.405161678960388
2023-05-10,ETHUSDT,0.0015774198947488,0.0397167457723918,-6.4519647447122255,-8.025425184414374,-7.266912087656744,-7.410130705498774
2023-05-11,ETHUSDT,0.0006569653632367,0.0256313355726304,-7.327879260448233,-6.4519647447122255,-7.174338567617644,-7.338418920929788
2023-05-12,ETHUSDT,0.0006858539850956,0.026188814121599,-7.284845802608973,-7.327879260448233,-7.2188179753954005,-7.361595229155842
2023-05-13,ETHUSDT,0.0002545890762565,0.0159558477135053,-8.275859778274004,-7.284845802608973,-7.164587544405755,-7.367835499677121
2023-05-14,ETHUSDT,0.0002116104780181,0.0145468373888659,-8.460763341162156,-8.275859778274004,-7.4731949540915625,-7.4270163748738165
2023-05-15,ETHUSDT,0.0003548257228226,0.018836818277583,-7.9438838106568115,-8.460763341162156,-7.5602625854411185,-7.434863541384464
2023-05-16,ETHUSDT,0.0002517701496205,0.0158672666083519,-8.286993991353992,-7.9438838106568115,-7.858646398630036,-7.453118955771234
2023-05-17,ETHUSDT,0.0002995336361024,0.0173070400734037,-8.113283839194253,-8.286993991353992,-8.050469344811187,-7.49954765678084
2023-05-18,ETHUSDT,0.0003596350768172,0.0189640469525171,-7.930420716138375,-8.113283839194253,-8.216156952128244,-7.52695723006535
2023-05-19,ETHUSDT,0.0002471317293574,0.0157204239560347,-8.305589046262954,-7.930420716138375,-8.147069139701118,-7.6085868957049145
2023-05-20,ETHUSDT,7.71875078567197e-05,0.0087856421425368,-9.46927292935452,-8.305589046262954,-8.116034280721276,-7.694588147573861
2023-05-21,ETHUSDT,0.0001415268531874,0.0118965059234817,-8.863021083710041,-9.46927292935452,-8.42111210446082,-7.771767892945877
2023-05-22,ETHUSDT,0.0001863121328164,0.0136496202444059,-8.588087157322157,-8.863021083710041,-8.536317522932029,-7.774758962844708
2023-05-23,ETHUSDT,0.0002771515215965,0.0166478683799624,-8.19094619195838,-8.588087157322157,-8.63127818655761,-7.825531258901221
2023-05-24,ETHUSDT,0.0003931036533972,0.0198268417403581,-7.841437231768403,-8.19094619195838,-8.68338328172161,-7.877853886194149
2023-05-25,ETHUSDT,0.0003964608104364,0.0199113236736408,-7.832933360522287,-7.841437231768403,-8.5905529188227,-7.876640196230806
2023-05-26,ETHUSDT,0.0001845121857146,0.0135835262621562,-8.597795049431111,-7.832933360522287,-8.263285005056254,-7.892760764126664
2023-05-27,ETHUSDT,8.212059322759413e-05,0.0090620413388813,-9.407321741928357,-8.597795049431111,-8.210239798200467,-7.913615353325573
2023-05-28,ETHUSDT,0.000564920364491,0.0237680534434569,-7.478825784555448,-9.407321741928357,-8.37408671512171,-8.02691032591742
2023-05-29,ETHUSDT,0.0002421103375683,0.0155598951657238,-8.326116995351937,-7.478825784555448,-8.231662633641122,-8.043880487871782
2023-05-30,ETHUSDT,0.0002828202497142,0.0168172604699535,-8.170699022141111,-8.326116995351937,-8.328598586357828,-8.078885898680635
2023-05-31,ETHUSDT,0.0002441337879494,0.015624781212849,-8.317794171670736,-8.170699022141111,-8.396151718681592,-8.144243911966823
2023-06-01,ETHUSDT,0.0003402498994188,0.0184458640193101,-7.985830212042441,-8.317794171670736,-8.340151543129519,-8.157533411387568
2023-06-02,ETHUSDT,0.0002546645728678,0.0159582133357036,-8.27556327922296,-7.985830212042441,-8.055853237152334,-8.227254568993486
2023-06-03,ETHUSDT,7.011988224639088e-05,0.0083737615350803,-9.56530417722824,-8.27556327922296,-8.215200736085837,-8.270331115301428
2023-06-04,ETHUSDT,0.0001626213125938,0.0127523061676637,-8.724086295677372,-9.56530417722824,-8.463038172461097,-8.37398831414776
2023-06-05,ETHUSDT,0.0011095686028556,0.0333101876736774,-6.8037839852763895,-8.724086295677372,-8.57371562716835,-8.394362246757002
2023-06-06,ETHUSDT,0.0006606454272985,0.0257030236995292,-7.322293280646961,-6.8037839852763895,-8.27091358988948,-8.319045003307648
2023-06-07,ETHUSDT,0.0005415919746857,0.0232721287098051,-7.520997654264582,-7.322293280646961,-8.138206203610384,-8.290790888307201
2023-06-08,ETHUSDT,0.0001942614102883,0.0139377692005691,-8.546305830218747,-7.520997654264582,-7.987293078618708,-8.255972872984955
2023-06-09,ETHUSDT,0.0002117226316864,0.014550691794085,-8.460233481019621,-8.546305830218747,-7.78349340921681,-8.275655690758796
2023-06-10,ETHUSDT,0.0011276817297598,0.0335809727339725,-6.787591320187594,-8.460233481019621,-7.730722846285261,-8.299738089162489
2023-06-11,ETHUSDT,0.0002981107856315,0.0172658850231176,-8.118045376681838,-6.787591320187594,-7.727484313267501,-8.2307381925227
2023-06-12,ETHUSDT,0.0004688858388891,0.0216537719321406,-7.665151233030478,-8.118045376681838,-7.8866347324744766,-8.169318758310304
2023-06-13,ETHUSDT,0.0004061986289865,0.020154369972455,-7.808668284041559,-7.665151233030478,-7.915465448227655,-8.114870128733962
2023-06-14,ETHUSDT,0.0009870346093831,0.0314171069543829,-6.920805453914459,-7.808668284041559,-7.767937938992217,-8.079441998130298
2023-06-15,ETHUSDT,0.0003930009454052,0.0198242514462772,-7.8416985404867106,-6.920805453914459,-7.460052333571186,-8.021708328219212
2023-06-16,ETHUSDT,0.0005565277533116,0.0235908404536939,-7.4937935173123265,-7.8416985404867106,-7.670873777631009,-8.021720205888224
2023-06-17,ETHUSDT,0.0004323364920664,0.0207927028562047,-7.746306356098066,-7.4937935173123265,-7.546023405757107,-8.00630475846959
2023-06-18,ETHUSDT,0.0001940451880843,0.0139300103404235,-8.547419497754936,-7.746306356098066,-7.562254430370624,-7.96760072695445
2023-06-19,ETHUSDT,0.0004194094562743,0.0204794886721905,-7.776662892601615,-8.547419497754936,-7.710004673113299,-7.928514261310206
2023-06-20,ETHUSDT,0.0004730934898265,0.0217507123981382,-7.6562175360929565,-7.776662892601615,-7.881176160850731,-7.94205231167594
2023-06-21,ETHUSDT,0.0008924467059078,0.0298738465201223,-7.021543759361959,-7.6562175360929565,-7.84407995997198,-7.911602336255077
2023-06-22,ETHUSDT,0.0006674714341413,0.0258354685295487,-7.312013963899547,-7.021543759361959,-7.7496300083819065,-7.8593680061287525
2023-06-23,ETHUSDT,0.0006889155713922,0.0262472012106482,-7.280391832351304,-7.312013963899547,-7.662771529942202,-7.813650723957334
2023-06-24,ETHUSDT,0.000251595975526,0.0158617771868736,-8.28768602879056,-7.280391832351304,-7.409365996861476,-7.781585343062283
2023-06-25,ETHUSDT,0.0004321606803768,0.0207884747005852,-7.746713093558009,-8.28768602879056,-7.5115706240992655,-7.782136377133537
2023-06-26,ETHUSDT,0.0006516884854728,0.0255281900156046,-7.335943893229474,-7.746713093558009,-7.529669735592276,-7.699473146057617
2023-06-27,ETHUSDT,0.0004653238411508,0.0215713662328289,-7.672776962191188,-7.335943893229474,-7.592549762365779,-7.636375764128169
2023-06-28,ETHUSDT,0.0004822566653229,0.021960343014693,-7.637034084971927,-7.672776962191188,-7.664702362024107,-7.675875444897023
2023-06-29,ETHUSDT,0.0003640389612263,0.0190798050625871,-7.918249659719525,-7.637034084971927,-7.736030812548232,-7.690181845093611
2023-06-30,ETHUSDT,0.0015298280147518,0.0391130159250329,-6.482599958555074,-7.918249659719525,-7.662143538734024,-7.708238754432473
2023-07-01,ETHUSDT,0.0001654732252148,0.0128636396565981,-8.7067011574146,-6.482599958555074,-7.409320911733438,-7.614433942084123
2023-07-02,ETHUSDT,0.000624555728589,0.0249911129922031,-7.378469995247932,-8.7067011574146,-7.683472364570463,-7.625637018283896
2023-07-03,ETHUSDT,0.0003356916695765,0.0183218904476735,-7.999317469369592,-7.378469995247932,-7.624610971181812,-7.652495139877547
2023-07-04,ETHUSDT,0.0001411630961767,0.0118812076901602,-8.865594625587178,-7.999317469369592,-7.697067648061344,-7.6470984168179
2023-07-05,ETHUSDT,0.0002447198107075,0.0156435229634346,-8.315396631628381,-8.865594625587178,-7.8865366412348745,-7.701664025570477
2023-07-06,ETHUSDT,0.0005980012981065,0.0244540650630217,-7.421917633269343,-8.315396631628381,-8.253095975849536,-7.72469713227897
2023-07-07,ETHUSDT,0.0002943127238633,0.0171555449888165,-8.130867669329488,-7.421917633269343,-7.996139271020485,-7.747474958613282
2023-07-08,ETHUSDT,0.0001060267804918,0.0102969306345048,-9.151818849612814,-8.130867669329488,-8.146618805836797,-7.7606190099243175
2023-07-09,ETHUSDT,0.000150554710187,0.0122700737645331,-8.801184016996553,-9.151818849612814,-8.377119081885443,-7.835983797756157
2023-07-10,ETHUSDT,0.0002977747599814,0.0172561513664384,-8.119173196237766,-8.801184016996553,-8.364236960167316,-7.883932782342452
2023-07-11,ETHUSDT,0.0001441541990202,0.0120064232400922,-8.844627004784869,-8.119173196237766,-8.324992273089194,-7.8644670413643984
2023-07-12,ETHUSDT,0.00022104419501,0.0148675551120555,-8.417147899018525,-8.844627004784869,-8.6095341473923,-7.913010864645457
2023-07-13,ETHUSDT,0.0007445933854807,0.0272872385096175,-7.202672279884077,-8.417147899018525,-8.666790193330105,-7.9475986084148
2023-07-14,ETHUSDT,0.0006642840820768,0.025773709125324,-7.316800665529892,-7.202672279884077,-8.276960879384358,-7.955831722983987
2023-07-15,ETHUSDT,0.0001036813307483,0.0101824029947919,-9.174188490293181,-7.316800665529892,-7.980084209091027,-7.956049300330822
2023-07-16,ETHUSDT,0.0001382200460699,0.0117567021766285,-8.886663605992588,-9.174188490293181,-8.191087267902109,-8.042130966600906
2023-07-17,ETHUSDT,0.0004810255521316,0.0219322947301839,-7.6395901663347665,-8.886663605992588,-8.199494588143653,-8.06935722011009
2023-07-18,ETHUSDT,0.0002593484139943,0.0161042979975627,-8.257338172495762,-7.6395901663347665,-8.043983041606902,-8.064487996145397
2023-07-19,ETHUSDT,0.0002223946437495,0.0149129019224822,-8.411057079738029,-8.257338172495762,-8.254916220129237,-8.106369554293865
2023-07-20,ETHUSDT,0.000215396554502,0.0146763944653311,-8.443029789182361,-8.411057079738029,-8.473767502970864,-8.139927741455084
2023-07-21,ETHUSDT,0.000129497996856,0.0113797186633062,-8.951845145237753,-8.443029789182361,-8.3275357627487,-8.176563909828287
2023-07-22,ETHUSDT,0.0002277082297662,0.0150900042997433,-8.387445442525326,-8.951845145237753,-8.340572070597734,-8.223545522806388
2023-07-23,ETHUSDT,0.00014332081199,0.0119716670514208,-8.850424999970029,-8.387445442525326,-8.490143125835846,-8.3101294084414
2023-07-24,ETHUSDT,0.0002800362753655,0.0167342844294436,-8.180591408309747,-8.850424999970029,-8.608760491330699,-8.316662310375735
2023-07-25,ETHUSDT,0.0001403171485449,0.011845553956864,-8.871605350635104,-8.180591408309747,-8.562667357045042,-8.35312237460582
2023-07-26,ETHUSDT,0.0002085198324606,0.0144402158038107,-8.475476401533903,-8.871605350635104,-8.648382469335592,-8.392771823754252
2023-07-27,ETHUSDT,9.973266285228146e-05,0.0099866241970087,-9.21301732329248,-8.475476401533903,-8.553108720594823,-8.375039177206375
2023-07-28,ETHUSDT,8.190198178609842e-05,0.0090499713693524,-9.409987369765549,-9.21301732329248,-8.718223096748252,-8.415840117736563
2023-07-29,ETHUSDT,3.72231233108429e-05,0.0061010755863899,-10.19858039541744,-9.409987369765549,-8.830135570707357,-8.506206923940935
2023-07-30,ETHUSDT,0.0001110194823798,0.0105365783051178,-9.1058048551181,-10.19858039541744,-9.233733368128895,-8.600193866035841
2023-07-31,ETHUSDT,0.0001067628717515,0.0103326120488281,-9.144900334656155,-9.1058048551181,-9.280573269025494,-8.598102320831536
2023-08-01,ETHUSDT,0.0003605281741247,0.0189875794698742,-7.927940451381261,-9.144900334656155,-9.414458055649945,-8.613725789816064
2023-08-02,ETHUSDT,0.0002467587527644,0.0157085566734972,-8.307099408083657,-7.927940451381261,-9.157442681267701,-8.605033392322586
2023-08-03,ETHUSDT,0.0001606051849893,0.0126730100997883,-8.736561471858819,-8.307099408083657,-8.936865088931322,-8.580600319745258
2023-08-04,ETHUSDT,0.0001763051931628,0.0132779965794104,-8.64329401259723,-8.736561471858819,-8.644461304219599,-8.595119118510725
2023-08-05,ETHUSDT,3.392881115512783e-05,0.0058248443030803,-10.291246017945033,-8.64329401259723,-8.551959135715425,-8.660601924543142
2023-08-06,ETHUSDT,4.7512505829841746e-05,0.0068929315845902,-9.954517600947694,-10.291246017945033,-8.7812282723732,-8.795803986016558
2023-08-07,ETHUSDT,0.0001905301833513,0.0138032671259876,-8.565699933159275,-9.954517600947694,-9.186543702286487,-8.831273491046309
2023-08-08,ETHUSDT,0.0002202676624275,0.0148414171300309,-8.42066710372987,-8.565699933159275,-9.23826380730161,-8.816684233190248
2023-08-09,ETHUSDT,0.000126374854931,0.0112416571256646,-8.976258028549124,-8.42066710372987,-9.175084933675821,-8.852187730344571
2023-08-10,ETHUSDT,8.787894641677485e-05,0.0093743771215358,-9.339550299404861,-8.976258028549124,-9.2416777368662,-8.884865905619725
2023-08-11,ETHUSDT,5.255997350752047e-05,0.0072498257570455,-9.853555687830655,-9.339550299404861,-9.051338593158166,-8.927070142877309
2023-08-12,ETHUSDT,1.3079695998848655e-05,0.0036165862355056,-11.24444945388355,-9.853555687830655,-9.031146210534757,-8.991184956452232
2023-08-13,ETHUSDT,4.119098615578855e-05,0.0064180204234474,-10.097291108171696,-11.24444945388355,-9.566896114679611,-9.095394243208856
2023-08-14,ETHUSDT,6.926895260705929e-05,0.0083227971624363,-9.57751376648497,-10.097291108171696,-9.902220915567977,-9.173114500738238
2023-08-15,ETHUSDT,0.0001995619701482,0.0141266404409622,-8.519385742559757,-9.57751376648497,-10.022472063155146,-9.206163990125281
2023-08-16,ETHUSDT,0.0001639004599336,0.0128023614983203,-8.716251266034169,-8.519385742559757,-9.858439151786126,-9.221563732591191
2023-08-17,ETHUSDT,0.011010164259601,0.1049293298348992,-4.508936409230682,-8.716251266034169,-9.630978267426828,-9.214502183291147
2023-08-18,ETHUSDT,0.0009467417712511,0.0307691691673846,-6.962484182795426,-4.508936409230682,-8.283875658496253,-9.034204910913727
2023-08-19,ETHUSDT,0.0002369205188813,0.0153922226751469,-8.347785836446056,-6.962484182795426,-7.656914273421,-8.931907949982044
2023-08-20,ETHUSDT,0.0001620263455202,0.012728956969064,-8.727751609286273,-8.347785836446056,-7.410968687413218,-8.883626062103886
2023-08-21,ETHUSDT,0.0002564552692319,0.0160142208437374,-8.268556297520426,-8.727751609286273,-7.452641860758521,-8.816770208188832
2023-08-22,ETHUSDT,0.0006810822737179,0.0260975530216518,-7.291827446016775,-8.268556297520426,-7.3631028670557725,-8.778713455570756
2023-08-23,ETHUSDT,0.0006011851090924,0.0245190764322887,-7.416607669034252,-7.291827446016775,-7.91968107441299,-8.694482869723513
2023-08-24,ETHUSDT,0.0002255937119241,0.0150197773593399,-8.396774911405682,-7.416607669034252,-8.010505771660757,-8.671240470525921
2023-08-25,ETHUSDT,0.0002576165541515,0.0160504378180643,-8.264038302788373,-8.396774911405682,-8.020303586652682,-8.675316629767831
2023-08-26,ETHUSDT,4.8564956736402624e-05,0.0069688562000089,-9.932608341949404,-8.264038302788373,-7.927560925353101,-8.653838303900994
2023-08-27,ETHUSDT,7.152481245679913e-05,0.0084572343267051,-9.545466141096561,-9.932608341949404,-8.260371334238897,-8.712443500689728
2023-08-28,ETHUSDT,0.0002561632674553,0.0160051012947545,-8.269695553272157,-9.545466141096561,-8.711099073254854,-8.678544415378433
2023-08-29,ETHUSDT,0.0008918566638571,0.0298639693252106,-7.022205129039567,-8.269695553272157,-8.881716650102437,-8.601961595029545
2023-08-30,ETHUSDT,0.0002165644952473,0.0147161304440845,-8.437622155359348,-7.022205129039567,-8.606802693629213,-8.53180274029683
2023-08-31,ETHUSDT,0.000401890315512,0.0200472021866406,-7.819331353559838,-8.437622155359348,-8.641519464143409,-8.532573424461807
2023-09-01,ETHUSDT,0.0003798431540088,0.019489565259617,-7.875752143058068,-7.819331353559838,-8.218864066465494,-8.479985848325931
2023-09-02,ETHUSDT,9.505533751127074e-05,0.0097496326859667,-9.261051335832434,-7.875752143058068,-7.884921266857797,-8.413449568491986
2023-09-03,ETHUSDT,0.0001156701313409,0.0107550049437913,-9.064768113178229,-9.261051335832434,-8.083192423369852,-8.386517552492066
2023-09-04,ETHUSDT,0.000127600579342,0.0112960426407662,-8.966605646766086,-9.064768113178229,-8.491705020197582,-8.287441127914553
2023-09-05,ETHUSDT,0.0001967786939554,0.0140277829308644,-8.533430841628668,-8.966605646766086,-8.597501718478929,-8.236046334214297
2023-09-06,ETHUSDT,0.0003259398074485,0.0180538031297709,-8.028797833374107,-8.533430841628668,-8.740321616092697,-8.188588019448103
2023-09-07,ETHUSDT,0.0002183847657535,0.0147778471285082,-8.429252070402354,-8.028797833374107,-8.770930754155904,-8.166288569030572
2023-09-08,ETHUSDT,0.0001855333608171,0.0136210631309422,-8.592275849406755,-8.429252070402354,-8.604570901069888,-8.153243151047308
2023-09-09,ETHUSDT,2.2737792819352577e-05,0.0047684161751416,-10.691482135946659,-8.592275849406755,-8.510072448315594,-8.338849489237129
2023-09-10,ETHUSDT,0.0002013547435673,0.0141899522045483,-8.510442312129813,-10.691482135946659,-8.855047746151708,-8.508349396198549
2023-09-11,ETHUSDT,0.0008515193566677,0.0291808045925357,-7.068488325685734,-8.510442312129813,-8.850450040251937,-8.515742872365992
2023-09-12,ETHUSDT,0.0007139571760334,0.0267199770964237,-7.2446875749676725,-7.068488325685734,-8.658388138714262,-8.440321814020514
2023-09-13,ETHUSDT,0.0003842123771436,0.0196013361060846,-7.864315092782767,-7.2446875749676725,-8.421475239627327,-8.393782326631753
2023-09-14,ETHUSDT,0.0003318387046993,0.018216440505744,-8.010861536320014,-7.864315092782767,-8.27588308830253,-8.419804492393842
2023-09-15,ETHUSDT,0.000212663637141,0.0145829913646359,-8.455798808807556,-8.010861536320014,-7.7397589683772,-8.446816031815922
2023-09-16,ETHUSDT,9.535139761196716e-05,0.0097648040232237,-9.257941568322416,-8.455798808807556,-7.728830267712749,-8.44949893624328
2023-09-17,ETHUSDT,0.0001085337028098,0.0104179509890287,-9.128449808242594,-9.257941568322416,-8.166720916240084,-8.494676357403918
2023-09-18,ETHUSDT,0.0003340931167918,0.0182782142670415,-8.004090811053242,-9.128449808242594,-8.54347336289507,-8.45812369678088
2023-09-19,ETHUSDT,0.0002486522129521,0.0157687099330333,-8.299455372975444,-8.004090811053242,-8.571428506549164,-8.388061181778912
2023-09-20,ETHUSDT,0.0003695332910287,0.0192232487116181,-7.903269724127924,-8.299455372975444,-8.62914727388025,-8.389413900856335
2023-09-21,ETHUSDT,0.0002652866265404,0.0162876218810617,-8.234699706909844,-7.903269724127924,-8.518641456944323,-8.429462291542169
2023-09-22,ETHUSDT,0.0001602300781722,0.0126582020118265,-8.738899787069675,-8.234699706909844,-8.313993084661808,-8.420238543885374
2023-09-23,ETHUSDT,4.532078804334738e-05,0.006732071601175,-10.00174473353227,-8.738899787069675,-8.236083080427225,-8.462037109044912
2023-09-24,ETHUSDT,0.0001117684210585,0.0105720585062025,-9.099081496368694,-10.00174473353227,-8.635613864923032,-8.558673135884648
2023-09-25,ETHUSDT,0.0002058571730551,0.0143477236192767,-8.488327964326322,-9.099081496368694,-8.79553908960168,-8.55131087045448
2023-09-26,ETHUSDT,0.0001343264696067,0.0115899296635811,-8.915237380730288,-8.488327964326322,-8.912550737641359,-8.525109045506664
2023-09-27,ETHUSDT,0.0002598639073095,0.0161202948890374,-8.255352497412844,-8.915237380730288,-9.04865827240545,-8.522774124323218
2023-09-28,ETHUSDT,0.0003712048015339,0.0192666759336921,-7.898756621969131,-8.255352497412844,-8.951948814474083,-8.510134199586135
2023-09-29,ETHUSDT,0.0003796365697426,0.0194842646703084,-7.876296158295959,-7.898756621969131,-8.531351192161456,-8.504223235431365
2023-09-30,ETHUSDT,0.0001224548531383,0.0110659320953241,-9.007768141718985,-7.876296158295959,-8.286794124546908,-8.479088875790165
2023-10-01,ETHUSDT,0.0009242362417943,0.0304012539510194,-6.9865428460637915,-9.007768141718985,-8.39068216002544,-8.497974889077085
2023-10-02,ETHUSDT,0.000955263217726,0.0309073327501099,-6.953523634804442,-6.9865428460637915,-8.004943253092142,-8.32956855771877
2023-10-03,ETHUSDT,0.0002366176006824,0.0153823795520216,-8.349065219151287,-6.953523634804442,-7.744577480570461,-8.258799526931254
2023-10-04,ETHUSDT,0.0002996746394271,0.0173111131770058,-8.112813207084981,-8.349065219151287,-7.834639200006893,-8.317007567543326
2023-10-05,ETHUSDT,0.0002812578985274,0.0167707453181843,-8.176238521187004,-8.112813207084981,-7.881942609764697,-8.356467823548657
2023-10-06,ETHUSDT,0.0003874644076319,0.0196841156172177,-7.855886564661975,-8.176238521187004,-7.715636685658302,-8.370646161203394
2023-10-07,ETHUSDT,7.336997018453245e-05,0.0085656272499176,-9.519995831609826,-7.855886564661975,-7.889505429377938,-8.363601844309848
2023-10-08,ETHUSDT,0.0001842349457261,0.0135733174178663,-8.599298735925728,-9.519995831609826,-8.402799868739015,-8.411974436255406
2023-10-09,ETHUSDT,0.0005636269480541,0.0237408287145625,-7.4811179649343,-8.599298735925728,-8.452846572093904,-8.38203612569192
2023-10-10,ETHUSDT,0.0002994467278088,0.0173045291126007,-8.113574026650959,-7.4811179649343,-8.326507523663768,-8.307157405541544
2023-10-11,ETHUSDT,0.0006015126841407,0.0245257555263996,-7.416062935256169,-8.113574026650959,-8.313974624756558,-8.31213391534144
2023-10-12,ETHUSDT,0.0002919534117692,0.0170866442512648,-8.138916317160863,-7.416062935256169,-8.226009898875397,-8.271979713626926
2023-10-13,ETHUSDT,0.0003481907355312,0.018659869654723,-7.9627601377297,-8.138916317160863,-7.949793995985604,-8.282690922401152
2023-10-14,ETHUSDT,6.512412506209724e-05,0.0080699519863563,-9.639215492728058,-7.9627601377297,-7.822486276346398,-8.270330032892964
2023-10-15,ETHUSDT,0.0001160980706356,0.0107748814673592,-9.061075287524265,-9.639215492728058,-8.25410578190515,-8.311253474059255
2023-10-16,ETHUSDT,0.0013663834445219,0.0369646242307686,-6.595587851131955,-9.061075287524265,-8.44360603407981,-8.26849577196798
2023-10-17,ETHUSDT,0.0002760291892222,0.0166141261949648,-8.195003939787663,-6.595587851131955,-8.279511017254967,-8.1547006062754
2023-10-18,ETHUSDT,0.0002479817910564,0.0157474376028761,-8.302155237654581,-8.195003939787663,-8.290728541780329,-8.141367696069098
2023-10-19,ETHUSDT,0.0003230608336446,0.0179738931131963,-8.0376699130183,-8.302155237654581,-8.358607561765306,-8.113500325929294
2023-10-20,ETHUSDT,0.0004122527444002,0.0203040080870807,-7.793873939420709,-8.0376699130183,-8.038298445823354,-8.10360566300227
2023-10-21,ETHUSDT,0.0002447401608659,0.0156441733839132,-8.315313478113922,-7.793873939420709,-7.784858176202642,-8.098838268340977
2023-10-22,ETHUSDT,0.0003881100656661,0.019700509274285,-7.85422158417181,-8.315313478113922,-8.128803301599035,-8.118793601059975
2023-10-23,ETHUSDT,0.0014395650257394,0.0379416002000375,-6.543414276483937,-7.85422158417181,-8.060646830475864,-8.066359666626012
2023-10-24,ETHUSDT,0.002039979972025,0.0451661374485909,-6.194815288809009,-6.543414276483937,-7.708898638241736,-8.04621745891784
2023-10-25,ETHUSDT,0.0007948310632723,0.0281927484164349,-7.137380964919613,-6.194815288809009,-7.340327713399877,-8.011730715918047
2023-10-26,ETHUSDT,0.0011497901138471,0.03390855517192,-6.768175862962074,-7.137380964919613,-7.209029118499659,-7.956654158907515
2023-10-27,ETHUSDT,0.0004866084335909,0.0220592029228373,-7.628050796094472,-6.768175862962074,-6.8996015954692895,-7.895534279629202
2023-10-28,ETHUSDT,0.0001546590287969,0.0124361983257344,-8.774287678404162,-7.628050796094472,-6.8543674378538215,-7.870616655761359
2023-10-29,ETHUSDT,0.000268916889914,0.0163986856154414,-8.221108185527742,-8.774287678404162,-7.300542118237866,-7.912362160931457
2023-10-30,ETHUSDT,0.000525489419942,0.0229235560056046,-7.551180501166788,-8.221108185527742,-7.705800697581613,-7.853321813382272
2023-10-31,ETHUSDT,0.0003639480350169,0.0190774221271354,-7.91849946146143,-7.551180501166788,-7.788560604831048,-7.8056800754386835
2023-11-01,ETHUSDT,0.0008318707867453,0.0288421702849373,-7.09183343359671,-7.91849946146143,-8.01862532453092,-7.825561052553553
2023-11-02,ETHUSDT,0.0004513855464336,0.0212458359786967,-7.703188713513941,-7.09183343359671,-7.911381852031367,-7.779118298323815
2023-11-03,ETHUSDT,0.0003861143840735,0.0196497934867923,-7.859376900600406,-7.703188713513941,-7.697162059053322,-7.792169470062803
2023-11-04,ETHUSDT,0.000205119000622,0.014321976142351,-8.491920256406475,-7.859376900600406,-7.624815802067855,-7.779463132946419
2023-11-05,ETHUSDT,0.0006373157174779,0.0252451127444088,-7.3582453933435605,-8.491920256406475,-7.812963753115793,-7.803515865613545
2023-11-06,ETHUSDT,0.0004511274925442,0.0212397620642107,-7.70376056984241,-7.3582453933435605,-7.700912939492218,-7.699835406550614
2023-11-07,ETHUSDT,0.0004773437019093,0.021848196765623,-7.6472737774706845,-7.70376056984241,-7.823298366741359,-7.638139283019621
2023-11-08,ETHUSDT,0.0002363158930441,0.0153725695003835,-8.350341118123263,-7.6472737774706845,-7.812115379532708,-7.685943188762291
2023-11-09,ETHUSDT,0.0026704779564058,0.0516766674274362,-5.925497812700525,-8.350341118123263,-7.910308223037279,-7.693003969595727
2023-11-10,ETHUSDT,0.000874691072619,0.0295751766287049,-7.041639793810967,-5.925497812700525,-7.397023734296089,-7.58497408664327
2023-11-11,ETHUSDT,0.0005492699356425,0.0234365086060726,-7.5069205512408095,-7.041639793810967,-7.33370261438957,-7.539699990315663
2023-11-12,ETHUSDT,0.0003857186143698,0.0196397203231055,-7.860402432649916,-7.5069205512408095,-7.29433461066925,-7.5266566544893045
2023-11-13,ETHUSDT,0.0012610296158488,0.0355109788072491,-6.675826736272926,-7.860402432649916,-7.336960341705096,-7.505978879695487
2023-11-14,ETHUSDT,0.0012648445192497,0.035564652665951,-6.672806074040699,-6.675826736272926,-7.002057465335028,-7.452415477518264
2023-11-15,ETHUSDT,0.0007573823341798,0.0275205801933729,-7.185642367062496,-6.672806074040699,-7.151519117603064,-7.458296922861754
2023-11-16,ETHUSDT,0.0013167349120605,0.0362868421340371,-6.632600158135761,-7.185642367062496,-7.1803196322533696,-7.503334517327821
2023-11-17,ETHUSDT,0.0007552100804821,0.0274810858679586,-7.188514595126067,-6.632600158135761,-7.005455553632359,-7.480389935201282
2023-11-18,ETHUSDT,0.0002893358562159,0.0170098752557437,-8.147922412369843,-7.188514595126067,-6.87107798612759,-7.499496241208737
2023-11-19,ETHUSDT,0.0003077031222735,0.0175414686464268,-8.086375128552563,-8.147922412369843,-7.165497121346974,-7.523126769221253
2023-11-20,ETHUSDT,0.0006956447841665,0.0263750788466406,-7.270671395488583,-8.086375128552563,-7.448210932249346,-7.4918580169552715
2023-11-21,ETHUSDT,0.0010183839007281,0.0319121278000729,-6.889538319243419,-7.270671395488583,-7.465216737934564,-7.448656344680765
2023-11-22,ETHUSDT,0.0007735077928052,0.0278120080685532,-7.164574813269906,-6.889538319243419,-7.516604370156095,-7.418581700047884
2023-11-23,ETHUSDT,0.0003418665165574,0.0184896326777313,-7.981090199553243,-7.164574813269906,-7.511816413784862,-7.384312397857361
2023-11-24,ETHUSDT,0.0005985288165535,0.024464848590447,-7.4210358861662575,-7.981090199553243,-7.478449971221542,-7.424733159946293
2023-11-25,ETHUSDT,0.0001252850371396,0.0111930798773024,-8.984919119477063,-7.4210358861662575,-7.345382122744281,-7.411908031430491
2023-11-26,ETHUSDT,0.000330544150189,0.0181808731965514,-8.014770321545944,-8.984919119477063,-7.688231667541979,-7.46306904137943
2023-11-27,ETHUSDT,0.0004985525665256,0.0223282907210931,-7.60380152472238,-8.014770321545944,-7.913278068002482,-7.441380407976678
2023-11-28,ETHUSDT,0.000463644144607,0.0215323975582628,-7.676393229705366,-7.60380152472238,-8.00112341029298,-7.452542050312078
2023-11-29,ETHUSDT,0.0003384313361417,0.0183965033672647,-7.991189333627855,-7.676393229705366,-7.940184016323402,-7.4512980803058495
2023-11-30,ETHUSDT,0.000288639897896,0.0169894054603466,-8.150330674831762,-7.991189333627855,-8.054214705815722,-7.466930605585722
2023-12-01,ETHUSDT,0.0003682800081139,0.019190622921468,-7.906667017512752,-8.150330674831762,-7.887297016886661,-7.457839221799744
2023-12-02,ETHUSDT,0.0005520745698135,0.0234962671463688,-7.501827430569196,-7.906667017512752,-7.865676356080023,-7.547892367473026
2023-12-03,ETHUSDT,0.0002998211725716,0.0173153450029644,-8.112324352469201,-7.501827430569196,-7.845281537249386,-7.568809987325674
2023-12-04,ETHUSDT,0.0009975764981514,0.0315844344282346,-6.910181722264683,-8.112324352469201,-7.932467761802154,-7.596328341926963
2023-12-05,ETHUSDT,0.0010302933365326,0.0320981827605962,-6.877911724536253,-6.910181722264683,-7.716266239529519,-7.553136491454907
2023-12-06,ETHUSDT,0.0007292981029067,0.0270055198599617,-7.223427989229767,-6.877911724536253,-7.461782449470417,-7.562322172739605
2023-12-07,ETHUSDT,0.000614324290855,0.0247855661798373,-7.394987608243433,-7.223427989229767,-7.32513464381382,-7.587350441611833
2023-12-08,ETHUSDT,0.0004414269301244,0.0210101625439791,-7.725498055299498,-7.394987608243433,-7.3037666793486675,-7.596866134392786
2023-12-09,ETHUSDT,0.0005388271958215,0.0232126516327108,-7.5261156399032485,-7.725498055299498,-7.226401419914727,-7.646543311536592
2023-12-10,ETHUSDT,0.0002332580326552,0.0152727873243625,-8.363365280865379,-7.5261156399032485,-7.34958820344244,-7.661888813571919
2023-12-11,ETHUSDT,0.003611387051502,0.0600948171767084,-5.6236633556399935,-8.363365280865379,-7.646678914708265,-7.6716816712308065
2023-12-12,ETHUSDT,0.0007050568015621,0.0265529057084564,-7.257232188805929,-5.6236633556399935,-7.326725987990311,-7.5597402270075085
2023-12-13,ETHUSDT,0.0007686998426246,0.0277254367436235,-7.170809986338492,-7.257232188805929,-7.29917490410281,-7.559129353976479
2023-12-14,ETHUSDT,0.0007756763205153,0.0278509662402467,-7.161775237534787,-7.170809986338492,-7.188237290310608,-7.5719144297535275
2023-12-15,ETHUSDT,0.000519544182395,0.0227935118486602,-7.562558703120284,-7.161775237534787,-7.115369209836916,-7.571787176311022
2023-12-16,ETHUSDT,0.0002780663190143,0.0166753206570178,-8.187650915118581,-7.562558703120284,-6.955207894287898,-7.552763017382251
2023-12-17,ETHUSDT,0.0004281057171094,0.0206907157225034,-7.756140390290539,-8.187650915118581,-7.4680054061836145,-7.587609155061902
2023-12-18,ETHUSDT,0.0006612104729672,0.0257140131633942,-7.321438352809513,-7.756140390290539,-7.567787046480537,-7.531755576462515
2023-12-19,ETHUSDT,0.0006151982567699,0.0248031904554631,-7.393565973375846,-7.321438352809513,-7.59791271977474,-7.500240486974496
2023-12-20,ETHUSDT,0.0010019496973343,0.0316535890119004,-6.905807479840817,-7.393565973375846,-7.644270866942952,-7.490684325549654
2023-12-21,ETHUSDT,0.0006335411815057,0.0251702439699283,-7.364185553992774,-6.905807479840817,-7.5129206222870595,-7.455657700555809
2023-12-22,ETHUSDT,0.0012032434672825,0.0346877999775507,-6.722734479022887,-7.364185553992774,-7.348227550061898,-7.427157528754214
2023-12-23,ETHUSDT,0.000327949476011,0.018109375362256,-8.022650997996807,-6.722734479022887,-7.141546367808367,-7.362266792581084
2023-12-24,ETHUSDT,0.0005052023958704,0.0224767078521408,-7.590551425079547,-8.022650997996807,-7.281788896845827,-7.367538791693996
2023-12-25,ETHUSDT,0.0003414403458376,0.018478104497964,-7.98233757697183,-7.590551425079547,-7.321185987186567,-7.371571700535376
2023-12-26,ETHUSDT,0.000516134120545,0.0227185853552778,-7.5691439027201595,-7.98233757697183,-7.53649200661277,-7.365663210740041
2023-12-27,ETHUSDT,0.0007496196887985,0.0273791834940076,-7.195944561645272,-7.5691439027201595,-7.577483676358246,-7.39561603712438
2023-12-28,ETHUSDT,0.0012624561150511,0.0355310584566672,-6.674696157774479,-7.195944561645272,-7.672125692882723,-7.4100720751747895
2023-12-29,ETHUSDT,0.0008176662441348,0.028594863946779,-7.1090563191272285,-6.674696157774479,-7.402534724838257,-7.385129719199551
2023-12-30,ETHUSDT,0.0003306637627298,0.0181841624148557,-8.01440852145321,-7.1090563191272285,-7.306235703647793,-7.372132842421541
2023-12-31,ETHUSDT,0.0003634374466135,0.0190640354231096,-7.919903362144509,-8.01440852145321,-7.31264989254407,-7.385265136337619
2024-01-01,ETHUSDT,0.0003174575354574,0.0178173380575618,-8.055166495167267,-7.919903362144509,-7.382801784428939,-7.403164578257674
2024-01-02,ETHUSDT,0.0008477104889742,0.0291154682080544,-7.072971384975716,-8.055166495167267,-7.5546461711333395,-7.389155542544125
2024-01-03,ETHUSDT,0.0050716682418949,0.0712156460470238,-5.284085473707559,-7.072971384975716,-7.634301216573587,-7.455033180241203
2024-01-04,ETHUSDT,0.0007855604798868,0.0280278518600135,-7.149113107832465,-5.284085473707559,-7.269307047489652,-7.365344693191276
2024-01-05,ETHUSDT,0.0008057805956734,0.0283862747762628,-7.123699066319263,-7.149113107832465,-7.096247964765503,-7.364358471441005
2024-01-06,ETHUSDT,0.0002286566202119,0.0151213961065747,-8.383289154805048,-7.123699066319263,-6.937007105600453,-7.362627736385752
2024-01-07,ETHUSDT,0.0003663541989727,0.0191403813695737,-7.9119099357815665,-8.383289154805048,-7.00263163752801,-7.399933666007788
2024-01-08,ETHUSDT,0.0008759224716614,0.0295959874250119,-7.04023297361411,-7.9119099357815665,-7.17041934768918,-7.387399985128832
2024-01-09,ETHUSDT,0.002342419451928,0.0483985480353285,-6.056570929959221,-7.04023297361411,-7.521648847670491,-7.354858738916267
2024-01-10,ETHUSDT,0.0025769320418373,0.0507634912297935,-5.961155718696767,-6.056570929959221,-7.303140412095843,-7.297364765150345
2024-01-11,ETHUSDT,0.0019147151454195,0.0437574581690891,-6.258186416541975,-5.961155718696767,-7.070631742571342,-7.232255208119477
2024-01-12,ETHUSDT,0.0030363597599045,0.0551031737734276,-5.797095928476827,-6.258186416541975,-6.645611194918727,-7.202817887060439
2024-01-13,ETHUSDT,0.0006807707946787,0.0260915847483197,-7.292284880158327,-5.797095928476827,-6.22264839345778,-7.1315865404460785
2024-01-14,ETHUSDT,0.0005639054888524,0.0237466942720975,-7.48062389346487,-7.292284880158327,-6.273058774766623,-7.157475195043142
2024-01-15,ETHUSDT,0.0004370872843334,0.0209066325440866,-7.7353776474964215,-7.48062389346487,-6.557869367467754,-7.132837599382601
2024-01-16,ETHUSDT,0.0006168953738885,0.0248373785631362,-7.390811120741785,-7.7353776474964215,-6.912713753227685,-7.139420609492459
2024-01-17,ETHUSDT,0.000480575478214,0.0219220317994041,-7.64052625923871,-7.390811120741785,-7.139238694067646,-7.112533043300184
2024-01-18,ETHUSDT,0.0005281318094051,0.0229811185412092,-7.546164666387838,-7.64052625923871,-7.507924760220023,-7.115777695869209
2024-01-19,ETHUSDT,0.0006121933040378,0.0247425403715521,-7.398462469053124,-7.546164666387838,-7.558700717465925,-7.131696791539326
2024-01-20,ETHUSDT,0.0001488294890734,0.0121995692167174,-8.812709275943478,-7.398462469053124,-7.542268432583576,-7.16459526023381
2024-01-21,ETHUSDT,9.519236777527262e-05,0.0097566576128955,-9.259610789808583,-8.812709275943478,-7.757734758272987,-7.242034030998184
2024-01-22,ETHUSDT,0.0009989049754792,0.0316054580014156,-6.908850903480321,-9.259610789808583,-8.131494692086346,-7.298634134105246
2024-01-23,ETHUSDT,0.0015081402393796,0.0388347813097951,-6.496878016784246,-6.908850903480321,-7.9851596209346685,-7.252677204165966
2024-01-24,ETHUSDT,0.0006608597070394,0.0257071917377116,-7.32196898415017,-6.496878016784246,-7.775302291013949,-7.181845909694011
2024-01-25,ETHUSDT,0.0004506137645061,0.0212276650742872,-7.7048999833707645,-7.32196898415017,-7.76000359403336,-7.193163982383758
2024-01-26,ETHUSDT,0.0005108557659115,0.0226021186155538,-7.57942326609321,-7.7048999833707645,-7.538441735518816,-7.303201005550267
2024-01-27,ETHUSDT,0.00013028955823,0.0114144451564709,-8.945751213422156,-7.57942326609321,-7.202404230775743,-7.322760558198483
2024-01-28,ETHUSDT,0.0003251664782746,0.0180323730627619,-8.03117326594017,-8.945751213422156,-7.609784292764109,-7.405581110339523
2024-01-29,ETHUSDT,0.0003572537542756,0.0189011574850755,-7.9370642323904805,-8.03117326594017,-7.916643342595295,-7.389575842663846
2024-01-30,ETHUSDT,0.0006087924476468,0.0246737197772618,-7.40403315680452,-7.9370642323904805,-8.039662392243356,-7.390719219782435
2024-01-31,ETHUSDT,0.0008049270613859,0.0283712365149268,-7.124758891624808,-7.40403315680452,-7.979489026930108,-7.407255591745635
2024-02-01,ETHUSDT,0.0004506422152232,0.0212283351966943,-7.704836847662931,-7.124758891624808,-7.8885561520364265,-7.455809590003161
2024-02-02,ETHUSDT,0.0003166153201096,0.0177936876478611,-8.057823022207362,-7.704836847662931,-7.6403732788845815,-7.535067823137988
2024-02-03,ETHUSDT,0.0001390316681496,0.0117911690747632,-8.880808822368145,-8.057823022207362,-7.64570323013802,-7.6168694870318685
2024-02-04,ETHUSDT,0.0003455642576301,0.0185893587202493,-7.970331947591917,-8.880808822368145,-7.834452148133553,-7.7570382549360195
2024-02-05,ETHUSDT,0.000299834416674,0.0173157274370464,-8.112280180105467,-7.970331947591917,-7.947711906291033,-7.787858576183001
2024-02-06,ETHUSDT,0.000450396454482,0.0212225459001042,-7.705382353101394,-8.112280180105467,-8.145216163987165,-7.816570225575754
2024-02-07,ETHUSDT,0.0003921082022719,0.0198017222046972,-7.843972730058209,-7.705382353101394,-8.145325265074856,-7.815206803103252
2024-02-08,ETHUSDT,0.0003225162739461,0.0179587380944807,-8.039356961153231,-7.843972730058209,-8.102555206645027,-7.835805058072182
2024-02-09,ETHUSDT,0.0005440931441531,0.0233258042552276,-7.516390104895282,-8.039356961153231,-7.934264834402043,-7.853933726341025
2024-02-10,ETHUSDT,0.0001980511836582,0.01407306589405,-8.526985057351723,-7.516390104895282,-7.843476465862717,-7.852580337182271
2024-02-11,ETHUSDT,0.0002335831648022,0.0152834277831319,-8.361972378090993,-8.526985057351723,-7.926417441311969,-7.9038768184685715
2024-02-12,ETHUSDT,0.0006837914252593,0.0261494058299485,-7.287857620674931,-8.361972378090993,-8.057735446309888,-7.883388777657095
2024-02-13,ETHUSDT,0.0008750565636756,0.0295813550006692,-7.04122202949532,-7.287857620674931,-7.946512424433232,-7.793763633605565
2024-02-14,ETHUSDT,0.0006334469688294,0.0251683723913463,-7.3643342731050225,-7.04122202949532,-7.74688543810165,-7.799780502969884
2024-02-15,ETHUSDT,0.0010352649622101,0.0321755335963549,-6.873097882892398,-7.3643342731050225,-7.716474271743598,-7.8392103328026455
2024-02-16,ETHUSDT,0.0006823447074726,0.0261217286463327,-7.289975591633819,-6.873097882892398,-7.385696836851733,-7.818807100927293
2024-02-17,ETHUSDT,0.0003389854736797,0.0184115581545871,-7.989553302004293,-7.289975591633819,-7.171297479560297,-7.799946901302886
2024-02-18,ETHUSDT,0.0005417822195996,0.0232762157491206,-7.520646446128263,-7.989553302004293,-7.311636615826171,-7.81858917566248
2024-02-19,ETHUSDT,0.000709573522714,0.0266378212831689,-7.250846440638557,-7.520646446128263,-7.407521499152759,-7.753811686240031
2024-02-20,ETHUSDT,0.00117092816434,0.0342188276295376,-6.749958541816164,-7.250846440638557,-7.384823932659467,-7.718342285089958
2024-02-21,ETHUSDT,0.0009132132605903,0.0302194186011303,-6.998541122399717,-6.749958541816164,-7.360196064444219,-7.664382935518398
2024-02-22,ETHUSDT,0.0010969802212791,0.0331206917391404,-6.815194127679204,-6.998541122399717,-7.3019091705973995,-7.6459514794090895
2024-02-23,ETHUSDT,0.0005923054725533,0.0243373267339154,-7.4314880552283435,-6.815194127679204,-7.0670373357323815,-7.631880353775198
2024-02-24,ETHUSDT,0.0002375842122342,0.015413766970935,-8.34498841950923,-7.4314880552283435,-7.049205657552397,-7.6194554086645345
2024-02-25,ETHUSDT,0.0005240414897342,0.0228919525103102,-7.553939697895653,-8.34498841950923,-7.268034053326533,-7.632508381269165
2024-02-26,ETHUSDT,0.0007507760005856,0.027400291979935,-7.194403218885885,-7.553939697895653,-7.42883028454243,-7.572196148338597
2024-02-27,ETHUSDT,0.0012646981771863,0.0355625951975721,-6.672921780380639,-7.194403218885885,-7.468002703839663,-7.536926660670141
2024-02-28,ETHUSDT,0.0030839412478628,0.0555332445285058,-5.781546874090664,-6.672921780380639,-7.43954823437995,-7.471501278864467
2024-02-29,ETHUSDT,0.0018655033808738,0.0431914734742155,-6.284224352989614,-5.781546874090664,-7.109559998152415,-7.384054211636706
2024-03-01,ETHUSDT,0.0007030155953805,0.0265144412609531,-7.260131482359131,-6.284224352989614,-6.697407184848491,-7.3131565581335884
2024-03-02,ETHUSDT,0.0003683002404371,0.0191911500550938,-7.90661208168398,-7.260131482359131,-6.6386455417411865,-7.277737218188403
2024-03-03,ETHUSDT,0.0004249392267259,0.0206140541069902,-7.76356439520381,-7.90661208168398,-6.781087314300805,-7.295474580769707
2024-03-04,ETHUSDT,0.0018218586723905,0.0426832364329431,-6.307898050446776,-7.76356439520381,-6.9992158372654405,-7.260773641581165
2024-03-05,ETHUSDT,0.0058550359842855,0.0765182068810132,-5.14045313604434,-6.307898050446776,-7.104486072536662,-7.167406626688247
2024-03-06,ETHUSDT,0.0027318541248746,0.0522671419237233,-5.902774733693813,-5.14045313604434,-6.875731829147607,-7.06979733193231
2024-03-07,ETHUSDT,0.0015673167897352,0.0395893519741765,-6.458390172839969,-5.902774733693813,-6.6042604794145445,-7.018049727577695
2024-03-08,ETHUSDT,0.0019349172814895,0.0439876946598659,-6.247690701998376,-6.458390172839969,-6.314616097645741,-6.976870450292921
2024-03-09,ETHUSDT,0.0002667442832778,0.0163323079593123,-8.229220099023118,-6.247690701998376,-6.011441359004655,-6.948442851161375
2024-03-10,ETHUSDT,0.0005605599158827,0.0236761465589903,-7.486574423961412,-8.229220099023118,-6.395705768719923,-6.991135783315434
2024-03-11,ETHUSDT,0.0011333550214157,0.0336653385756879,-6.782572999667968,-7.486574423961412,-6.864930026303338,-6.9682731070407575
2024-03-12,ETHUSDT,0.0013156055991551,0.036271277881474,-6.633458187687693,-6.782572999667968,-7.040889679498169,-6.934724314019835
2024-03-13,ETHUSDT,0.0007965810157684,0.0282237668600144,-7.135181719074395,-6.633458187687693,-7.0759032824677135,-6.906661211612978
2024-03-14,ETHUSDT,0.0017194609651684,0.0414663835554589,-6.365744429618371,-7.135181719074395,-7.253401485882918,-6.924171356033806
2024-03-15,ETHUSDT,0.0034671774518203,0.0588827432429941,-5.664414430485427,-6.365744429618371,-6.880706352001968,-6.895407869998289
2024-03-16,ETHUSDT,0.0015325602118447,0.0391479272994714,-6.4808156009781355,-5.664414430485427,-6.5162743533067715,-6.843099701944028
2024-03-17,ETHUSDT,0.001598671791367,0.0399833939450747,-6.4385821248810675,-6.4808156009781355,-6.455922873568804,-6.799887317659927
2024-03-18,ETHUSDT,0.0016297620337362,0.0403703112910498,-6.419321266394157,-6.4385821248810675,-6.4169476610074785,-6.71323248608592
2024-03-19,ETHUSDT,0.0041224711007425,0.0642064724209524,-5.491302513684261,-6.419321266394157,-6.2737755704714315,-6.66165892101767
2024-03-20,ETHUSDT,0.0044094665040442,0.0664038139269441,-5.424001570980981,-5.491302513684261,-6.098887187284609,-6.584245252599415
2024-03-21,ETHUSDT,0.0018872027851628,0.0434419472993879,-6.272659554054391,-5.424001570980981,-6.05080461538372,-6.527476152172157
2024-03-22,ETHUSDT,0.0018508687250405,0.0430217238734167,-6.292100169007634,-6.272659554054391,-6.009173405998972,-6.5497994558068715
2024-03-23,ETHUSDT,0.0010254240048709,0.0320222423460779,-6.8826490886381535,-6.292100169007634,-5.979877014824284,-6.550157447444054
2024-03-24,ETHUSDT,0.0009221603853173,0.0303670937910986,-6.988791395829473,-6.8826490886381535,-6.072542579273084,-6.532999156820373
2024-03-25,ETHUSDT,0.0010152107259393,0.0318623716308029,-6.892659076273869,-6.988791395829473,-6.372040355702127,-6.491280034736079
2024-03-26,ETHUSDT,0.0009411460197448,0.0306781032618513,-6.968412255343124,-6.892659076273869,-6.6657718567607045,-6.451693429330172
2024-03-27,ETHUSDT,0.0011006064241688,0.0331753888322178,-6.8118939563859975,-6.968412255343124,-6.80492239701845,-6.481716802280005
2024-03-28,ETHUSDT,0.0007346632491736,0.0271046720912405,-7.216098328130471,-6.8118939563859975,-6.908881154494123,-6.557691385022808
2024-03-29,ETHUSDT,0.0005278797934827,0.0229756347786671,-7.546641964035886,-7.216098328130471,-6.975571002392587,-6.617387912042656
2024-03-30,ETHUSDT,0.0003226259981739,0.0179617927327396,-8.039016806016605,-7.546641964035886,-7.0871411160338695,-6.666853902551562
2024-03-31,ETHUSDT,0.0004163173114542,0.0204038553085997,-7.7840628205438644,-8.039016806016605,-7.316412661982417,-6.748277816370572
2024-04-01,ETHUSDT,0.000831567069822,0.0288369046504998,-7.092198601343104,-7.7840628205438644,-7.479542775022564,-6.728043394621515
2024-04-02,ETHUSDT,0.002057640530103,0.0453612227580232,-6.186195326358848,-7.092198601343104,-7.535603704013985,-6.710117220866138
2024-04-03,ETHUSDT,0.0012811010117635,0.0357924714397246,-6.660035405340665,-6.186195326358848,-7.329623103659661,-6.683009144806632
2024-04-04,ETHUSDT,0.0010600456956503,0.0325583429500085,-6.849443262683275,-6.660035405340665,-7.152301791920617,-6.684217200154493
2024-04-05,ETHUSDT,0.0010811762956053,0.0328812453475438,-6.82970566795576,-6.849443262683275,-6.914387083253951,-6.671229088500353
2024-04-06,ETHUSDT,0.0003824606261698,0.0195566005780628,-7.868884848114345,-6.82970566795576,-6.72351565273633,-6.692318235697507
2024-04-07,ETHUSDT,0.0004883391973127,0.022098398071189,-7.62450031710444,-7.868884848114345,-6.878852902090578,-6.792521436498822
2024-04-08,ETHUSDT,0.0011241354986416,0.0335281299604026,-6.79074098438337,-7.62450031710444,-7.166513900239697,-6.844507105413654
2024-04-09,ETHUSDT,0.0009966855782569,0.0315703274968284,-6.911075205587973,-6.79074098438337,-7.192655016048238,-6.860514326300122
2024-04-10,ETHUSDT,0.0016463538014814,0.0405752855995057,-6.409192253602896,-6.911075205587973,-7.204981404629177,-6.8828667780816595
2024-04-11,ETHUSDT,0.0008300126560316,0.0288099402295745,-7.09406960905904,-6.409192253602896,-7.120878721758605,-6.924589038987051
2024-04-12,ETHUSDT,0.0019417713841213,0.0440655351053562,-6.244154637916455,-7.09406960905904,-6.965915673947544,-7.0005012225360534
2024-04-13,ETHUSDT,0.0074203736017771,0.0861415904298101,-4.903525872426585,-6.244154637916455,-6.689846538109947,-6.999205544529784
2024-04-14,ETHUSDT,0.0033459740045494,0.0578443947548026,-5.6999974455602365,-4.903525872426585,-6.312403515718589,-6.936088531048827
2024-04-15,ETHUSDT,0.0017103081865864,0.0413558724558737,-6.371081698632418,-5.6999974455602365,-6.070187963713042,-6.88233163818165
2024-04-16,ETHUSDT,0.0020436422616064,0.0452066616950027,-6.193021640741815,-6.371081698632418,-6.062565852718946,-6.854253924672693
2024-04-17,ETHUSDT,0.0019778784269598,0.044473345128963,-6.225730510279317,-6.193021640741815,-5.882356259055502,-6.822452223057598
2024-04-18,ETHUSDT,0.0012388723841848,0.0351976190130076,-6.693553680683642,-6.225730510279317,-5.8786714335280745,-6.7886939619183355
2024-04-19,ETHUSDT,0.0025356932367123,0.0503556673743122,-5.977288213165346,-6.693553680683642,-6.236676995179486,-6.783314858477319
2024-04-20,ETHUSDT,0.000657733409378,0.0256463137580833,-7.326710861656549,-5.977288213165346,-6.292135148700508,-6.727005307797086
2024-04-21,ETHUSDT,0.000565644055293,0.0237832725942643,-7.477545555161742,-7.326710861656549,-6.4832609813053335,-6.717008439507115
2024-04-22,ETHUSDT,0.0007739840091685,0.0278205680957189,-7.163959344576986,-7.477545555161742,-6.740165764189319,-6.691487019013713
2024-04-23,ETHUSDT,0.0004424784261298,0.0210351711694922,-7.723118849213756,-7.163959344576986,-6.927811531048853,-6.663300497378856
2024-04-24,ETHUSDT,0.0008479722318276,0.0291199627717421,-7.072662668194837,-7.723118849213756,-7.133724564754876,-6.691978690463884
2024-04-25,ETHUSDT,0.0007494221018119,0.0273755749129019,-7.196208179362913,-7.072662668194837,-7.352799455760774,-6.732272660547339
2024-04-26,ETHUSDT,0.0006290054380379,0.0250799808221201,-7.371370655771953,-7.196208179362913,-7.326698919302046,-6.756644150275623
2024-04-27,ETHUSDT,0.0008295650818589,0.0288021714781877,-7.094608992268796,-7.371370655771953,-7.305463939424089,-6.780368122688745
2024-04-28,ETHUSDT,0.0004971345046793,0.0222965132852496,-7.606649935324647,-7.094608992268796,-7.291593868962451,-6.792409182884791
2024-04-29,ETHUSDT,0.0008719381646007,0.0295285990964811,-7.044792048724841,-7.606649935324647,-7.268300086184629,-6.780489414121623
2024-04-30,ETHUSDT,0.0017171861974948,0.041438945419675,-6.3670682594432835,-7.044792048724841,-7.262725962290631,-6.754139038286187
2024-05-01,ETHUSDT,0.0022287979733247,0.0472101469318272,-6.106292864251467,-6.3670682594432835,-7.096897978306704,-6.7348811871525465
2024-05-02,ETHUSDT,0.0009383560907367,0.0306325984979529,-6.971381053347328,-6.106292864251467,-6.843882420002606,-6.698300171637251
2024-05-03,ETHUSDT,0.0006317688231526,0.0251350118987957,-7.366987016884439,-6.971381053347328,-6.819236832218313,-6.7238542079892705
2024-05-04,ETHUSDT,0.0004508467572998,0.0212331523165969,-7.704383060458996,-7.366987016884439,-6.771304248530273,-6.7362595447086075
2024-05-05,ETHUSDT,0.0005701571061549,0.0238779627722924,-7.469598610280066,-7.704383060458996,-6.903222450877102,-6.8026335639150854
2024-05-06,ETHUSDT,0.000704594238533,0.0265441940644852,-7.257888469023579,-7.469598610280066,-7.123728521044458,-6.919273233817518
2024-05-07,ETHUSDT,0.0008037422478466,0.0283503482843974,-7.12623192743986,-7.257888469023579,-7.354047641998882,-6.99008646215676
2024-05-08,ETHUSDT,0.0008684286204922,0.0294691129912696,-7.048825162773844,-7.12623192743986,-7.385017816817388,-7.024411472557099
2024-05-09,ETHUSDT,0.0004603502127872,0.021455773413867,-7.683523026001352,-7.048825162773844,-7.32138544599527,-7.063311632649464
2024-05-10,ETHUSDT,0.0005184564643879,0.0227696390921755,-7.564654498356266,-7.683523026001352,-7.317213439103741,-7.129574928818647
2024-05-11,ETHUSDT,0.0002978046679604,0.0172570179335949,-8.119072763020558,-7.564654498356266,-7.3362246167189795,-7.169170420531038
2024-05-12,ETHUSDT,0.0001911031875521,0.0138240076516232,-8.562697026835702,-8.119072763020558,-7.508461475518376,-7.266524263706276
2024-05-13,ETHUSDT,0.0007427323535238,0.0272531164002181,-7.205174802202275,-8.562697026835702,-7.795754495397544,-7.322705453032601
2024-05-14,ETHUSDT,0.0006649836270982,0.0257872764575518,-7.315748138516482,-7.205174802202275,-7.827024423283231,-7.310324964261715
2024-05-15,ETHUSDT,0.0008379834994694,0.0289479446501732,-7.084512148046693,-7.315748138516482,-7.753469445786257,-7.317224454895328
2024-05-16,ETHUSDT,0.0003766380237205,0.0194071642369645,-7.884225981037341,-7.084512148046693,-7.657440975724342,-7.288196877569553
2024-05-17,ETHUSDT,0.0006953742951025,0.026369950608649,-7.271060303263381,-7.884225981037341,-7.610471619327699,-7.325086119062394
2024-05-18,ETHUSDT,0.0002871206212267,0.0169446339950651,-8.155608147478963,-7.271060303263381,-7.352144274613235,-7.328488488330597
2024-05-19,ETHUSDT,0.0003316669991801,0.0182117269686368,-8.011379106921229,-8.155608147478963,-7.542230943668573,-7.364135647044552
2024-05-20,ETHUSDT,0.0042617909889288,0.0652823941727692,-5.458065787116219,-8.011379106921229,-7.681357137349522,-7.40580701589239
2024-05-21,ETHUSDT,0.0018260198309246,0.0427319532776659,-6.305616636559132,-5.458065787116219,-7.3560678651634275,-7.308144100064735
2024-05-22,ETHUSDT,0.0009662338774409,0.0310843027497958,-6.9421046439033764,-6.305616636559132,-7.040345996267784,-7.274545217693566
2024-05-23,ETHUSDT,0.003481072088726,0.0590006109182439,-5.660414961167038,-6.9421046439033764,-6.974554864395783,-7.300683235169026
2024-05-24,ETHUSDT,0.0010426718342106,0.0322904294522484,-6.865968788895128,-5.660414961167038,-6.475516227133399,-7.280416057756097
2024-05-25,ETHUSDT,0.0002936973145433,0.0171375994393417,-8.132960863338104,-6.865968788895128,-6.246434163528178,-7.2756245911900885
2024-05-26,ETHUSDT,0.0005506208514312,0.0234653116627768,-7.5044640955928825,-8.132960863338104,-6.781413178772556,-7.310441584210708
2024-05-27,ETHUSDT,0.0007813582325983,0.0279527857752731,-7.154476828783303,-7.5044640955928825,-7.0211826705793055,-7.301354358534977
2024-05-28,ETHUSDT,0.0008954342945699,0.0299238081562149,-7.018201712053364,-7.154476828783303,-7.063657107555291,-7.287030641194213
2024-05-29,ETHUSDT,0.0007527524726089,0.0274363348975209,-7.191774105840107,-7.018201712053364,-7.335214457732556,-7.276135788604659
2024-05-30,ETHUSDT,0.0005961512931398,0.0244162096390865,-7.4250160755627626,-7.191774105840107,-7.400375521121552,-7.2791149785319424
2024-05-31,ETHUSDT,0.0005000578714544,0.0223619737826175,-7.600786723330976,-7.4250160755627626,-7.258786563566484,-7.296214565476893
2024-06-01,ETHUSDT,0.0001526783904713,0.0123563097432596,-8.787176871986537,-7.600786723330976,-7.278051089114102,-7.292453824446422
2024-06-02,ETHUSDT,0.0002578307449576,0.0160571088604903,-8.263207215618845,-8.787176871986537,-7.604591097754749,-7.348023023247799
2024-06-03,ETHUSDT,0.0004076599004355,0.0201905894028771,-7.805077308542885,-8.263207215618845,-7.853592198467846,-7.354574589274993
2024-06-04,ETHUSDT,0.0003964778881032,0.0199117525121033,-7.832890286153906,-7.805077308542885,-7.976252839008401,-7.320137329352591
2024-06-05,ETHUSDT,0.0003604135547838,0.0189845609584175,-7.928258422549442,-7.832890286153906,-8.057827681126629,-7.348669851350394
2024-06-06,ETHUSDT,0.0002620092900418,0.0161867010240465,-8.247130596656994,-7.928258422549442,-8.123322020970324,-7.376511227897347
2024-06-07,ETHUSDT,0.0018774161845521,0.0433291609029312,-6.277858817371951,-8.247130596656994,-8.015312765904415,-7.429357521015996
2024-06-08,ETHUSDT,0.0001203498230439,0.0109704066945571,-9.025107864081933,-6.277858817371951,-7.6182430862550365,-7.356340831758478
2024-06-09,ETHUSDT,8.891435074123008e-05,0.00942944063777,-9.327837002811505,-9.025107864081933,-7.862249197362845,-7.436070266341139
2024-06-10,ETHUSDT,0.0002302328926689,0.0151734271892984,-8.376419184529878,-9.327837002811505,-8.161238540694367,-7.489353396128982
2024-06-11,ETHUSDT,0.0010093833542535,0.0317707940450582,-6.89841567492769,-8.376419184529878,-8.250870693090453,-7.505946126929376
2024-06-12,ETHUSDT,0.001147330809848,0.0338722719912324,-6.77031706929853,-6.89841567492769,-7.98112770874459,-7.571416576375352
2024-06-13,ETHUSDT,0.0006679046707926,0.0258438517019559,-7.311365103005752,-6.77031706929853,-8.079619359129907,-7.592539323318051
2024-06-14,ETHUSDT,0.0010491250970188,0.0323902006325803,-6.859798703085366,-7.311365103005752,-7.736870806914671,-7.609323889640887
2024-06-15,ETHUSDT,0.0003793887705302,0.0194779046750471,-7.876949098871341,-6.859798703085366,-7.243263146969443,-7.663841332455356
2024-06-16,ETHUSDT,0.0003934441226661,0.0198354259512153,-7.84057150103843,-7.876949098871341,-7.143369129837735,-7.709794982908821
2024-06-17,ETHUSDT,0.000909028884252,0.0301501058746414,-7.003133688436852,-7.84057150103843,-7.3318002950598835,-7.696504557349744
2024-06-18,ETHUSDT,0.0016313906138429,0.0403904767716717,-6.418322490551332,-7.003133688436852,-7.378363618887548,-7.673716811569924
2024-06-19,ETHUSDT,0.000546504550509,0.0233774367822702,-7.511967923741908,-6.418322490551332,-7.1997550963966646,-7.640255250741199
2024-06-20,ETHUSDT,0.0006844839718042,0.0261626445873541,-7.286845329427823,-7.511967923741908,-7.3301889405279725,-7.6626991694543145
2024-06-21,ETHUSDT,0.0007271600207947,0.0269659047835368,-7.2263639935172685,-7.286845329427823,-7.2121681866392695,-7.6670205887083025
2024-06-22,ETHUSDT,0.0001361531881731,0.0116684698299806,-8.901729922496562,-7.2263639935172685,-7.0893266851350365,-7.657990948615325
2024-06-23,ETHUSDT,0.0002608224860833,0.0161499995691445,-8.25167051198392,-8.901729922496562,-7.4690459319469795,-7.717124730395579
2024-06-24,ETHUSDT,0.0014463404009665,0.0380307822818119,-6.5387187742593165,-8.25167051198392,-7.835715536233496,-7.6927835322136415
2024-06-25,ETHUSDT,0.0005581244517774,0.023624657707097,-7.490928588591731,-6.5387187742593165,-7.6410657063369785,-7.614397693970026
2024-06-26,ETHUSDT,0.0004316748468768,0.0207767862499674,-7.747837922384555,-7.490928588591731,-7.68188235816976,-7.60011820669952
2024-06-27,ETHUSDT,0.0003932172273469,0.0198297056797866,-7.841148357459526,-7.747837922384555,-7.786177143943218,-7.596252190164549
2024-06-28,ETHUSDT,0.0004968492059394,0.0222901145340126,-7.607223986477974,-7.841148357459526,-7.574060830935809,-7.592292641751371
2024-06-29,ETHUSDT,0.0001094171995226,0.0104602676601829,-9.120342463490887,-7.607223986477974,-7.445171525834621,-7.563205977652325
2024-06-30,ETHUSDT,0.0002631469625088,0.0162218051556815,-8.242797889043949,-9.120342463490887,-7.961496263680935,-7.69240977974864
2024-07-01,ETHUSDT,0.0004001872729749,0.0200046812765146,-7.823577937982244,-8.242797889043949,-8.111870123771379,-7.656850235428732
2024-07-02,ETHUSDT,0.0001931170556714,0.0138966562766519,-8.552214046840431,-7.823577937982244,-8.127018126890915,-7.588474823391039
2024-07-03,ETHUSDT,0.0005724020375918,0.0239249250279252,-7.465668950554212,-8.552214046840431,-8.269231264767097,-7.596465498950608
2024-07-04,ETHUSDT,0.0011594739145712,0.0340510486559695,-6.759788898657414,-7.465668950554212,-8.240920257582344,-7.6222497387518136
2024-07-05,ETHUSDT,0.0039113523343317,0.0625408053540384,-5.543872099224588,-6.759788898657414,-7.7688095446156495,-7.6217711855408545
2024-07-06,ETHUSDT,0.0005558248344087,0.0235759376146259,-7.495057359378635,-5.543872099224588,-7.229024386651778,-7.541430594459893
2024-07-07,ETHUSDT,0.0006045470156402,0.0245875378116681,-7.411031114854094,-7.495057359378635,-7.163320270931057,-7.570305987927768
2024-07-08,ETHUSDT,0.003150289936406,0.0561274437009739,-5.760260787076828,-7.411031114854094,-6.935083684533788,-7.549127897745166
2024-07-09,ETHUSDT,0.0010739827241784,0.0327716756388566,-6.836381368519809,-5.760260787076828,-6.594002051838312,-7.454568319837821
2024-07-10,ETHUSDT,0.0006876948369648,0.0262239363361961,-7.282165369351994,-6.836381368519809,-6.609320545810791,-7.4469886689325016
2024-07-11,ETHUSDT,0.0011756351705803,0.0342875366653879,-6.745946706735087,-7.282165369351994,-6.9569791998362716,-7.486254254332531
2024-07-12,ETHUSDT,0.000732272405028,0.027060532238448,-7.219357975212747,-6.745946706735087,-6.8071570693075625,-7.451435108104946
2024-07-13,ETHUSDT,0.0002807516657844,0.0167556457883437,-8.17804003102619,-7.219357975212747,-6.768822441379292,-7.448367501095171
2024-07-14,ETHUSDT,0.0004228635875316,0.0205636472332048,-7.768460919033432,-8.17804003102619,-7.2523782901691645,-7.491625502800122
2024-07-15,ETHUSDT,0.001044260301394,0.0323150166547079,-6.864446489762293,-7.768460919033432,-7.43879420027189,-7.44011327536998
2024-07-16,ETHUSDT,0.0010597806886286,0.0325542729703591,-6.849693289784595,-6.864446489762293,-7.35525042435395,-7.37705763799627
2024-07-17,ETHUSDT,0.000813578618167,0.0285232995666176,-7.114067994097632,-6.849693289784595,-7.375999740963851,-7.391192843247419
2024-07-18,ETHUSDT,0.0006377977037804,0.0252546570711319,-7.357489403613675,-7.114067994097632,-7.354941744740827,-7.37406281622496
2024-07-19,ETHUSDT,0.0007387112753288,0.027179243464984,-7.210603409800573,-7.357489403613675,-7.190831619258326,-7.356319701735374
2024-07-20,ETHUSDT,0.0002665944674256,0.0163277208276484,-8.229781902777084,-7.210603409800573,-7.079260117411754,-7.327658567750876
2024-07-21,ETHUSDT,0.0005475003726025,0.0233987258756232,-7.510147415721338,-8.229781902777084,-7.352327200014711,-7.355956654855381
2024-07-22,ETHUSDT,0.0004694478013524,0.0216667441336351,-7.66395344472494,-7.510147415721338,-7.484418025202061,-7.2827659708658565
2024-07-23,ETHUSDT,0.0011013062645822,0.0331859347402213,-6.811258290457425,-7.66395344472494,-7.594395115327522,-7.2564548597604475
2024-07-24,ETHUSDT,0.0006491861416001,0.0254791314922662,-7.33979106944001,-6.811258290457425,-7.485148892696271,-7.210440330327501
2024-07-25,ETHUSDT,0.0019313532124228,0.0439471638723464,-6.249534375420541,-7.33979106944001,-7.51098642462416,-7.155330194991118
2024-07-26,ETHUSDT,0.0006253585628955,0.0250071702296678,-7.377185372098366,-6.249534375420541,-7.114936919152851,-7.1000513506668606
2024-07-27,ETHUSDT,0.000876159156406,0.0295999857500983,-7.039962798135698,-7.377185372098366,-7.088344510428255,-7.128114826732357
2024-07-28,ETHUSDT,0.0003232435387983,0.017978974909554,-8.037104528761727,-7.039962798135698,-6.963546381110407,-7.196118949410135
2024-07-29,ETHUSDT,0.0007655428787161,0.0276684455421,-7.174925330436436,-8.037104528761727,-7.208715628771269,-7.220757457109368
2024-07-30,ETHUSDT,0.0005703537134649,0.0238820793371294,-7.469253839658753,-7.174925330436436,-7.175742480970554,-7.210025375999473
2024-07-31,ETHUSDT,0.0007430582591347,0.0272590949801123,-7.2047361056411985,-7.469253839658753,-7.419686373818196,-7.287706878389562
2024-08-01,ETHUSDT,0.0009384670868213,0.0306344101758363,-6.971262772535309,-7.2047361056411985,-7.385196520526764,-7.304450275531442
2024-08-02,ETHUSDT,0.0015169748041896,0.038948360738157,-6.491037187725591,-6.971262772535309,-7.371456515406685,-7.290318339312503
2024-08-03,ETHUSDT,0.0011060827972992,0.033257823099223,-6.806930516749832,-6.491037187725591,-7.062243047199457,-7.2787315429938895
2024-08-04,ETHUSDT,0.0024228387552298,0.0492223400015672,-6.022815386935475,-6.806930516749832,-6.988644084462138,-7.259984840336485
2024-08-05,ETHUSDT,0.0235772839601518,0.1535489627452814,-3.74747157455495,-6.022815386935475,-6.699356393917481,-7.1620200837869055
2024-08-06,ETHUSDT,0.0034671695266748,0.0588826759469608,-5.664416716250914,-3.74747157455495,-6.007903487700231,-6.9792478408560665
2024-08-07,ETHUSDT,0.0030964586678334,0.0556458324390373,-5.7774961857025655,-5.664416716250914,-5.746534276443352,-6.924701032969185
2024-08-08,ETHUSDT,0.0036075357406554,0.0600627650100748,-5.624730360045741,-5.7774961857025655,-5.6038260760387475,-6.875964800965456
2024-08-09,ETHUSDT,0.0020205112997661,0.044950097883833,-6.204404680902067,-5.624730360045741,-5.367386044697929,-6.80826763578128
2024-08-10,ETHUSDT,0.0006346444932927,0.0251921514224712,-7.362445568930199,-6.204404680902067,-5.403703903491247,-6.755854693839843
2024-08-11,ETHUSDT,0.001135276092909,0.0336938583856025,-6.780879403965829,-7.362445568930199,-6.126698702366298,-6.762756610163918
2024-08-12,ETHUSDT,0.0028012415442397,0.0529267564114766,-5.877692551420512,-6.780879403965829,-6.349991239909281,-6.696897405672496
2024-08-13,ETHUSDT,0.0013294541866211,0.0364616810723421,-6.622986806979028,-5.877692551420512,-6.370030513052869,-6.6226949118406395
2024-08-14,ETHUSDT,0.0012646872475834,0.0355624415301238,-6.672930422482229,-6.622986806979028,-6.569681802439527,-6.575378246488554
2024-08-15,ETHUSDT,0.0012468374901162,0.0353105860913731,-6.687144941453379,-6.672930422482229,-6.663386950755559,-6.569090616126044
2024-08-16,ETHUSDT,0.0011980636228081,0.0346130556699073,-6.727048673179752,-6.687144941453379,-6.528326825260196,-6.5394248830357435
2024-08-17,ETHUSDT,0.0001903200141492,0.0137956520015996,-8.566803617625313,-6.727048673179752,-6.51756067910298,-6.561130078388434
2024-08-18,ETHUSDT,0.0004038379999085,0.0200957209352778,-7.814496750746739,-8.566803617625313,-7.05538289234394,-6.615203635003296
2024-08-19,ETHUSDT,0.0008705544651826,0.0295051599755479,-7.046380233013594,-7.814496750746739,-7.293684881097482,-6.650409723758344
2024-08-20,ETHUSDT,0.0006597922084334,0.0256864207010921,-7.323585608221939,-7.046380233013594,-7.368374843203755,-6.605376801224337
2024-08-21,ETHUSDT,0.0008595876033013,0.029318724448743,-7.059057814773501,-7.323585608221939,-7.495662976557467,-6.612134086578223
2024-08-22,ETHUSDT,0.0004146730440848,0.0203635223889392,-7.788020193825801,-7.059057814773501,-7.562064804876218,-6.593488812719803
2024-08-23,ETHUSDT,0.0011479008518773,0.0338806855284451,-6.769820350775057,-7.788020193825801,-7.406308120116314,-6.620001725819103
2024-08-24,ETHUSDT,0.000612962004003,0.0247580694724577,-7.397207607631023,-6.769820350775057,-7.197372840121979,-6.610845252102728
2024-08-25,ETHUSDT,0.0003397252603702,0.0184316374847778,-7.987373324743406,-7.397207607631023,-7.267538315045465,-6.6520348166438845
2024-08-26,ETHUSDT,0.000497036244099,0.0222943096798055,-7.606847608774084,-7.987373324743406,-7.400295858349757,-6.705691307916319
2024-08-27,ETHUSDT,0.0025220517448557,0.0502200333020171,-5.982682524260634,-7.606847608774084,-7.5098538171498745,-6.777692772545347
2024-08-28,ETHUSDT,0.001840760869171,0.0429040891893889,-6.297576276981557,-5.982682524260634,-7.1487862832368405,-6.87929327025924
2024-08-29,ETHUSDT,0.0008108459528943,0.0284753569405956,-7.1174324690004696,-6.297576276981557,-7.054337468478141,-6.908073250292452
2024-08-30,ETHUSDT,0.0010070726146993,0.0317344074263146,-6.900707557915716,-7.1174324690004696,-6.99838244075203,-6.968979444987812
2024-08-31,ETHUSDT,0.0001748570656153,0.0132233530398062,-8.65154168568998,-6.900707557915716,-6.781049287386492,-7.026978408527356
2024-09-01,ETHUSDT,0.0008196506701452,0.0286295419129482,-7.106632320492924,-8.65154168568998,-6.989988102769672,-7.138211908744989
2024-09-02,ETHUSDT,0.0007209064861606,0.0268497017890442,-7.235001129284465,-7.106632320492924,-7.214778062016128,-7.126584033816021
2024-09-03,ETHUSDT,0.0005717351773712,0.0239109844500653,-7.46683465041502,-7.235001129284465,-7.402263032476711,-7.147225930421413
2024-09-04,ETHUSDT,0.0024190689597186,0.0491840315521069,-6.02437254022912,-7.46683465041502,-7.472143468759621,-7.219459662193892
2024-09-05,ETHUSDT,0.0011869029001047,0.0344514571550289,-6.736407969476794,-6.02437254022912,-7.296876465222302,-7.192249922796168
2024-09-06,ETHUSDT,0.0022202425468079,0.0471194497719143,-6.110138833747003,-6.736407969476794,-6.913849721979664,-7.195135265841376
2024-09-07,ETHUSDT,0.0005241347590005,0.0228939895824338,-7.553761733041634,-6.110138833747003,-6.714551024630481,-7.168907715491085
2024-09-08,ETHUSDT,0.0007445342243368,0.0272861544439081,-7.202751737337611,-7.553761733041634,-6.778303145381914,-7.206485581848444
2024-09-09,ETHUSDT,0.0010450414149328,0.0323271003174254,-6.863698762836029,-7.202751737337611,-6.725486562766432,-7.144483223653548
2024-09-10,ETHUSDT,0.00071036073912,0.0266525934783106,-7.2497376336919075,-6.863698762836029,-6.893351807287814,-7.10126513329397
2024-09-11,ETHUSDT,0.0010307592436864,0.0321054394719402,-6.877459618494702,-7.2497376336919075,-6.996017740130837,-7.110508651506621
2024-09-12,ETHUSDT,0.0006080504477996,0.0246586789548768,-7.405252706085601,-6.877459618494702,-7.149481897080376,-7.090230197428112
2024-09-13,ETHUSDT,0.0006903003159633,0.0262735668679264,-7.278383814536131,-7.405252706085601,-7.11978009168917,-7.105966328851388
2024-09-14,ETHUSDT,0.0002246212169412,0.0149873685796158,-8.40109505466648,-7.278383814536131,-7.134906507128873,-7.082801038883676
2024-09-15,ETHUSDT,0.0005234407780097,0.0228788281607625,-7.555086661064105,-8.40109505466648,-7.442385765494964,-7.1569498890605585
2024-09-16,ETHUSDT,0.0009189851082123,0.0303147671640796,-6.992240640079052,-7.555086661064105,-7.503455570969403,-7.164126209671153
2024-09-17,ETHUSDT,0.0008348521820895,0.028893808715529,-7.088255876222349,-6.992240640079052,-7.526411775286273,-7.118892905822773
2024-09-18,ETHUSDT,0.0009263883035433,0.030436627663776,-6.984217076934121,-7.088255876222349,-7.463012409313623,-7.095320554343149
2024-09-19,ETHUSDT,0.0008411570525883,0.0290027076768416,-7.080732170374526,-6.984217076934121,-7.40417906179322,-7.140844852191944
2024-09-20,ETHUSDT,0.0008449147817338,0.0290674178718008,-7.076274785711977,-7.080732170374526,-7.140106484934831,-7.17644284734617
2024-09-21,ETHUSDT,0.0004648724415978,0.0215609007603553,-7.673747509153813,-7.076274785711977,-7.044344109864406,-7.174572043560329
2024-09-22,ETHUSDT,0.0005604100138108,0.0236729806701834,-7.486841874619673,-7.673747509153813,-7.180645483679358,-7.209710223162062
2024-09-23,ETHUSDT,0.0009618740511406,0.0310140943949789,-6.946627039840129,-7.486841874619673,-7.260362683358823,-7.156769322658866
2024-09-24,ETHUSDT,0.0005993040261794,0.0244806867995861,-7.419741532385875,-6.946627039840129,-7.252844675940024,-7.149496355356465
2024-09-25,ETHUSDT,0.0005874660774039,0.0242376995072539,-7.439692054202118,-7.419741532385875,-7.320646548342293,-7.15789364640653
2024-09-26,ETHUSDT,0.0007090482430212,0.026627959798325,-7.251586989993562,-7.439692054202118,-7.393330002040322,-7.156659892033216
2024-09-27,ETHUSDT,0.0006206503985762,0.024912856090306,-7.38474259981095,-7.251586989993562,-7.308897898208272,-7.2124423670225095
2024-09-28,ETHUSDT,0.0002230310170791,0.0149342230155827,-8.408199706135472,-7.38474259981095,-7.288478043246526,-7.241912122946789
2024-09-29,ETHUSDT,0.0002378012320737,0.0154208051694386,-8.344075392586868,-8.408199706135472,-7.580792576505596,-7.346369435328083
2024-09-30,ETHUSDT,0.0007135887036562,0.0267130811337116,-7.245203806901967,-8.344075392586868,-7.765659348545793,-7.382292783489229
2024-10-01,ETHUSDT,0.0012966816614258,0.0360094662752144,-6.647946846005161,-7.245203806901967,-7.726761699085763,-7.384222423014882
2024-10-02,ETHUSDT,0.0014031291800796,0.0374583659558129,-6.569050407916774,-6.647946846005161,-7.606033670288083,-7.374415517704389
2024-10-03,ETHUSDT,0.0010489891728843,0.032388102335339,-6.8599282709898795,-6.569050407916774,-7.442895231909247,-7.3434751892600625
2024-10-04,ETHUSDT,0.0005878641866432,0.0242459107200221,-7.439014611841102,-6.8599282709898795,-7.13324094488013,-7.342678309828026
2024-10-05,ETHUSDT,0.0002211443986689,0.0148709246070622,-8.41669468216921,-7.439014611841102,-6.952228788730977,-7.344212941907822
2024-10-06,ETHUSDT,0.0002560635169323,0.0160019847810299,-8.270085031242859,-8.41669468216921,-7.186526963784425,-7.395954344982053
2024-10-07,ETHUSDT,0.0009724393171125,0.031183959291798,-6.935702883274604,-8.270085031242859,-7.510954600831964,-7.389999343917342
2024-10-08,ETHUSDT,0.0006655826716589,0.025798888961715,-7.314847702962486,-6.935702883274604,-7.58428509590353,-7.361845535836002
2024-10-09,ETHUSDT,0.0007058899910291,0.0265685903094068,-7.256051152684337,-7.314847702962486,-7.675268982298052,-7.376509493239794
2024-10-10,ETHUSDT,0.0007456923783678,0.0273073685727468,-7.201197404242136,-7.256051152684337,-7.6386762904667,-7.384136551260794
2024-10-11,ETHUSDT,0.0004410448471685,0.0210010677625824,-7.7263639934283015,-7.201197404242136,-7.395576834881284,-7.3939992934111585
2024-10-12,ETHUSDT,0.0002239669150095,0.0149655242143243,-8.404012217868525,-7.7263639934283015,-7.286832627318373,-7.423346194459057
2024-10-13,ETHUSDT,0.0002723719732364,0.0165036957447847,-8.208341877248063,-8.404012217868525,-7.580494494237158,-7.483697895920718
2024-10-14,ETHUSDT,0.0007764169007568,0.0278642584820925,-7.1608209388012405,-8.208341877248063,-7.759193329094272,-7.507997639925002
2024-10-15,ETHUSDT,0.0013377833499758,0.0365757207717889,-6.616741251182054,-7.1608209388012405,-7.7401472863176535,-7.49317850647871
2024-10-16,ETHUSDT,0.0005942587426959,0.0243774228066859,-7.42819573968091,-6.616741251182054,-7.623256055705636,-7.478183697903342
2024-10-17,ETHUSDT,0.0005290315605442,0.023000686088556,-7.544462467121524,-7.42819573968091,-7.563622404956159,-7.478567980053117
2024-10-18,ETHUSDT,0.0005041930178169,0.0224542427575941,-7.592551391348982,-7.544462467121524,-7.391712454806758,-7.483330271549454
2024-10-19,ETHUSDT,0.0001278777367546,0.011308303884962,-8.964435932125996,-7.592551391348982,-7.268554357626942,-7.498828653429245
2024-10-20,ETHUSDT,0.0004139507688508,0.0203457801239193,-7.78976350702933,-8.964435932125996,-7.629277356291892,-7.570632895807202
2024-10-21,ETHUSDT,0.0005174766485293,0.0227481130762382,-7.56654615745773,-7.78976350702933,-7.863881807461349,-7.542522159484196
2024-10-22,ETHUSDT,0.0005523447093068,0.0235020150052466,-7.501338233207661,-7.56654615745773,-7.891551891016713,-7.507179921523781
2024-10-23,ETHUSDT,0.0007116597094669,0.0266769509027346,-7.247910696942174,-7.501338233207661,-7.88292704423394,-7.518822395446767
2024-10-24,ETHUSDT,0.0005033871467966,0.02243629084311,-7.594151008372895,-7.247910696942174,-7.8139989053525785,-7.546093479580267
2024-10-25,ETHUSDT,0.0015750462428997,0.0396868522674669,-6.453470646564316,-7.594151008372895,-7.539941920601959,-7.592688961419182
2024-10-26,ETHUSDT,0.0003193866357292,0.0178713915442886,-8.04910816485838,-6.453470646564316,-7.272683348508956,-7.574213614854384
2024-10-27,ETHUSDT,0.0002572631611615,0.0160394252129426,-8.265411023581144,-8.04910816485838,-7.369195749989086,-7.601945139991532
2024-10-28,ETHUSDT,0.0008329771364263,0.0288613432886685,-7.090504363441461,-8.265411023581144,-7.5220103080637815,-7.595068610055711
2024-10-29,ETHUSDT,0.0007548677146519,0.0274748560442445,-7.188968036448322,-7.090504363441461,-7.490529041363639,-7.54145130697383
2024-10-30,ETHUSDT,0.0009161016410112,0.0302671710110349,-6.995383237643329,-7.188968036448322,-7.4094924469787244,-7.552963359390817
2024-10-31,ETHUSDT,0.0008334031523569,0.0288687227351156,-7.089993056457397,-6.995383237643329,-7.517874965194527,-7.538442247330855
2024-11-01,ETHUSDT,0.0011091283301281,0.0333035783381921,-6.804180860331052,-7.089993056457397,-7.326051943514331,-7.5308941520478125
2024-11-02,ETHUSDT,0.0002801596950255,0.01673797165207,-8.180150777999927,-6.804180860331052,-7.033805910864312,-7.512847945506399
2024-11-03,ETHUSDT,0.0005626592331304,0.0237204391428664,-7.482836382824888,-8.180150777999927,-7.251735193776005,-7.533474617532383
2024-11-04,ETHUSDT,0.0006945701363125,0.0263546985623547,-7.2722174126578984,-7.482836382824888,-7.310508863051318,-7.491602988666762
2024-11-05,ETHUSDT,0.0007800796548091,0.0279299061009721,-7.156114521944559,-7.2722174126578984,-7.365875698054232,-7.4490518766399365
2024-11-06,ETHUSDT,0.002426222364176,0.0492566986731351,-6.021419813890695,-7.156114521944559,-7.379099991151665,-7.448837948600997
2024-11-07,ETHUSDT,0.001647975953006,0.0405952700816989,-6.408207439223888,-6.021419813890695,-7.222547781863594,-7.421777883269571
2024-11-08,ETHUSDT,0.0010946267587219,0.0330851440789051,-6.817341833434219,-6.408207439223888,-6.868159114108385,-7.375414778703344
2024-11-09,ETHUSDT,0.000912395304037,0.0302058819443675,-6.9994372143921435,-6.817341833434219,-6.735060204230251,-7.342363840808466
2024-11-10,ETHUSDT,0.0017317142628527,0.0416138710390272,-6.358643457710065,-6.9994372143921435,-6.680504164577101,-7.315404105492246
2024-11-11,ETHUSDT,0.0021551386350389,0.0464234707345214,-6.139900225691034,-6.358643457710065,-6.5210099517302025,-7.196958993018796
2024-11-12,ETHUSDT,0.0041093195285329,0.0641039743583263,-5.4944978290152084,-6.139900225691034,-6.54470603409027,-7.121965207503418
2024-11-13,ETHUSDT,0.0032772292189082,0.0572470891741076,-5.720756963921579,-5.4944978290152084,-6.361964112048534,-7.027781192574211
2024-11-14,ETHUSDT,0.0020608723069493,0.0453968314637633,-6.184625935834898,-5.720756963921579,-6.142647138146006,-6.946845680333936
2024-11-15,ETHUSDT,0.0016164705842077,0.0402053551682831,-6.427510158175802,-6.184625935834898,-5.979684882434556,-6.89851455482906
2024-11-16,ETHUSDT,0.0009235504151918,0.0303899722802086,-6.98728516837833,-6.427510158175802,-5.993458222527704,-6.845485425274646
2024-11-17,ETHUSDT,0.001258220357589,0.0354714019681914,-6.678056971028385,-6.98728516837833,-6.162935211065163,-6.869749721720737
2024-11-18,ETHUSDT,0.001556421879826,0.0394515130232806,-6.465365758981729,-6.678056971028385,-6.399647039467799,-6.807429212910282
2024-11-19,ETHUSDT,0.0008986108214877,0.0299768380835559,-7.0146605187925575,-6.465365758981729,-6.548568798479829,-6.725608973610309
2024-11-20,ETHUSDT,0.0009441129315308,0.0307264207406402,-6.965264768115076,-7.0146605187925575,-6.71457571507136,-6.722161526126269
2024-11-21,ETHUSDT,0.0023206884940335,0.0481735248246748,-6.065891372660231,-6.965264768115076,-6.822126637059216,-6.7119931957474845
2024-11-22,ETHUSDT,0.0012728563504473,0.0356771124174491,-6.666491809099135,-6.065891372660231,-6.637847877915595,-6.66974356552098
2024-11-23,ETHUSDT,0.0013709086399086,0.0370257834476006,-6.59228151817989,-6.666491809099135,-6.635534845529746,-6.650493508822877
2024-11-24,ETHUSDT,0.0008947446957098,0.0299122833583437,-7.018972136572872,-6.59228151817989,-6.660917997369377,-6.6408617205432785
2024-11-25,ETHUSDT,0.0027453642226387,0.0523962233623644,-5.897841526979753,-7.018972136572872,-6.66178032092544,-6.588080873205686
2024-11-26,ETHUSDT,0.0015719811850135,0.0396482179298589,-6.455418553867678,-5.897841526979753,-6.448295672698376,-6.516035652485453
2024-11-27,ETHUSDT,0.0014098153839679,0.0375475083589832,-6.564296516520679,-6.455418553867678,-6.5262011089398655,-6.478908431631351
2024-11-28,ETHUSDT,0.0009073899982023,0.0301229148357575,-7.00493821327444,-6.564296516520679,-6.505762050424174,-6.452007613202993
2024-11-29,ETHUSDT,0.0005912571568634,0.0243157799970185,-7.4332595135998485,-7.00493821327444,-6.588293389443083,-6.496712994993164
2024-11-30,ETHUSDT,0.0008433270915805,0.0290400945518521,-7.078155666226152,-7.4332595135998485,-6.67115086484848,-6.543306271101161
2024-12-01,ETHUSDT,0.000606271359237,0.0246225782410595,-7.40818288460207,-7.078155666226152,-6.907213692697759,-6.555161445318976
2024-12-02,ETHUSDT,0.00123428630904,0.0351324110906167,-6.697262363360491,-7.40818288460207,-7.097766558844638,-6.573740793964882
2024-12-03,ETHUSDT,0.0011083134944771,0.0332913426355436,-6.804915793422541,-6.697262363360491,-7.1243597282126006,-6.589132562403537
2024-12-04,ETHUSDT,0.0015981098766921,0.0399763664768586,-6.438933675120674,-6.804915793422541,-7.084355244242221,-6.61936054275497
2024-12-05,ETHUSDT,0.0023878886521576,0.0488660275872471,-6.037345712613611,-6.438933675120674,-6.885490076546385,-6.662289444850674
2024-12-06,ETHUSDT,0.0010222413566295,0.0319725093889977,-6.885757653996648,-6.037345712613611,-6.677328085823876,-6.676679842518493
2024-12-07,ETHUSDT,0.0003003812365915,0.0173315099339758,-8.110458101438205,-6.885757653996648,-6.572843039702792,-6.7085494660713
2024-12-08,ETHUSDT,0.0003261939940087,0.0180608414535076,-8.02801827993736,-8.110458101438205,-6.855482187318335,-6.785047099855955
2024-12-09,ETHUSDT,0.0052188257894882,0.0722414409427739,-5.255482846933899,-8.02801827993736,-7.1001026846213,-6.8323531503813655
2024-12-10,ETHUSDT,0.0027385515594364,0.0523311719669687,-5.90032612629809,-5.255482846933899,-6.863412518983945,-6.767690690195252
2024-12-11,ETHUSDT,0.000956957105997,0.0309347233056487,-6.951751988835574,-5.90032612629809,-6.83600860172084,-6.742007070527814
2024-12-12,ETHUSDT,0.0013446738848316,0.0366697952657451,-6.611603760136898,-6.951751988835574,-6.8492074686886255,-6.739147591893405
2024-12-13,ETHUSDT,0.0007023480652498,0.0265018502231427,-7.261081457372149,-6.611603760136898,-6.549436600428365,-6.723072091530761
2024-12-14,ETHUSDT,0.0004074435169151,0.0201852301675046,-7.805608243687744,-7.261081457372149,-6.3960492359153225,-6.777398913563121
2024-12-15,ETHUSDT,0.0004714501357497,0.0217129025178518,-7.659697218111808,-7.805608243687744,-6.906074315266091,-6.829176933317148
2024-12-16,ETHUSDT,0.0010444985146396,0.0323187022425035,-6.864218399046597,-7.659697218111808,-7.257948533628834,-6.8776958287686
2024-12-17,ETHUSDT,0.0010234912802341,0.0319920502661861,-6.884535672455548,-6.864218399046597,-7.240441815671039,-6.8706615679719505
2024-12-18,ETHUSDT,0.0021695752916975,0.0465786999786124,-6.133223848696809,-6.884535672455548,-7.295028198134768,-6.915511301857214
2024-12-19,ETHUSDT,0.0036421671536685,0.060350369954695,-5.6151764026100635,-6.133223848696809,-7.069456676399701,-6.900866087985812
2024-12-20,ETHUSDT,0.0054536808159463,0.0738490407246185,-5.211464519200078,-5.6151764026100635,-6.631370308184165,-6.857724264626237
2024-12-21,ETHUSDT,0.0017467926264487,0.0417946482991391,-6.349973957538386,-5.211464519200078,-6.141723768401819,-6.776202733077403
2024-12-22,ETHUSDT,0.001554070257216,0.0394216977972287,-6.466877817494941,-6.349973957538386,-6.038874880100177,-6.726962480529154
2024-12-23,ETHUSDT,0.0021235053539126,0.0460815077217823,-6.154687086946126,-6.466877817494941,-5.955343309108055,-6.699177123768644
2024-12-24,ETHUSDT,0.0008787602603639,0.0296438907764135,-7.036998438817778,-6.154687086946126,-5.959635956757919,-6.64220004205701
2024-12-25,ETHUSDT,0.0006104600848124,0.0247074904596238,-7.4012976476936245,-7.036998438817778,-6.2440003639994615,-6.6576425909414345
2024-12-26,ETHUSDT,0.0008670454080461,0.0294456347876247,-7.050419208799595,-7.4012976476936245,-6.681966989698171,-6.684750857044663
2024-12-27,ETHUSDT,0.0012006646415168,0.0346506080973609,-6.724880007585745,-7.050419208799595,-6.8220560399504135,-6.71254565403007
2024-12-28,ETHUSDT,0.0003277168842841,0.018102952363749,-8.02336047998564,-6.724880007585745,-6.873656477968574,-6.7437972128924395
2024-12-29,ETHUSDT,0.000382455096716,0.019556459207026,-7.868899305795459,-8.02336047998564,-7.247391156576478,-6.795506432255575
2024-12-30,ETHUSDT,0.0008742155139145,0.0295671357069735,-7.042183629279234,-7.868899305795459,-7.413771329972013,-6.784526486999087
2024-12-31,ETHUSDT,0.0007100948646635,0.0266476052331818,-7.250111984652116,-7.042183629279234,-7.341948526289135,-6.739715821060082
2025-01-01,ETHUSDT,0.0002897502808612,0.0170220527804754,-8.146491106422364,-7.250111984652116,-7.38188708145964,-6.830380781865455
2025-01-02,ETHUSDT,0.000730522534615,0.0270281803792831,-7.221750479042608,-8.146491106422364,-7.666209301226962,-6.932479190052922
2025-01-03,ETHUSDT,0.0004074460845698,0.0201852937697177,-7.805601941840978,-7.221750479042608,-7.505887301038356,-6.944751848698695
2025-01-04,ETHUSDT,0.0003621914126574,0.019031327138626,-7.923337721638096,-7.805601941840978,-7.49322782824746,-6.999024493321608
2025-01-05,ETHUSDT,0.0003035716293962,0.0174233070740383,-8.099892964120865,-7.923337721638096,-7.6694586467192325,-7.029127050788244
2025-01-06,ETHUSDT,0.0007680262879022,0.0277132872085266,-7.171686596363079,-8.099892964120865,-7.839414842612982,-7.042503628989748
2025-01-07,ETHUSDT,0.0010867687494279,0.0329661758386973,-6.8245464354925085,-7.171686596363079,-7.6444539406011245,-7.02032132800117
2025-01-08,ETHUSDT,0.001653605854696,0.0406645528033455,-6.40479700902727,-6.8245464354925085,-7.565013131891105,-7.018518056930531
2025-01-09,ETHUSDT,0.0014128640053263,0.0375880832888077,-6.562136425257487,-6.40479700902727,-7.2848521453283634,-6.996711754047425
2025-01-10,ETHUSDT,0.001405377436123,0.0374883640096901,-6.5674493744631395,-6.562136425257487,-7.012611886052243,-7.016207780254731
2025-01-11,ETHUSDT,0.0002650695161078,0.0162809556263695,-8.235518441444126,-6.5674493744631395,-6.706123168120696,-7.059492915338961
2025-01-12,ETHUSDT,0.0003202630708063,0.0178958953619642,-8.046367803636864,-8.235518441444126,-6.918889537136906,-7.196949911804598
2025-01-13,ETHUSDT,0.0031487018184027,0.0561132944889422,-5.760765032231853,-8.046367803636864,-7.163253810765776,-7.274058722990893
2025-01-14,ETHUSDT,0.0009921928029263,0.0314990920968574,-6.915593111775821,-5.760765032231853,-7.034447415406693,-7.241962687297117
2025-01-15,ETHUSDT,0.0011543569685785,0.0339758291816191,-6.764211827205531,-6.915593111775821,-7.10513875271036,-7.276549324789375
2025-01-16,ETHUSDT,0.0012530416245606,0.0353983279910313,-6.682181383699305,-6.764211827205531,-7.144491243258838,-7.264149933352454
2025-01-17,ETHUSDT,0.0009654583422149,0.0310718255372129,-6.942907603360144,-6.682181383699305,-6.833823831709874,-7.231462830443622
2025-01-18,ETHUSDT,0.0018135280067062,0.0425855375298495,-6.3124811559052585,-6.942907603360144,-6.613131791654531,-7.226575939287283
2025-01-19,ETHUSDT,0.0067162321907979,0.0819526216224834,-5.003227967583363,-6.3124811559052585,-6.723475016389211,-7.20783053693817
2025-01-20,ETHUSDT,0.0049311252544016,0.0702219713081432,-5.3121880706428435,-5.003227967583363,-6.341001987550721,-7.070551786374431
2025-01-21,ETHUSDT,0.0017425360513018,0.0417436947490495,-6.352413726130821,-5.3121880706428435,-6.050597236238183,-6.954337639322038
2025-01-22,ETHUSDT,0.0006068433209126,0.0246341900803054,-7.40723992063116,-6.352413726130821,-5.984643704724485,-6.922984461906202
2025-01-23,ETHUSDT,0.0015758490717945,0.039696965523759,-6.452961058760221,-7.40723992063116,-6.077510168178689,-6.93012664081434
2025-01-24,ETHUSDT,0.0010091790893062,0.0317675792169661,-6.898618061481199,-6.452961058760221,-6.105606148749682,-6.853148002284243
2025-01-25,ETHUSDT,0.0003540928455127,0.0188173549021315,-7.945951403759091,-6.898618061481199,-6.48468416752925,-6.83846016512236
2025-01-26,ETHUSDT,0.0003431390378783,0.0185240124670215,-7.97737483468802,-7.945951403759091,-7.011436834152498,-6.844839686118639
2025-01-27,ETHUSDT,0.0025986593371149,0.0509770471596282,-5.952759606513695,-7.97737483468802,-7.336429055863938,-6.847295918529998
2025-01-28,ETHUSDT,0.0010138106458358,0.0318403933052951,-6.894039131058098,-5.952759606513695,-7.045532993040444,-6.749698947729673
2025-01-29,ETHUSDT,0.0014260073002352,0.0377625118369434,-6.5528768376236135,-6.894039131058098,-7.13374860750002,-6.737078608397628
2025-01-30,ETHUSDT,0.0008397932992894,0.0289791873469472,-7.082354768682189,-6.5528768376236135,-7.064600362728504,-6.724729990312678
2025-01-31,ETHUSDT,0.0012394483773098,0.0352058003361638,-6.693088855351651,-7.082354768682189,-6.891881035713124,-6.755528070296993
2025-02-01,ETHUSDT,0.0007908708196463,0.0281224255647758,-7.142375916243707,-6.693088855351651,-6.635023839845848,-6.761480453483091
2025-02-02,ETHUSDT,0.002450679376501,0.0495043369463832,-6.011389996334058,-7.142375916243707,-6.872947101791851,-6.78761347810948
2025-02-03,ETHUSDT,0.0172524162671139,0.1313484536152366,-4.05980307185826,-6.011389996334058,-6.696417274847043,-6.6865167306044775
2025-02-04,ETHUSDT,0.0047788314173267,0.0691290924092507,-5.343559235729871,-4.05980307185826,-6.197802521693974,-6.505309242796359
2025-02-05,ETHUSDT,0.0023694137391508,0.0486766241552439,-6.045112721882391,-5.343559235729871,-5.850043415103509,-6.48634534295536
2025-02-06,ETHUSDT,0.0017114166558522,0.0413692718796484,-6.370433797731196,-6.045112721882391,-5.720448188409657,-6.446778052505659
2025-02-07,ETHUSDT,0.0016999899027336,0.0412309338086542,-6.377132967506077,-6.370433797731196,-5.5660597647071555,-6.428879051165916
2025-02-08,ETHUSDT,0.0007238190431148,0.026903885279172,-7.2309691372680485,-6.377132967506077,-5.639208358941559,-6.4150132140662235
2025-02-09,ETHUSDT,0.0013477570083548,0.0367118102026426,-6.609313543605356,-7.2309691372680485,-6.273441572023517,-6.428106920152947
2025-02-10,ETHUSDT,0.0011355922540428,0.0336985497320407,-6.780600954414787,-6.609313543605356,-6.526592433598614,-6.441599301412041
2025-02-11,ETHUSDT,0.0009981217619165,0.0315930650921448,-6.909635283166572,-6.780600954414787,-6.673690080105092,-6.522388982631653
2025-02-12,ETHUSDT,0.0023469535393467,0.0484453665415668,-6.054637158071141,-6.909635283166572,-6.781530377192167,-6.5950002195645485
2025-02-13,ETHUSDT,0.0009535560821141,0.0308797034006828,-6.955312317543758,-6.054637158071141,-6.717031215305181,-6.581464921016382
2025-02-14,ETHUSDT,0.0009659765056621,0.0310801625745777,-6.942371045308289,-6.955312317543758,-6.661899851360323,-6.560922757239681
2025-02-15,ETHUSDT,0.0003636741159664,0.0190702416336662,-7.919252377141827,-6.942371045308289,-6.728511351700909,-6.583168665719139
2025-02-16,ETHUSDT,0.0003646406261666,0.0190955656152594,-7.916598275249748,-7.919252377141827,-6.956241636246316,-6.629561134612805
2025-02-17,ETHUSDT,0.001305014710688,0.0361249873451609,-6.641540965713161,-7.916598275249748,-7.157634234662953,-6.628226901498743
2025-02-18,ETHUSDT,0.0010773134334828,0.0328224531911136,-6.8332848985579115,-6.641540965713161,-7.275014996191357,-6.567507180181704
2025-02-19,ETHUSDT,0.0007454910672264,0.0273036823015951,-7.201467406089619,-6.8332848985579115,-7.250609512394187,-6.607531057092805
2025-02-20,ETHUSDT,0.000515508396893,0.0227048099946484,-7.570356965807719,-7.201467406089619,-7.302428784550453,-6.621505069594238
2025-02-21,ETHUSDT,0.0026998068372428,0.0519596654843243,-5.9145750502930134,-7.570356965807719,-7.2326497022836325,-6.667754166329879
2025-02-22,ETHUSDT,0.0005688177263758,0.0238498999238128,-7.47195051544643,-5.9145750502930134,-6.832245057292285,-6.614673270039462
2025-02-23,ETHUSDT,0.0007389050888221,0.0271828087000245,-7.210341077169297,-7.47195051544643,-6.998326967238938,-6.650076072771043
2025-02-24,ETHUSDT,0.0023110131229957,0.0480729978573812,-6.070069269213718,-7.210341077169297,-7.073738202961216,-6.65316539826766
2025-02-25,ETHUSDT,0.0042364633103333,0.065088119579024,-5.464026482735427,-6.070069269213718,-6.847458575586036,-6.655832637944008
2025-02-26,ETHUSDT,0.0037811336125056,0.061490923009056,-5.57773141682265,-5.464026482735427,-6.426192478971577,-6.7196609748020615
2025-02-27,ETHUSDT,0.0018517676300724,0.0430321697114199,-6.29161462035346,-5.57773141682265,-6.358823752277504,-6.730305164851734
2025-02-28,ETHUSDT,0.005802403988937,0.076173512384142,-5.149482966452017,-6.29161462035346,-6.12275657325891,-6.741509796600417
2025-03-01,ETHUSDT,0.0012320946055575,0.0351012051866813,-6.699039626593784,-5.149482966452017,-5.710584951115455,-6.6860120315422735
2025-03-02,ETHUSDT,0.0081479123589346,0.0902657873113318,-4.809993536819928,-6.699039626593784,-5.836379022591467,-6.700644152409897
2025-03-03,ETHUSDT,0.0039185709154165,0.0625984897215304,-5.542028254042541,-4.809993536819928,-5.705572433408368,-6.590599806934983
2025-03-04,ETHUSDT,0.0059813702683856,0.077339319032337,-5.119105595398084,-5.542028254042541,-5.698431800852346,-6.542086839227582
2025-03-05,ETHUSDT,0.0016224387847383,0.0402795082484673,-6.423824839072639,-5.119105595398084,-5.463929995861271,-6.466564322908639
2025-03-06,ETHUSDT,0.0018017123929364,0.0424465828181312,-6.3190177368979406,-6.423824839072639,-5.718798370385395,-6.444482029995282
2025-03-07,ETHUSDT,0.003658205293012,0.0604830992345136,-5.610782608933769,-6.3190177368979406,-5.642793992446227,-6.456499329032862
2025-03-08,ETHUSDT,0.000980691747827,0.0313159982728812,-6.927252370175686,-5.610782608933769,-5.802951806868994,-6.395384342277862
2025-03-09,ETHUSDT,0.0016348622521077,0.0404334298830527,-6.416196727657519,-6.927252370175686,-6.079996630095623,-6.394697129771836
2025-03-10,ETHUSDT,0.0057381927381279,0.0757508596527322,-5.160610972212271,-6.416196727657519,-6.339414856547511,-6.3263764184316384
2025-03-11,ETHUSDT,0.0045498282539641,0.0674524147378292,-5.392665793113207,-5.160610972212271,-6.086772083175437,-6.201104268293573
2025-03-12,ETHUSDT,0.0025933246339463,0.0509246957177588,-5.954814583984994,-5.392665793113207,-5.90150169441849,-6.144337214993573
2025-03-13,ETHUSDT,0.0013177436601283,0.0363007391127001,-6.631834353374434,-5.954814583984994,-5.970308089428736,-6.104406746149351
2025-03-14,ETHUSDT,0.0006397872161994,0.0252940154226139,-7.3543749115809565,-6.631834353374434,-5.911224486068486,-6.078514334662296
2025-03-15,ETHUSDT,0.0003387250703725,0.0184044850613242,-7.990321781474771,-7.3543749115809565,-6.098860122853172,-6.068696968561081
2025-03-16,ETHUSDT,0.0007003189992436,0.0264635409430347,-7.263974613521453,-7.990321781474771,-6.664802284705672,-6.163049092705705
2025-03-17,ETHUSDT,0.0005892154822978,0.0242737611897667,-7.43671859690874,-7.263974613521453,-7.0390640487873215,-6.153595642618208
2025-03-18,ETHUSDT,0.0005772552000454,0.0240261357701457,-7.457226101462925,-7.43671859690874,-7.335444851372071,-6.16388552987909
2025-03-19,ETHUSDT,0.0015477381338922,0.0393413031544745,-6.470960682276797,-7.457226101462925,-7.50052320098977,-6.226938113163144
2025-03-20,ETHUSDT,0.0007596817831398,0.0275623254305557,-7.182610918760896,-6.470960682276797,-7.323840355128938,-6.2727078495059345
2025-03-21,ETHUSDT,0.0005448716103325,0.0233424850933336,-7.514960368425298,-7.182610918760896,-7.162298182586161,-6.345656917775855
2025-03-22,ETHUSDT,0.0002307527318155,0.0151905474495019,-8.374163845797653,-7.514960368425298,-7.21249533356693,-6.401263542688212
2025-03-23,ETHUSDT,0.0003398915357239,0.0184361475293494,-7.986884003826169,-8.374163845797653,-7.399984383344713,-6.547839946294832
2025-03-24,ETHUSDT,0.0007235069026548,0.0268980836242066,-7.231400471295815,-7.986884003826169,-7.505915963817363,-6.606378327078121
2025-03-25,ETHUSDT,0.0005705957980365,0.0238871471305505,-7.46882948332608,-7.231400471295815,-7.658003921621166,-6.716442278645207
2025-03-26,ETHUSDT,0.0005915403578981,0.0243216027000302,-7.432780647121728,-7.46882948332608,-7.715247634534203,-6.80402415270355
2025-03-27,ETHUSDT,0.0005550872457566,0.023560289594075,-7.496385257010955,-7.432780647121728,-7.698811690273489,-6.90919120050917
2025-03-28,ETHUSDT,0.0013874124692762,0.0372479861103424,-6.580314799539982,-7.496385257010955,-7.523255972516149,-6.957943946779094
2025-03-29,ETHUSDT,0.0009623173362723,0.0310212400827611,-6.946166290309244,-6.580314799539982,-7.241942131658912,-6.969821085990096
2025-03-30,ETHUSDT,0.0009513353141508,0.0308437240642374,-6.957643966449067,-6.946166290309244,-7.184895295461598,-7.030520344234435
2025-03-31,ETHUSDT,0.0012656780168687,0.0355763687982452,-6.672147318675161,-6.957643966449067,-7.082658192086195,-7.03190178042868
2025-04-01,ETHUSDT,0.0007599020504918,0.0275663209458911,-7.182321013921601,-6.672147318675161,-6.930531526396882,-7.043535898202208
2025-04-02,ETHUSDT,0.0022839236270084,0.0477904135471591,-6.081860426009967,-7.182321013921601,-6.867718677779012,-7.135431809188997
2025-04-03,ETHUSDT,0.0013203395096871,0.0363364762970652,-6.6298663711468055,-6.081860426009967,-6.768027803073008,-7.166758837957031
2025-04-04,ETHUSDT,0.0017991485495256,0.0424163712441979,-6.320441754034409,-6.6298663711468055,-6.70476781924052,-7.19744301010075
2025-04-05,ETHUSDT,0.0003034350260499,0.0174193865003892,-8.100343052591496,-6.320441754034409,-6.577327376757589,-7.183288801039839
2025-04-06,ETHUSDT,0.0023954924139485,0.0489437678764985,-6.034166468438639,-8.100343052591496,-6.862966523540855,-7.217196443813046
2025-04-07,ETHUSDT,0.0077064198764796,0.08778621689354,-4.865701547306965,-6.034166468438639,-6.633335614444263,-7.128280293220495
2025-04-08,ETHUSDT,0.0023308521064281,0.0482788991840964,-6.061521367347117,-4.865701547306965,-6.390103838703662,-7.019267881119836
2025-04-09,ETHUSDT,0.0068562792772123,0.0828026525976817,-4.982590363800381,-6.061521367347117,-6.276434837943725,-6.956758916139762
2025-04-10,ETHUSDT,0.0026425982801916,0.0514062085763158,-5.935992648786004,-4.982590363800381,-6.008864559896919,-6.844275473518738
2025-04-11,ETHUSDT,0.0014989761690355,0.0387166136049575,-6.502972957896322,-5.935992648786004,-5.5759944791358205,-6.819958744723701
2025-04-12,ETHUSDT,0.0013183662518294,0.0363093135686899,-6.631361996960271,-6.502972957896322,-5.6697557770273574,-6.789066110138948
2025-04-13,ETHUSDT,0.0019672601747937,0.0443538067677826,-6.231113478472736,-6.631361996960271,-6.02288786695802,-6.748902547799628
2025-04-14,ETHUSDT,0.0016546205877239,0.0406770277641319,-6.404183548565971,-6.231113478472736,-6.056806289183143,-6.651491167466677
2025-04-15,ETHUSDT,0.0012103981104482,0.0347907762265843,-6.716805956588339,-6.404183548565971,-6.341124926136262,-6.579550237682124
2025-04-16,ETHUSDT,0.0019086477610188,0.043688073441374,-6.261360266182932,-6.716805956588339,-6.497287587696728,-6.556159577922693
2025-04-17,ETHUSDT,0.0008089761597412,0.0284425062141381,-7.119741110139501,-6.261360266182932,-6.448965049354049,-6.501274613507094
2025-04-18,ETHUSDT,0.0002229751273754,0.0149323517027772,-8.40845032915799,-7.119741110139501,-6.546640871989895,-6.487045543644266
2025-04-19,ETHUSDT,0.000309023080315,0.0175790523156131,-8.082094590279903,-8.40845032915799,-6.982108242126946,-6.528503046923677
2025-04-20,ETHUSDT,0.0003282567237058,0.0181178564876157,-8.02171456150052,-8.082094590279903,-7.317690450469733,-6.596765764684582
2025-04-21,ETHUSDT,0.0010480897750127,0.0323742146624869,-6.8607860335721105,-8.02171456150052,-7.578672171452169,-6.6456543224660045
2025-04-22,ETHUSDT,0.0030324504991325,0.0550676901561388,-5.79838424073107,-6.8607860335721105,-7.698557324930005,-6.641251689153416
2025-04-23,ETHUSDT,0.0022208413167632,0.047125803088788,-6.1098691833745615,-5.79838424073107,-7.434285951048318,-6.601535185610502
2025-04-24,ETHUSDT,0.0009038719362017,0.0300644630120312,-7.008822871101013,-6.1098691833745615,-6.974569721891633,-6.552787375131092
2025-04-25,ETHUSDT,0.0011287589834014,0.0335970085484028,-6.786636494548116,-7.008822871101013,-6.759915378055855,-6.5949220317261394
2025-04-26,ETHUSDT,0.0006964458272106,0.026390260082286,-7.269520546361429,-6.786636494548116,-6.512899764665375,-6.602047946426198
2025-04-27,ETHUSDT,0.0008395311753245,0.0289746643694891,-7.082666946550124,-7.269520546361429,-6.594646667223238,-6.645187891531973
2025-04-28,ETHUSDT,0.001039937044983,0.0322480549023208,-6.868595101331285,-7.082666946550124,-6.851503208387049,-6.598929886711909
2025-04-29,ETHUSDT,0.0008309651222693,0.0288264656569161,-7.092922734784691,-6.868595101331285,-7.003248391978393,-6.636858460934303
2025-04-30,ETHUSDT,0.0008673889280172,0.0294514673321588,-7.050023091208461,-7.092922734784691,-7.020068364715129,-6.738095787637835
2025-05-01,ETHUSDT,0.0007758025474222,0.0278532322616655,-7.16161251935694,-7.050023091208461,-7.072745684047197,-6.783027684176987
2025-05-02,ETHUSDT,0.0007407677239087,0.0272170484055263,-7.207823444819187,-7.16161251935694,-7.0511640786463,-6.882074145793195
2025-05-03,ETHUSDT,0.0002757278859678,0.0166050560362758,-8.196096098992857,-7.207823444819187,-7.076195378300113,-6.939884636521976
2025-05-04,ETHUSDT,0.0004008817686058,0.0200220320798327,-7.821844015514015,-8.196096098992857,-7.341695577832428,-7.016844779299091
2025-05-05,ETHUSDT,0.0005862530019945,0.0242126620179303,-7.441759117543975,-7.821844015514015,-7.487479833978291,-7.070957598324261
2025-05-06,ETHUSDT,0.0007852462268594,0.0280222452144627,-7.149513224575337,-7.441759117543975,-7.565827039245394,-7.125986945554772
2025-05-07,ETHUSDT,0.0007816297051525,0.0279576412658969,-7.154129452389189,-7.149513224575337,-7.563407180289074,-7.15986556719156
2025-05-08,ETHUSDT,0.0028737158737796,0.0536070505976556,-5.852149357110207,-7.154129452389189,-7.552668381803075,-7.179743907909782
2025-05-09,ETHUSDT,0.0061641129711035,0.0785118651612833,-5.089011034128377,-5.852149357110207,-7.083879033426544,-7.161143412042841
2025-05-10,ETHUSDT,0.0022586080098525,0.0475248146745729,-6.093006580301599,-5.089011034128377,-6.537312437149417,-7.068837499496881
2025-05-11,ETHUSDT,0.0024330273476183,0.0493257270358816,-6.018618974956911,-6.093006580301599,-6.267561929700942,-6.963590056367044
2025-05-12,ETHUSDT,0.002779998665823,0.0527256926538007,-5.88530483119949,-6.018618974956911,-6.0413830797772565,-6.869795710216
2025-05-13,ETHUSDT,0.0019651169810747,0.0443296399835907,-6.232203503079356,-5.88530483119949,-5.787618155539317,-6.772686177020497
2025-05-14,ETHUSDT,0.0018609707809422,0.043138970559603,-6.286657002174889,-6.232203503079356,-5.863628984733147,-6.744114243816281
2025-05-15,ETHUSDT,0.0022029977804208,0.0469361031661222,-6.117936218688176,-6.286657002174889,-6.103158178342449,-6.766308460245546
2025-05-16,ETHUSDT,0.001281218913112,0.0357941184150701,-6.659943378308881,-6.117936218688176,-6.108144106019764,-6.766675143668891
2025-05-17,ETHUSDT,0.0010709534505913,0.0327254251399627,-6.839205951961278,-6.659943378308881,-6.236408986690159,-6.7508169849056125
2025-05-18,ETHUSDT,0.0021690533955199,0.0465730973365517,-6.133464429865534,-6.839205951961278,-6.427189210842516,-6.753206505697121
2025-05-19,ETHUSDT,0.0023872176648465,0.0488591615241866,-6.037626748163804,-6.133464429865534,-6.4074413961997525,-6.701567591310944
2025-05-20,ETHUSDT,0.0015104967320809,0.0388651094438306,-6.495316720608342,-6.037626748163804,-6.357635345397535,-6.654065764111565
2025-05-21,ETHUSDT,0.0027431954721101,0.0523755235974795,-5.898631807403795,-6.495316720608342,-6.4331114457815675,-6.637098564987795
2025-05-22,ETHUSDT,0.0017378353295521,0.0416873521532868,-6.355115003720879,-5.898631807403795,-6.280849131600551,-6.582812613743209
2025-05-23,ETHUSDT,0.0017487851773958,0.0418184788986376,-6.34883391644949,-6.355115003720879,-6.184030941952471,-6.551225882493774
2025-05-24,ETHUSDT,0.0005096447968758,0.0225753138821103,-7.581796551612602,-6.34883391644949,-6.227104839269262,-6.514281400543435
2025-05-25,ETHUSDT,0.0007666607959451,0.0276886401967504,-7.1734661022073745,-7.581796551612602,-6.5359387999590215,-6.531280178124954
2025-05-26,ETHUSDT,0.0005185354098629,0.0227713725950568,-7.564502239737635,-7.1734661022073745,-6.671568676278828,-6.484796996452887
2025-05-27,ETHUSDT,0.0009189775314167,0.030314642195097,-6.992248884855563,-7.564502239737635,-7.004742762745596,-6.473099643008506
2025-05-28,ETHUSDT,0.0008598692391648,0.0293235270587428,-7.058730227759901,-6.992248884855563,-7.132169538972532,-6.452667359704487
2025-05-29,ETHUSDT,0.0013184576678842,0.036310572398191,-6.631292658955443,-7.058730227759901,-7.274148801234615,-6.44854085984924
2025-05-30,ETHUSDT,0.0014530627702165,0.0381190604582086,-6.534081694902808,-6.631292658955443,-7.0840480227031835,-6.424775551056796
2025-05-31,ETHUSDT,0.0008643768865703,0.029400287185168,-7.0535016729644955,-6.534081694902808,-6.95617114124227,-6.455772475501916
2025-06-01,ETHUSDT,0.0005536884180503,0.0235305847366861,-7.498908451727611,-7.0535016729644955,-6.853971027887641,-6.5450675045399205
2025-06-02,ETHUSDT,0.0007395818287096,0.0271952537901306,-7.20942562783155,-7.498908451727611,-6.955302941262052,-6.608972135059284
2025-06-03,ETHUSDT,0.0006557429962117,0.0256074793021836,-7.329741619851226,-7.20942562783155,-6.9854420212763815,-6.6630997101899485
2025-06-04,ETHUSDT,0.0006708958283007,0.0259016568640071,-7.306896681479006,-7.329741619851226,-7.125131813455537,-6.7287559278559375
2025-06-05,ETHUSDT,0.0019362093344184,0.0440023787359095,-6.247023168690854,-7.306896681479006,-7.279694810770778,-6.777605617783195
2025-06-06,ETHUSDT,0.0007820390643911,0.0279649613693847,-7.153605864202324,-6.247023168690854,-7.11839910991605,-6.775804079897557
2025-06-07,ETHUSDT,0.0003516471897843,0.0187522582582577,-7.952882186755616,-7.153605864202324,-7.049338592410992,-6.822879972875473
2025-06-08,ETHUSDT,0.0002944754816261,0.0171602879237532,-8.130314812579206,-7.952882186755616,-7.1980299041958045,-6.88164991871396
2025-06-09,ETHUSDT,0.0007452108674031,0.0272985506465661,-7.2018433361398735,-8.130314812579206,-7.358144542741401,-6.940336685105684
2025-06-10,ETHUSDT,0.0018161125969743,0.0426158725943082,-6.311056997985974,-7.2018433361398735,-7.337133873673575,-6.9888993626636084
2025-06-11,ETHUSDT,0.0015365558028651,0.0391989260422416,-6.478211858885245,-6.311056997985974,-7.3499406395325995,-7.001328010382798
2025-06-12,ETHUSDT,0.0012423050447944,0.0352463479639297,-6.6907867179025295,-6.478211858885245,-7.214861838469183,-7.000550516668112
2025-06-13,ETHUSDT,0.0023359487524317,0.0483316537316053,-6.059337152428163,-6.6907867179025295,-6.962442744698565,-7.03655755805442
2025-06-14,ETHUSDT,0.0004382076383745,0.0209334096213345,-7.732817699703119,-6.059337152428163,-6.548247212668356,-7.023113110268386
2025-06-15,ETHUSDT,0.0004432316427855,0.0210530673011207,-7.721418028903116,-7.732817699703119,-6.654442085381005,-7.086021464052641
2025-06-16,ETHUSDT,0.0015263847728772,0.0390689745562545,-6.48485323316042,-7.721418028903116,-6.936514291564434,-7.092367894838574
2025-06-17,ETHUSDT,0.0012687990622512,0.0356202058142737,-6.669684446167192,-6.48485323316042,-6.937842566419469,-7.061067309881895
2025-06-18,ETHUSDT,0.0012645129057196,0.0355599902379016,-6.67306828572239,-6.669684446167192,-6.933622112072402,-7.020393773810511
2025-06-19,ETHUSDT,0.0005337570625791,0.0231031829534192,-7.535569761510668,-6.67306828572239,-7.056368338731247,-7.0058855647590015
2025-06-20,ETHUSDT,0.0012427249895931,0.0352523047415786,-6.690448738242819,-7.535569761510668,-7.016918751092757,-7.027560089020401
2025-06-21,ETHUSDT,0.0038486292678846,0.0620373215724587,-5.560038228393397,-6.690448738242819,-6.810724892960698,-7.0302490017152826
2025-06-22,ETHUSDT,0.0031961262091381,0.0565342923289767,-5.745815762140004,-5.560038228393397,-6.625761892007293,-6.985974298692127
2025-06-23,ETHUSDT,0.0025545987730352,0.0505430388187657,-5.969860103651963,-5.745815762140004,-6.440988155201856,-6.926534030018286
2025-06-24,ETHUSDT,0.0011260811072505,0.0335571319878583,-6.789011720552818,-5.969860103651963,-6.30034651878777,-6.8570318323784845
2025-06-25,ETHUSDT,0.0010530114210754,0.0324501374584982,-6.856101199663668,-6.789011720552818,-6.1510349105962,-6.837922109320361
2025-06-26,ETHUSDT,0.0013663909476237,0.0369647257209321,-6.595582359934569,-6.856101199663668,-6.18416540288037,-6.8163929993118355
2025-06-27,ETHUSDT,0.000616782583,0.024835107871722,-7.390993973792185,-6.595582359934569,-6.391274229188605,-6.784060530150724
2025-06-28,ETHUSDT,0.0001322337029136,0.0114992914091972,-8.930939724205997,-7.390993973792185,-6.72030987151904,-6.836059203109874
2025-06-29,ETHUSDT,0.0004513581249142,0.0212451906302157,-7.703249465021326,-8.930939724205997,-7.312525795629847,-6.916847105837315
2025-06-30,ETHUSDT,0.00069738383482,0.0264080259546226,-7.268174603199854,-7.703249465021326,-7.495373344523548,-6.905500163940302
2025-07-01,ETHUSDT,0.0005184668515473,0.0227698671833491,-7.564634463780438,-7.268174603199854,-7.577788025230785,-6.866311972604877
2025-07-02,ETHUSDT,0.0009535864704557,0.030880195440699,-6.95528044961489,-7.564634463780438,-7.771598445999959,-6.88280247840672
2025-07-03,ETHUSDT,0.0007816464016284,0.0279579398673868,-7.154108091510163,-6.95528044961489,-7.684455741164501,-6.9120853625716725
2025-07-04,ETHUSDT,0.0004736193963172,0.0217627984486667,-7.655106520171459,-7.154108091510163,-7.329089414625334,-6.942807918600076
2025-07-05,ETHUSDT,0.0001893967460707,0.0137621490353328,-8.571666557556815,-7.655106520171459,-7.31946082565536,-6.986640636885028
2025-07-06,ETHUSDT,0.0004388709248162,0.0209492464021093,-7.731305209041546,-8.571666557556815,-7.580159216526754,-7.100837428027239
2025-07-07,ETHUSDT,0.0005678880100297,0.0238304009624209,-7.473586324123453,-7.731305209041546,-7.613493365578975,-7.100768678451714
2025-07-08,ETHUSDT,0.0005371033225483,0.0231754896938207,-7.529320074983184,-7.473586324123453,-7.717154540480687,-7.089503600961729
2025-07-09,ETHUSDT,0.0012209112547259,0.0349415405316648,-6.708157768947237,-7.529320074983184,-7.792196937175291,-7.136979366499127
2025-07-10,ETHUSDT,0.0015663496019418,0.0395771348374522,-6.459007461155458,-6.708157768947237,-7.6028071869304465,-7.13872815389822
2025-07-11,ETHUSDT,0.0014258117991091,0.0377599231872785,-6.553013943884282,-6.459007461155458,-7.180275367650175,-7.128998116417905
2025-07-12,ETHUSDT,0.0004222845445072,0.0205495631220522,-7.769831195066834,-6.553013943884282,-6.9446171146187226,-7.084336488343978
2025-07-13,ETHUSDT,0.0005127264216921,0.0226434631117268,-7.57576814609229,-7.769831195066834,-7.003866088807399,-7.133399327290524
2025-07-14,ETHUSDT,0.0009133406201944,0.0302215257754208,-6.998401668967058,-7.57576814609229,-7.013155703029222,-7.225023414458656
2025-07-15,ETHUSDT,0.0016131914048932,0.0401645540855765,-6.429540822965121,-6.998401668967058,-7.071204483033185,-7.28195913749625
2025-07-16,ETHUSDT,0.0014833188487527,0.0385138786511135,-6.513473236405595,-6.429540822965121,-7.065311155395118,-7.302853715646847
2025-07-17,ETHUSDT,0.002007526270346,0.0448054267957133,-6.210852026128856,-6.513473236405595,-7.05740301389938,-7.2903292390947
2025-07-18,ETHUSDT,0.001986217113498,0.0445669957872191,-6.2215233973313495,-6.210852026128856,-6.745607180111785,-7.260999731206755
2025-07-19,ETHUSDT,0.0006528514811419,0.0255509585170874,-7.334160895380473,-6.2215233973313495,-6.474758230359596,-7.243997051088427
2025-07-20,ETHUSDT,0.001156316518155,0.0340046543601768,-6.762515741577246,-7.334160895380473,-6.541910075642278,-7.24141372934244
2025-07-21,ETHUSDT,0.0012441519445634,0.0352725381077608,-6.689301150191874,-6.762515741577246,-6.608505059364704,-7.1428490028593155
2025-07-22,ETHUSDT,0.0013099764679686,0.0361935970576097,-6.637746105313169,-6.689301150191874,-6.643670642121959,-7.09676044309434
2025-07-23,ETHUSDT,0.0015235099186197,0.0390321651797558,-6.486738449143097,-6.637746105313169,-6.729049457958823,-7.068104602281308
2025-07-24,ETHUSDT,0.0015934033061342,0.0399174561581053,-6.441883106127353,-6.486738449143097,-6.782092468321172,-7.019109328888702
2025-07-25,ETHUSDT,0.0016648263507883,0.0408022836467317,-6.398034454809549,-6.441883106127353,-6.603636910470547,-6.995773086002905
2025-07-26,ETHUSDT,0.0005564953678186,0.0235901540439796,-7.493851711059418,-6.398034454809549,-6.530740653117009,-6.961406102516514
2025-07-27,ETHUSDT,0.0005884427120595,0.0242578381571713,-7.43803098169563,-7.493851711059418,-6.691650765290516,-6.954076338465966
2025-07-28,ETHUSDT,0.0010763390982541,0.0328076073229086,-6.834189719814653,-7.43803098169563,-6.85170774056701,-6.902547448654095
2025-07-29,ETHUSDT,0.0011092620236814,0.0333055854727311,-6.80406032829463,-6.834189719814653,-6.921197994701321,-6.861769471871054
2025-07-30,ETHUSDT,0.0010817721628268,0.032890304997474,-6.829154691131277,-6.80406032829463,-6.993633439134776,-6.831336472060653
2025-07-31,ETHUSDT,0.0006583130800821,0.0256576125171881,-7.325829934202649,-6.829154691131277,-7.079857486399122,-6.799510772794656
2025-08-01,ETHUSDT,0.0019151256559644,0.0437621486671353,-6.257972041810616,-7.325829934202649,-7.046253131027768,-6.827586780306266
2025-08-02,ETHUSDT,0.0010732766337757,0.0327609009915129,-6.837039035164069,-6.257972041810616,-6.810241343050765,-6.818448806699683
2025-08-03,ETHUSDT,0.0005709888652565,0.023895373302306,-7.468140848924844,-6.837039035164069,-6.810811206120649,-6.831359038121492
2025-08-04,ETHUSDT,0.0007722337070439,0.0277890933109366,-7.166223324421299,-7.468140848924844,-6.943627310246692,-6.817645840569583
2025-08-05,ETHUSDT,0.0009988183515256,0.0316040875762235,-6.908937626153559,-7.166223324421299,-7.011041036904695,-6.799030166857265
2025-08-06,ETHUSDT,0.0007971019452212,0.0282329939117551,-7.1345279761605225,-6.908937626153559,-6.927662575294877,-6.794963619456651
2025-08-07,ETHUSDT,0.0008692325666893,0.0294827503243736,-7.0478998428548705,-7.1345279761605225,-7.102973762164858,-6.827008490056442
2025-08-08,ETHUSDT,0.0012180769063646,0.0349009585307429,-6.710481970173324,-7.0478998428548705,-7.145145923703019,-6.851300608531409
2025-08-09,ETHUSDT,0.001080956200915,0.0328778983652403,-6.829909258338324,-6.710481970173324,-6.993614147952715,-6.87401106053343
2025-08-10,ETHUSDT,0.0009019193687556,0.030031972441977,-7.0109854335208235,-6.829909258338324,-6.92635133473612,-6.901664963306476
2025-08-11,ETHUSDT,0.0013317094587316,0.0364925945738542,-6.621291854731831,-7.0109854335208235,-6.946760896209573,-6.886975169585582
2025-08-12,ETHUSDT,0.0013822621089767,0.0371787857383307,-6.584033912446965,-6.621291854731831,-6.844113671923834,-6.880555902001699
2025-08-13,ETHUSDT,0.0014449554975265,0.0380125702567782,-6.539676755451512,-6.584033912446965,-6.751340485842253,-6.875771027558749
2025-08-14,ETHUSDT,0.0036882204425752,0.0607307207480304,-5.602611202141582,-6.539676755451512,-6.7171794428978915,-6.871313329837765
2025-08-15,ETHUSDT,0.0014700525415222,0.0383412642139278,-6.522457136298132,-5.602611202141582,-6.471719831658542,-6.831125727701331
2025-08-16,ETHUSDT,0.0005540562544644,0.0235383995731316,-7.498244334017554,-6.522457136298132,-6.374014172214006,-6.834788183618186
2025-08-17,ETHUSDT,0.0006518740551907,0.0255318243608009,-7.335659181582177,-7.498244334017554,-6.5494046680711495,-6.884797723582185
2025-08-18,ETHUSDT,0.001675003314063,0.0409268043470658,-6.39194013516199,-7.335659181582177,-6.6997297218981915,-6.8776071540604935
2025-08-19,ETHUSDT,0.0014663835801781,0.0382933882044686,-6.524956058870469,-6.39194013516199,-6.670182397840287,-6.830057570127145
2025-08-20,ETHUSDT,0.0015517180118636,0.0393918520999409,-6.468392567116209,-6.524956058870469,-6.8546513691860635,-6.816001494629683
2025-08-21,ETHUSDT,0.0011408729886232,0.0337768114040278,-6.7759615301412115,-6.468392567116209,-6.8438384553496805,-6.800743869121572
2025-08-22,ETHUSDT,0.0035848872281262,0.0598739277826858,-5.631028262014945,-6.7759615301412115,-6.699381894574411,-6.798325998167479
2025-08-23,ETHUSDT,0.0007039493934046,0.0265320446517917,-7.258804088758502,-5.631028262014945,-6.358455710660965,-6.7212895585225825
2025-08-24,ETHUSDT,0.0016322647910159,0.040401296897698,-6.417786786204234,-7.258804088758502,-6.531828501380268,-6.766781924292942
2025-08-25,ETHUSDT,0.002077194116516,0.0455762450901346,-6.1767372784090595,-6.417786786204234,-6.510394646847021,-6.747725003885676
2025-08-26,ETHUSDT,0.0021540807939171,0.0464120759492305,-6.140391192169065,-6.1767372784090595,-6.45206358910559,-6.689024841589504
2025-08-27,ETHUSDT,0.0012322145194267,0.035102913261249,-6.698942306117162,-6.140391192169065,-6.324949521511161,-6.642396108305311
2025-08-28,ETHUSDT,0.0008469968302345,0.0291032099644445,-7.0738136056633785,-6.698942306117162,-6.538532330331604,-6.632850866485476
2025-08-29,ETHUSDT,0.0012058828767897,0.0347258243500384,-6.720543302483114,-7.0738136056633785,-6.50153423371258,-6.630091122371969
2025-08-30,ETHUSDT,0.0006172410636057,0.0248443366505481,-7.390250907598832,-6.720543302483114,-6.562085536968356,-6.615211279627798
2025-08-31,ETHUSDT,0.0004858445416239,0.0220418815354755,-7.629621858435977,-7.390250907598832,-6.804788262806309,-6.646109867692595
2025-09-01,ETHUSDT,0.00108796416582,0.0329843018088908,-6.823447066917988,-7.629621858435977,-7.102634396059694,-6.682460440424305
2025-09-02,ETHUSDT,0.0010171736457974,0.0318931598590902,-6.890727433327051,-6.823447066917988,-7.127535348219858,-6.673935969215086
2025-09-03,ETHUSDT,0.0007978089722571,0.0282455124268823,-7.133641372307648,-6.890727433327051,-7.090918113752592,-6.686183040969413
2025-09-04,ETHUSDT,0.0006756397051713,0.0259930703298263,-7.299850604521741,-7.133641372307648,-7.173537727717499,-6.711165198235809
2025-09-05,ETHUSDT,0.0008435000145043,0.0290430717126196,-7.077950638782875,-7.299850604521741,-7.155457667102081,-6.745718555011728
2025-09-06,ETHUSDT,0.0002307407260803,0.0151901522731133,-8.374215875723527,-7.077950638782875,-7.045123423171461,-6.812779438495425
2025-09-07,ETHUSDT,0.0001944333258148,0.0139439350907446,-8.545421251541745,-8.374215875723527,-7.35527718493257,-6.896950290287486
2025-09-08,ETHUSDT,0.0004515554726048,0.0212498346488815,-7.702812329742192,-8.545421251541745,-7.686215948575507,-6.944549241084042
2025-09-09,ETHUSDT,0.0004805161930784,0.0219206795761092,-7.640649629646437,-7.702812329742192,-7.800050140062416,-6.96123802054586
2025-09-10,ETHUSDT,0.0006424272668176,0.025346148954381,-7.3502569509996185,-7.640649629646437,-7.868209945087355,-7.0179975430224255
2025-09-11,ETHUSDT,0.0008141932739302,0.0285340721582149,-7.113312782884811,-7.3502569509996185,-7.922671207530705,-7.055511219937387
2025-09-12,ETHUSDT,0.0006340117118954,0.0251795891923495,-7.363443130676536,-7.113312782884811,-7.67049058896296,-7.084825775199596
2025-09-13,ETHUSDT,0.0003891054385765,0.0197257557162343,-7.851660200748138,-7.363443130676536,-7.434094964789918,-7.111529484314838
2025-09-14,ETHUSDT,0.000328454251571,0.0181233068608081,-8.021112994361875,-7.851660200748138,-7.463864538991108,-7.212467299711801
2025-09-15,ETHUSDT,0.0006518148766086,0.0255306654164876,-7.335749967935726,-8.021112994361875,-7.539957211934197,-7.247117704511956
2025-09-16,ETHUSDT,0.0004335294175442,0.0208213692523869,-7.743550903505846,-7.335749967935726,-7.537055815321418,-7.288843303681569
2025-09-17,ETHUSDT,0.0014037201895367,0.0374662540099326,-6.568629288442226,-7.743550903505846,-7.663103439445625,-7.360062104822332
2025-09-18,ETHUSDT,0.0004017162751794,0.0200428609529542,-7.819764501663244,-6.568629288442226,-7.504140670998763,-7.379527472834749
2025-09-19,ETHUSDT,0.000339045912786,0.0184131994174291,-7.989375023807541,-7.819764501663244,-7.497761531181783,-7.43047393626866
2025-09-20,ETHUSDT,0.0001323206510388,0.0115030713741543,-8.930282406516595,-7.989375023807541,-7.4914139370709165,-7.472090364366124
2025-09-21,ETHUSDT,0.0001627064895702,0.0127556453999882,-8.723562657809476,-8.930282406516595,-7.810320424787091,-7.5725330509130995
2025-09-22,ETHUSDT,0.0014197558965174,0.0376796483067111,-6.5572703260071155,-8.723562657809476,-8.006322775647817,-7.6331381304681285
2025-09-23,ETHUSDT,0.0005737232765873,0.0239525212991723,-7.463363374428411,-6.5572703260071155,-8.004050983160795,-7.58439487899409
2025-09-24,ETHUSDT,0.0004639466285645,0.0215394203395668,-7.675741036999335,-7.463363374428411,-7.932770757713828,-7.613481983880927
2025-09-25,ETHUSDT,0.0020538775497711,0.0453197258351275,-6.188025784748901,-7.675741036999335,-7.870043960352187,-7.649164420411484
2025-09-26,ETHUSDT,0.0011382605737356,0.0337381175191453,-6.778253994325716,-6.188025784748901,-7.3215926359986465,-7.606181893704268
2025-09-27,ETHUSDT,0.0002294700332542,0.0151482683252663,-8.379738111044983,-6.778253994325716,-6.932530903301895,-7.582472956877177
2025-09-28,ETHUSDT,0.000417078166781,0.0204224916888481,-7.782236903417939,-8.379738111044983,-7.29702446030947,-7.641645114707273
2025-09-29,ETHUSDT,0.0004745867921677,0.0217850130173881,-7.6530660437478755,-7.782236903417939,-7.360799166107375,-7.614736979602474
2025-09-30,ETHUSDT,0.0005632663549142,0.0237332331323445,-7.481757942386038,-7.6530660437478755,-7.356264167457082,-7.574175379248206
2025-10-01,ETHUSDT,0.0007308586505742,0.0270343975441343,-7.221290481379393,-7.481757942386038,-7.61501059898451,-7.564127452550199
2025-10-02,ETHUSDT,0.0006536091415019,0.0255657806746036,-7.3330010281302735,-7.221290481379393,-7.7036178963952455,-7.545065673083516
2025-10-03,ETHUSDT,0.0008810103278522,0.0296818181358938,-7.034441209222573,-7.3330010281302735,-7.494270479812303,-7.54428131295309
2025-10-04,ETHUSDT,0.0002431569229738,0.0155934897625195,-8.321803549491012,-7.034441209222573,-7.344711340973231,-7.540696241422989
2025-10-05,ETHUSDT,0.0005795438060168,0.0240737160824166,-7.453269305260095,-8.321803549491012,-7.478458842121857,-7.584258078641829
2025-10-06,ETHUSDT,0.0007217439390724,0.0268652924620679,-7.233840137000791,-7.453269305260095,-7.472761114696669,-7.566149401574191
2025-10-07,ETHUSDT,0.001102156146608,0.0331987371236923,-6.810486884452377,-7.233840137000791,-7.475271045820949,-7.530364271694141
2025-10-08,ETHUSDT,0.0006705273783857,0.0258945434094866,-7.307446023286169,-6.810486884452377,-7.370768217085368,-7.506488676990352
2025-10-09,ETHUSDT,0.0008076805501421,0.0284197211482117,-7.121343936353074,-7.307446023286169,-7.425369179898089,-7.486665727889458
2025-10-10,ETHUSDT,0.0138291632893845,0.1175974629377034,-4.280975634818621,-7.121343936353074,-7.185277257270501,-7.511789120976315
2025-10-11,ETHUSDT,0.0025408709380822,0.0504070524637403,-5.975248367715953,-4.280975634818621,-6.5508185231822065,-7.350935081574287
2025-10-12,ETHUSDT,0.0026801614932621,0.0517702761559384,-5.921878227594965,-5.975248367715953,-6.299100169325238,-7.259383869933759
2025-10-13,ETHUSDT,0.0017779420556028,0.0421656501859369,-6.332298732071197,-5.921878227594965,-6.121378437953757,-7.1226382254373215
2025-10-14,ETHUSDT,0.0023765272933795,0.0487496389051197,-6.042114977280387,-6.332298732071197,-5.926348979710762,-7.013944410631035
2025-10-15,ETHUSDT,0.0014200061660637,0.0376829691779158,-6.557094065080015,-6.042114977280387,-5.710503187896224,-6.990528258416185
2025-10-16,ETHUSDT,0.0019046401246858,0.0436421828588559,-6.263462199175478,-6.557094065080015,-6.165726873948503,-6.949334198900349
2025-10-17,ETHUSDT,0.0020123995919972,0.0448597769945105,-6.208427442091516,-6.263462199175478,-6.223369640240408,-6.8851397062719935
2025-10-18,ETHUSDT,0.0005458850229282,0.0233641824793469,-7.513102185112184,-6.208427442091516,-6.280679483139719,-6.8860670543330205
2025-10-19,ETHUSDT,0.0008505064140557,0.0291634431104377,-7.0696786046450955,-7.513102185112184,-6.516840173747918,-6.919469244823315
2025-10-20,ETHUSDT,0.000865446284747,0.0294184684296623,-7.052265247957976,-7.0696786046450955,-6.7223528992208585,-6.8599210854415
2025-10-21,ETHUSDT,0.0019170784567562,0.0437844545102055,-6.256952888914065,-7.052265247957976,-6.821387135796451,-6.8267405556478655
2025-10-22,ETHUSDT,0.0014731358247757,0.0383814515720258,-6.520361936128997,-6.256952888914065,-6.8200852737441675,-6.763280866791785
2025-10-23,ETHUSDT,0.0009791644734585,0.0312916038812103,-6.928810928054648,-6.520361936128997,-6.8824721725516635,-6.719581048325554
2025-10-24,ETHUSDT,0.0007607094792558,0.0275809622612384,-7.181259034811106,-6.928810928054648,-6.765613921140156,-6.7062865231744295
2025-10-25,ETHUSDT,0.0001940587511742,0.013930497161776,-8.547349603643934,-7.181259034811106,-6.787930007173358,-6.699389159841741
2025-10-26,ETHUSDT,0.0006237281192558,0.0249745494304867,-7.3797959908632595,-8.547349603643934,-7.086946878310551,-6.7681577232245305
2025-10-27,ETHUSDT,0.0008990101202101,0.0299834974646084,-7.014216266370142,-7.3797959908632595,-7.311515498700389,-6.7253391978323585
2025-10-28,ETHUSDT,0.0010080656573461,0.0317500497219475,-6.899721975198182,-7.014216266370142,-7.410286364748617,-6.705382241519178
2025-10-29,ETHUSDT,0.0023005904882418,0.0479644711035346,-6.074589454979398,-6.899721975198182,-7.404468574177325,-6.690195052346334
2025-10-30,ETHUSDT,0.0013981662219934,0.0373920609487285,-6.572593742386328,-6.074589454979398,-7.183134658210983,-6.656745169188471
2025-10-31,ETHUSDT,0.0011007876500106,0.033178120049373,-6.811729309951872,-6.572593742386328,-6.788183485959462,-6.623342792783933
2025-11-01,ETHUSDT,0.0001944006157431,0.0139427621274664,-8.545589498540174,-6.811729309951872,-6.6745701497771845,-6.609269400674787
2025-11-02,ETHUSDT,0.0003278525400163,0.0181066987608562,-8.022946623789462,-8.545589498540174,-6.9808447962111915,-6.803115485389403
2025-11-03,ETHUSDT,0.0017684948479599,0.0420534760508565,-6.337626462548936,-8.022946623789462,-7.205489725929446,-6.8961926788472905
2025-11-04,ETHUSDT,0.0054551421627668,0.0738589342108781,-5.211196599034522,-6.337626462548936,-7.258097127443355,-6.915090325890653
2025-11-05,ETHUSDT,0.0019483372076091,0.0441399728999589,-6.240778984220528,-5.211196599034522,-6.985817698772993,-6.864131138025349
2025-11-06,ETHUSDT,0.0016449624841477,0.0405581370892172,-6.410037701014103,-6.240778984220528,-6.871627633626725,-6.873161320158991
2025-11-07,ETHUSDT,0.0024699296067721,0.0496983863598425,-6.003565628030914,-6.410037701014103,-6.444517274121511,-6.866476939974177
2025-11-08,ETHUSDT,0.0007568483638779,0.0275108771920839,-7.186347636510167,-6.003565628030914,-6.040641074969801,-6.854663459467606
2025-11-09,ETHUSDT,0.0011182603517655,0.0334403999941016,-6.795981058582158,-7.186347636510167,-6.210385309762047,-6.899114377395727
2025-11-10,ETHUSDT,0.0010786268446797,0.0328424549125018,-6.83206648692315,-6.795981058582158,-6.5273422016715745,-6.866517962553453
2025-11-11,ETHUSDT,0.0015994274997081,0.0399928431060877,-6.438109526449071,-6.83206648692315,-6.645599702212098,-6.85571741174791
2025-11-12,ETHUSDT,0.0016058227310144,0.0400727180387658,-6.434119048743821,-6.438109526449071,-6.651214067299092,-6.827801242588413
2025-11-13,ETHUSDT,0.0024572488622811,0.0495706451670864,-6.0087129035225875,-6.434119048743821,-6.737324751441673,-6.835854249853403
2025-11-14,ETHUSDT,0.0042947692113339,0.0655344887165065,-5.450357459254173,-6.0087129035225875,-6.501797804844157,-6.812597475644022
2025-11-15,ETHUSDT,0.000842207395426,0.0290208096962515,-7.079484261194497,-5.450357459254173,-6.23267308497856,-6.745395045243999
2025-11-16,ETHUSDT,0.002447886585586,0.0494761213676464,-6.0125302448227815,-7.079484261194497,-6.28215663983283,-6.740768919170518
2025-11-17,ETHUSDT,0.0024520092074384,0.0495177665837066,-6.010847505842466,-6.0125302448227815,-6.197040783507572,-6.625549857405918
2025-11-18,ETHUSDT,0.0026512378562527,0.0514901724239954,-5.932728632481464,-6.010847505842466,-6.112386474927301,-6.563324926268612
2025-11-19,ETHUSDT,0.0023232999155643,0.0482006215267436,-6.064766726526036,-5.932728632481464,-6.097189620719076,-6.514166397455489
2025-11-20,ETHUSDT,0.0020693217292553,0.0454897980788591,-6.180534392425854,-6.064766726526036,-6.220071474173449,-6.47621388615221
2025-11-21,ETHUSDT,0.0052592102712312,0.072520412789995,-5.24777440205364,-6.180534392425854,-6.04028150041972,-6.481029565127049
2025-11-22,ETHUSDT,0.0009997113724413,0.0316182126699367,-6.9080439482017875,-5.24777440205364,-5.887330331865892,-6.4208105042028345
2025-11-23,ETHUSDT,0.000949326543817,0.0308111431760821,-6.959757726004252,-6.9080439482017875,-6.066769620337756,-6.425188442305105
2025-11-24,ETHUSDT,0.0022411079871334,0.0473403420681921,-6.100784898294675,-6.959757726004252,-6.2721754390423134,-6.353105179917108
2025-11-25,ETHUSDT,0.0015868159253277,0.0398348581687917,-6.446025833246593,-6.100784898294675,-6.279379073396042,-6.265734192394618
2025-11-26,ETHUSDT,0.001087371423408,0.0329753153648008,-6.823992033340278,-6.446025833246593,-6.33247736156019,-6.270661436517238
2025-11-27,ETHUSDT,0.0006175574236021,0.0248507026782369,-7.389738500098176,-6.823992033340278,-6.647720887817518,-6.3439703198947734
2025-11-28,ETHUSDT,0.0008598480076552,0.0293231650347513,-7.058754919620893,-7.389738500098176,-6.744059798196796,-6.396195752434665
2025-11-29,ETHUSDT,0.0003505650919376,0.0187233835600736,-7.955964157069708,-7.058754919620893,-6.763859236920124,-6.425682898734974
2025-11-30,ETHUSDT,0.0003483262536069,0.0186635005721592,-7.9623710070135125,-7.955964157069708,-7.13489508867513,-6.514428286418555
2025-12-01,ETHUSDT,0.0018712496113444,0.0432579427544175,-6.281148829928841,-7.9623710070135125,-7.438164123428512,-6.54970207598689
2025-12-02,ETHUSDT,0.0011814293030278,0.0343719260884211,-6.741030299752393,-6.281148829928841,-7.329595482746226,-6.526300611048103
2025-12-03,ETHUSDT,0.0020076284877453,0.0448065674622075,-6.210801110333335,-6.741030299752393,-7.1998538426770695,-6.522162602540342
2025-12-04,ETHUSDT,0.0015773540154013,0.0397159163988608,-6.4520065095735974,-6.210801110333335,-7.030263080819557,-6.511830401807808
2025-12-05,ETHUSDT,0.0013956072847677,0.0373578276237762,-6.574425628854659,-6.4520065095735974,-6.729471551320335,-6.51264346820916
2025-12-06,ETHUSDT,0.000371255022447,0.0192679791998809,-7.898621339462106,-6.574425628854659,-6.451882475688565,-6.538357682996982
2025-12-07,ETHUSDT,0.0015053696809659,0.0387990938162991,-6.498716775751394,-7.898621339462106,-6.775376977595218,-6.649642404824615
2025-12-08,ETHUSDT,0.0012030224339207,0.0346846137922967,-6.722918193850339,-6.498716775751394,-6.726914272795018,-6.623243882759019
2025-12-09,ETHUSDT,0.0017338443197611,0.0416394562856086,-6.357414185645633,-6.722918193850339,-6.829337689498419,-6.6555342440784555
2025-12-10,ETHUSDT,0.0016581808089967,0.0407207663115118,-6.402034175743954,-6.357414185645633,-6.810419224712826,-6.6712872749785985
2025-12-11,ETHUSDT,0.0012544941254594,0.0354188385673428,-6.681022874943253,-6.402034175743954,-6.775940934090686,-6.692619345126894
2025-12-12,ETHUSDT,0.0012135655236621,0.0348362673612168,-6.714192538654092,-6.681022874943253,-6.532421241186915,-6.720630988236766
2025-12-13,ETHUSDT,0.0002465465877382,0.015701802053849,-8.307959585429662,-6.714192538654092,-6.575516393767454,-6.744888176701687
2025-12-14,ETHUSDT,0.0005213589163031,0.0228332852717945,-7.559071854538481,-8.307959585429662,-6.89252467208332,-6.883987503218779
2025-12-15,ETHUSDT,0.0016295194309043,0.0403673064608516,-6.41947013529976,-7.559071854538481,-7.132856205861889,-6.913579680779537
2025-12-16,ETHUSDT,0.0011478814743602,0.0338803995602208,-6.769837231745765,-6.41947013529976,-7.136343397773049,-6.889021153929334
2025-12-17,ETHUSDT,0.0019105500595693,0.0437098393907983,-6.26036408908126,-6.769837231745765,-7.154106269133552,-6.919432623631655
2025-12-18,ETHUSDT,0.0025226935064237,0.0502264223932361,-5.982428096518698,-6.26036408908126,-7.063340579218986,-6.910993453442322
2025-12-19,ETHUSDT,0.0016267137396868,0.0403325394648891,-6.421193409871847,-5.982428096518698,-6.598234281436793,-6.8727405472231595
2025-12-20,ETHUSDT,0.0001299595889054,0.0113999819695227,-8.948287010407835,-6.421193409871847,-6.370658592503466,-6.828715770394691
2025-12-21,ETHUSDT,0.0003401813166809,0.0184440048980942,-7.986031798144047,-8.948287010407835,-6.876421967525081,-6.9146035927031875
2025-12-22,ETHUSDT,0.0009042575471526,0.0300708753971783,-7.008396340854926,-7.986031798144047,-7.119660880804737,-6.915970303661112
2025-12-23,ETHUSDT,0.000760670774991,0.027580260604118,-7.181309915272713,-7.008396340854926,-7.269267331159471,-6.872607818835721
2025-12-24,ETHUSDT,0.0004786183852019,0.0218773486785302,-7.644606968681436,-7.181309915272713,-7.5090436949102735,-6.913524231805898
2025-12-25,ETHUSDT,0.0003048296571798,0.0174593716146904,-8.095757438426505,-7.644606968681436,-7.753726406672191,-6.954595898575399
2025-12-26,ETHUSDT,0.000511454346774,0.022615356437033,-7.578252230174702,-8.095757438426505,-7.583220492275925,-7.040275731670544
2025-12-27,ETHUSDT,8.744262511885148e-05,0.0093510761476341,-9.344527692601861,-7.578252230174702,-7.501664578682056,-7.091468718970595
2025-12-28,ETHUSDT,0.0001307159553269,0.0114331078594985,-8.942483868832962,-9.344527692601861,-7.968890849031443,-7.2173824491409215
2025-12-29,ETHUSDT,0.0007909732141547,0.0281242460193113,-7.142246454038388,-8.942483868832962,-8.321125639743494,-7.264830745930507
2025-12-30,ETHUSDT,0.000517608167326,0.0227510036553562,-7.566292035678735,-7.142246454038388,-8.220653536814883,-7.294082094943551
2025-12-31,ETHUSDT,0.0002770388817671,0.0166444850255921,-8.191352694237263,-7.566292035678735,-8.11476045626533,-7.3324172695721135
